Process_ID,Interval,Layer,Sv_mean,NASC,Sv_max,Height_mean,Depth_mean,Date_M,Time_M,Lat_S,Lon_S,Lat_E,Lon_E,Lat_M,Lon_M,ABC
693,1,1,-80.581911,93.927554,-59.572021,249.167999,124.6768,20050210, 17:05:30.0000,999,999,-62.45593333,-60.74755776,-62.45631667,-60.74711264,2.17922E-06
693,2,1,-88.7967,14.168181,-74.272999,249.167999,124.6768,20050210, 17:15:10.0000,-62.4559,-60.7478084,-62.45516667,-60.74821259,-62.45557966,-60.74963333,3.28717E-07
693,3,1,-91.850792,7.013017,-78.574326,249.167999,124.6768,20050210, 17:19:50.0000,-62.45517926,-60.74792519,-62.45431304,-60.74467608,-62.45507944,-60.74633833,1.6271E-07
693,4,1,-66.74571,2272.025152,-51.368359,249.167999,124.6768,20050210, 17:22:10.0000,-62.45405898,-60.74437949,-62.45222117,-60.74487478,-62.45340898,-60.74425384,5.27134E-05
693,5,1,-79.645938,116.517273,-63.502929,249.167999,124.6768,20050210, 17:23:50.0000,-62.45175898,-60.74520384,-62.45023809,-60.74624127,-62.45128847,-60.74554102,2.70333E-06
693,6,1,-97.318759,1.991169,-87.305339,249.167999,124.6768,20050210, 17:25:10.0000,-62.44967117,-60.74662478,-62.44781844,-60.74768706,-62.44908523,-60.74704441,4.61973E-08
693,7,1,-96.767763,2.260517,-89.767577,249.167999,124.6768,20050210, 17:26:30.0000,-62.44715513,-60.74777051,-62.44586857,-60.74800738,-62.44650559,-60.74788703,5.24464E-08
693,8,1,-95.749977,2.857501,-82.786598,249.167999,124.6768,20050210, 17:27:30.0000,-62.44518523,-60.74821667,-62.44380037,-60.74850408,-62.44450111,-60.74835389,6.62971E-08
693,9,1,-97.607405,1.863132,-87.562547,249.167999,124.6768,20050210, 17:28:30.0000,-62.44310024,-60.74851667,-62.44096857,-60.74837964,-62.44239988,-60.7484458,4.32267E-08
693,10,1,-99.90549,1.097577,-90.581273,249.167999,124.6768,20050210, 17:29:30.0000,-62.44019569,-60.74832914,-62.43943428,-60.74825,-62.44019569,-60.74832914,2.5465E-08
693,11,1,-101.774856,0.713672,-90.509376,249.167999,124.6768,20050210, 17:30:30.0000,-62.4386519,-60.74824631,-62.43704821,-60.74825,-62.43784569,-60.74823753,1.6558E-08
693,12,1,-99.456529,1.217114,-88.076427,249.167999,124.6768,20050210, 17:31:30.0000,-62.43623154,-60.74828333,-62.43462946,-60.7484,-62.43543223,-60.74833689,2.82384E-08
693,13,1,-94.02823,4.247771,-81.720427,249.167999,124.6768,20050210, 17:32:30.0000,-62.43379724,-60.7484,-62.43214541,-60.74832908,-62.43296858,-60.74835,9.85529E-08
693,14,1,-97.689655,1.828179,-88.28158,249.167999,124.6768,20050210, 17:33:30.0000,-62.4313194,-60.74830348,-62.42971349,-60.74824603,-62.43051592,-60.74832985,4.24157E-08
693,15,1,-95.251015,3.205403,-86.957075,249.167999,124.6768,20050210, 17:34:10.0000,-62.42891779,-60.74817945,-62.42812946,-60.74811667,-62.42891779,-60.74817945,7.43688E-08
693,16,1,-65.920458,2747.503656,-50.493592,249.167999,124.6768,20050210, 17:35:10.0000,-62.42733259,-60.74808333,-62.42576345,-60.74805,-62.42654945,-60.74804656,6.3745E-05
693,17,1,-95.334083,3.144675,-84.179963,249.167999,124.6768,20050210, 17:36:10.0000,-62.42496612,-60.74808678,-62.42333409,-60.74806269,-62.42414945,-60.74813333,7.29599E-08
693,18,1,-96.301083,2.516957,-87.711017,249.167999,124.6768,20050210, 17:37:10.0000,-62.42258059,-60.7481,-62.42103279,-60.74828678,-62.42181742,-60.74818731,5.83961E-08
693,19,1,-94.496178,3.813874,-81.649706,249.167999,124.6768,20050210, 17:38:10.0000,-62.42024675,-60.74833333,-62.41869613,-60.7476669,-62.41944675,-60.74813805,8.8486E-08
693,20,1,-96.484572,2.412831,-88.194649,249.167999,124.6768,20050210, 17:39:10.0000,-62.41800115,-60.7468806,-62.41687301,-60.74447246,-62.41737218,-60.74580359,5.59803E-08
693,21,1,-93.861226,4.414297,-85.95674,249.167999,124.6768,20050210, 17:39:50.0000,-62.4163723,-60.7430669,-62.41590634,-60.74160579,-62.4163723,-60.7430669,1.02416E-07
693,22,1,-97.355112,1.974572,-85.606627,249.167999,124.6768,20050210, 17:40:50.0000,-62.41542182,-60.74021931,-62.41433967,-60.73746902,-62.4148723,-60.73883357,4.58122E-08
693,23,1,-96.505281,2.401353,-86.465115,249.167999,124.6768,20050210, 17:41:30.0000,-62.41375348,-60.73605366,-62.41315678,-60.73462033,-62.41375348,-60.73605366,5.5714E-08
693,24,1,-97.94274,1.724686,-87.249966,249.167999,124.6768,20050210, 17:42:30.0000,-62.41260678,-60.733187,-62.41143465,-60.73023214,-62.41201862,-60.73173357,4.00146E-08
693,25,1,-99.164082,1.301895,-89.886277,249.167999,124.6768,20050210, 17:43:10.0000,-62.41079613,-60.72869637,-62.41015516,-60.72713214,-62.41079613,-60.72869637,3.02054E-08
693,26,1,-91.211277,8.125619,-76.039458,249.167999,124.6768,20050210, 17:44:10.0000,-62.40955248,-60.7256312,-62.40828465,-60.72250264,-62.40891931,-60.72406844,1.88523E-07
693,27,1,-98.765965,1.42688,-90.209761,249.167999,124.6768,20050210, 17:44:50.0000,-62.40761931,-60.72094826,-62.40695264,-60.7193816,-62.40761931,-60.72094826,3.31052E-08
693,28,1,-99.577203,1.18376,-88.298977,249.167999,124.6768,20050210, 17:45:30.0000,-62.40630152,-60.71774547,-62.40568581,-60.71605141,-62.40630152,-60.71774547,2.74645E-08
693,29,1,-92.993005,5.391177,-82.01701,249.167999,124.6768,20050210, 17:46:10.0000,-62.40508581,-60.71434787,-62.40447233,-60.71259297,-62.40508581,-60.71434787,1.25081E-07
693,30,1,-88.703161,14.476647,-72.639467,249.167999,124.6768,20050210, 17:47:10.0000,-62.40395006,-60.71080432,-62.4029002,-60.70718806,-62.40342281,-60.70900792,3.35874E-07
693,31,1,-91.016846,8.497662,-81.762439,249.167999,124.6768,20050210, 17:47:50.0000,-62.40233948,-60.70541493,-62.40175615,-60.70364476,-62.40233948,-60.70541493,1.97155E-07
693,32,1,-91.542649,7.528686,-81.689782,249.167999,124.6768,20050210, 17:48:30.0000,-62.40115061,-60.70187252,-62.40055159,-60.70009187,-62.40115061,-60.70187252,1.74674E-07
693,33,1,-91.089898,8.355921,-80.933872,249.167999,124.6768,20050210, 17:49:10.0000,-62.39995488,-60.69830286,-62.39933597,-60.69649476,-62.39995488,-60.69830286,1.93866E-07
693,34,1,-68.891797,1386.131394,-55.408459,249.167999,124.6768,20050210, 17:49:50.0000,-62.39871728,-60.69470586,-62.39806728,-60.69288919,-62.39871728,-60.69470586,3.21597E-05
693,35,1,-82.772291,56.722446,-67.181127,249.167999,124.6768,20050210, 17:50:30.0000,-62.39743462,-60.69105771,-62.39681796,-60.68924104,-62.39743462,-60.69105771,1.31602E-06
693,36,1,-91.058038,8.417446,-81.168228,249.167999,124.6768,20050210, 17:51:30.0000,-62.39618462,-60.68739104,-62.39492129,-60.68365586,-62.39553462,-60.68551156,1.95294E-07
693,37,1,-91.932794,6.881842,-81.468123,249.167999,124.6768,20050210, 17:52:10.0000,-62.39431997,-60.68177992,-62.39368462,-60.67992438,-62.39431997,-60.68177992,1.59666E-07
693,38,1,-88.638059,14.69529,-79.159974,249.167999,124.6768,20050210, 17:52:50.0000,-62.39306847,-60.67805542,-62.39243462,-60.67617438,-62.39306847,-60.67805542,3.40947E-07
693,39,1,-86.31285,25.101466,-70.376336,249.167999,124.6768,20050210, 17:53:30.0000,-62.39181728,-60.67432252,-62.39118514,-60.67244247,-62.39181728,-60.67432252,5.82381E-07
693,40,1,-93.268799,5.059461,-85.391793,249.167999,124.6768,20050210, 17:54:10.0000,-62.39056796,-60.6705872,-62.38997034,-60.6686976,-62.39056796,-60.6705872,1.17385E-07
693,41,1,-94.826987,3.534154,-88.142786,249.167999,124.6768,20050210, 17:54:50.0000,-62.38935129,-60.66680771,-62.38875692,-60.66496427,-62.38935129,-60.66680771,8.19962E-08
693,42,1,-91.348623,7.872666,-83.768516,249.167999,124.6768,20050210, 17:55:30.0000,-62.3881218,-60.66310387,-62.38748861,-60.6612249,-62.3881218,-60.66310387,1.82654E-07
693,43,1,-64.93503,3447.316219,-47.689384,249.167999,124.6768,20050210, 17:56:10.0000,-62.38687034,-60.65936427,-62.38621811,-60.65750814,-62.38687034,-60.65936427,7.99815E-05
693,44,1,-93.131256,5.22226,-84.690464,249.167999,124.6768,20050210, 17:56:50.0000,-62.38560148,-60.65565824,-62.38498481,-60.6538249,-62.38560148,-60.65565824,1.21162E-07
693,45,1,-91.896101,6.940232,-81.996386,249.167999,124.6768,20050210, 17:57:30.0000,-62.38437034,-60.65198093,-62.38373701,-60.65011427,-62.38437034,-60.65198093,1.61021E-07
693,46,1,-67.488918,1914.662914,-46.759817,249.167999,124.6768,20050210, 17:58:30.0000,-62.38313701,-60.6482476,-62.3819358,-60.64454075,-62.38252034,-60.64638093,4.44222E-05
693,47,1,-62.64177,5845.303585,-46.580711,249.167999,124.6768,20050210, 17:59:10.0000,-62.38132034,-60.64268093,-62.38068904,-60.6408468,-62.38132034,-60.64268093,0.000135617
693,48,1,-63.97423,4300.917592,-47.735161,249.167999,124.6768,20050210, 17:59:50.0000,-62.38005367,-60.6390476,-62.37942359,-60.63721427,-62.38005367,-60.6390476,9.97859E-05
693,49,1,-67.074467,2106.383452,-48.365359,249.167999,124.6768,20050210, 18:00:30.0000,-62.37882237,-60.63537648,-62.37820476,-60.63352301,-62.37882237,-60.63537648,4.88704E-05
693,50,1,-66.348255,2489.766154,-49.939739,249.167999,124.6768,20050210, 18:01:10.0000,-62.37760422,-60.63171578,-62.37698539,-60.62984315,-62.37760422,-60.63171578,5.77653E-05
693,51,1,-92.94465,5.451539,-87.164947,249.167999,124.6768,20050210, 18:01:50.0000,-62.37637192,-60.62798767,-62.37580319,-60.62609628,-62.37637192,-60.62798767,1.26482E-07
693,52,1,-92.378591,6.210477,-85.997791,249.167999,124.6768,20050210, 18:02:30.0000,-62.37522278,-60.62421481,-62.3746229,-60.62237842,-62.37522278,-60.62421481,1.4409E-07
693,53,1,-91.791379,7.109618,-85.014723,249.167999,124.6768,20050210, 18:03:10.0000,-62.37402002,-60.62053005,-62.37341857,-60.61869272,-62.37402002,-60.62053005,1.64951E-07
693,54,1,-76.794365,224.671279,-55.380854,249.167999,124.6768,20050210, 18:04:10.0000,-62.3728032,-60.61686296,-62.37155245,-60.61317402,-62.37218669,-60.61503005,5.21262E-06
693,55,1,-92.903411,5.503551,-85.901879,249.167999,124.6768,20050210, 18:04:50.0000,-62.37092239,-60.61127654,-62.37032002,-60.60939672,-62.37092239,-60.61127654,1.27688E-07
693,56,1,-69.464264,1214.947893,-50.03374,249.167999,124.6768,20050210, 18:05:30.0000,-62.36973879,-60.60747183,-62.369136,-60.60557817,-62.36973879,-60.60747183,2.81881E-05
693,57,1,-90.676211,9.191005,-82.026677,249.167999,124.6768,20050210, 18:06:10.0000,-62.36850668,-60.60373338,-62.36788807,-60.60188958,-62.36850668,-60.60373338,2.13241E-07
693,58,1,-59.211697,12876.99192,-43.25253,249.167999,124.6768,20050210, 18:06:50.0000,-62.36725627,-60.60001188,-62.36663508,-60.59815897,-62.36725627,-60.60001188,0.00029876
693,59,1,-60.149958,10375.00362,-42.707971,249.167999,124.6768,20050210, 18:07:30.0000,-62.36600114,-60.59627008,-62.36538508,-60.5943923,-62.36600114,-60.59627008,0.000240711
693,60,1,-93.437126,4.867114,-85.172727,249.167999,124.6768,20050210, 18:08:10.0000,-62.36475668,-60.59253005,-62.36413523,-60.59064272,-62.36475668,-60.59253005,1.12922E-07
693,61,1,-68.680246,1455.323364,-49.283319,249.167999,124.6768,20050210, 18:08:50.0000,-62.36351903,-60.58875708,-62.36290335,-60.58686338,-62.36351903,-60.58875708,3.37651E-05
693,62,1,-92.344416,6.259541,-84.197785,249.167999,124.6768,20050210, 18:09:30.0000,-62.36228849,-60.58495396,-62.36168585,-60.58304088,-62.36228849,-60.58495396,1.45228E-07
693,63,1,-90.776202,8.981811,-84.43766,249.167999,124.6768,20050210, 18:10:10.0000,-62.36107016,-60.58113043,-62.36045196,-60.5792392,-62.36107016,-60.58113043,2.08388E-07
693,64,1,-62.2038,6465.529933,-44.412601,249.167999,124.6768,20050210, 18:11:10.0000,-62.35983538,-60.57734312,-62.35866831,-60.57352536,-62.35923979,-60.57544249,0.000150007
693,65,1,-87.92119,17.332654,-78.834937,249.167999,124.6768,20050210, 18:11:50.0000,-62.3580706,-60.57164831,-62.35746798,-60.5697411,-62.3580706,-60.57164831,4.02136E-07
693,66,1,-78.087985,166.795974,-64.539244,249.167999,124.6768,20050210, 18:12:30.0000,-62.35688465,-60.56785396,-62.35628897,-60.56595587,-62.35688465,-60.56785396,3.86985E-06
693,67,1,-82.222033,64.384416,-71.180882,249.167999,124.6768,20050210, 18:13:10.0000,-62.35570196,-60.56404288,-62.35510221,-60.56214359,-62.35570196,-60.56404288,1.49379E-06
693,68,1,-92.449161,6.110376,-78.281261,249.167999,124.6768,20050210, 18:13:50.0000,-62.35450603,-60.56024077,-62.35392413,-60.55833293,-62.35450603,-60.56024077,1.41767E-07
693,69,1,-94.903834,3.472167,-86.266151,249.167999,124.6768,20050210, 18:14:30.0000,-62.3533408,-60.55642987,-62.3527554,-60.55452536,-62.3533408,-60.55642987,8.0558E-08
693,70,1,-94.909327,3.467779,-87.748977,249.167999,124.6768,20050210, 18:15:10.0000,-62.35222107,-60.55257987,-62.35165218,-60.55063987,-62.35222107,-60.55257987,8.04562E-08
693,71,1,-95.479013,3.041465,-87.338313,249.167999,124.6768,20050210, 18:15:50.0000,-62.35108773,-60.54874653,-62.3505044,-60.546886,-62.35108773,-60.54874653,7.05653E-08
693,72,1,-94.211081,4.07264,-84.826725,249.167999,124.6768,20050210, 18:16:30.0000,-62.34990626,-60.54507852,-62.34930648,-60.54325926,-62.34990626,-60.54507852,9.44896E-08
693,73,1,-91.999549,6.776871,-80.749026,249.167999,124.6768,20050210, 18:17:30.0000,-62.34870659,-60.5413797,-62.34755747,-60.53758293,-62.34812293,-60.53949172,1.57231E-07
693,74,1,-92.77729,5.66572,-82.900343,249.167999,124.6768,20050210, 18:18:10.0000,-62.34697413,-60.5356996,-62.34638948,-60.53385792,-62.34697413,-60.5356996,1.31451E-07
693,75,1,-89.83007,11.168042,-77.841985,249.167999,124.6768,20050210, 18:18:50.0000,-62.34582107,-60.5320496,-62.34523597,-60.53019476,-62.34582107,-60.5320496,2.59111E-07
693,76,1,-94.486041,3.822786,-86.861981,249.167999,124.6768,20050210, 18:19:30.0000,-62.34463948,-60.52834476,-62.3440356,-60.52644012,-62.34463948,-60.52834476,8.86928E-08
693,77,1,-94.63901,3.690482,-88.334378,249.167999,124.6768,20050210, 18:20:10.0000,-62.3434356,-60.52456039,-62.3428028,-60.52272855,-62.3434356,-60.52456039,8.56232E-08
693,78,1,-95.194112,3.247678,-88.446932,249.167999,124.6768,20050210, 18:20:50.0000,-62.34215278,-60.52092848,-62.34148611,-60.51914514,-62.34215278,-60.52092848,7.53496E-08
693,79,1,-94.220378,4.063931,-86.726934,249.167999,124.6768,20050210, 18:21:30.0000,-62.34083628,-60.51736227,-62.34016931,-60.51554826,-62.34083628,-60.51736227,9.42876E-08
693,80,1,-91.936027,6.876721,-85.516423,249.167999,124.6768,20050210, 18:22:10.0000,-62.33948628,-60.51376227,-62.33883744,-60.51193211,-62.33948628,-60.51376227,1.59547E-07
693,81,1,-91.152045,8.2372,-83.357115,249.167999,124.6768,20050210, 18:22:50.0000,-62.33816893,-60.51011039,-62.3375041,-60.50826545,-62.33816893,-60.51011039,1.91112E-07
693,82,1,-93.276807,5.05014,-81.88416,249.167999,124.6768,20050210, 18:23:50.0000,-62.33683744,-60.50641545,-62.33553744,-60.50271545,-62.33618597,-60.50457809,1.17169E-07
693,83,1,-90.32751,9.959398,-78.321697,249.167999,124.6768,20050210, 18:24:30.0000,-62.33488744,-60.50091545,-62.33425144,-60.49910814,-62.33488744,-60.50091545,2.31069E-07
693,84,1,-76.949116,216.806624,-61.690592,249.167999,124.6768,20050210, 18:25:10.0000,-62.33358481,-60.49730824,-62.33293597,-60.49549476,-62.33358481,-60.49730824,5.03015E-06
693,85,1,-80.612128,93.276297,-64.582624,249.167999,124.6768,20050210, 18:25:50.0000,-62.33228569,-60.49371423,-62.33163573,-60.49194408,-62.33228569,-60.49371423,2.16411E-06
693,86,1,-97.240764,2.027252,-90.225586,249.167999,124.6768,20050210, 18:26:30.0000,-62.33096872,-60.49016347,-62.33030237,-60.48837735,-62.33096872,-60.49016347,4.70344E-08
693,87,1,-99.021705,1.345283,-89.447641,249.167999,124.6768,20050210, 18:27:10.0000,-62.32963744,-60.48659878,-62.32896598,-60.48479863,-62.32963744,-60.48659878,3.1212E-08
693,88,1,-94.874566,3.495646,-88.839537,249.167999,124.6768,20050210, 18:27:50.0000,-62.32828641,-60.48301263,-62.32763628,-60.48119561,-62.32828641,-60.48301263,8.11028E-08
693,89,1,-92.729249,5.728741,-83.45511,249.167999,124.6768,20050210, 18:28:30.0000,-62.32697089,-60.47938245,-62.32631933,-60.47757817,-62.32697089,-60.47938245,1.32913E-07
693,90,1,-94.108453,4.170027,-86.688356,249.167999,124.6768,20050210, 18:29:10.0000,-62.3257041,-60.47574878,-62.32507089,-60.47391578,-62.3257041,-60.47574878,9.67491E-08
693,91,1,-96.880132,2.202779,-88.896114,249.167999,124.6768,20050210, 18:30:10.0000,-62.32443612,-60.47207849,-62.32317143,-60.46845059,-62.32380774,-60.47026725,5.11069E-08
693,92,1,-97.071622,2.107763,-88.515399,249.167999,124.6768,20050210, 18:30:50.0000,-62.3225199,-60.46657973,-62.32188837,-60.4647651,-62.3225199,-60.46657973,4.89024E-08
693,93,1,-95.157292,3.275329,-87.390404,249.167999,124.6768,20050210, 18:31:30.0000,-62.32125518,-60.46292127,-62.3206055,-60.46110904,-62.32125518,-60.46292127,7.59912E-08
693,94,1,-89.590895,11.800343,-80.204216,249.167999,124.6768,20050210, 18:32:10.0000,-62.31997364,-60.45928112,-62.31935518,-60.45745173,-62.31997364,-60.45928112,2.73781E-07
693,95,1,-89.812126,11.214282,-80.135653,249.167999,124.6768,20050210, 18:32:50.0000,-62.31871933,-60.45559833,-62.31808632,-60.45377904,-62.31871933,-60.45559833,2.60183E-07
693,96,1,-92.415012,6.158613,-84.553696,249.167999,124.6768,20050210, 18:33:30.0000,-62.31747184,-60.45193507,-62.31686874,-60.45005623,-62.31747184,-60.45193507,1.42886E-07
693,97,1,-91.572614,7.476919,-83.256227,249.167999,124.6768,20050210, 18:34:10.0000,-62.31626844,-60.44815532,-62.31564138,-60.44626553,-62.31626844,-60.44815532,1.73473E-07
693,98,1,-92.005988,6.766831,-83.434718,249.167999,124.6768,20050210, 18:34:50.0000,-62.3150357,-60.44438093,-62.31445267,-60.442508,-62.3150357,-60.44438093,1.56998E-07
693,99,1,-96.610294,2.343984,-90.211645,249.167999,124.6768,20050210, 18:35:30.0000,-62.31387184,-60.44065173,-62.31325237,-60.43881426,-62.31387184,-60.44065173,5.4383E-08
693,100,1,-93.854863,4.420769,-84.994388,249.167999,124.6768,20050210, 18:36:30.0000,-62.31265668,-60.43703005,-62.31150335,-60.43331338,-62.31206987,-60.43517963,1.02567E-07
693,101,1,-93.985328,4.289941,-87.581818,249.167999,124.6768,20050210, 18:37:10.0000,-62.31091962,-60.43146228,-62.3103399,-60.42959967,-62.31091962,-60.43146228,9.95313E-08
693,102,1,-92.168384,6.518471,-86.150693,249.167999,124.6768,20050210, 18:37:50.0000,-62.3097557,-60.42773946,-62.30920518,-60.4258684,-62.3097557,-60.42773946,1.51236E-07
693,103,1,-89.868316,11.070123,-82.552471,249.167999,124.6768,20050210, 18:38:30.0000,-62.30864022,-60.42401414,-62.30805251,-60.42219439,-62.30864022,-60.42401414,2.56839E-07
693,104,1,-92.426575,6.142238,-84.063033,249.167999,124.6768,20050210, 18:39:10.0000,-62.30745859,-60.4203704,-62.30688912,-60.41850341,-62.30745859,-60.4203704,1.42507E-07
693,105,1,-95.643168,2.928649,-85.848146,249.167999,124.6768,20050210, 18:39:50.0000,-62.30631871,-60.41660978,-62.30574011,-60.41476372,-62.30631871,-60.41660978,6.79478E-08
693,106,1,-96.008184,2.692562,-86.219139,249.167999,124.6768,20050210, 18:40:50.0000,-62.30517356,-60.4128975,-62.30400335,-60.40918005,-62.30460335,-60.41101338,6.24703E-08
693,107,1,-97.362322,1.971296,-88.642576,249.167999,124.6768,20050210, 18:41:30.0000,-62.30340481,-60.40733405,-62.30280638,-60.40551228,-62.30340481,-60.40733405,4.57362E-08
693,108,1,-94.988653,3.405013,-86.256536,249.167999,124.6768,20050210, 18:42:10.0000,-62.30222002,-60.40367672,-62.30163938,-60.40175752,-62.30222002,-60.40367672,7.9E-08
693,109,1,-89.14055,13.089683,-77.685826,249.167999,124.6768,20050210, 18:42:50.0000,-62.30108625,-60.39984552,-62.3005411,-60.39796738,-62.30108625,-60.39984552,3.03695E-07
693,110,1,-94.262493,4.024712,-86.642743,249.167999,124.6768,20050210, 18:43:30.0000,-62.30000711,-60.39611495,-62.29938625,-60.39431562,-62.30000711,-60.39611495,9.33777E-08
693,111,1,-93.732153,4.547459,-84.622434,249.167999,124.6768,20050210, 18:44:10.0000,-62.29875481,-60.39260368,-62.29808551,-60.39091016,-62.29875481,-60.39260368,1.05506E-07
693,112,1,-95.630777,2.937017,-86.991975,249.167999,124.6768,20050210, 18:44:50.0000,-62.29745309,-60.38914599,-62.29686888,-60.38731025,-62.29745309,-60.38914599,6.8142E-08
693,113,1,-94.468884,3.837918,-83.392663,249.167999,124.6768,20050210, 18:45:50.0000,-62.2962911,-60.38543405,-62.29510777,-60.38178405,-62.29572084,-60.38359897,8.90438E-08
693,114,1,-95.65553,2.920324,-84.597018,249.167999,124.6768,20050210, 18:46:30.0000,-62.2944911,-60.37998701,-62.29387444,-60.37821738,-62.2944911,-60.37998701,6.77547E-08
693,115,1,-96.969066,2.15813,-87.192526,249.167999,124.6768,20050210, 18:47:10.0000,-62.29325252,-60.37643129,-62.2926216,-60.37463439,-62.29325252,-60.37643129,5.00709E-08
693,116,1,-95.940742,2.734701,-87.821537,249.167999,124.6768,20050210, 18:47:50.0000,-62.29200221,-60.37281025,-62.29140786,-60.37096772,-62.29200221,-60.37281025,6.3448E-08
693,117,1,-87.035894,21.251752,-78.429786,249.167999,124.6768,20050210, 18:48:30.0000,-62.2908028,-60.36912852,-62.29017002,-60.36731671,-62.2908028,-60.36912852,4.93064E-07
693,118,1,-85.884825,27.70139,-76.81737,249.167999,124.6768,20050210, 18:49:10.0000,-62.28953656,-60.36551304,-62.28890626,-60.36371185,-62.28953656,-60.36551304,6.42702E-07
693,119,1,-85.07828,33.354624,-77.34697,249.167999,124.6768,20050210, 18:49:50.0000,-62.28828669,-60.36189672,-62.28767248,-60.36008683,-62.28828669,-60.36189672,7.73863E-07
693,120,1,-85.67194,29.093104,-75.065684,249.167999,124.6768,20050210, 18:50:50.0000,-62.28705309,-60.35824599,-62.28580668,-60.35451338,-62.28643725,-60.35636494,6.74991E-07
693,121,1,-90.486535,9.601313,-81.974339,249.167999,124.6768,20050210, 18:51:30.0000,-62.28518913,-60.35267682,-62.28455364,-60.35085076,-62.28518913,-60.35267682,2.22761E-07
693,122,1,-91.954511,6.847515,-83.66197,249.167999,124.6768,20050210, 18:52:10.0000,-62.28392262,-60.34905387,-62.28327304,-60.34722894,-62.28392262,-60.34905387,1.5887E-07
693,123,1,-94.77261,3.578682,-87.653361,249.167999,124.6768,20050210, 18:52:50.0000,-62.28265345,-60.34537703,-62.28203928,-60.34350387,-62.28265345,-60.34537703,8.30293E-08
693,124,1,-95.16379,3.270431,-87.29929,249.167999,124.6768,20050210, 18:53:30.0000,-62.28140687,-60.34163073,-62.28078928,-60.33978988,-62.28140687,-60.34163073,7.58775E-08
693,125,1,-93.755347,4.523237,-86.195849,249.167999,124.6768,20050210, 18:54:10.0000,-62.28017262,-60.33795387,-62.27951975,-60.33611266,-62.28017262,-60.33795387,1.04944E-07
693,126,1,-94.883052,3.488823,-86.70049,249.167999,124.6768,20050210, 18:54:50.0000,-62.27887418,-60.33428312,-62.27824094,-60.33243343,-62.27887418,-60.33428312,8.09445E-08
693,127,1,-92.373658,6.217536,-80.253963,249.167999,124.6768,20050210, 18:55:30.0000,-62.27762262,-60.33057053,-62.27698642,-60.32869599,-62.27762262,-60.33057053,1.44254E-07
693,128,1,-96.011121,2.690742,-84.990774,249.167999,124.6768,20050210, 18:56:10.0000,-62.27637262,-60.32683988,-62.27575595,-60.32502053,-62.27637262,-60.32683988,6.24281E-08
693,129,1,-97.858238,1.758572,-89.989357,249.167999,124.6768,20050210, 18:57:10.0000,-62.27512142,-60.32318689,-62.27387262,-60.31953988,-62.27450595,-60.32137053,4.08008E-08
693,130,1,-97.442119,1.935406,-89.124792,249.167999,124.6768,20050210, 18:57:50.0000,-62.27324024,-60.3176642,-62.27262319,-60.31582212,-62.27324024,-60.3176642,4.49035E-08
693,131,1,-96.546201,2.378833,-87.791346,249.167999,124.6768,20050210, 18:58:30.0000,-62.27198757,-60.31399914,-62.27137031,-60.31213086,-62.27198757,-60.31399914,5.51915E-08
693,132,1,-98.423406,1.543987,-88.941509,249.167999,124.6768,20050210, 18:59:10.0000,-62.27077357,-60.3102642,-62.27017089,-60.30838245,-62.27077357,-60.3102642,3.58222E-08
693,133,1,-97.088555,2.099562,-90.590996,249.167999,124.6768,20050210, 18:59:50.0000,-62.26955346,-60.30651369,-62.26892451,-60.30469803,-62.26955346,-60.30651369,4.87121E-08
693,134,1,-97.851311,1.76138,-88.115962,249.167999,124.6768,20050210, 19:00:30.0000,-62.26829077,-60.30284949,-62.26766961,-60.30098237,-62.26829077,-60.30284949,4.08659E-08
693,135,1,-96.082464,2.646901,-86.046667,249.167999,124.6768,20050210, 19:01:10.0000,-62.26703889,-60.29915278,-62.26640464,-60.29728359,-62.26703889,-60.29915278,6.1411E-08
693,136,1,-95.616055,2.94699,-86.34672,249.167999,124.6768,20050210, 19:01:50.0000,-62.26577479,-60.295452,-62.26515323,-60.29361306,-62.26577479,-60.295452,6.83733E-08
693,137,1,-95.009521,3.388691,-87.234023,249.167999,124.6768,20050210, 19:02:30.0000,-62.26452222,-60.29176944,-62.26390657,-60.28986296,-62.26452222,-60.29176944,7.86213E-08
693,138,1,-95.809872,2.818363,-88.22623,249.167999,124.6768,20050210, 19:03:10.0000,-62.26330295,-60.28795884,-62.26266987,-60.28606296,-62.26330295,-60.28795884,6.53891E-08
693,139,1,-93.576388,4.713519,-86.120774,249.167999,124.6768,20050210, 19:04:10.0000,-62.2620368,-60.28421369,-62.26075556,-60.28053611,-62.26140556,-60.28238333,1.09359E-07
693,140,1,-93.187143,5.155488,-87.067165,249.167999,124.6768,20050210, 19:04:50.0000,-62.26010363,-60.27868081,-62.259475,-60.27683611,-62.26010363,-60.27868081,1.19613E-07
693,141,1,-92.393166,6.18967,-84.887282,249.167999,124.6768,20050210, 19:05:30.0000,-62.25885734,-60.27498245,-62.25822077,-60.27312897,-62.25885734,-60.27498245,1.43607E-07
693,142,1,-93.470073,4.83033,-86.956767,249.167999,124.6768,20050210, 19:06:10.0000,-62.25760556,-60.27125,-62.25697222,-60.26938611,-62.25760556,-60.27125,1.12069E-07
693,143,1,-93.555435,4.736315,-87.521172,249.167999,124.6768,20050210, 19:06:50.0000,-62.25633744,-60.26751545,-62.25570556,-60.26566944,-62.25633744,-60.26751545,1.09888E-07
693,144,1,-93.510834,4.785206,-86.594347,249.167999,124.6768,20050210, 19:07:30.0000,-62.25507017,-60.26381379,-62.25442391,-60.26194878,-62.25507017,-60.26381379,1.11022E-07
693,145,1,-93.024031,5.3528,-86.945322,249.167999,124.6768,20050210, 19:08:10.0000,-62.25379219,-60.26008544,-62.25317293,-60.25816878,-62.25379219,-60.26008544,1.24191E-07
693,146,1,-92.682218,5.791116,-85.211504,249.167999,124.6768,20050210, 19:08:50.0000,-62.25255764,-60.25623356,-62.25194097,-60.25433055,-62.25255764,-60.25623356,1.3436E-07
693,147,1,-89.898992,10.992207,-79.569855,249.167999,124.6768,20050210, 19:09:30.0000,-62.25133683,-60.25237717,-62.25070422,-60.25047934,-62.25133683,-60.25237717,2.55031E-07
693,148,1,-93.42221,4.883859,-87.14202,249.167999,124.6768,20050210, 19:10:10.0000,-62.25007584,-60.24857253,-62.24944022,-60.24666414,-62.25007584,-60.24857253,1.13311E-07
693,149,1,-89.691109,11.531166,-77.778126,249.167999,124.6768,20050210, 19:10:50.0000,-62.24882129,-60.24474721,-62.24819001,-60.24282253,-62.24882129,-60.24474721,2.67535E-07
693,150,1,-92.474425,6.074934,-86.030396,249.167999,124.6768,20050210, 19:11:30.0000,-62.24755378,-60.240878,-62.24692387,-60.23896213,-62.24755378,-60.240878,1.40945E-07
693,151,1,-92.876734,5.537462,-85.588561,249.167999,124.6768,20050210, 19:12:10.0000,-62.24628753,-60.23703237,-62.24564001,-60.23512253,-62.24628753,-60.23703237,1.28475E-07
693,152,1,-93.207329,5.131581,-86.236298,249.167999,124.6768,20050210, 19:12:50.0000,-62.24498848,-60.23321544,-62.24434001,-60.23130587,-62.24498848,-60.23321544,1.19058E-07
693,153,1,-92.207073,6.460659,-83.510894,249.167999,124.6768,20050210, 19:13:30.0000,-62.24368827,-60.22938441,-62.24302071,-60.22748196,-62.24368827,-60.22938441,1.49894E-07
693,154,1,-91.681183,7.292321,-84.75132,249.167999,124.6768,20050210, 19:14:10.0000,-62.24239001,-60.2255892,-62.24175668,-60.22367253,-62.24239001,-60.2255892,1.6919E-07
693,155,1,-92.525447,6.003982,-83.382274,249.167999,124.6768,20050210, 19:14:50.0000,-62.24112335,-60.22175337,-62.24047097,-60.21983266,-62.24112335,-60.22175337,1.39299E-07
693,156,1,-90.769558,8.995561,-83.597684,249.167999,124.6768,20050210, 19:15:30.0000,-62.23984001,-60.2179367,-62.23918682,-60.21602714,-62.23984001,-60.2179367,2.08707E-07
693,157,1,-92.576477,5.933847,-83.681757,249.167999,124.6768,20050210, 19:16:30.0000,-62.23855668,-60.21412004,-62.23728697,-60.21031417,-62.23792335,-60.21220587,1.37672E-07
693,158,1,-92.935583,5.462932,-84.30576,249.167999,124.6768,20050210, 19:17:10.0000,-62.23663763,-60.20843266,-62.23600481,-60.20658405,-62.23663763,-60.20843266,1.26746E-07
693,159,1,-93.708068,4.572749,-83.910374,249.167999,124.6768,20050210, 19:17:50.0000,-62.2353543,-60.20466599,-62.23470739,-60.20278266,-62.2353543,-60.20466599,1.06093E-07
693,160,1,-91.578907,7.466094,-83.209885,249.167999,124.6768,20050210, 19:18:30.0000,-62.23407444,-60.20089775,-62.23343697,-60.19903083,-62.23407444,-60.20089775,1.73221E-07
693,161,1,-93.770121,4.507876,-83.50636,249.167999,124.6768,20050210, 19:19:10.0000,-62.23279173,-60.19716968,-62.23214129,-60.19528474,-62.23279173,-60.19716968,1.04588E-07
693,162,1,-92.942006,5.454859,-81.915765,249.167999,124.6768,20050210, 19:19:50.0000,-62.23149157,-60.19340241,-62.2308589,-60.19150484,-62.23149157,-60.19340241,1.26559E-07
693,163,1,-93.062327,5.305806,-83.712688,249.167999,124.6768,20050210, 19:20:30.0000,-62.23022193,-60.18961863,-62.229588,-60.18775034,-62.23022193,-60.18961863,1.231E-07
693,164,1,-93.590657,4.698058,-83.075998,249.167999,124.6768,20050210, 19:21:10.0000,-62.22897297,-60.18588817,-62.22834154,-60.18403566,-62.22897297,-60.18588817,1.09E-07
693,165,1,-89.738419,11.406231,-81.172114,249.167999,124.6768,20050210, 19:21:50.0000,-62.22768697,-60.18218083,-62.2270411,-60.18031738,-62.22768697,-60.18218083,2.64637E-07
693,166,1,-87.117823,20.854596,-77.584093,249.167999,124.6768,20050210, 19:22:30.0000,-62.22642027,-60.17841406,-62.2258036,-60.17652746,-62.22642027,-60.17841406,4.83849E-07
693,167,1,-85.756245,28.533801,-76.846472,249.167999,124.6768,20050210, 19:23:10.0000,-62.22517556,-60.17463817,-62.22452353,-60.17278073,-62.22517556,-60.17463817,6.62015E-07
693,168,1,-92.988437,5.39685,-83.550414,249.167999,124.6768,20050210, 19:23:50.0000,-62.22388784,-60.17089989,-62.22325631,-60.16900484,-62.22388784,-60.17089989,1.25213E-07
693,169,1,-90.078136,10.548009,-80.228254,249.167999,124.6768,20050210, 19:24:30.0000,-62.2226241,-60.16711616,-62.22200481,-60.16523405,-62.2226241,-60.16711616,2.44725E-07
693,170,1,-83.722207,45.578851,-68.325267,249.167999,124.6768,20050210, 19:25:10.0000,-62.22135518,-60.16338507,-62.22072297,-60.16150484,-62.22135518,-60.16338507,1.05748E-06
693,171,1,-87.744399,18.052784,-76.268187,249.167999,124.6768,20050210, 19:25:50.0000,-62.22008864,-60.1596021,-62.21947297,-60.15768817,-62.22008864,-60.1596021,4.18844E-07
693,172,1,-89.002222,13.513316,-79.847847,249.167999,124.6768,20050210, 19:26:50.0000,-62.21885754,-60.15574989,-62.21763864,-60.1519716,-62.21825476,-60.15385058,3.13524E-07
693,173,1,-86.225964,25.608708,-72.602688,249.167999,124.6768,20050210, 19:27:30.0000,-62.21702231,-60.15013359,-62.21642193,-60.14821863,-62.21702231,-60.15013359,5.9415E-07
693,174,1,-89.218698,12.856249,-80.628374,249.167999,124.6768,20050210, 19:28:10.0000,-62.21584067,-60.14630535,-62.21525734,-60.14437202,-62.21584067,-60.14630535,2.98279E-07
693,175,1,-90.507926,9.554139,-81.119191,249.167999,124.6768,20050210, 19:28:50.0000,-62.21463809,-60.14246724,-62.21400734,-60.14059102,-62.21463809,-60.14246724,2.21666E-07
693,176,1,-89.198836,12.915181,-78.447517,249.167999,124.6768,20050210, 19:29:30.0000,-62.21337104,-60.13873285,-62.21272142,-60.13690058,-62.21337104,-60.13873285,2.99646E-07
693,177,1,-90.877048,8.77565,-81.270886,249.167999,124.6768,20050210, 19:30:10.0000,-62.21207412,-60.135058,-62.21142117,-60.13316351,-62.21207412,-60.135058,2.03605E-07
693,178,1,-92.503417,6.034515,-80.601123,249.167999,124.6768,20050210, 19:30:50.0000,-62.21079117,-60.13126764,-62.21017117,-60.12936351,-62.21079117,-60.13126764,1.40007E-07
693,179,1,-91.132839,8.273708,-76.302769,249.167999,124.6768,20050210, 19:31:30.0000,-62.20954079,-60.12744133,-62.20890503,-60.12551509,-62.20954079,-60.12744133,1.91959E-07
693,180,1,-91.405729,7.769825,-83.376415,249.167999,124.6768,20050210, 19:32:10.0000,-62.20827241,-60.12358391,-62.20763901,-60.12166978,-62.20827241,-60.12358391,1.80268E-07
693,181,1,-89.250942,12.761154,-78.345265,249.167999,124.6768,20050210, 19:32:50.0000,-62.20700521,-60.11976564,-62.20639019,-60.11783071,-62.20700521,-60.11976564,2.96073E-07
693,182,1,-88.359884,15.667356,-77.662598,249.167999,124.6768,20050210, 19:33:30.0000,-62.20577245,-60.11595341,-62.20513889,-60.11406944,-62.20577245,-60.11595341,3.635E-07
693,183,1,-93.551181,4.740957,-83.503438,249.167999,124.6768,20050210, 19:34:10.0000,-62.20450976,-60.112158,-62.20389167,-60.11021667,-62.20450976,-60.112158,1.09995E-07
693,184,1,-89.204269,12.899033,-80.324448,249.167999,124.6768,20050210, 19:34:50.0000,-62.20328756,-60.10829912,-62.20265542,-60.1063996,-62.20328756,-60.10829912,2.99271E-07
693,185,1,-91.210841,8.126434,-79.126859,249.167999,124.6768,20050210, 19:35:30.0000,-62.20204079,-60.104508,-62.20143833,-60.10261791,-62.20204079,-60.104508,1.88542E-07
693,186,1,-89.105053,13.197109,-78.72496,249.167999,124.6768,20050210, 19:36:30.0000,-62.2007877,-60.10081926,-62.19931875,-60.09762374,-62.2000717,-60.0991709,3.06187E-07
693,187,1,-90.676469,9.190459,-80.66244,249.167999,124.6768,20050210, 19:37:10.0000,-62.19852217,-60.09614155,-62.19768627,-60.09476136,-62.19852217,-60.09614155,2.13229E-07
693,188,1,-90.300561,10.021391,-79.846773,249.167999,124.6768,20050210, 19:37:50.0000,-62.19688611,-60.09334167,-62.1961013,-60.09182233,-62.19688611,-60.09334167,2.32507E-07
693,189,1,-85.785251,28.343861,-73.460608,249.167999,124.6768,20050210, 19:38:30.0000,-62.19530307,-60.0903922,-62.19448494,-60.0889259,-62.19530307,-60.0903922,6.57608E-07
693,190,1,-82.175269,65.081451,-69.165731,249.167999,124.6768,20050210, 19:39:10.0000,-62.19368541,-60.08745708,-62.19287126,-60.08601402,-62.19368541,-60.08745708,1.50996E-06
693,191,1,-82.196797,64.75964,-67.81036,249.167999,124.6768,20050210, 19:39:50.0000,-62.19203754,-60.08463007,-62.19120701,-60.08318068,-62.19203754,-60.08463007,1.50249E-06
693,192,1,-83.309949,50.11748,-71.75121,249.167999,124.6768,20050210, 19:40:30.0000,-62.19040459,-60.08174494,-62.18958688,-60.08029305,-62.19040459,-60.08174494,1.16278E-06
693,193,1,-82.30293,63.196221,-69.413026,249.167999,124.6768,20050210, 19:41:10.0000,-62.18875278,-60.07884444,-62.18791944,-60.07739444,-62.18875278,-60.07884444,1.46622E-06
693,194,1,-84.166581,41.145845,-71.686258,249.167999,124.6768,20050210, 19:42:10.0000,-62.18710556,-60.07594167,-62.18548793,-60.07304494,-62.18630234,-60.07449088,9.54628E-07
693,195,1,-86.272401,25.336349,-74.73262,249.167999,124.6768,20050210, 19:42:50.0000,-62.18466968,-60.07162542,-62.18383913,-60.0701922,-62.18466968,-60.07162542,5.87831E-07
693,196,1,-87.061987,21.124448,-77.587921,249.167999,124.6768,20050210, 19:43:30.0000,-62.18303549,-60.06874055,-62.18221898,-60.0672937,-62.18303549,-60.06874055,4.9011E-07
693,197,1,-87.766699,17.960327,-80.172077,249.167999,124.6768,20050210, 19:44:10.0000,-62.18141974,-60.0658422,-62.18060507,-60.06435723,-62.18141974,-60.0658422,4.16699E-07
693,198,1,-88.797289,14.166261,-79.787362,249.167999,124.6768,20050210, 19:44:50.0000,-62.17978565,-60.06292417,-62.17898793,-60.06149494,-62.17978565,-60.06292417,3.28673E-07
693,199,1,-86.847169,22.195617,-78.109877,249.167999,124.6768,20050210, 19:45:30.0000,-62.17820459,-60.0600616,-62.17742074,-60.058594,-62.17820459,-60.0600616,5.14962E-07
693,200,1,-88.380457,15.593311,-79.138382,249.167999,124.6768,20050210, 19:46:10.0000,-62.17662074,-60.05711066,-62.17584105,-60.05562761,-62.17662074,-60.05711066,3.61782E-07
693,201,1,-88.496258,15.183023,-79.811866,249.167999,124.6768,20050210, 19:46:50.0000,-62.17505542,-60.05410803,-62.1742716,-60.05260986,-62.17505542,-60.05410803,3.52263E-07
693,202,1,-86.322012,25.048568,-77.080539,249.167999,124.6768,20050210, 19:47:50.0000,-62.17348594,-60.0511247,-62.17193876,-60.0481747,-62.17270494,-60.04965987,5.81154E-07
693,203,1,-84.310522,39.804471,-73.834345,249.167999,124.6768,20050210, 19:48:30.0000,-62.17116792,-60.04667225,-62.17040278,-60.045125,-62.17116792,-60.04667225,9.23507E-07
693,204,1,-85.03835,33.662714,-75.409063,249.167999,124.6768,20050210, 19:49:10.0000,-62.16962266,-60.04368078,-62.16883813,-60.04222626,-62.16962266,-60.04368078,7.81011E-07
693,205,1,-88.82704,14.069548,-76.424997,249.167999,124.6768,20050210, 19:49:50.0000,-62.16808932,-60.04075929,-62.16732279,-60.03931646,-62.16808932,-60.04075929,3.26429E-07
693,206,1,-89.19751,12.919125,-77.866058,249.167999,124.6768,20050210, 19:50:30.0000,-62.16653594,-60.0378747,-62.1657249,-60.03646435,-62.16653594,-60.0378747,2.99738E-07
693,207,1,-85.55785,29.867514,-74.581615,249.167999,124.6768,20050210, 19:51:10.0000,-62.16498965,-60.03501004,-62.16422279,-60.03358102,-62.16498965,-60.03501004,6.92959E-07
693,208,1,-86.805829,22.407903,-74.636338,249.167999,124.6768,20050210, 19:52:10.0000,-62.1634249,-60.03213102,-62.16185436,-60.02924452,-62.16264156,-60.03068313,5.19888E-07
693,209,1,-86.413664,24.525489,-73.560692,249.167999,124.6768,20050210, 19:52:50.0000,-62.16108945,-60.02774768,-62.16032279,-60.02626435,-62.16108945,-60.02774768,5.69018E-07
693,210,1,-84.109335,41.691798,-76.173284,249.167999,124.6768,20050210, 19:53:30.0000,-62.15952106,-60.02479457,-62.15875612,-60.02331435,-62.15952106,-60.02479457,9.67295E-07
693,211,1,-81.640158,73.61534,-72.220357,249.167999,124.6768,20050210, 19:54:10.0000,-62.15797279,-60.02188102,-62.15717127,-60.0204807,-62.15797279,-60.02188102,1.70796E-06
693,212,1,-83.506234,47.902777,-78.058372,249.167999,124.6768,20050210, 19:54:50.0000,-62.15633689,-60.01911236,-62.1555402,-60.01769903,-62.15633689,-60.01911236,1.1114E-06
693,213,1,-82.541451,59.818983,-71.649409,249.167999,124.6768,20050210, 19:55:30.0000,-62.15475357,-60.01619047,-62.15397038,-60.0146241,-62.15475357,-60.01619047,1.38786E-06
693,214,1,-78.28655,159.341581,-62.646665,249.167999,124.6768,20050210, 19:56:10.0000,-62.15319169,-60.01306256,-62.15240696,-60.0115115,-62.15319169,-60.01306256,3.6969E-06
693,215,1,-88.018182,16.94985,-76.480314,249.167999,124.6768,20050210, 19:57:10.0000,-62.15159026,-60.01002809,-62.14999018,-60.0069779,-62.15080696,-60.00847816,3.93255E-07
693,216,1,-93.201378,5.138618,-84.293339,249.167999,124.6768,20050210, 19:57:50.0000,-62.14918624,-60.00542523,-62.14838772,-60.0039279,-62.14918624,-60.00542523,1.19221E-07
693,217,1,-92.712162,5.751325,-80.481852,249.167999,124.6768,20050210, 19:58:30.0000,-62.14755653,-60.00241052,-62.14675553,-60.00086329,-62.14755653,-60.00241052,1.33437E-07
693,218,1,-87.211425,20.409934,-73.187874,249.167999,124.6768,20050210, 19:59:10.0000,-62.14590553,-59.99937996,-62.14510506,-59.9978291,-62.14590553,-59.99937996,4.73532E-07
693,219,1,-93.848977,4.426764,-84.107538,249.167999,124.6768,20050210, 19:59:50.0000,-62.14428887,-59.99632996,-62.1434722,-59.99482996,-62.14428887,-59.99632996,1.02706E-07
693,220,1,-94.081,4.19647,-84.150077,249.167999,124.6768,20050210, 20:00:30.0000,-62.14263887,-59.99334662,-62.14183887,-59.99189662,-62.14263887,-59.99334662,9.73626E-08
693,221,1,-97.503441,1.908271,-89.252469,249.167999,124.6768,20050210, 20:01:10.0000,-62.14103887,-59.99039662,-62.14020643,-59.98894364,-62.14103887,-59.99039662,4.42739E-08
693,222,1,-91.217335,8.114292,-76.721717,249.167999,124.6768,20050210, 20:01:50.0000,-62.13938887,-59.98746552,-62.13855591,-59.9859758,-62.13938887,-59.98746552,1.8826E-07
693,223,1,-95.058083,3.351011,-83.554751,249.167999,124.6768,20050210, 20:02:30.0000,-62.1377222,-59.98446329,-62.13692268,-59.98300936,-62.1377222,-59.98446329,7.77471E-08
693,224,1,-98.30243,1.5876,-88.558076,249.167999,124.6768,20050210, 20:03:10.0000,-62.1361222,-59.98156329,-62.13533668,-59.98007603,-62.1361222,-59.98156329,3.6834E-08
693,225,1,-97.380679,1.962981,-90.506695,249.167999,124.6768,20050210, 20:03:50.0000,-62.13453609,-59.9785583,-62.13375776,-59.97704662,-62.13453609,-59.9785583,4.55433E-08
693,226,1,-96.978423,2.153485,-88.421382,249.167999,124.6768,20050210, 20:04:50.0000,-62.13297017,-59.97557367,-62.13138974,-59.97259819,-62.13218759,-59.97407766,4.99632E-08
693,227,1,-88.486972,15.215523,-72.963469,249.167999,124.6768,20050210, 20:05:30.0000,-62.13057307,-59.97108153,-62.12980426,-59.969561,-62.13057307,-59.97108153,3.53017E-07
693,228,1,-88.262704,16.021887,-73.125802,249.167999,124.6768,20050210, 20:06:10.0000,-62.1290228,-59.96804297,-62.12824025,-59.96654717,-62.1290228,-59.96804297,3.71725E-07
693,229,1,-90.939776,8.649809,-78.917037,249.167999,124.6768,20050210, 20:06:50.0000,-62.12745276,-59.9650083,-62.12665692,-59.96348245,-62.12745276,-59.9650083,2.00685E-07
693,230,1,-89.261739,12.729465,-76.445765,249.167999,124.6768,20050210, 20:07:30.0000,-62.12585692,-59.96193245,-62.12505896,-59.96038265,-62.12585692,-59.96193245,2.95337E-07
693,231,1,-92.306136,6.314959,-80.699747,249.167999,124.6768,20050210, 20:08:10.0000,-62.12425703,-59.95884932,-62.12345293,-59.95734194,-62.12425703,-59.95884932,1.46514E-07
693,232,1,-86.775075,22.567142,-74.739452,249.167999,124.6768,20050210, 20:08:50.0000,-62.1226737,-59.95581599,-62.1218737,-59.95424739,-62.1226737,-59.95581599,5.23582E-07
693,233,1,-82.371773,62.202348,-70.362859,249.167999,124.6768,20050210, 20:09:30.0000,-62.1210737,-59.95268073,-62.12028754,-59.95112758,-62.1210737,-59.95268073,1.44316E-06
693,234,1,-84.601082,37.228532,-72.290047,249.167999,124.6768,20050210, 20:10:10.0000,-62.11948713,-59.94959351,-62.11868765,-59.94809444,-62.11948713,-59.94959351,8.63742E-07
693,235,1,-77.372997,196.645663,-62.427688,249.167999,124.6768,20050210, 20:10:50.0000,-62.11790432,-59.94659444,-62.11710703,-59.94508265,-62.11790432,-59.94659444,4.56239E-06
693,236,1,-83.411555,48.958553,-69.90674,249.167999,124.6768,20050210, 20:11:50.0000,-62.1163378,-59.94356137,-62.11482115,-59.94047808,-62.11558733,-59.94204132,1.13589E-06
693,237,1,-79.802466,112.392551,-66.258318,249.167999,124.6768,20050210, 20:12:30.0000,-62.11405712,-59.93892612,-62.1133378,-59.93734471,-62.11405712,-59.93892612,2.60763E-06
693,238,1,-83.290945,50.337257,-70.590966,249.167999,124.6768,20050210, 20:13:10.0000,-62.11255896,-59.93581599,-62.11175459,-59.93427825,-62.11255896,-59.93581599,1.16788E-06
693,239,1,-70.470519,963.678637,-55.24394,249.167999,124.6768,20050210, 20:13:50.0000,-62.11094229,-59.93278265,-62.11015608,-59.93123412,-62.11094229,-59.93278265,2.23584E-05
693,240,1,-86.756211,22.665378,-71.820148,249.167999,124.6768,20050210, 20:14:30.0000,-62.10934024,-59.92972804,-62.1085696,-59.92817528,-62.10934024,-59.92972804,5.25861E-07
693,241,1,-58.705331,14469.41496,-42.604944,249.167999,124.6768,20050210, 20:15:10.0000,-62.10777426,-59.92662959,-62.10700473,-59.92507851,-62.10777426,-59.92662959,0.000335706
693,242,1,-70.159852,1035.139527,-54.964209,249.167999,124.6768,20050210, 20:15:50.0000,-62.10620533,-59.92352959,-62.10539105,-59.92201319,-62.10620533,-59.92352959,2.40164E-05
693,243,1,-84.284376,40.044833,-72.535729,249.167999,124.6768,20050210, 20:16:30.0000,-62.10460712,-59.92049279,-62.10380388,-59.91896032,-62.10460712,-59.92049279,9.29083E-07
693,244,1,-59.818615,11197.53988,-43.88943,249.167999,124.6768,20050210, 20:17:10.0000,-62.1029898,-59.91743163,-62.1021898,-59.9158983,-62.1029898,-59.91743163,0.000259795
693,245,1,-90.628322,9.292913,-75.485726,249.167999,124.6768,20050210, 20:17:50.0000,-62.10137195,-59.91436284,-62.10058645,-59.9128229,-62.10137195,-59.91436284,2.15606E-07
693,246,1,-77.086277,210.066322,-59.717057,249.167999,124.6768,20050210, 20:18:50.0000,-62.09979184,-59.91129626,-62.09820646,-59.90826293,-62.098989,-59.90977526,4.87377E-06
693,247,1,-71.318099,792.819212,-55.497391,249.167999,124.6768,20050210, 20:19:30.0000,-62.09740303,-59.90669211,-62.09662313,-59.90516497,-62.09740303,-59.90669211,1.83943E-05
693,248,1,-74.074427,420.282599,-59.102509,249.167999,124.6768,20050210, 20:20:10.0000,-62.09580331,-59.90363996,-62.09498651,-59.90210905,-62.09580331,-59.90363996,9.75101E-06
693,249,1,-74.735794,360.914767,-58.74579,249.167999,124.6768,20050210, 20:20:50.0000,-62.09417308,-59.90059103,-62.093372,-59.899044,-62.09417308,-59.90059103,8.37361E-06
693,250,1,-71.697699,726.464191,-56.383068,249.167999,124.6768,20050210, 20:21:30.0000,-62.09258785,-59.89749237,-62.0917734,-59.89596098,-62.09258785,-59.89749237,1.68548E-05
693,251,1,-90.277347,10.0751,-76.916804,249.167999,124.6768,20050210, 20:22:10.0000,-62.09097279,-59.89440962,-62.09019184,-59.89288163,-62.09097279,-59.89440962,2.33753E-07
693,252,1,-86.599647,23.497375,-71.651599,249.167999,124.6768,20050210, 20:22:50.0000,-62.08943706,-59.89129078,-62.08865646,-59.88971293,-62.08943706,-59.89129078,5.45164E-07
693,253,1,-90.38201,9.835197,-77.114896,249.167999,124.6768,20050210, 20:23:30.0000,-62.08787313,-59.8881483,-62.08708865,-59.88657956,-62.08787313,-59.8881483,2.28187E-07
693,254,1,-82.648497,58.362568,-66.546,249.167999,124.6768,20050210, 20:24:10.0000,-62.08629,-59.88499867,-62.08552405,-59.8833981,-62.08629,-59.88499867,1.35407E-06
693,255,1,-95.432699,3.074073,-84.798466,249.167999,124.6768,20050210, 20:24:50.0000,-62.08475459,-59.88175919,-62.08397152,-59.88014304,-62.08475459,-59.88175919,7.13218E-08
693,256,1,-81.156,82.297012,-68.598233,249.167999,124.6768,20050210, 20:25:30.0000,-62.08317037,-59.87850741,-62.08239122,-59.87689912,-62.08317037,-59.87850741,1.90938E-06
693,257,1,-86.940718,21.722627,-71.192224,249.167999,124.6768,20050210, 20:26:10.0000,-62.08163865,-59.87524169,-62.08089298,-59.87353245,-62.08163865,-59.87524169,5.03988E-07
693,258,1,-90.792819,8.94751,-75.767027,249.167999,124.6768,20050210, 20:26:50.0000,-62.08014092,-59.87184396,-62.079408,-59.87013267,-62.08014092,-59.87184396,2.07592E-07
693,259,1,-86.65615,23.193648,-71.216636,249.167999,124.6768,20050210, 20:27:30.0000,-62.07865641,-59.8684077,-62.07793772,-59.86669211,-62.07865641,-59.8684077,5.38118E-07
693,260,1,-93.637276,4.647897,-85.365129,249.167999,124.6768,20050210, 20:28:10.0000,-62.07717409,-59.86499355,-62.07640973,-59.86334933,-62.07717409,-59.86499355,1.07836E-07
693,261,1,-81.503014,75.977103,-67.499183,249.167999,124.6768,20050210, 20:29:10.0000,-62.07567177,-59.8616579,-62.07412442,-59.85834438,-62.07490506,-59.85999345,1.76275E-06
693,262,1,-86.186254,25.843941,-72.043663,249.167999,124.6768,20050210, 20:29:50.0000,-62.07335459,-59.85665919,-62.07260439,-59.85497544,-62.07335459,-59.85665919,5.99607E-07
693,263,1,-81.731865,72.077157,-65.05429,249.167999,124.6768,20050210, 20:30:30.0000,-62.07185973,-59.85329933,-62.0711045,-59.851609,-62.07185973,-59.85329933,1.67227E-06
693,264,1,-91.806897,7.084258,-81.332204,249.167999,124.6768,20050210, 20:31:10.0000,-62.070358,-59.849916,-62.06959307,-59.8481976,-62.070358,-59.849916,1.64362E-07
693,265,1,-90.266954,10.099241,-78.227169,249.167999,124.6768,20050210, 20:31:50.0000,-62.06885534,-59.84649402,-62.06812467,-59.844816,-62.06885534,-59.84649402,2.34313E-07
693,266,1,-89.779842,11.297956,-76.265531,249.167999,124.6768,20050210, 20:32:30.0000,-62.06735775,-59.84315882,-62.06660822,-59.84149556,-62.06735775,-59.84315882,2.62125E-07
693,267,1,-86.609887,23.442038,-70.604476,249.167999,124.6768,20050210, 20:33:10.0000,-62.06589307,-59.839816,-62.06519119,-59.83812796,-62.06589307,-59.839816,5.43881E-07
693,268,1,-86.917791,21.837605,-73.464911,249.167999,124.6768,20050210, 20:33:50.0000,-62.06448944,-59.83644556,-62.06375877,-59.83481754,-62.06448944,-59.83644556,5.06656E-07
693,269,1,-67.844674,1764.073621,-51.577583,249.167999,124.6768,20050210, 20:34:30.0000,-62.06300985,-59.83316628,-62.06227278,-59.83152889,-62.06300985,-59.83316628,4.09284E-05
693,270,1,-71.354031,786.286833,-59.9688,249.167999,124.6768,20050210, 20:35:10.0000,-62.06153868,-59.82987736,-62.0608064,-59.82822947,-62.06153868,-59.82987736,1.82427E-05
693,271,1,-92.903031,5.504033,-84.332817,249.167999,124.6768,20050210, 20:35:50.0000,-62.06005822,-59.82654556,-62.05932402,-59.82488136,-62.06005822,-59.82654556,1.277E-07
693,272,1,-91.935911,6.876904,-83.110221,249.167999,124.6768,20050210, 20:36:30.0000,-62.0585722,-59.82321329,-62.05780385,-59.82159104,-62.0585722,-59.82321329,1.59552E-07
693,273,1,-79.447664,121.960085,-62.486949,249.167999,124.6768,20050210, 20:37:10.0000,-62.05707588,-59.81993136,-62.05634161,-59.81826237,-62.05707588,-59.81993136,2.82961E-06
693,274,1,-87.111308,20.885907,-70.783198,249.167999,124.6768,20050210, 20:38:10.0000,-62.05560685,-59.81658036,-62.05414159,-59.81322899,-62.05485735,-59.81493136,4.84576E-07
693,275,1,-67.322575,1989.420643,-54.912301,249.167999,124.6768,20050210, 20:38:50.0000,-62.05340704,-59.81154261,-62.05265921,-59.80988136,-62.05340704,-59.81154261,4.61567E-05
693,276,1,-95.113616,3.308434,-87.361502,249.167999,124.6768,20050210, 20:39:30.0000,-62.05192315,-59.80820789,-62.05117222,-59.80655887,-62.05192315,-59.80820789,7.67592E-08
693,277,1,-89.751918,11.370834,-77.113636,249.167999,124.6768,20050210, 20:40:10.0000,-62.05040735,-59.80489803,-62.04965735,-59.80323136,-62.05040735,-59.80489803,2.63816E-07
693,278,1,-90.314417,9.989469,-79.329374,249.167999,124.6768,20050210, 20:40:50.0000,-62.04889038,-59.80152596,-62.04814068,-59.79988323,-62.04889038,-59.80152596,2.31766E-07
693,279,1,-84.768606,35.819832,-69.427159,249.167999,124.6768,20050210, 20:41:30.0000,-62.04737152,-59.7982597,-62.04662402,-59.79656283,-62.04737152,-59.7982597,8.31059E-07
693,280,1,-89.735757,11.413226,-79.873244,249.167999,124.6768,20050210, 20:42:10.0000,-62.04589255,-59.79484617,-62.04515732,-59.79314329,-62.04589255,-59.79484617,2.64799E-07
693,281,1,-92.733241,5.723478,-84.651309,249.167999,124.6768,20050210, 20:42:50.0000,-62.04443856,-59.79144378,-62.04369028,-59.78979235,-62.04443856,-59.79144378,1.32791E-07
693,282,1,-89.912589,10.957847,-76.634655,249.167999,124.6768,20050210, 20:43:30.0000,-62.04293873,-59.78812746,-62.04217266,-59.7864808,-62.04293873,-59.78812746,2.54234E-07
693,283,1,-90.819278,8.893164,-77.041566,249.167999,124.6768,20050210, 20:44:10.0000,-62.04143843,-59.78479353,-62.04070712,-59.78315946,-62.04143843,-59.78479353,2.06331E-07
693,284,1,-92.597397,5.905333,-82.718815,249.167999,124.6768,20050210, 20:44:50.0000,-62.03998806,-59.78149279,-62.03925882,-59.7798843,-62.03998806,-59.78149279,1.3701E-07
693,285,1,-96.284486,2.526594,-86.91307,249.167999,124.6768,20050210, 20:45:30.0000,-62.03852418,-59.77819378,-62.037806,-59.77654533,-62.03852418,-59.77819378,5.86197E-08
693,286,1,-94.090863,4.18695,-82.918527,249.167999,124.6768,20050210, 20:46:10.0000,-62.03707558,-59.77488448,-62.03633806,-59.77322612,-62.03707558,-59.77488448,9.71418E-08
693,287,1,-83.111755,52.457618,-64.55896,249.167999,124.6768,20050210, 20:47:10.0000,-62.03559109,-59.77157773,-62.03412262,-59.76829523,-62.03486046,-59.76993448,1.21707E-06
693,288,1,-87.609829,18.620925,-73.130348,249.167999,124.6768,20050210, 20:47:50.0000,-62.03338928,-59.76664523,-62.03266046,-59.76496782,-62.03338928,-59.76664523,4.32026E-07
693,289,1,-87.886605,17.471234,-73.196159,249.167999,124.6768,20050210, 20:48:30.0000,-62.03192215,-59.7632943,-62.03117713,-59.76168448,-62.03192215,-59.7632943,4.05351E-07
693,290,1,-92.701121,5.765965,-84.712167,249.167999,124.6768,20050210, 20:49:10.0000,-62.03044379,-59.76006782,-62.02971046,-59.75846782,-62.03044379,-59.76006782,1.33777E-07
693,291,1,-92.968228,5.422022,-84.596024,249.167999,124.6768,20050210, 20:49:50.0000,-62.0289921,-59.75683025,-62.02827713,-59.75518448,-62.0289921,-59.75683025,1.25797E-07
693,292,1,-94.082641,4.194885,-84.601615,249.167999,124.6768,20050210, 20:50:30.0000,-62.02759225,-59.75341007,-62.02704424,-59.7513917,-62.02759225,-59.75341007,9.73258E-08
693,293,1,-82.384566,62.019393,-66.520312,249.167999,124.6768,20050210, 20:51:10.0000,-62.02657868,-59.74926316,-62.02611054,-59.74710884,-62.02657868,-59.74926316,1.43892E-06
693,294,1,-86.33757,24.958995,-75.633209,249.167999,124.6768,20050210, 20:51:50.0000,-62.02567712,-59.74493767,-62.02521092,-59.74279367,-62.02567712,-59.74493767,5.79076E-07
693,295,1,-86.951014,21.671188,-76.836446,249.167999,124.6768,20050210, 20:52:30.0000,-62.02471201,-59.74071316,-62.02423056,-59.738582,-62.02471201,-59.74071316,5.02795E-07
693,296,1,-86.385165,24.686958,-74.73955,249.167999,124.6768,20050210, 20:53:10.0000,-62.02377925,-59.73642347,-62.02332715,-59.73430652,-62.02377925,-59.73642347,5.72764E-07
693,297,1,-90.506058,9.558248,-80.543388,249.167999,124.6768,20050210, 20:53:50.0000,-62.02286,-59.73222111,-62.02239437,-59.73014229,-62.02286,-59.73222111,2.21762E-07
693,298,1,-89.060771,13.332359,-76.468588,249.167999,124.6768,20050210, 20:54:30.0000,-62.02194381,-59.7280065,-62.02149394,-59.72589243,-62.02194381,-59.7280065,3.09325E-07
693,299,1,-89.893431,11.006291,-78.169963,249.167999,124.6768,20050210, 20:55:10.0000,-62.02106087,-59.7237582,-62.02064395,-59.72164043,-62.02106087,-59.7237582,2.55358E-07
693,300,1,-92.166699,6.521,-83.390742,249.167999,124.6768,20050210, 20:55:50.0000,-62.02019665,-59.71951322,-62.01976164,-59.71741154,-62.02019665,-59.71951322,1.51294E-07
693,301,1,-90.62508,9.299854,-79.474067,249.167999,124.6768,20050210, 20:56:30.0000,-62.01931331,-59.71529488,-62.01886128,-59.71317667,-62.01931331,-59.71529488,2.15767E-07
693,302,1,-91.991608,6.789274,-81.684647,249.167999,124.6768,20050210, 20:57:10.0000,-62.01841164,-59.71102989,-62.01796288,-59.70889203,-62.01841164,-59.71102989,1.57518E-07
693,303,1,-93.612328,4.674674,-84.101233,249.167999,124.6768,20050210, 20:57:50.0000,-62.01749325,-59.70673741,-62.0170128,-59.70461013,-62.01749325,-59.70673741,1.08457E-07
693,304,1,-86.250545,25.464173,-75.103853,249.167999,124.6768,20050210, 20:58:30.0000,-62.01656202,-59.70245547,-62.01611004,-59.7003546,-62.01656202,-59.70245547,5.90796E-07
693,305,1,-86.393924,24.637218,-73.971761,249.167999,124.6768,20050210, 20:59:30.0000,-62.01566013,-59.698205,-62.01472831,-59.69396322,-62.01517923,-59.69609,5.7161E-07
693,306,1,-93.412788,4.894466,-79.558221,249.167999,124.6768,20050210, 21:00:10.0000,-62.01427831,-59.69181322,-62.01384339,-59.68967135,-62.01427831,-59.69181322,1.13557E-07
693,307,1,-92.69899,5.768795,-81.706924,249.167999,124.6768,20050210, 21:00:50.0000,-62.0134124,-59.68750771,-62.01297693,-59.68535771,-62.0134124,-59.68750771,1.33842E-07
693,308,1,-92.034714,6.72222,-81.056251,249.167999,124.6768,20050210, 21:01:30.0000,-62.01254497,-59.68316154,-62.01211214,-59.68095389,-62.01254497,-59.68316154,1.55963E-07
693,309,1,-93.620755,4.665612,-80.78317,249.167999,124.6768,20050210, 21:02:10.0000,-62.01166164,-59.67879655,-62.01121033,-59.67662256,-62.01166164,-59.67879655,1.08247E-07
693,310,1,-91.757466,7.165352,-78.430358,249.167999,124.6768,20050210, 21:02:50.0000,-62.01072819,-59.6744777,-62.01026026,-59.67232224,-62.01072819,-59.6744777,1.66244E-07
693,311,1,-92.813599,5.61855,-79.159759,249.167999,124.6768,20050210, 21:03:30.0000,-62.00979559,-59.67015469,-62.00934578,-59.66794133,-62.00979559,-59.67015469,1.30356E-07
693,312,1,-89.170227,13.000539,-75.642154,249.167999,124.6768,20050210, 21:04:10.0000,-62.00891392,-59.66578213,-62.00847921,-59.6635988,-62.00891392,-59.66578213,3.01627E-07
693,313,1,-89.258641,12.73855,-79.097312,249.167999,124.6768,20050210, 21:04:50.0000,-62.008027,-59.66140378,-62.007577,-59.65918922,-62.008027,-59.66140378,2.95548E-07
693,314,1,-89.485363,12.090599,-75.461408,249.167999,124.6768,20050210, 21:05:30.0000,-62.00712687,-59.65696982,-62.00667735,-59.65477206,-62.00712687,-59.65696982,2.80515E-07
693,315,1,-91.027214,8.4774,-79.425748,249.167999,124.6768,20050210, 21:06:10.0000,-62.00623062,-59.65256433,-62.00579395,-59.65037376,-62.00623062,-59.65256433,1.96685E-07
693,316,1,-89.851608,11.112796,-77.173833,249.167999,124.6768,20050210, 21:06:50.0000,-62.00535984,-59.6481871,-62.00491259,-59.64603235,-62.00535984,-59.6481871,2.57829E-07
693,317,1,-63.109846,5248.067977,-46.498646,249.167999,124.6768,20050210, 21:07:30.0000,-62.00446058,-59.64383825,-62.00399601,-59.64165739,-62.00446058,-59.64383825,0.000121761
693,318,1,-63.074411,5291.063957,-47.292945,249.167999,124.6768,20050210, 21:08:10.0000,-62.00356125,-59.63949322,-62.00312965,-59.63732604,-62.00356125,-59.63949322,0.000122758
693,319,1,-87.044909,21.207684,-70.620862,249.167999,124.6768,20050210, 21:08:50.0000,-62.00269456,-59.63514308,-62.00226259,-59.63296568,-62.00269456,-59.63514308,4.92041E-07
693,320,1,-90.542487,9.478408,-79.874153,249.167999,124.6768,20050210, 21:09:30.0000,-62.00184593,-59.63076568,-62.00144353,-59.62855531,-62.00184593,-59.63076568,2.19909E-07
693,321,1,-61.899498,6934.805445,-48.986904,249.167999,124.6768,20050210, 21:10:10.0000,-62.00101395,-59.62638235,-62.00059647,-59.62420136,-62.00101395,-59.62638235,0.000160895
693,322,1,-87.738246,18.078379,-75.004915,249.167999,124.6768,20050210, 21:10:50.0000,-62.00017902,-59.62197198,-61.99979647,-59.61981037,-62.00017902,-59.62197198,4.19438E-07
693,323,1,-78.259721,160.328961,-61.511587,249.167999,124.6768,20050210, 21:11:30.0000,-61.9993798,-59.61761037,-61.99896137,-59.6153937,-61.9993798,-59.61761037,3.7198E-06
693,324,1,-73.290198,503.459232,-55.341787,249.167999,124.6768,20050210, 21:12:10.0000,-61.99852977,-59.61316669,-61.99807965,-59.61095753,-61.99852977,-59.61316669,1.16808E-05
693,325,1,-68.863669,1395.137954,-52.309447,249.167999,124.6768,20050210, 21:12:50.0000,-61.9976292,-59.60877104,-61.99719494,-59.60657806,-61.9976292,-59.60877104,3.23687E-05
693,326,1,-90.313629,9.991281,-75.436509,249.167999,124.6768,20050210, 21:13:30.0000,-61.99676298,-59.60437604,-61.99632827,-59.60213125,-61.99676298,-59.60437604,2.31809E-07
693,327,1,-96.867338,2.209278,-84.010869,249.167999,124.6768,20050210, 21:14:10.0000,-61.99589542,-59.59991194,-61.99544452,-59.59765778,-61.99589542,-59.59991194,5.12576E-08
693,328,1,-92.929741,5.470286,-78.857365,249.167999,124.6768,20050210, 21:14:50.0000,-61.99501268,-59.59544941,-61.99456217,-59.59326383,-61.99501268,-59.59544941,1.26917E-07
693,329,1,-92.232272,6.42328,-79.9415,249.167999,124.6768,20050210, 21:15:30.0000,-61.99411014,-59.59105505,-61.99366253,-59.58887518,-61.99411014,-59.59105505,1.49027E-07
693,330,1,-92.736774,5.718823,-82.750737,249.167999,124.6768,20050210, 21:16:10.0000,-61.99323033,-59.58671383,-61.99281347,-59.58452761,-61.99323033,-59.58671383,1.32683E-07
693,331,1,-93.84323,4.432626,-80.10047,249.167999,124.6768,20050210, 21:16:50.0000,-61.99239535,-59.5823632,-61.99196397,-59.58019912,-61.99239535,-59.5823632,1.02842E-07
693,332,1,-94.01029,4.265354,-84.524352,249.167999,124.6768,20050210, 21:17:30.0000,-61.99152904,-59.57803878,-61.99107924,-59.57587339,-61.99152904,-59.57803878,9.89608E-08
693,333,1,-92.768702,5.676935,-81.833035,249.167999,124.6768,20050210, 21:18:10.0000,-61.9906455,-59.5736805,-61.99019431,-59.57150869,-61.9906455,-59.5736805,1.31711E-07
693,334,1,-93.678445,4.604045,-82.896732,249.167999,124.6768,20050210, 21:18:50.0000,-61.98972762,-59.56935857,-61.98926217,-59.5671805,-61.98972762,-59.56935857,1.06819E-07
693,335,1,-95.74883,2.858256,-85.209641,249.167999,124.6768,20050210, 21:19:30.0000,-61.98881093,-59.56500847,-61.98837883,-59.56284716,-61.98881093,-59.56500847,6.63146E-08
693,336,1,-96.468757,2.421634,-85.761931,249.167999,124.6768,20050210, 21:20:10.0000,-61.98791367,-59.56071383,-61.98744395,-59.55854043,-61.98791367,-59.56071383,5.61845E-08
693,337,1,-95.450489,3.061506,-85.066211,249.167999,124.6768,20050210, 21:20:50.0000,-61.98701087,-59.5563582,-61.986547,-59.5541805,-61.98701087,-59.5563582,7.10303E-08
693,338,1,-94.327486,3.96493,-84.011075,249.167999,124.6768,20050210, 21:21:30.0000,-61.98609395,-59.5519571,-61.98562753,-59.54977487,-61.98609395,-59.5519571,9.19907E-08
693,339,1,-91.523138,7.562585,-80.296176,249.167999,124.6768,20050210, 21:22:10.0000,-61.98516367,-59.5475805,-61.98469395,-59.54539043,-61.98516367,-59.5475805,1.7546E-07
693,340,1,-90.200554,10.254836,-80.226377,249.167999,124.6768,20050210, 21:22:50.0000,-61.98424465,-59.54321013,-61.9837942,-59.5409896,-61.98424465,-59.54321013,2.37923E-07
693,341,1,-89.083249,13.263532,-78.99593,249.167999,124.6768,20050210, 21:23:30.0000,-61.98334659,-59.53879449,-61.9829104,-59.53662285,-61.98334659,-59.53879449,3.07728E-07
693,342,1,-90.663099,9.218796,-80.964189,249.167999,124.6768,20050210, 21:24:10.0000,-61.98246313,-59.53448468,-61.98197706,-59.53234158,-61.98246313,-59.53448468,2.13886E-07
693,343,1,-91.473813,7.648967,-81.829044,249.167999,124.6768,20050210, 21:24:50.0000,-61.9814942,-59.53021013,-61.98102971,-59.52805218,-61.9814942,-59.53021013,1.77464E-07
693,344,1,-94.922188,3.457524,-86.080152,249.167999,124.6768,20050210, 21:25:30.0000,-61.98056253,-59.52588773,-61.980094,-59.52374067,-61.98056253,-59.52588773,8.02183E-08
693,345,1,-96.067748,2.655885,-85.318146,249.167999,124.6768,20050210, 21:26:10.0000,-61.97961436,-59.52161952,-61.97916299,-59.51946126,-61.97961436,-59.52161952,6.16194E-08
693,346,1,-89.897208,10.996724,-78.580172,249.167999,124.6768,20050210, 21:26:50.0000,-61.97871136,-59.517327,-61.97824651,-59.5152027,-61.97871136,-59.517327,2.55136E-07
693,347,1,-90.618258,9.314474,-80.688774,249.167999,124.6768,20050210, 21:27:30.0000,-61.97779661,-59.5130613,-61.97736318,-59.51091937,-61.97779661,-59.5130613,2.16106E-07
693,348,1,-89.187825,12.947967,-75.066792,249.167999,124.6768,20050210, 21:28:10.0000,-61.97692798,-59.50882859,-61.97649513,-59.50672891,-61.97692798,-59.50882859,3.00407E-07
693,349,1,-88.93064,13.737891,-77.183598,249.167999,124.6768,20050210, 21:28:50.0000,-61.97606318,-59.50460154,-61.97561434,-59.50243487,-61.97606318,-59.50460154,3.18734E-07
693,350,1,-91.908371,6.920652,-79.616016,249.167999,124.6768,20050210, 21:29:30.0000,-61.97516434,-59.50028487,-61.9747271,-59.49814172,-61.97516434,-59.50028487,1.60567E-07
693,351,1,-95.108642,3.312225,-83.735987,249.167999,124.6768,20050210, 21:30:10.0000,-61.97429651,-59.49601821,-61.97386318,-59.49383487,-61.97429651,-59.49601821,7.68472E-08
693,352,1,-91.56421,7.491401,-80.670224,249.167999,124.6768,20050210, 21:30:50.0000,-61.97342954,-59.49165871,-61.97299621,-59.48949204,-61.97342954,-59.49165871,1.73809E-07
693,353,1,-91.920594,6.901201,-77.85625,249.167999,124.6768,20050210, 21:31:30.0000,-61.97254668,-59.48732844,-61.97212716,-59.4851566,-61.97254668,-59.48732844,1.60115E-07
693,354,1,-95.00243,3.394229,-84.275032,249.167999,124.6768,20050210, 21:32:10.0000,-61.97171365,-59.48300462,-61.97127836,-59.48084511,-61.97171365,-59.48300462,7.87498E-08
693,355,1,-93.754094,4.524543,-81.139737,249.167999,124.6768,20050210, 21:32:50.0000,-61.97083002,-59.47867844,-61.97042934,-59.47649072,-61.97083002,-59.47867844,1.04974E-07
693,356,1,-91.451954,7.687564,-82.585661,249.167999,124.6768,20050210, 21:33:30.0000,-61.97001169,-59.47437844,-61.96957809,-59.47227902,-61.97001169,-59.47437844,1.7836E-07
693,357,1,-91.318596,7.927285,-81.180461,249.167999,124.6768,20050210, 21:34:10.0000,-61.96911349,-59.47019601,-61.96866273,-59.46808293,-61.96911349,-59.47019601,1.83922E-07
693,358,1,-95.375241,3.115014,-85.992448,249.167999,124.6768,20050210, 21:34:50.0000,-61.96819621,-59.46595871,-61.96776175,-59.46382868,-61.96819621,-59.46595871,7.22717E-08
693,359,1,-92.780668,5.661314,-82.788562,249.167999,124.6768,20050210, 21:35:30.0000,-61.96732998,-59.46167989,-61.96690967,-59.45953636,-61.96732998,-59.46167989,1.31349E-07
693,360,1,-89.858589,11.094947,-78.658502,249.167999,124.6768,20050210, 21:36:10.0000,-61.96647806,-59.45739381,-61.96604502,-59.45526174,-61.96647806,-59.45739381,2.57415E-07
693,361,1,-91.070631,8.393073,-80.475176,249.167999,124.6768,20050210, 21:36:50.0000,-61.96559394,-59.45309041,-61.96514542,-59.45094683,-61.96559394,-59.45309041,1.94728E-07
693,362,1,-86.441998,24.366002,-78.921062,249.167999,124.6768,20050210, 21:37:30.0000,-61.96471164,-59.44877821,-61.9642632,-59.44662748,-61.96471164,-59.44877821,5.65318E-07
693,363,1,-88.013503,16.968123,-77.314737,249.167999,124.6768,20050210, 21:38:10.0000,-61.96382811,-59.44447736,-61.96339447,-59.44232604,-61.96382811,-59.44447736,3.93679E-07
693,364,1,-93.525436,4.769145,-83.184784,249.167999,124.6768,20050210, 21:38:50.0000,-61.96296298,-59.44017604,-61.9625294,-59.43806627,-61.96296298,-59.44017604,1.10649E-07
693,365,1,-90.536179,9.492184,-76.337596,249.167999,124.6768,20050210, 21:39:30.0000,-61.96207998,-59.43594488,-61.96166125,-59.43380988,-61.96207998,-59.43594488,2.20229E-07
693,366,1,-90.476675,9.623135,-78.583296,249.167999,124.6768,20050210, 21:40:10.0000,-61.96122992,-59.43171854,-61.96078071,-59.4295996,-61.96122992,-59.43171854,2.23267E-07
693,367,1,-94.021239,4.254614,-79.564489,249.167999,124.6768,20050210, 21:41:10.0000,-61.96034459,-59.42750988,-61.95952792,-59.42331169,-61.95992841,-59.42539534,9.87116E-08
693,368,1,-87.391383,19.581495,-76.381085,249.167999,124.6768,20050210, 21:41:50.0000,-61.95909707,-59.42126578,-61.95867992,-59.41920302,-61.95909707,-59.42126578,4.54312E-07
693,369,1,-85.686549,28.995404,-75.475238,249.167999,124.6768,20050210, 21:42:30.0000,-61.95826326,-59.41710302,-61.95784447,-59.41502604,-61.95826326,-59.41710302,6.72725E-07
693,370,1,-90.429861,9.727427,-79.546368,249.167999,124.6768,20050210, 21:43:10.0000,-61.95739672,-59.41294534,-61.95696114,-59.41082789,-61.95739672,-59.41294534,2.25687E-07
693,371,1,-89.849306,11.118686,-78.526374,249.167999,124.6768,20050210, 21:43:50.0000,-61.95652786,-59.40874477,-61.95609508,-59.406647,-61.95652786,-59.40874477,2.57966E-07
693,372,1,-91.213451,8.121552,-79.044301,249.167999,124.6768,20050210, 21:44:30.0000,-61.95567968,-59.40450961,-61.95527852,-59.40236246,-61.95567968,-59.40450961,1.88429E-07
693,373,1,-90.558767,9.442945,-76.689661,249.167999,124.6768,20050210, 21:45:10.0000,-61.9548278,-59.40019454,-61.95437792,-59.39805988,-61.9548278,-59.40019454,2.19087E-07
693,374,1,-90.360778,9.883398,-79.449455,249.167999,124.6768,20050210, 21:45:50.0000,-61.95394508,-59.39591037,-61.95349834,-59.39377257,-61.95394508,-59.39591037,2.29305E-07
693,375,1,-92.18808,6.488974,-81.841227,249.167999,124.6768,20050210, 21:46:30.0000,-61.95306325,-59.39164444,-61.95266154,-59.38952778,-61.95306325,-59.39164444,1.50551E-07
693,376,1,-89.487973,12.083336,-78.294239,249.167999,124.6768,20050210, 21:47:10.0000,-61.95222779,-59.38739264,-61.95179706,-59.38523236,-61.95222779,-59.38739264,2.80346E-07
693,377,1,-88.22551,16.159693,-76.706579,249.167999,124.6768,20050210, 21:47:50.0000,-61.95136077,-59.38309307,-61.9509147,-59.38097057,-61.95136077,-59.38309307,3.74922E-07
693,378,1,-88.268657,15.999942,-76.346992,249.167999,124.6768,20050210, 21:48:30.0000,-61.95047901,-59.37881604,-61.95002767,-59.37662544,-61.95047901,-59.37881604,3.71216E-07
693,379,1,-85.069818,33.419684,-73.925692,249.167999,124.6768,20050210, 21:49:10.0000,-61.94958039,-59.3745039,-61.9491303,-59.37233028,-61.94958039,-59.3745039,7.75373E-07
693,380,1,-87.749097,18.033267,-77.521755,249.167999,124.6768,20050210, 21:49:50.0000,-61.94869459,-59.37014322,-61.94828039,-59.36797057,-61.94869459,-59.37014322,4.18391E-07
693,381,1,-86.655851,23.195244,-75.823217,249.167999,124.6768,20050210, 21:50:30.0000,-61.9478647,-59.3658039,-61.94743137,-59.3636539,-61.9478647,-59.3658039,5.38155E-07
693,382,1,-85.14921,32.814294,-75.199487,249.167999,124.6768,20050210, 21:51:10.0000,-61.94701302,-59.36147629,-61.94657888,-59.35931405,-61.94701302,-59.36147629,7.61327E-07
693,383,1,-87.815199,17.760867,-76.104288,249.167999,124.6768,20050210, 21:51:50.0000,-61.94614481,-59.3571275,-61.94569453,-59.35495962,-61.94614481,-59.3571275,4.12071E-07
693,384,1,-85.806934,28.202698,-74.93936,249.167999,124.6768,20050210, 21:52:30.0000,-61.9452637,-59.35278071,-61.9448455,-59.35059716,-61.9452637,-59.35278071,6.54333E-07
693,385,1,-83.695706,45.857828,-75.263008,249.167999,124.6768,20050210, 21:53:10.0000,-61.94441269,-59.34843278,-61.94396217,-59.3462805,-61.94441269,-59.34843278,1.06395E-06
693,386,1,-80.676045,91.913566,-72.420211,249.167999,124.6768,20050210, 21:53:50.0000,-61.94351227,-59.34411573,-61.94307996,-59.34193537,-61.94351227,-59.34411573,2.13249E-06
693,387,1,-82.39543,61.864445,-72.863625,249.167999,124.6768,20050210, 21:54:30.0000,-61.94264775,-59.33971871,-61.94221399,-59.33751459,-61.94264775,-59.33971871,1.43532E-06
693,388,1,-86.661578,23.164679,-76.65437,249.167999,124.6768,20050210, 21:55:10.0000,-61.94176442,-59.33533537,-61.94134607,-59.33315096,-61.94176442,-59.33533537,5.37446E-07
693,389,1,-90.077554,10.549422,-78.257171,249.167999,124.6768,20050210, 21:55:50.0000,-61.9409132,-59.33094417,-61.94048049,-59.32876484,-61.9409132,-59.33094417,2.44758E-07
693,390,1,-86.46201,24.253986,-76.517521,249.167999,124.6768,20050210, 21:56:30.0000,-61.94006329,-59.32656871,-61.9396112,-59.32437629,-61.94006329,-59.32656871,5.62719E-07
693,391,1,-83.775732,45.020564,-74.991869,249.167999,124.6768,20050210, 21:57:10.0000,-61.93916329,-59.32221871,-61.93869775,-59.32006871,-61.93916329,-59.32221871,1.04453E-06
693,392,1,-89.86612,11.075722,-79.026821,249.167999,124.6768,20050210, 21:57:50.0000,-61.93822765,-59.31792725,-61.93774662,-59.31578537,-61.93822765,-59.31792725,2.56969E-07
693,393,1,-88.60268,14.815493,-76.360013,249.167999,124.6768,20050210, 21:58:30.0000,-61.93726169,-59.31362844,-61.93676362,-59.31149689,-61.93726169,-59.31362844,3.43735E-07
693,394,1,-95.827687,2.806825,-83.999328,249.167999,124.6768,20050210, 21:59:10.0000,-61.93628039,-59.30931417,-61.93581185,-59.30712911,-61.93628039,-59.30931417,6.51214E-08
693,395,1,-90.572064,9.414077,-78.636276,249.167999,124.6768,20050210, 21:59:50.0000,-61.93532883,-59.30494716,-61.9348456,-59.30276426,-61.93532883,-59.30494716,2.18417E-07
693,396,1,-87.291638,20.036428,-74.989501,249.167999,124.6768,20050210, 22:00:30.0000,-61.93436399,-59.30058126,-61.93388016,-59.29836268,-61.93436399,-59.30058126,4.64867E-07
693,397,1,-92.571559,5.940571,-81.47521,249.167999,124.6768,20050210, 22:01:10.0000,-61.93341332,-59.29616885,-61.93294518,-59.29394577,-61.93341332,-59.29616885,1.37828E-07
693,398,1,-95.401937,3.095925,-82.90215,249.167999,124.6768,20050210, 22:01:50.0000,-61.93247888,-59.2917307,-61.93199518,-59.28954417,-61.93247888,-59.2917307,7.18288E-08
693,399,1,-90.946964,8.635504,-79.203167,249.167999,124.6768,20050210, 22:02:30.0000,-61.93149513,-59.28736224,-61.93101128,-59.28517667,-61.93149513,-59.28736224,2.00353E-07
693,400,1,-93.013772,5.365459,-82.176659,249.167999,124.6768,20050210, 22:03:10.0000,-61.93056427,-59.28297216,-61.93011427,-59.28073963,-61.93056427,-59.28297216,1.24484E-07
693,401,1,-88.967912,13.620496,-78.049191,249.167999,124.6768,20050210, 22:03:50.0000,-61.92966187,-59.27847921,-61.92919735,-59.27626613,-61.92966187,-59.27847921,3.1601E-07
693,402,1,-92.329146,6.281589,-82.542979,249.167999,124.6768,20050210, 22:04:30.0000,-61.92874513,-59.27406224,-61.9282804,-59.27183093,-61.92874513,-59.27406224,1.4574E-07
693,403,1,-93.274386,5.052956,-79.831567,249.167999,124.6768,20050210, 22:05:10.0000,-61.92783155,-59.26959228,-61.92737847,-59.26734395,-61.92783155,-59.26959228,1.17234E-07
693,404,1,-92.403988,6.174265,-77.793714,249.167999,124.6768,20050210, 22:05:50.0000,-61.92692857,-59.26507934,-61.92646163,-59.26286151,-61.92692857,-59.26507934,1.4325E-07
693,405,1,-89.793662,11.262062,-77.632005,249.167999,124.6768,20050210, 22:06:30.0000,-61.9259984,-59.26065547,-61.9255474,-59.25839976,-61.9259984,-59.26065547,2.61292E-07
693,406,1,-89.661778,11.609308,-75.768329,249.167999,124.6768,20050210, 22:07:10.0000,-61.92509766,-59.25617319,-61.92462855,-59.25391262,-61.92509766,-59.25617319,2.69348E-07
693,407,1,-91.356684,7.858066,-81.906991,249.167999,124.6768,20050210, 22:07:50.0000,-61.92418009,-59.25166224,-61.92371355,-59.24942976,-61.92418009,-59.25166224,1.82316E-07
693,408,1,-90.696351,9.148482,-78.253376,249.167999,124.6768,20050210, 22:08:30.0000,-61.92328097,-59.24720564,-61.92284611,-59.24498314,-61.92328097,-59.24720564,2.12255E-07
693,409,1,-86.960814,21.622343,-75.436291,249.167999,124.6768,20050210, 22:09:10.0000,-61.9224143,-59.2427723,-61.92193211,-59.2405587,-61.9224143,-59.2427723,5.01662E-07
693,410,1,-84.161989,41.189379,-71.801969,249.167999,124.6768,20050210, 22:09:50.0000,-61.92148089,-59.23835077,-61.9210643,-59.23613976,-61.92148089,-59.23835077,9.55638E-07
693,411,1,-89.050967,13.36249,-76.288916,249.167999,124.6768,20050210, 22:10:30.0000,-61.92063044,-59.23387973,-61.92019578,-59.23164697,-61.92063044,-59.23387973,3.10024E-07
693,412,1,-86.511971,23.976567,-75.348395,249.167999,124.6768,20050210, 22:11:10.0000,-61.9197294,-59.22941496,-61.9197294,-59.22941496,-61.9197294,-59.22941496,5.56282E-07
693,413,1,-89.379077,12.390145,-74.891764,249.167999,124.6768,20050210, 22:11:30.0000,-61.91928071,-59.22721496,-61.91886355,-59.2249631,-61.91928071,-59.22721496,2.87465E-07
693,414,1,-91.021796,8.487983,-79.680635,249.167999,124.6768,20050210, 22:12:10.0000,-61.91842944,-59.22273311,-61.91798106,-59.22051742,-61.91842944,-59.22273311,1.9693E-07
693,415,1,-94.648229,3.682656,-84.735027,249.167999,124.6768,20050210, 22:12:50.0000,-61.91756329,-59.21830205,-61.9171294,-59.21609829,-61.91756329,-59.21830205,8.54416E-08
693,416,1,-91.262903,8.029598,-80.239464,249.167999,124.6768,20050210, 22:13:30.0000,-61.91667944,-59.21386646,-61.9162294,-59.21168293,-61.91667944,-59.21386646,1.86295E-07
693,417,1,-95.656948,2.919371,-85.506783,249.167999,124.6768,20050210, 22:14:10.0000,-61.91577948,-59.20948201,-61.91533104,-59.2072684,-61.91577948,-59.20948201,6.77326E-08
693,418,1,-92.723404,5.736456,-82.706334,249.167999,124.6768,20050210, 22:14:50.0000,-61.91489627,-59.20503382,-61.91444552,-59.20278058,-61.91489627,-59.20503382,1.33092E-07
693,419,1,-93.317229,5.003354,-82.763398,249.167999,124.6768,20050210, 22:15:30.0000,-61.91401407,-59.20056646,-61.91358071,-59.19834829,-61.91401407,-59.20056646,1.16083E-07
693,420,1,-92.832129,5.594628,-80.514692,249.167999,124.6768,20050210, 22:16:10.0000,-61.91316293,-59.19611716,-61.91272654,-59.19390388,-61.91316293,-59.19611716,1.29801E-07
693,421,1,-90.728058,9.081934,-77.023012,249.167999,124.6768,20050210, 22:16:50.0000,-61.91228071,-59.19169829,-61.91186477,-59.18948766,-61.91228071,-59.19169829,2.10711E-07
693,422,1,-92.72466,5.734798,-79.555839,249.167999,124.6768,20050210, 22:17:30.0000,-61.91142935,-59.18728406,-61.91096358,-59.18511175,-61.91142935,-59.18728406,1.33054E-07
693,423,1,-90.717498,9.104043,-75.182419,249.167999,124.6768,20050210, 22:18:10.0000,-61.91053049,-59.18290338,-61.91007839,-59.1806786,-61.91053049,-59.18290338,2.11224E-07
693,424,1,-93.02484,5.351803,-77.845738,249.167999,124.6768,20050210, 22:18:50.0000,-61.90964678,-59.17847907,-61.90923003,-59.17630124,-61.90964678,-59.17847907,1.24168E-07
693,425,1,-94.352143,3.942482,-82.578436,249.167999,124.6768,20050210, 22:19:30.0000,-61.90881508,-59.17408969,-61.90838135,-59.17190276,-61.90881508,-59.17408969,9.14698E-08
693,426,1,-90.85011,8.830252,-77.70049,249.167999,124.6768,20050210, 22:20:10.0000,-61.9079481,-59.16969113,-61.90747898,-59.16748112,-61.9079481,-59.16969113,2.04871E-07
693,427,1,-89.553985,11.901059,-74.866528,249.167999,124.6768,20050210, 22:20:50.0000,-61.90701474,-59.16530417,-61.9065478,-59.16311903,-61.90701474,-59.16530417,2.76117E-07
693,428,1,-88.088075,16.679252,-75.228127,249.167999,124.6768,20050210, 22:21:30.0000,-61.9060956,-59.16089758,-61.90561235,-59.15871465,-61.9060956,-59.16089758,3.86977E-07
693,429,1,-94.542188,3.773682,-80.410618,249.167999,124.6768,20050210, 22:22:10.0000,-61.90516231,-59.156513,-61.90473153,-59.15429218,-61.90516231,-59.156513,8.75535E-08
693,430,1,-96.82576,2.23053,-82.734308,249.167999,124.6768,20050210, 22:22:50.0000,-61.9042641,-59.15211535,-61.90383153,-59.14995945,-61.9042641,-59.15211535,5.17507E-08
693,431,1,-95.725498,2.873653,-84.02702,249.167999,124.6768,20050210, 22:23:30.0000,-61.90334707,-59.14783093,-61.90287948,-59.14566663,-61.90334707,-59.14783093,6.66719E-08
693,432,1,-92.351062,6.24997,-76.523016,249.167999,124.6768,20050210, 22:24:10.0000,-61.90241488,-59.14349228,-61.90196376,-59.14126445,-61.90241488,-59.14349228,1.45006E-07
693,433,1,-86.244566,25.499256,-70.095154,249.167999,124.6768,20050210, 22:24:50.0000,-61.90156281,-59.13906535,-61.90114683,-59.13682784,-61.90156281,-59.13906535,5.9161E-07
693,434,1,-86.370349,24.77132,-70.475363,249.167999,124.6768,20050210, 22:25:30.0000,-61.90071548,-59.13459168,-61.90027898,-59.13231445,-61.90071548,-59.13459168,5.74721E-07
693,435,1,-86.754689,22.673325,-76.828491,249.167999,124.6768,20050210, 22:26:10.0000,-61.8998124,-59.13008009,-61.89936231,-59.12783112,-61.8998124,-59.13008009,5.26046E-07
693,436,1,-91.030811,8.470382,-79.29517,249.167999,124.6768,20050210, 22:26:50.0000,-61.89888049,-59.12563151,-61.89841412,-59.12339884,-61.89888049,-59.12563151,1.96522E-07
693,437,1,-95.016772,3.383038,-82.933271,249.167999,124.6768,20050210, 22:27:30.0000,-61.89796333,-59.12115219,-61.89752831,-59.11892655,-61.89796333,-59.12115219,7.84901E-08
693,438,1,-91.85075,7.013085,-81.588817,249.167999,124.6768,20050210, 22:28:10.0000,-61.89708216,-59.11675843,-61.89666331,-59.11453436,-61.89708216,-59.11675843,1.62711E-07
693,439,1,-89.795858,11.256368,-79.285785,249.167999,124.6768,20050210, 22:28:50.0000,-61.89621249,-59.11229856,-61.89576494,-59.1100925,-61.89621249,-59.11229856,2.6116E-07
693,440,1,-95.593956,2.962023,-84.823054,249.167999,124.6768,20050210, 22:29:30.0000,-61.89531442,-59.10788425,-61.8948655,-59.10569245,-61.89531442,-59.10788425,6.87221E-08
693,441,1,-90.89905,8.731303,-79.148694,249.167999,124.6768,20050210, 22:30:10.0000,-61.89442906,-59.10344815,-61.89398249,-59.10122782,-61.89442906,-59.10344815,2.02576E-07
693,442,1,-90.631296,9.286553,-79.964687,249.167999,124.6768,20050210, 22:30:50.0000,-61.89356538,-59.09899443,-61.89314686,-59.09673638,-61.89356538,-59.09899443,2.15458E-07
693,443,1,-94.294937,3.994757,-85.346058,249.167999,124.6768,20050210, 22:31:30.0000,-61.89272996,-59.09448425,-61.89229743,-59.092238,-61.89272996,-59.09448425,9.26827E-08
693,444,1,-91.727289,7.215313,-74.829377,249.167999,124.6768,20050210, 22:32:10.0000,-61.89186448,-59.0899847,-61.89144666,-59.08768553,-61.89186448,-59.0899847,1.67403E-07
693,445,1,-94.499369,3.811073,-82.916406,249.167999,124.6768,20050210, 22:32:50.0000,-61.8910312,-59.08543613,-61.89064771,-59.08317267,-61.8910312,-59.08543613,8.8421E-08
693,446,1,-87.11481,20.869071,-73.977132,249.167999,124.6768,20050210, 22:33:30.0000,-61.89021514,-59.08092267,-61.88978181,-59.078656,-61.89021514,-59.08092267,4.84185E-07
693,447,1,-87.746898,18.042399,-77.178969,249.167999,124.6768,20050210, 22:34:10.0000,-61.88936514,-59.07635524,-61.88936514,-59.07635524,-61.88936514,-59.07635524,4.18603E-07
693,448,1,-87.447649,19.329436,-74.244363,249.167999,124.6768,20050210, 22:34:30.0000,-61.88893181,-59.07407267,-61.88849816,-59.07180471,-61.88893181,-59.07407267,4.48464E-07
693,449,1,-88.712805,14.444537,-78.087496,249.167999,124.6768,20050210, 22:35:10.0000,-61.88808105,-59.06952267,-61.88766453,-59.0672028,-61.88808105,-59.06952267,3.35129E-07
693,450,1,-84.105822,41.725529,-68.93409,249.167999,124.6768,20050210, 22:35:50.0000,-61.88726514,-59.064906,-61.88689771,-59.062606,-61.88726514,-59.064906,9.68077E-07
693,451,1,-90.688584,9.164858,-75.364602,249.167999,124.6768,20050210, 22:36:30.0000,-61.88649722,-59.0602986,-61.88609611,-59.05799849,-61.88649722,-59.0602986,2.12635E-07
693,452,1,-99.101473,1.320799,-85.265924,249.167999,124.6768,20050210, 22:37:10.0000,-61.88568074,-59.05568185,-61.88529634,-59.05341747,-61.88568074,-59.05568185,3.0644E-08
693,453,1,-91.714146,7.237183,-76.50925,249.167999,124.6768,20050210, 22:37:50.0000,-61.88486329,-59.05115204,-61.88441413,-59.04889888,-61.88486329,-59.05115204,1.6791E-07
693,454,1,-86.349483,24.890624,-74.732805,249.167999,124.6768,20050210, 22:38:30.0000,-61.88398105,-59.04662267,-61.88354611,-59.04433312,-61.88398105,-59.04662267,5.77489E-07
693,455,1,-86.562067,23.701586,-75.351115,249.167999,124.6768,20050210, 22:39:10.0000,-61.88311438,-59.04203933,-61.88268181,-59.0397401,-61.88311438,-59.04203933,5.49902E-07
693,456,1,-86.629697,23.335357,-75.565626,249.167999,124.6768,20050210, 22:39:50.0000,-61.88226438,-59.03747343,-61.88183003,-59.03521792,-61.88226438,-59.03747343,5.41405E-07
693,457,1,-91.46136,7.670931,-82.468413,249.167999,124.6768,20050210, 22:40:30.0000,-61.88141285,-59.03295015,-61.8809811,-59.0306844,-61.88141285,-59.03295015,1.77974E-07
693,458,1,-90.35946,9.886398,-77.521493,249.167999,124.6768,20050210, 22:41:10.0000,-61.88056289,-59.02839904,-61.88013079,-59.02611556,-61.88056289,-59.02839904,2.29375E-07
693,459,1,-85.281265,31.831533,-73.224231,249.167999,124.6768,20050210, 22:41:50.0000,-61.8797296,-59.02386591,-61.87933208,-59.02162791,-61.8797296,-59.02386591,7.38526E-07
693,460,1,-88.355004,15.684969,-77.785331,249.167999,124.6768,20050210, 22:42:30.0000,-61.87891277,-59.01936646,-61.87851413,-59.01711554,-61.87891277,-59.01936646,3.63908E-07
693,461,1,-87.899171,17.420755,-74.361105,249.167999,124.6768,20050210, 22:43:10.0000,-61.8780821,-59.01487756,-61.87761584,-59.01267798,-61.8780821,-59.01487756,4.0418E-07
693,462,1,-88.612696,14.781365,-74.699567,249.167999,124.6768,20050210, 22:43:50.0000,-61.87717996,-59.01045091,-61.87679627,-59.00819924,-61.87717996,-59.01045091,3.42944E-07
693,463,1,-91.514208,7.578152,-82.672964,249.167999,124.6768,20050210, 22:44:30.0000,-61.87638251,-59.0059609,-61.87598118,-59.00368491,-61.87638251,-59.0059609,1.75821E-07
693,464,1,-88.252242,16.06053,-74.791145,249.167999,124.6768,20050210, 22:45:10.0000,-61.8755805,-59.00139682,-61.87516584,-58.99912756,-61.8755805,-59.00139682,3.72622E-07
693,465,1,-90.460182,9.65975,-79.323184,249.167999,124.6768,20050210, 22:45:50.0000,-61.87476584,-58.99684464,-61.87476584,-58.99684464,-61.87476584,-58.99684464,2.24117E-07
693,466,1,-92.112206,6.603338,-80.587721,249.167999,124.6768,20050210, 22:46:10.0000,-61.87433251,-58.9945609,-61.87391385,-58.99228686,-61.87433251,-58.9945609,1.53205E-07
693,467,1,-91.133643,8.272176,-77.623565,249.167999,124.6768,20050210, 22:46:50.0000,-61.8734815,-58.99003805,-61.87306485,-58.98778726,-61.8734815,-58.99003805,1.91923E-07
693,468,1,-94.934522,3.44772,-83.892278,249.167999,124.6768,20050210, 22:47:30.0000,-61.87264727,-58.98550484,-61.87222996,-58.98323425,-61.87264727,-58.98550484,7.99908E-08
693,469,1,-87.921574,17.331121,-72.225697,249.167999,124.6768,20050210, 22:48:10.0000,-61.87183251,-58.98097756,-61.87144918,-58.97872798,-61.87183251,-58.98097756,4.02101E-07
693,470,1,-91.3934,7.791913,-80.314064,249.167999,124.6768,20050210, 22:48:50.0000,-61.87106623,-58.97648046,-61.87066584,-58.97419464,-61.87106623,-58.97648046,1.80781E-07
693,471,1,-85.41953,30.83409,-71.65833,249.167999,124.6768,20050210, 22:49:30.0000,-61.87023045,-58.97200419,-61.86971597,-58.96988054,-61.87023045,-58.97200419,7.15384E-07
693,472,1,-87.819958,17.741417,-75.06605,249.167999,124.6768,20050210, 22:50:10.0000,-61.8691993,-58.96778031,-61.8686324,-58.96564697,-61.8691993,-58.96778031,4.1162E-07
693,473,1,-91.182132,8.180331,-81.618923,249.167999,124.6768,20050210, 22:50:50.0000,-61.86804492,-58.96351681,-61.86746357,-58.96137328,-61.86804492,-58.96351681,1.89792E-07
693,474,1,-90.264954,10.103891,-80.787944,249.167999,124.6768,20050210, 22:51:30.0000,-61.86684624,-58.9592378,-61.86622952,-58.95710015,-61.86684624,-58.9592378,2.34421E-07
693,475,1,-92.361762,6.23459,-85.322422,249.167999,124.6768,20050210, 22:52:10.0000,-61.86566179,-58.9549687,-61.86506494,-58.95282586,-61.86566179,-58.9549687,1.44649E-07
693,476,1,-90.388853,9.819712,-83.837455,249.167999,124.6768,20050210, 22:52:50.0000,-61.86451163,-58.95063364,-61.8639477,-58.94842586,-61.86451163,-58.95063364,2.27828E-07
693,477,1,-87.899244,17.420465,-82.60698,249.167999,124.6768,20050210, 22:53:30.0000,-61.86336494,-58.94627586,-61.86279694,-58.94410672,-61.86336494,-58.94627586,4.04174E-07
693,478,1,-87.369632,19.679812,-80.660337,249.167999,124.6768,20050210, 22:54:10.0000,-61.86223103,-58.94194253,-61.86164619,-58.93973221,-61.86223103,-58.94194253,4.56593E-07
693,479,1,-89.277956,12.68202,-83.367014,249.167999,124.6768,20050210, 22:54:50.0000,-61.86106147,-58.93751515,-61.86046437,-58.93532586,-61.86106147,-58.93751515,2.94237E-07
693,480,1,-89.800915,11.243269,-83.823763,249.167999,124.6768,20050210, 22:55:30.0000,-61.8598477,-58.9331431,-61.8598477,-58.9331431,-61.8598477,-58.9331431,2.60856E-07
693,481,1,-87.875706,17.515134,-72.143527,249.167999,124.6768,20050210, 22:55:50.0000,-61.85924718,-58.93095352,-61.85864828,-58.92874195,-61.85924718,-58.93095352,4.0637E-07
693,482,1,-91.411369,7.759741,-82.126525,249.167999,124.6768,20050210, 22:56:30.0000,-61.85807888,-58.92651886,-61.85751231,-58.92431916,-61.85807888,-58.92651886,1.80034E-07
693,483,1,-88.638849,14.692619,-75.800289,249.167999,124.6768,20050210, 22:57:10.0000,-61.85689574,-58.92211841,-61.85629673,-58.91991916,-61.85689574,-58.92211841,3.40885E-07
693,484,1,-83.531803,47.621584,-65.837509,249.167999,124.6768,20050210, 22:57:50.0000,-61.85579676,-58.9176849,-61.85528057,-58.91538713,-61.85579676,-58.9176849,1.10487E-06
693,485,1,-90.981558,8.566992,-80.092966,249.167999,124.6768,20050210, 22:58:30.0000,-61.85474828,-58.91307586,-61.85421494,-58.91070862,-61.85474828,-58.91307586,1.98763E-07
693,486,1,-89.601371,11.771911,-75.355981,249.167999,124.6768,20050210, 22:59:10.0000,-61.85373161,-58.90832529,-61.85324776,-58.90597286,-61.85373161,-58.90832529,2.73121E-07
693,487,1,-90.025615,10.676346,-76.406232,249.167999,124.6768,20050210, 22:59:50.0000,-61.85274507,-58.90364943,-61.85274507,-58.90364943,-61.85274507,-58.90364943,2.47703E-07
693,488,1,-92.511543,6.023234,-82.283901,249.167999,124.6768,20050210, 23:00:10.0000,-61.85224676,-58.9012849,-61.85174615,-58.89891667,-61.85224676,-58.9012849,1.39746E-07
693,489,1,-79.258934,127.376898,-62.016421,249.167999,124.6768,20050210, 23:00:50.0000,-61.85124754,-58.89659943,-61.85076347,-58.89425173,-61.85124754,-58.89659943,2.95528E-06
693,490,1,-84.657517,36.747885,-67.635128,249.167999,124.6768,20050210, 23:01:30.0000,-61.85031347,-58.89193507,-61.8498468,-58.88963507,-61.85031347,-58.89193507,8.52591E-07
693,491,1,-85.588022,29.660734,-70.268351,249.167999,124.6768,20050210, 23:02:10.0000,-61.84939615,-58.88731535,-61.84894666,-58.88498441,-61.84939615,-58.88731535,6.88161E-07
693,492,1,-82.101937,66.1897,-64.255944,249.167999,124.6768,20050210, 23:02:50.0000,-61.84849718,-58.88272018,-61.84804721,-58.88045366,-61.84849718,-58.88272018,1.53567E-06
693,493,1,-85.807027,28.202095,-71.217191,249.167999,124.6768,20050210, 23:03:30.0000,-61.84759777,-58.87821775,-61.84714724,-58.87595379,-61.84759777,-58.87821775,6.54319E-07
693,494,1,-93.284137,5.041623,-79.998395,249.167999,124.6768,20050210, 23:04:10.0000,-61.84669956,-58.87371361,-61.84626391,-58.87147046,-61.84669956,-58.87371361,1.16971E-07
693,495,1,-93.588308,4.7006,-85.396105,249.167999,124.6768,20050210, 23:04:50.0000,-61.84581485,-58.86920394,-61.84539956,-58.86696383,-61.84581485,-58.86920394,1.09059E-07
693,496,1,-93.051814,5.318666,-84.063113,249.167999,124.6768,20050210, 23:05:30.0000,-61.84491433,-58.8647232,-61.84446477,-58.86245432,-61.84491433,-58.8647232,1.23399E-07
693,497,1,-92.818102,5.612727,-82.271703,249.167999,124.6768,20050210, 23:06:10.0000,-61.84401601,-58.86021383,-61.84354774,-58.85795687,-61.84401601,-58.86021383,1.30221E-07
693,498,1,-95.730465,2.870368,-86.914153,249.167999,124.6768,20050210, 23:06:50.0000,-61.84309774,-58.85572353,-61.84309774,-58.85572353,-61.84309774,-58.85572353,6.65956E-08
693,499,1,-94.042516,4.233821,-85.337702,249.167999,124.6768,20050210, 23:07:10.0000,-61.84264935,-58.85349695,-61.84221601,-58.85123028,-61.84264935,-58.85349695,9.82292E-08
693,500,1,-92.813518,5.618654,-79.896844,249.167999,124.6768,20050210, 23:07:50.0000,-61.84181278,-58.84894853,-61.84134935,-58.84674695,-61.84181278,-58.84894853,1.30359E-07
693,501,1,-90.254642,10.127912,-73.203278,249.167999,124.6768,20050210, 23:08:30.0000,-61.84086441,-58.8445402,-61.84038124,-58.84235308,-61.84086441,-58.8445402,2.34978E-07
693,502,1,-94.677091,3.658264,-83.081703,249.167999,124.6768,20050210, 23:09:10.0000,-61.83989686,-58.84015308,-61.83939985,-58.83791603,-61.83989686,-58.84015308,8.48757E-08
693,503,1,-91.679074,7.295863,-78.601316,249.167999,124.6768,20050210, 23:09:50.0000,-61.83893107,-58.83565687,-61.83846605,-58.83339735,-61.83893107,-58.83565687,1.69272E-07
693,504,1,-94.191652,4.090901,-82.603342,249.167999,124.6768,20050210, 23:10:30.0000,-61.83801514,-58.83112343,-61.83758117,-58.82884061,-61.83801514,-58.83112343,9.49133E-08
693,505,1,-91.801275,7.093436,-82.196419,249.167999,124.6768,20050210, 23:11:10.0000,-61.83711491,-58.82659179,-61.83664776,-58.82432363,-61.83711491,-58.82659179,1.64575E-07
693,506,1,-87.057535,21.146117,-73.622998,249.167999,124.6768,20050210, 23:11:50.0000,-61.83618214,-58.82209442,-61.83569776,-58.81985623,-61.83618214,-58.82209442,4.90613E-07
693,507,1,-95.144979,3.284628,-81.033935,249.167999,124.6768,20050210, 23:12:30.0000,-61.8352488,-58.81764482,-61.83479791,-58.81540308,-61.8352488,-58.81764482,7.62069E-08
693,508,1,-86.698261,22.96984,-76.016154,249.167999,124.6768,20050210, 23:13:10.0000,-61.83436547,-58.81317815,-61.83389822,-58.81095837,-61.83436547,-58.81317815,5.32925E-07
693,509,1,-87.931183,17.292818,-75.625109,249.167999,124.6768,20050210, 23:13:50.0000,-61.8334488,-58.80872775,-61.8329988,-58.80646149,-61.8334488,-58.80872775,4.01212E-07
693,510,1,-89.440324,12.216639,-75.653072,249.167999,124.6768,20050210, 23:14:30.0000,-61.83256337,-58.80423459,-61.83211353,-58.80200308,-61.83256337,-58.80423459,2.83439E-07
693,511,1,-90.06324,10.584251,-80.015179,249.167999,124.6768,20050210, 23:15:10.0000,-61.83164785,-58.79980666,-61.8311649,-58.79762187,-61.83164785,-58.79980666,2.45566E-07
693,512,1,-88.727745,14.394933,-74.128499,249.167999,124.6768,20050210, 23:15:50.0000,-61.83071547,-58.79541149,-61.83023214,-58.79319482,-61.83071547,-58.79541149,3.33978E-07
693,513,1,-87.398534,19.549276,-74.360229,249.167999,124.6768,20050210, 23:16:30.0000,-61.8297992,-58.79094482,-61.82934727,-58.78868817,-61.8297992,-58.79094482,4.53564E-07
693,514,1,-87.801372,17.817506,-74.479611,249.167999,124.6768,20050210, 23:17:10.0000,-61.82886394,-58.78647151,-61.82841603,-58.78426389,-61.82886394,-58.78647151,4.13385E-07
693,515,1,-88.344744,15.72207,-75.777337,249.167999,124.6768,20050210, 23:17:50.0000,-61.82793214,-58.78204442,-61.82744727,-58.77980392,-61.82793214,-58.78204442,3.64769E-07
693,516,1,-87.940397,17.25617,-76.849966,249.167999,124.6768,20050210, 23:18:30.0000,-61.82698214,-58.77754482,-61.82698214,-58.77754482,-61.82698214,-58.77754482,4.00362E-07
693,517,1,-85.24226,32.118709,-72.557457,249.167999,124.6768,20050210, 23:18:50.0000,-61.8265473,-58.77527073,-61.82609933,-58.77299711,-61.8265473,-58.77527073,7.45189E-07
693,518,1,-83.18789,51.546013,-69.860807,249.167999,124.6768,20050210, 23:19:30.0000,-61.82564955,-58.77074711,-61.8251982,-58.76845407,-61.82564955,-58.77074711,1.19592E-06
693,519,1,-81.84624,70.203718,-68.139409,249.167999,124.6768,20050210, 23:20:10.0000,-61.8247815,-58.76618714,-61.82434718,-58.76402113,-61.8247815,-58.76618714,1.6288E-06
693,520,1,-82.861716,55.566433,-70.328823,249.167999,124.6768,20050210, 23:20:50.0000,-61.82386397,-58.7618383,-61.82338051,-58.75967112,-61.82386397,-58.7618383,1.2892E-06
693,521,1,-80.292784,100.393518,-68.886991,249.167999,124.6768,20050210, 23:21:30.0000,-61.82289721,-58.75748792,-61.82246448,-58.75528978,-61.82289721,-58.75748792,2.32924E-06
693,522,1,-80.345579,99.180477,-70.192711,249.167999,124.6768,20050210, 23:22:10.0000,-61.82201656,-58.75301619,-61.82156659,-58.75074953,-61.82201656,-58.75301619,2.30109E-06
693,523,1,-81.828192,70.496071,-72.066269,249.167999,124.6768,20050210, 23:22:50.0000,-61.82113114,-58.74849051,-61.82066659,-58.74624949,-61.82113114,-58.74849051,1.63558E-06
693,524,1,-81.199374,81.479197,-68.960137,249.167999,124.6768,20050210, 23:23:30.0000,-61.82019773,-58.74399017,-61.81971397,-58.7417383,-61.82019773,-58.74399017,1.89041E-06
693,525,1,-80.86581,87.983873,-69.378666,249.167999,124.6768,20050210, 23:24:10.0000,-61.81921656,-58.73948286,-61.81873163,-58.73719261,-61.81921656,-58.73948286,2.04132E-06
693,526,1,-81.706754,72.495102,-70.584557,249.167999,124.6768,20050210, 23:24:50.0000,-61.81828222,-58.73490888,-61.81783322,-58.73261616,-61.81828222,-58.73490888,1.68196E-06
693,527,1,-82.061772,66.804689,-70.406425,249.167999,124.6768,20050210, 23:25:30.0000,-61.8173634,-58.73031918,-61.81689677,-58.72806824,-61.8173634,-58.73031918,1.54994E-06
693,528,1,-84.553907,37.635126,-72.118936,249.167999,124.6768,20050210, 23:26:10.0000,-61.81643322,-58.72584949,-61.81596496,-58.72355871,-61.81643322,-58.72584949,8.73175E-07
693,529,1,-85.587026,29.667541,-77.186502,249.167999,124.6768,20050210, 23:26:50.0000,-61.81549736,-58.72128766,-61.81503326,-58.71904953,-61.81549736,-58.72128766,6.88319E-07
693,530,1,-86.195703,25.787773,-79.115818,249.167999,124.6768,20050210, 23:27:30.0000,-61.81456385,-58.71683779,-61.8140983,-58.71462538,-61.81456385,-58.71683779,5.98304E-07
693,531,1,-86.318154,25.070829,-80.774452,249.167999,124.6768,20050210, 23:28:10.0000,-61.81363069,-58.71237188,-61.81363069,-58.71237188,-61.81363069,-58.71237188,5.8167E-07
693,532,1,-85.753888,28.549289,-79.490746,249.167999,124.6768,20050210, 23:28:30.0000,-61.81316667,-58.71013333,-61.81271402,-58.70788854,-61.81316667,-58.71013333,6.62374E-07
693,533,1,-88.467721,15.283121,-79.966645,249.167999,124.6768,20050210, 23:29:10.0000,-61.81226542,-58.7056442,-61.8117983,-58.70335871,-61.81226542,-58.7056442,3.54585E-07
693,534,1,-86.290049,25.233597,-77.794444,249.167999,124.6768,20050210, 23:29:50.0000,-61.81138161,-58.70104195,-61.81091544,-58.69881092,-61.81138161,-58.70104195,5.85447E-07
693,535,1,-89.491904,12.072404,-82.723432,249.167999,124.6768,20050210, 23:30:30.0000,-61.81043163,-58.69659261,-61.80992914,-58.69438181,-61.81043163,-58.69659261,2.80093E-07
693,536,1,-88.651059,14.651368,-81.84907,249.167999,124.6768,20050210, 23:31:10.0000,-61.80941391,-58.69217139,-61.80893159,-58.68992578,-61.80941391,-58.69217139,3.39928E-07
693,537,1,-88.417341,15.461442,-80.870646,249.167999,124.6768,20050210, 23:31:50.0000,-61.808465,-58.68764223,-61.8079827,-58.68539705,-61.808465,-58.68764223,3.58722E-07
693,538,1,-90.468944,9.64028,-83.864028,249.167999,124.6768,20050210, 23:32:30.0000,-61.80751541,-58.6831108,-61.80704876,-58.68081086,-61.80751541,-58.6831108,2.23665E-07
693,539,1,-91.686222,7.283866,-84.78301,249.167999,124.6768,20050210, 23:33:10.0000,-61.80656385,-58.67852018,-61.80609812,-58.67627111,-61.80656385,-58.67852018,1.68994E-07
693,540,1,-91.556116,7.505377,-82.772129,249.167999,124.6768,20050210, 23:33:50.0000,-61.80561399,-58.67402174,-61.80511503,-58.67177571,-61.80561399,-58.67402174,1.74133E-07
693,541,1,-91.146157,8.248374,-83.748898,249.167999,124.6768,20050210, 23:34:30.0000,-61.80459776,-58.66949031,-61.80409892,-58.66725965,-61.80459776,-58.66949031,1.91371E-07
693,542,1,-88.414744,15.470691,-79.836159,249.167999,124.6768,20050210, 23:35:10.0000,-61.80364937,-58.66499705,-61.80314937,-58.66271392,-61.80364937,-58.66499705,3.58937E-07
693,543,1,-86.980334,21.525376,-78.513467,249.167999,124.6768,20050210, 23:35:50.0000,-61.80268114,-58.66043977,-61.80268114,-58.66043977,-61.80268114,-58.66043977,4.99412E-07
693,544,1,-86.612552,23.427659,-77.220695,249.167999,124.6768,20050210, 23:36:10.0000,-61.80218107,-58.65817278,-61.8016827,-58.65589705,-61.80218107,-58.65817278,5.43547E-07
693,545,1,-86.482806,24.138123,-79.76397,249.167999,124.6768,20050210, 23:36:50.0000,-61.80119853,-58.65360634,-61.8007327,-58.65133038,-61.80119853,-58.65360634,5.6003E-07
693,546,1,-88.488271,15.210974,-77.945804,249.167999,124.6768,20050210, 23:37:30.0000,-61.8002827,-58.64903038,-61.79983168,-58.64672563,-61.8002827,-58.64903038,3.52911E-07
693,547,1,-90.612707,9.326387,-77.941799,249.167999,124.6768,20050210, 23:38:10.0000,-61.79934937,-58.64443041,-61.79888055,-58.64217033,-61.79934937,-58.64443041,2.16382E-07
693,548,1,-90.64579,9.25561,-84.595268,249.167999,124.6768,20050210, 23:38:50.0000,-61.79836502,-58.63994285,-61.79786519,-58.63767301,-61.79836502,-58.63994285,2.1474E-07
693,549,1,-91.802642,7.091203,-83.888061,249.167999,124.6768,20050210, 23:39:30.0000,-61.79741652,-58.63539934,-61.79693066,-58.6331042,-61.79741652,-58.63539934,1.64524E-07
693,550,1,-92.226483,6.431849,-83.063486,249.167999,124.6768,20050210, 23:40:10.0000,-61.79646667,-58.63081667,-61.79598218,-58.6285092,-61.79646667,-58.63081667,1.49226E-07
693,551,1,-91.968028,6.826236,-83.532581,249.167999,124.6768,20050210, 23:40:50.0000,-61.79551443,-58.62620697,-61.79503333,-58.6239,-61.79551443,-58.62620697,1.58376E-07
693,552,1,-89.063068,13.325311,-83.450163,249.167999,124.6768,20050210, 23:41:30.0000,-61.7945645,-58.62157394,-61.7945645,-58.62157394,-61.7945645,-58.62157394,3.09162E-07
693,553,1,-87.346134,19.786578,-81.630932,249.167999,124.6768,20050210, 23:41:50.0000,-61.7941,-58.61931667,-61.79363117,-58.61702322,-61.7941,-58.61931667,4.5907E-07
693,554,1,-88.568483,14.932611,-81.570978,249.167999,124.6768,20050210, 23:42:30.0000,-61.79311667,-58.61476667,-61.79263163,-58.61249204,-61.79311667,-58.61476667,3.46453E-07
693,555,1,-90.223769,10.200164,-80.916623,249.167999,124.6768,20050210, 23:43:10.0000,-61.79218333,-58.6102,-61.7916988,-58.60792775,-61.79218333,-58.6102,2.36655E-07
693,556,1,-88.145235,16.461166,-80.471875,249.167999,124.6768,20050210, 23:43:50.0000,-61.79123218,-58.60562793,-61.79075,-58.60333333,-61.79123218,-58.60562793,3.81917E-07
693,557,1,-87.629225,18.537943,-80.724316,249.167999,124.6768,20050210, 23:44:30.0000,-61.79028333,-58.601,-61.78981549,-58.59866117,-61.79028333,-58.601,4.301E-07
693,558,1,-87.528943,18.970982,-80.42238,249.167999,124.6768,20050210, 23:45:10.0000,-61.78933333,-58.59636667,-61.78884882,-58.59404448,-61.78933333,-58.59636667,4.40147E-07
693,559,1,-86.375452,24.742232,-79.301896,249.167999,124.6768,20050210, 23:45:50.0000,-61.78838219,-58.59174504,-61.78789849,-58.58945535,-61.78838219,-58.59174504,5.74046E-07
693,560,1,-87.238327,20.283896,-80.538881,249.167999,124.6768,20050210, 23:46:30.0000,-61.78744887,-58.58711138,-61.78699788,-58.58474009,-61.78744887,-58.58711138,4.70608E-07
693,561,1,-88.509061,15.138331,-82.231167,249.167999,124.6768,20050210, 23:47:10.0000,-61.78654887,-58.58241138,-61.78654887,-58.58241138,-61.78654887,-58.58241138,3.51226E-07
693,562,1,-87.636206,18.508169,-70.822826,249.167999,124.6768,20050210, 23:47:30.0000,-61.78606547,-58.58006109,-61.78558333,-58.57775,-61.78606547,-58.58006109,4.29409E-07
693,563,1,-87.785094,17.884413,-79.999516,249.167999,124.6768,20050210, 23:48:10.0000,-61.78513333,-58.57536667,-61.78464882,-58.57302782,-61.78513333,-58.57536667,4.14938E-07
693,564,1,-86.934143,21.755536,-79.984261,249.167999,124.6768,20050210, 23:48:50.0000,-61.78419882,-58.57069409,-61.78373215,-58.56834448,-61.78419882,-58.57069409,5.04752E-07
693,565,1,-86.301948,25.164558,-79.633467,249.167999,124.6768,20050210, 23:49:30.0000,-61.78324933,-58.56601355,-61.78276496,-58.56365928,-61.78324933,-58.56601355,5.83845E-07
693,566,1,-85.86618,27.820578,-79.057222,249.167999,124.6768,20050210, 23:50:10.0000,-61.78229887,-58.56136138,-61.78181667,-58.55905,-61.78229887,-58.56136138,6.45467E-07
693,567,1,-85.880074,27.731711,-78.074403,249.167999,124.6768,20050210, 23:50:50.0000,-61.78134932,-58.55676352,-61.78088323,-58.55446617,-61.78134932,-58.55676352,6.43406E-07
693,568,1,-84.993898,34.009032,-78.628901,249.167999,124.6768,20050210, 23:51:30.0000,-61.78043323,-58.55211617,-61.78043323,-58.55211617,-61.78043323,-58.55211617,7.89046E-07
693,569,1,-82.951321,54.431715,-76.216214,249.167999,124.6768,20050210, 23:51:50.0000,-61.77998192,-58.54978939,-61.77949989,-58.54744951,-61.77998192,-58.54978939,1.26287E-06
693,570,1,-83.419347,48.87079,-77.06616,249.167999,124.6768,20050210, 23:52:30.0000,-61.77901551,-58.54511125,-61.77854587,-58.54276268,-61.77901551,-58.54511125,1.13386E-06
693,571,1,-85.762466,28.492955,-77.995154,249.167999,124.6768,20050210, 23:53:10.0000,-61.77809989,-58.54043284,-61.77763118,-58.53815661,-61.77809989,-58.54043284,6.61067E-07
693,572,1,-84.780699,35.720222,-77.739635,249.167999,124.6768,20050210, 23:53:50.0000,-61.77714989,-58.53588284,-61.77666656,-58.53358281,-61.77714989,-58.53588284,8.28748E-07
693,573,1,-83.945356,43.296071,-77.034681,249.167999,124.6768,20050210, 23:54:30.0000,-61.77621496,-58.53122481,-61.77576588,-58.52887782,-61.77621496,-58.53122481,1.00452E-06
693,574,1,-82.850339,55.712192,-75.305602,249.167999,124.6768,20050210, 23:55:10.0000,-61.77529989,-58.52661621,-61.77478163,-58.52435928,-61.77529989,-58.52661621,1.29258E-06
693,575,1,-83.441849,48.618232,-76.146728,249.167999,124.6768,20050210, 23:55:50.0000,-61.77424993,-58.52209951,-61.77376656,-58.51974951,-61.77424993,-58.52209951,1.128E-06
693,576,1,-81.356738,78.579694,-73.826084,249.167999,124.6768,20050210, 23:56:30.0000,-61.7732983,-58.51742538,-61.7732983,-58.51742538,-61.7732983,-58.51742538,1.82313E-06
693,577,1,-80.469083,96.399724,-73.298667,249.167999,124.6768,20050210, 23:56:50.0000,-61.77279886,-58.51509466,-61.77231452,-58.51279,-61.77279886,-58.51509466,2.23658E-06
693,578,1,-80.650797,92.449465,-74.519564,249.167999,124.6768,20050210, 23:57:30.0000,-61.77179833,-58.51047554,-61.77131552,-58.50816132,-61.77179833,-58.51047554,2.14493E-06
693,579,1,-80.412751,97.658264,-74.538298,249.167999,124.6768,20050210, 23:58:10.0000,-61.77083168,-58.50584229,-61.77034773,-58.50350871,-61.77083168,-58.50584229,2.26578E-06
693,580,1,-83.25872,50.712164,-76.976202,249.167999,124.6768,20050210, 23:58:50.0000,-61.76984837,-58.50119292,-61.76936592,-58.49894652,-61.76984837,-58.50119292,1.17658E-06
693,581,1,-84.277312,40.110022,-78.294936,249.167999,124.6768,20050210, 23:59:30.0000,-61.76886503,-58.49665904,-61.7683659,-58.49439466,-61.76886503,-58.49665904,9.30596E-07
693,582,1,-83.109543,52.484352,-76.624836,249.167999,124.6768,20050211, 00:00:10.0000,-61.7678995,-58.49207985,-61.76743163,-58.48975871,-61.7678995,-58.49207985,1.21769E-06
693,583,1,-81.968739,68.25119,-76.910029,249.167999,124.6768,20050211, 00:00:50.0000,-61.76694837,-58.48745904,-61.76646514,-58.48514466,-61.76694837,-58.48745904,1.5835E-06
693,584,1,-81.249075,80.552053,-76.931659,249.167999,124.6768,20050211, 00:01:30.0000,-61.76594837,-58.48282571,-61.76594837,-58.48282571,-61.76594837,-58.48282571,1.86889E-06
693,585,1,-81.641368,73.594835,-76.200596,249.167999,124.6768,20050211, 00:01:50.0000,-61.76544982,-58.48048251,-61.76494886,-58.47817799,-61.76544982,-58.48048251,1.70748E-06
693,586,1,-82.320686,62.938375,-76.889706,249.167999,124.6768,20050211, 00:02:30.0000,-61.7644488,-58.47587772,-61.76395,-58.47355,-61.7644488,-58.47587772,1.46024E-06
693,587,1,-82.432972,61.331969,-76.759532,249.167999,124.6768,20050211, 00:03:10.0000,-61.76348333,-58.47118333,-61.763015,-58.46882554,-61.76348333,-58.47118333,1.42297E-06
693,588,1,-82.663482,58.161546,-76.211792,249.167999,124.6768,20050211, 00:03:50.0000,-61.76256646,-58.46649911,-61.7621,-58.4642,-61.76256646,-58.46649911,1.34941E-06
693,589,1,-83.436612,48.676898,-77.90164,249.167999,124.6768,20050211, 00:04:30.0000,-61.7616,-58.46188333,-61.76111667,-58.4596,-61.7616,-58.46188333,1.12936E-06
693,590,1,-83.263995,50.6506,-77.462548,249.167999,124.6768,20050211, 00:05:10.0000,-61.76063333,-58.45723333,-61.76016667,-58.45488333,-61.76063333,-58.45723333,1.17515E-06
693,591,1,-82.848429,55.736691,-76.742539,249.167999,124.6768,20050211, 00:05:50.0000,-61.75969787,-58.45250601,-61.75969787,-58.45250601,-61.75969787,-58.45250601,1.29315E-06
693,592,1,-83.343783,49.728549,-76.661108,249.167999,124.6768,20050211, 00:06:10.0000,-61.75924983,-58.45016588,-61.75875,-58.44783333,-61.75924983,-58.45016588,1.15376E-06
693,593,1,-82.39164,61.918459,-75.408618,249.167999,124.6768,20050211, 00:06:50.0000,-61.75826604,-58.44551374,-61.7578,-58.44315,-61.75826604,-58.44551374,1.43658E-06
693,594,1,-83.100637,52.592089,-77.308224,249.167999,124.6768,20050211, 00:07:30.0000,-61.75738271,-58.44076395,-61.7569484,-58.43842587,-61.75738271,-58.44076395,1.22019E-06
693,595,1,-83.420504,48.857771,-74.295792,249.167999,124.6768,20050211, 00:08:10.0000,-61.7564984,-58.43609253,-61.75603319,-58.43376606,-61.7564984,-58.43609253,1.13355E-06
693,596,1,-82.369871,62.229603,-74.754654,249.167999,124.6768,20050211, 00:08:50.0000,-61.75556647,-58.43144906,-61.7551,-58.42915,-61.75556647,-58.43144906,1.44379E-06
693,597,1,-82.167836,65.192925,-75.570639,249.167999,124.6768,20050211, 00:09:30.0000,-61.75463292,-58.42684708,-61.75418293,-58.42453053,-61.75463292,-58.42684708,1.51255E-06
693,598,1,-80.537419,94.894764,-73.364504,249.167999,124.6768,20050211, 00:10:10.0000,-61.75376667,-58.42221667,-61.75333333,-58.41985,-61.75376667,-58.42221667,2.20166E-06
693,599,1,-82.483013,60.62934,-77.113415,249.167999,124.6768,20050211, 00:10:50.0000,-61.75289778,-58.41747222,-61.75289778,-58.41747222,-61.75289778,-58.41747222,1.40667E-06
693,600,1,-83.475459,48.243427,-76.110511,249.167999,124.6768,20050211, 00:11:10.0000,-61.75245,-58.4151,-61.75198333,-58.4128,-61.75245,-58.4151,1.1193E-06
693,601,1,-85.501617,30.256757,-77.82794,249.167999,124.6768,20050211, 00:11:50.0000,-61.75151507,-58.4104592,-61.7510817,-58.40814238,-61.75151507,-58.4104592,7.01989E-07
693,602,1,-84.36029,39.35094,-76.731545,249.167999,124.6768,20050211, 00:12:30.0000,-61.75066495,-58.40582531,-61.75024828,-58.40349198,-61.75066495,-58.40582531,9.12984E-07
693,603,1,-84.889017,34.84034,-78.593091,249.167999,124.6768,20050211, 00:13:10.0000,-61.74983333,-58.40116667,-61.74939889,-58.39887815,-61.74983333,-58.40116667,8.08333E-07
693,604,1,-84.346075,39.479954,-76.93824,249.167999,124.6768,20050211, 00:13:50.0000,-61.74891556,-58.39662815,-61.74848333,-58.39435,-61.74891556,-58.39662815,9.15977E-07
693,605,1,-83.882057,43.931743,-76.837817,249.167999,124.6768,20050211, 00:14:30.0000,-61.74803216,-58.39204454,-61.74761591,-58.38972804,-61.74803216,-58.39204454,1.01926E-06
693,606,1,-83.610352,46.768013,-76.603195,249.167999,124.6768,20050211, 00:15:10.0000,-61.7472,-58.38743333,-61.74676552,-58.38512837,-61.7472,-58.38743333,1.08507E-06
693,607,1,-85.713179,28.818155,-77.529837,249.167999,124.6768,20050211, 00:15:50.0000,-61.74629838,-58.38284245,-61.74581505,-58.38055966,-61.74629838,-58.38284245,6.68612E-07
693,608,1,-84.833526,35.288363,-77.529961,249.167999,124.6768,20050211, 00:16:30.0000,-61.74534937,-58.37829705,-61.74491667,-58.376,-61.74534937,-58.37829705,8.18728E-07
693,609,1,-84.760845,35.883894,-77.706391,249.167999,124.6768,20050211, 00:17:10.0000,-61.74448226,-58.37370912,-61.74448226,-58.37370912,-61.74448226,-58.37370912,8.32545E-07
693,610,1,-84.928399,34.525832,-75.881294,249.167999,124.6768,20050211, 00:17:30.0000,-61.74408258,-58.37141138,-61.74364924,-58.36912799,-61.74408258,-58.37141138,8.01037E-07
693,611,1,-87.01413,21.358516,-77.767452,249.167999,124.6768,20050211, 00:18:10.0000,-61.7432996,-58.3667805,-61.74298293,-58.36439434,-61.7432996,-58.3667805,4.95541E-07
693,612,1,-89.617593,11.728024,-80.373893,249.167999,124.6768,20050211, 00:18:50.0000,-61.74284946,-58.36199191,-61.74278333,-58.35954433,-61.74284946,-58.36199191,2.72103E-07
693,613,1,-87.768557,17.952644,-80.24843,249.167999,124.6768,20050211, 00:19:30.0000,-61.74273333,-58.35707782,-61.74273333,-58.35469471,-61.74273333,-58.35707782,4.16521E-07
693,614,1,-84.836988,35.260239,-77.476919,249.167999,124.6768,20050211, 00:20:10.0000,-61.74273333,-58.35233333,-61.74271667,-58.34992804,-61.74273333,-58.35233333,8.18076E-07
693,615,1,-83.020683,53.569278,-76.055156,249.167999,124.6768,20050211, 00:20:50.0000,-61.74268333,-58.34752767,-61.74265,-58.3451,-61.74268333,-58.34752767,1.24287E-06
693,616,1,-71.462654,766.864635,-55.751635,249.167999,124.6768,20050211, 00:21:30.0000,-61.74263327,-58.34266565,-61.7426002,-58.3402303,-61.74263327,-58.34266565,1.77921E-05
693,617,1,-87.241031,20.27127,-78.826925,249.167999,124.6768,20050211, 00:22:10.0000,-61.74265,-58.3378,-61.74268333,-58.33533333,-61.74265,-58.3378,4.70315E-07
693,618,1,-86.152934,26.042979,-79.558348,249.167999,124.6768,20050211, 00:22:50.0000,-61.7427,-58.33288333,-61.7427,-58.33038333,-61.7427,-58.33288333,6.04225E-07
693,619,1,-86.319301,25.06421,-79.987918,249.167999,124.6768,20050211, 00:23:30.0000,-61.7427,-58.32788333,-61.74271667,-58.32544439,-61.7427,-58.32788333,5.81517E-07
693,620,1,-85.58775,29.66259,-78.222197,249.167999,124.6768,20050211, 00:24:10.0000,-61.74275,-58.32298333,-61.74275,-58.32055,-61.74275,-58.32298333,6.88204E-07
693,621,1,-84.293425,39.961485,-79.251221,249.167999,124.6768,20050211, 00:24:50.0000,-61.74276667,-58.31813283,-61.74276667,-58.31568333,-61.74276667,-58.31813283,9.2715E-07
693,622,1,-83.756618,45.219136,-78.575295,249.167999,124.6768,20050211, 00:25:30.0000,-61.74278333,-58.31323333,-61.74281667,-58.31077778,-61.74278333,-58.31323333,1.04913E-06
693,623,1,-81.423203,77.386245,-75.13008,249.167999,124.6768,20050211, 00:26:10.0000,-61.74283333,-58.30831667,-61.74288333,-58.30585,-61.74283333,-58.30831667,1.79544E-06
693,624,1,-80.607555,93.374567,-73.543161,249.167999,124.6768,20050211, 00:26:50.0000,-61.74288333,-58.30341148,-61.74288333,-58.30341148,-61.74288333,-58.30341148,2.16639E-06
693,625,1,-80.559376,94.416195,-73.066877,249.167999,124.6768,20050211, 00:27:10.0000,-61.74288333,-58.30098333,-61.7429,-58.29856667,-61.74288333,-58.30098333,2.19056E-06
693,626,1,-80.290539,100.445425,-71.948733,249.167999,124.6768,20050211, 00:27:50.0000,-61.7429,-58.29615,-61.74291667,-58.29373333,-61.7429,-58.29615,2.33044E-06
693,627,1,-80.395852,98.039015,-74.08967,249.167999,124.6768,20050211, 00:28:30.0000,-61.74293333,-58.29125,-61.74295,-58.2888,-61.74293333,-58.29125,2.27461E-06
693,628,1,-82.404485,61.735583,-75.935636,249.167999,124.6768,20050211, 00:29:10.0000,-61.74293333,-58.28636302,-61.74295,-58.28391615,-61.74293333,-58.28636302,1.43233E-06
693,629,1,-82.877076,55.370251,-75.907881,249.167999,124.6768,20050211, 00:29:50.0000,-61.74295,-58.28146074,-61.74296667,-58.279,-61.74295,-58.28146074,1.28465E-06
693,630,1,-82.925774,54.752852,-76.528053,249.167999,124.6768,20050211, 00:30:30.0000,-61.74298333,-58.27654948,-61.74301667,-58.27411148,-61.74298333,-58.27654948,1.27033E-06
693,631,1,-81.952361,68.509057,-76.345656,249.167999,124.6768,20050211, 00:31:10.0000,-61.74303333,-58.27166667,-61.74306667,-58.26921117,-61.74303333,-58.27166667,1.58948E-06
693,632,1,-80.316729,99.841513,-73.557481,249.167999,124.6768,20050211, 00:31:50.0000,-61.74306626,-58.26679392,-61.74305,-58.26438333,-61.74306626,-58.26679392,2.31643E-06
693,633,1,-79.539771,119.400732,-71.353098,249.167999,124.6768,20050211, 00:32:30.0000,-61.74305,-58.26193041,-61.7430667,-58.25953284,-61.74305,-58.26193041,2.77023E-06
693,634,1,-81.564807,74.90373,-72.725899,249.167999,124.6768,20050211, 00:33:10.0000,-61.74308333,-58.25711392,-61.7431,-58.2546969,-61.74308333,-58.25711392,1.73785E-06
693,635,1,-78.870051,139.308942,-70.208786,249.167999,124.6768,20050211, 00:33:50.0000,-61.74311667,-58.25227766,-61.74313333,-58.24981667,-61.74311667,-58.25227766,3.23212E-06
693,636,1,-78.708139,144.600622,-68.312246,249.167999,124.6768,20050211, 00:34:30.0000,-61.74313333,-58.24738024,-61.74313333,-58.24498053,-61.74313333,-58.24738024,3.35489E-06
693,637,1,-79.475028,121.19406,-69.756262,249.167999,124.6768,20050211, 00:35:10.0000,-61.74313333,-58.24258333,-61.74313333,-58.24016667,-61.74313333,-58.24258333,2.81183E-06
693,638,1,-80.261636,101.116149,-70.775218,249.167999,124.6768,20050211, 00:35:50.0000,-61.74315037,-58.23774477,-61.74316667,-58.23533333,-61.74315037,-58.23774477,2.346E-06
693,639,1,-82.672452,58.041542,-75.475773,249.167999,124.6768,20050211, 00:36:30.0000,-61.74318333,-58.23294405,-61.74321667,-58.23053333,-61.74318333,-58.23294405,1.34663E-06
693,640,1,-84.738505,36.068962,-78.973794,249.167999,124.6768,20050211, 00:37:10.0000,-61.74323333,-58.22816387,-61.74325,-58.22581667,-61.74323333,-58.22816387,8.36839E-07
693,641,1,-85.877463,27.74839,-79.194615,249.167999,124.6768,20050211, 00:37:50.0000,-61.74326667,-58.2234281,-61.7433,-58.2211,-61.74326667,-58.2234281,6.43793E-07
693,642,1,-86.961596,21.618448,-78.482177,249.167999,124.6768,20050211, 00:38:30.0000,-61.74331667,-58.21871354,-61.74336667,-58.21631667,-61.74331667,-58.21871354,5.01571E-07
693,643,1,-84.502549,38.082825,-72.992835,249.167999,124.6768,20050211, 00:39:10.0000,-61.7434,-58.21393333,-61.74345,-58.21156395,-61.7434,-58.21393333,8.83563E-07
693,644,1,-84.008593,42.670209,-74.302284,249.167999,124.6768,20050211, 00:39:50.0000,-61.74351667,-58.20923285,-61.74356667,-58.2069,-61.74351667,-58.20923285,9.89995E-07
693,645,1,-81.882953,69.612758,-69.397025,249.167999,124.6768,20050211, 00:40:30.0000,-61.74361667,-58.20461667,-61.74365,-58.20233271,-61.74361667,-58.20461667,1.61509E-06
693,646,1,-82.852273,55.687377,-71.316745,249.167999,124.6768,20050211, 00:41:10.0000,-61.74368333,-58.20003333,-61.74375,-58.1977,-61.74368333,-58.20003333,1.29201E-06
693,647,1,-85.789684,28.314944,-77.773733,249.167999,124.6768,20050211, 00:41:50.0000,-61.74381667,-58.19538333,-61.74386667,-58.19305,-61.74381667,-58.19538333,6.56937E-07
693,648,1,-87.150666,20.697483,-79.636951,249.167999,124.6768,20050211, 00:42:30.0000,-61.7439,-58.19073333,-61.74393333,-58.1884,-61.7439,-58.19073333,4.80204E-07
693,649,1,-86.179739,25.882737,-76.084489,249.167999,124.6768,20050211, 00:43:10.0000,-61.74396667,-58.18605,-61.74401667,-58.18375,-61.74396667,-58.18605,6.00507E-07
693,650,1,-84.54908,37.676985,-75.285411,249.167999,124.6768,20050211, 00:43:50.0000,-61.74406667,-58.1814,-61.7441,-58.17903333,-61.74406667,-58.1814,8.74147E-07
693,651,1,-84.000771,42.747136,-74.2566,249.167999,124.6768,20050211, 00:44:30.0000,-61.74413333,-58.17665,-61.74415,-58.17424706,-61.74413333,-58.17665,9.9178E-07
693,652,1,-84.170868,41.105247,-77.123333,249.167999,124.6768,20050211, 00:45:10.0000,-61.74416667,-58.17186667,-61.74418333,-58.16951667,-61.74416667,-58.17186667,9.53686E-07
693,653,1,-84.538624,37.767804,-75.995656,249.167999,124.6768,20050211, 00:45:50.0000,-61.74421667,-58.16715,-61.74426667,-58.16478333,-61.74421667,-58.16715,8.76254E-07
693,654,1,-84.007371,42.682222,-75.756172,249.167999,124.6768,20050211, 00:46:30.0000,-61.74431667,-58.16241667,-61.74436667,-58.16006392,-61.74431667,-58.16241667,9.90274E-07
693,655,1,-83.980857,42.943592,-74.984992,249.167999,124.6768,20050211, 00:47:10.0000,-61.74438333,-58.15771667,-61.7444,-58.15536667,-61.74438333,-58.15771667,9.96338E-07
693,656,1,-83.639374,46.456526,-74.035834,249.167999,124.6768,20050211, 00:47:50.0000,-61.74436667,-58.15298333,-61.74436667,-58.1506,-61.74436667,-58.15298333,1.07784E-06
693,657,1,-84.218983,40.652368,-75.788421,249.167999,124.6768,20050211, 00:48:30.0000,-61.74436667,-58.14823333,-61.74436667,-58.14588272,-61.74436667,-58.14823333,9.43179E-07
693,658,1,-83.382539,49.286747,-70.523806,249.167999,124.6768,20050211, 00:49:10.0000,-61.74436667,-58.14351667,-61.74438333,-58.14118333,-61.74436667,-58.14351667,1.14351E-06
693,659,1,-86.372024,24.761768,-75.232974,249.167999,124.6768,20050211, 00:49:50.0000,-61.7444,-58.13881605,-61.7444,-58.13641667,-61.7444,-58.13881605,5.745E-07
693,660,1,-85.671867,29.093594,-76.807616,249.167999,124.6768,20050211, 00:50:30.0000,-61.74441667,-58.13408333,-61.74443333,-58.13171667,-61.74441667,-58.13408333,6.75003E-07
693,661,1,-84.876047,34.944547,-76.378093,249.167999,124.6768,20050211, 00:51:10.0000,-61.74445,-58.12938333,-61.74445,-58.12703032,-61.74445,-58.12938333,8.10751E-07
693,662,1,-83.880479,43.9477,-75.709661,249.167999,124.6768,20050211, 00:51:50.0000,-61.74443333,-58.12468062,-61.74441667,-58.12235,-61.74443333,-58.12468062,1.01963E-06
693,663,1,-82.231335,64.24667,-72.737175,249.167999,124.6768,20050211, 00:52:30.0000,-61.74441667,-58.12003285,-61.74443333,-58.11773286,-61.74441667,-58.12003285,1.49059E-06
693,664,1,-81.041865,84.488504,-71.720741,249.167999,124.6768,20050211, 00:53:10.0000,-61.74441667,-58.11545,-61.7444,-58.11313333,-61.74441667,-58.11545,1.96022E-06
693,665,1,-83.734359,45.451495,-73.831302,249.167999,124.6768,20050211, 00:53:50.0000,-61.74441667,-58.1108,-61.74443333,-58.10848333,-61.74441667,-58.1108,1.05452E-06
693,666,1,-84.604903,37.195789,-73.628635,249.167999,124.6768,20050211, 00:54:30.0000,-61.74445003,-58.10619951,-61.74446667,-58.10388283,-61.74445003,-58.10619951,8.62982E-07
693,667,1,-84.521668,37.915548,-74.797846,249.167999,124.6768,20050211, 00:55:10.0000,-61.74446667,-58.10155,-61.74443333,-58.09921616,-61.74446667,-58.10155,8.79682E-07
693,668,1,-85.472127,30.462914,-76.739359,249.167999,124.6768,20050211, 00:55:50.0000,-61.74443333,-58.09685,-61.74441667,-58.0945,-61.74443333,-58.09685,7.06772E-07
693,669,1,-84.213755,40.701328,-75.902835,249.167999,124.6768,20050211, 00:56:30.0000,-61.7444,-58.09218288,-61.7444,-58.08988333,-61.7444,-58.09218288,9.44315E-07
693,670,1,-84.25023,40.360927,-73.987363,249.167999,124.6768,20050211, 00:57:10.0000,-61.74438333,-58.08758333,-61.74436667,-58.08526619,-61.74438333,-58.08758333,9.36417E-07
693,671,1,-84.208081,40.754541,-76.071055,249.167999,124.6768,20050211, 00:57:50.0000,-61.74436667,-58.08294708,-61.74435,-58.08063333,-61.74436667,-58.08294708,9.45549E-07
693,672,1,-84.747565,35.993792,-75.689338,249.167999,124.6768,20050211, 00:58:30.0000,-61.74435,-58.07834952,-61.74435,-58.07603333,-61.74435,-58.07834952,8.35095E-07
693,673,1,-83.017266,53.61144,-74.473255,249.167999,124.6768,20050211, 00:59:10.0000,-61.74433333,-58.07371667,-61.74433333,-58.07135,-61.74433333,-58.07371667,1.24384E-06
693,674,1,-82.350592,62.506458,-74.306242,249.167999,124.6768,20050211, 00:59:50.0000,-61.74431667,-58.06903333,-61.74431667,-58.06671667,-61.74431667,-58.06903333,1.45022E-06
693,675,1,-82.103543,66.16523,-71.73626,249.167999,124.6768,20050211, 01:00:30.0000,-61.74433333,-58.06438333,-61.74436667,-58.06206622,-61.74433333,-58.06438333,1.5351E-06
693,676,1,-82.421658,61.491958,-74.674475,249.167999,124.6768,20050211, 01:01:10.0000,-61.7444,-58.05974953,-61.74443333,-58.05745,-61.7444,-58.05974953,1.42668E-06
693,677,1,-82.177474,65.048419,-74.853874,249.167999,124.6768,20050211, 01:01:50.0000,-61.74445,-58.05513333,-61.74446667,-58.05281667,-61.74445,-58.05513333,1.50919E-06
693,678,1,-84.2774,40.10921,-75.912021,249.167999,124.6768,20050211, 01:02:30.0000,-61.74448333,-58.05048333,-61.7445,-58.0481662,-61.74448333,-58.05048333,9.30577E-07
693,679,1,-84.353202,39.415219,-77.031399,249.167999,124.6768,20050211, 01:03:30.0000,-61.74451667,-58.04586667,-61.7446,-58.04121624,-61.74455,-58.04356667,9.14476E-07
693,680,1,-85.276837,31.864004,-73.966027,249.167999,124.6768,20050211, 01:04:10.0000,-61.74465,-58.03893333,-61.74466667,-58.03663333,-61.74465,-58.03893333,7.39279E-07
693,681,1,-85.099008,33.195813,-75.586666,249.167999,124.6768,20050211, 01:04:50.0000,-61.74466667,-58.03434954,-61.74465,-58.03205,-61.74466667,-58.03434954,7.70179E-07
693,682,1,-87.472728,19.218137,-79.805036,249.167999,124.6768,20050211, 01:05:30.0000,-61.74466667,-58.02973333,-61.74466667,-58.0274,-61.74466667,-58.02973333,4.45881E-07
693,683,1,-87.246384,20.2463,-76.443003,249.167999,124.6768,20050211, 01:06:10.0000,-61.7447,-58.02506667,-61.74471667,-58.02275,-61.7447,-58.02506667,4.69736E-07
693,684,1,-86.315152,25.088166,-76.594964,249.167999,124.6768,20050211, 01:06:50.0000,-61.74475,-58.02041667,-61.74476667,-58.0181,-61.74475,-58.02041667,5.82073E-07
693,685,1,-85.624534,29.412419,-75.210278,249.167999,124.6768,20050211, 01:07:30.0000,-61.74476667,-58.01576667,-61.74478333,-58.01341667,-61.74476667,-58.01576667,6.824E-07
693,686,1,-86.286077,25.256687,-75.824648,249.167999,124.6768,20050211, 01:08:10.0000,-61.74478333,-58.01108333,-61.7448,-58.00873333,-61.74478333,-58.01108333,5.85982E-07
693,687,1,-85.580879,29.709557,-75.66945,249.167999,124.6768,20050211, 01:08:50.0000,-61.74481667,-58.00641667,-61.74485,-58.00411667,-61.74481667,-58.00641667,6.89294E-07
693,688,1,-85.972483,27.147874,-76.380317,249.167999,124.6768,20050211, 01:09:30.0000,-61.74485,-58.0018,-61.74485003,-57.99948288,-61.74485,-58.0018,6.2986E-07
693,689,1,-88.353254,15.691291,-77.806027,249.167999,124.6768,20050211, 01:10:10.0000,-61.74486667,-57.99716667,-61.74486667,-57.99483272,-61.74486667,-57.99716667,3.64055E-07
693,690,1,-88.875778,13.912535,-76.96446,249.167999,124.6768,20050211, 01:10:50.0000,-61.74486667,-57.9925,-61.74488333,-57.99015,-61.74486667,-57.9925,3.22786E-07
693,691,1,-88.491857,15.19842,-78.304853,249.167999,124.6768,20050211, 01:11:30.0000,-61.74488333,-57.98781667,-61.74488333,-57.9855,-61.74488333,-57.98781667,3.5262E-07
693,692,1,-87.296202,20.015385,-78.621614,249.167999,124.6768,20050211, 01:12:10.0000,-61.74488333,-57.98315,-61.74488333,-57.98083333,-61.74488333,-57.98315,4.64379E-07
693,693,1,-87.76517,17.966648,-77.349291,249.167999,124.6768,20050211, 01:12:50.0000,-61.74488333,-57.97848333,-61.74488333,-57.97613333,-61.74488333,-57.97848333,4.16846E-07
693,694,1,-88.512112,15.1277,-79.004247,249.167999,124.6768,20050211, 01:13:30.0000,-61.7449,-57.97378333,-61.74491667,-57.9714,-61.7449,-57.97378333,3.50979E-07
693,695,1,-87.500617,19.095121,-79.692614,249.167999,124.6768,20050211, 01:14:10.0000,-61.74493333,-57.96903333,-61.74493333,-57.96663333,-61.74493333,-57.96903333,4.43027E-07
693,696,1,-87.29894,20.002768,-78.579858,249.167999,124.6768,20050211, 01:14:50.0000,-61.74495,-57.96426667,-61.74495,-57.96191667,-61.74495,-57.96426667,4.64086E-07
693,697,1,-86.01316,26.894787,-76.571166,249.167999,124.6768,20050211, 01:15:30.0000,-61.74496667,-57.95953333,-61.74496667,-57.95713333,-61.74496667,-57.95953333,6.23988E-07
693,698,1,-85.703168,28.88466,-77.476816,249.167999,124.6768,20050211, 01:16:10.0000,-61.74495,-57.95473333,-61.74491667,-57.95235,-61.74495,-57.95473333,6.70155E-07
693,699,1,-84.636221,36.928528,-74.283737,249.167999,124.6768,20050211, 01:16:50.0000,-61.74491667,-57.94998333,-61.74493333,-57.94763333,-61.74491667,-57.94998333,8.56782E-07
693,700,1,-80.832801,88.655153,-72.047358,249.167999,124.6768,20050211, 01:17:30.0000,-61.74495,-57.94526667,-61.74496667,-57.94288333,-61.74495,-57.94526667,2.0569E-06
693,701,1,-83.206696,51.323297,-72.758204,249.167999,124.6768,20050211, 01:18:10.0000,-61.74498333,-57.94051667,-61.745,-57.93815,-61.74498333,-57.94051667,1.19076E-06
693,702,1,-84.963668,34.246589,-74.712698,249.167999,124.6768,20050211, 01:18:50.0000,-61.74503333,-57.9358,-61.74505,-57.93348333,-61.74503333,-57.9358,7.94558E-07
693,703,1,-73.393132,491.666767,-59.415948,249.167999,124.6768,20050211, 01:19:30.0000,-61.74506667,-57.93118333,-61.74508333,-57.92888333,-61.74506667,-57.93118333,1.14072E-05
693,704,1,-86.440989,24.371666,-76.940728,249.167999,124.6768,20050211, 01:20:10.0000,-61.7451,-57.92658333,-61.74511667,-57.92428333,-61.7451,-57.92658333,5.65449E-07
693,705,1,-86.920383,21.824574,-77.318265,249.167999,124.6768,20050211, 01:20:50.0000,-61.74511667,-57.922,-61.74511667,-57.9197,-61.74511667,-57.922,5.06354E-07
693,706,1,-86.674744,23.094559,-77.381536,249.167999,124.6768,20050211, 01:21:30.0000,-61.74513333,-57.91741667,-61.74518333,-57.91511667,-61.74513333,-57.91741667,5.35819E-07
693,707,1,-84.2359,40.494323,-74.7015,249.167999,124.6768,20050211, 01:22:10.0000,-61.74523333,-57.91281667,-61.74528333,-57.91051667,-61.74523333,-57.91281667,9.39512E-07
693,708,1,-85.632437,29.358941,-76.075252,249.167999,124.6768,20050211, 01:22:50.0000,-61.7453,-57.90818333,-61.7453,-57.90583333,-61.7453,-57.90818333,6.81159E-07
693,709,1,-85.392411,31.027233,-77.361126,249.167999,124.6768,20050211, 01:23:30.0000,-61.7453,-57.90351667,-61.7453,-57.90115,-61.7453,-57.90351667,7.19865E-07
693,710,1,-84.040894,42.354025,-75.675381,249.167999,124.6768,20050211, 01:24:10.0000,-61.74533333,-57.89876667,-61.74536667,-57.89638333,-61.74533333,-57.89876667,9.82659E-07
693,711,1,-84.419056,38.822056,-74.737636,249.167999,124.6768,20050211, 01:24:50.0000,-61.74538333,-57.894,-61.74541667,-57.89161667,-61.74538333,-57.894,9.00714E-07
693,712,1,-85.529806,30.061002,-75.366841,249.167999,124.6768,20050211, 01:25:30.0000,-61.74541667,-57.88925,-61.74543333,-57.88686667,-61.74541667,-57.88925,6.97448E-07
693,713,1,-86.759995,22.645643,-77.059013,249.167999,124.6768,20050211, 01:26:10.0000,-61.74543333,-57.8845,-61.74546667,-57.88215,-61.74543333,-57.8845,5.25403E-07
693,714,1,-87.554283,18.860613,-79.238387,249.167999,124.6768,20050211, 01:26:50.0000,-61.74548333,-57.8798,-61.74551667,-57.87741667,-61.74548333,-57.8798,4.37587E-07
693,715,1,-87.468984,19.234712,-78.497545,249.167999,124.6768,20050211, 01:27:30.0000,-61.74553333,-57.87505,-61.74556667,-57.8727,-61.74553333,-57.87505,4.46266E-07
693,716,1,-88.367034,15.641583,-79.338861,249.167999,124.6768,20050211, 01:28:10.0000,-61.74556667,-57.87036667,-61.74558333,-57.86805,-61.74556667,-57.87036667,3.62902E-07
693,717,1,-88.437335,15.390425,-80.02945,249.167999,124.6768,20050211, 01:28:50.0000,-61.74561667,-57.86571667,-61.74566667,-57.86338333,-61.74561667,-57.86571667,3.57074E-07
693,718,1,-89.56311,11.87608,-80.278454,249.167999,124.6768,20050211, 01:29:30.0000,-61.74571667,-57.86106667,-61.74576667,-57.85876667,-61.74571667,-57.86106667,2.75538E-07
693,719,1,-88.13472,16.501071,-78.494756,249.167999,124.6768,20050211, 01:30:10.0000,-61.74578333,-57.8565,-61.7458,-57.85416667,-61.74578333,-57.8565,3.82843E-07
693,720,1,-88.040092,16.864556,-78.917762,249.167999,124.6768,20050211, 01:30:50.0000,-61.74583333,-57.85183333,-61.74583333,-57.84948333,-61.74583333,-57.85183333,3.91276E-07
693,721,1,-89.338023,12.507825,-79.091786,249.167999,124.6768,20050211, 01:31:30.0000,-61.74585,-57.84715,-61.74588333,-57.8448,-61.74585,-57.84715,2.90195E-07
693,722,1,-88.033449,16.890371,-76.48175,249.167999,124.6768,20050211, 01:32:10.0000,-61.74593333,-57.84246667,-61.74598333,-57.84011667,-61.74593333,-57.84246667,3.91875E-07
693,723,1,-87.790676,17.861443,-75.524536,249.167999,124.6768,20050211, 01:32:50.0000,-61.746,-57.83778333,-61.74601667,-57.83541667,-61.746,-57.83778333,4.14405E-07
693,724,1,-90.073971,10.558129,-81.999546,249.167999,124.6768,20050211, 01:33:30.0000,-61.74601667,-57.83303333,-61.74601667,-57.83066667,-61.74601667,-57.83303333,2.4496E-07
693,725,1,-86.667707,23.132014,-75.809639,249.167999,124.6768,20050211, 01:34:10.0000,-61.74603333,-57.82831667,-61.74603333,-57.82595,-61.74603333,-57.82831667,5.36688E-07
693,726,1,-87.718779,18.159597,-78.973147,249.167999,124.6768,20050211, 01:34:50.0000,-61.74603333,-57.82356667,-61.74603333,-57.82116667,-61.74603333,-57.82356667,4.21322E-07
693,727,1,-86.176448,25.902359,-74.47317,249.167999,124.6768,20050211, 01:35:30.0000,-61.74605,-57.81878333,-61.74605,-57.81643333,-61.74605,-57.81878333,6.00963E-07
693,728,1,-78.04574,168.426362,-58.778456,249.167999,124.6768,20050211, 01:36:10.0000,-61.74606667,-57.814,-61.74605,-57.81158333,-61.74606667,-57.814,3.90767E-06
693,729,1,-87.804797,17.803458,-77.646225,249.167999,124.6768,20050211, 01:36:50.0000,-61.74603333,-57.8092,-61.74603333,-57.8068,-61.74603333,-57.8092,4.13059E-07
693,730,1,-83.899703,43.753598,-72.454378,249.167999,124.6768,20050211, 01:37:30.0000,-61.74601667,-57.80438333,-61.74603333,-57.80196667,-61.74601667,-57.80438333,1.01513E-06
693,731,1,-84.839884,35.23674,-75.340346,249.167999,124.6768,20050211, 01:38:10.0000,-61.74601667,-57.79956667,-61.746,-57.7971,-61.74601667,-57.79956667,8.1753E-07
693,732,1,-82.220054,64.41377,-72.222654,249.167999,124.6768,20050211, 01:38:50.0000,-61.74598333,-57.79468333,-61.74596667,-57.79225,-61.74598333,-57.79468333,1.49447E-06
693,733,1,-84.963174,34.250481,-78.021457,249.167999,124.6768,20050211, 01:39:30.0000,-61.74596667,-57.78981667,-61.74595,-57.78735,-61.74596667,-57.78981667,7.94648E-07
693,734,1,-86.416756,24.508036,-79.038965,249.167999,124.6768,20050211, 01:40:10.0000,-61.74593333,-57.78491667,-61.74588333,-57.78248333,-61.74593333,-57.78491667,5.68613E-07
693,735,1,-87.228075,20.331834,-78.904701,249.167999,124.6768,20050211, 01:40:50.0000,-61.7458,-57.78003333,-61.74573333,-57.77761667,-61.7458,-57.78003333,4.7172E-07
693,736,1,-86.547426,23.781623,-78.820404,249.167999,124.6768,20050211, 01:41:30.0000,-61.7457,-57.77521667,-61.74568333,-57.77283333,-61.7457,-57.77521667,5.51759E-07
693,737,1,-87.657623,18.417125,-78.086532,249.167999,124.6768,20050211, 01:42:10.0000,-61.74565,-57.77046667,-61.74561667,-57.76808333,-61.74565,-57.77046667,4.27297E-07
693,738,1,-85.586127,29.673679,-74.972851,249.167999,124.6768,20050211, 01:42:50.0000,-61.74558333,-57.76568333,-61.74553333,-57.76328333,-61.74558333,-57.76568333,6.88461E-07
693,739,1,-84.742009,36.039867,-74.924874,249.167999,124.6768,20050211, 01:43:30.0000,-61.74548333,-57.76088333,-61.74541667,-57.7585,-61.74548333,-57.76088333,8.36164E-07
693,740,1,-85.75553,28.538498,-78.653613,249.167999,124.6768,20050211, 01:44:10.0000,-61.74535,-57.75616667,-61.74531667,-57.75383333,-61.74535,-57.75616667,6.62124E-07
693,741,1,-86.246892,25.485601,-79.306745,249.167999,124.6768,20050211, 01:44:50.0000,-61.74526667,-57.75148333,-61.74525,-57.74913333,-61.74526667,-57.75148333,5.91293E-07
693,742,1,-87.50491,19.076253,-79.631516,249.167999,124.6768,20050211, 01:45:30.0000,-61.74523333,-57.74678333,-61.7452,-57.74443333,-61.74523333,-57.74678333,4.4259E-07
693,743,1,-69.601393,1177.185276,-52.136142,249.167999,124.6768,20050211, 01:46:10.0000,-61.74516667,-57.74208333,-61.74516667,-57.73973333,-61.74516667,-57.74208333,2.7312E-05
693,744,1,-86.956232,21.645163,-79.483604,249.167999,124.6768,20050211, 01:46:50.0000,-61.74518333,-57.73735,-61.74518333,-57.73501667,-61.74518333,-57.73735,5.02191E-07
693,745,1,-86.798434,22.446089,-77.26549,249.167999,124.6768,20050211, 01:47:30.0000,-61.74518333,-57.7327,-61.74518333,-57.73038333,-61.74518333,-57.7327,5.20773E-07
693,746,1,-86.492696,24.083219,-78.62449,249.167999,124.6768,20050211, 01:48:10.0000,-61.74518333,-57.72806667,-61.74521667,-57.72575,-61.74518333,-57.72806667,5.58757E-07
693,747,1,-85.235095,32.171741,-76.552296,249.167999,124.6768,20050211, 01:48:50.0000,-61.74525,-57.72345,-61.74528333,-57.72116667,-61.74525,-57.72345,7.46419E-07
693,748,1,-85.71242,28.823193,-73.450612,249.167999,124.6768,20050211, 01:49:30.0000,-61.7453,-57.71883333,-61.74531667,-57.71653333,-61.7453,-57.71883333,6.68729E-07
693,749,1,-84.797863,35.579333,-75.635805,249.167999,124.6768,20050211, 01:50:10.0000,-61.74533333,-57.71425,-61.74538333,-57.71196667,-61.74533333,-57.71425,8.25479E-07
693,750,1,-72.7585,569.028616,-54.907288,249.167999,124.6768,20050211, 01:50:50.0000,-61.74546667,-57.70966667,-61.74551667,-57.70736667,-61.74546667,-57.70966667,1.32021E-05
693,751,1,-76.93031,217.747483,-60.214155,249.167999,124.6768,20050211, 01:51:30.0000,-61.74555,-57.70508333,-61.74556667,-57.70278333,-61.74555,-57.70508333,5.05198E-06
693,752,1,-86.176118,25.904325,-79.814033,249.167999,124.6768,20050211, 01:52:10.0000,-61.74558333,-57.70046667,-61.74565,-57.69816667,-61.74558333,-57.70046667,6.01008E-07
693,753,1,-72.475474,607.346694,-58.056052,249.167999,124.6768,20050211, 01:52:50.0000,-61.74571667,-57.69586667,-61.74576667,-57.69358333,-61.74571667,-57.69586667,1.40911E-05
693,754,1,-87.602139,18.653924,-79.919621,249.167999,124.6768,20050211, 01:53:30.0000,-61.74581667,-57.69126667,-61.74585,-57.68893333,-61.74581667,-57.69126667,4.32791E-07
693,755,1,-88.397744,15.531367,-81.459144,249.167999,124.6768,20050211, 01:54:10.0000,-61.74591667,-57.68658333,-61.74598333,-57.68425,-61.74591667,-57.68658333,3.60344E-07
693,756,1,-88.733699,14.375209,-78.31953,249.167999,124.6768,20050211, 01:54:50.0000,-61.74606667,-57.68191667,-61.74613333,-57.67953333,-61.74606667,-57.68191667,3.3352E-07
693,757,1,-84.810181,35.478563,-71.988119,249.167999,124.6768,20050211, 01:55:30.0000,-61.74618333,-57.67716667,-61.74621667,-57.67481667,-61.74618333,-57.67716667,8.23141E-07
693,758,1,-86.496789,24.060529,-74.593772,249.167999,124.6768,20050211, 01:56:10.0000,-61.74628333,-57.67246667,-61.74633333,-57.67011667,-61.74628333,-57.67246667,5.5823E-07
693,759,1,-83.619179,46.673051,-72.461926,249.167999,124.6768,20050211, 01:56:50.0000,-61.7464,-57.66776667,-61.74645,-57.66545,-61.7464,-57.66776667,1.08287E-06
693,760,1,-82.546213,59.753426,-67.947209,249.167999,124.6768,20050211, 01:57:30.0000,-61.7465,-57.6631,-61.74651667,-57.66076667,-61.7465,-57.6631,1.38634E-06
693,761,1,-85.515991,30.156784,-75.180708,249.167999,124.6768,20050211, 01:58:10.0000,-61.7466,-57.6584,-61.74665,-57.65605,-61.7466,-57.6584,6.9967E-07
693,762,1,-87.509754,19.054988,-76.470122,249.167999,124.6768,20050211, 01:58:50.0000,-61.74671667,-57.65371667,-61.74678333,-57.65135,-61.74671667,-57.65371667,4.42096E-07
693,763,1,-87.176892,20.572869,-75.930955,249.167999,124.6768,20050211, 01:59:30.0000,-61.74685,-57.649,-61.7469,-57.6467,-61.74685,-57.649,4.77313E-07
693,764,1,-85.971495,27.154049,-75.207306,249.167999,124.6768,20050211, 02:00:10.0000,-61.74691667,-57.64438333,-61.74698333,-57.64208333,-61.74691667,-57.64438333,6.30003E-07
693,765,1,-87.565161,18.81343,-77.562254,249.167999,124.6768,20050211, 02:01:10.0000,-61.74701667,-57.63975,-61.74706667,-57.63516667,-61.74705,-57.63746667,4.36492E-07
693,766,1,-91.284622,7.989543,-82.491862,249.167999,124.6768,20050211, 02:01:50.0000,-61.7471,-57.63286667,-61.74711667,-57.63053333,-61.7471,-57.63286667,1.85366E-07
693,767,1,-80.70926,91.213286,-65.746771,249.167999,124.6768,20050211, 02:02:30.0000,-61.74715,-57.6282,-61.74716667,-57.62585,-61.74715,-57.6282,2.11625E-06
693,768,1,-84.543084,37.729035,-71.66699,249.167999,124.6768,20050211, 02:03:10.0000,-61.7472,-57.62353333,-61.74723333,-57.6212,-61.7472,-57.62353333,8.75354E-07
693,769,1,-85.428204,30.772564,-70.916936,249.167999,124.6768,20050211, 02:03:50.0000,-61.74726667,-57.61886667,-61.74731667,-57.61653333,-61.74726667,-57.61886667,7.13957E-07
693,770,1,-89.960244,10.838263,-81.822376,249.167999,124.6768,20050211, 02:04:30.0000,-61.74733333,-57.6142,-61.74733333,-57.61183333,-61.74733333,-57.6142,2.51459E-07
693,771,1,-74.853751,351.244037,-59.625098,249.167999,124.6768,20050211, 02:05:10.0000,-61.74733333,-57.6095,-61.74733333,-57.60715,-61.74733333,-57.6095,8.14924E-06
693,772,1,-89.362253,12.438235,-80.307415,249.167999,124.6768,20050211, 02:05:50.0000,-61.74731667,-57.60481667,-61.7473,-57.6025,-61.74731667,-57.60481667,2.8858E-07
693,773,1,-90.018695,10.693369,-83.142262,249.167999,124.6768,20050211, 02:06:30.0000,-61.74731667,-57.60013333,-61.74731667,-57.59778333,-61.74731667,-57.60013333,2.48098E-07
693,774,1,-90.603443,9.346302,-82.387199,249.167999,124.6768,20050211, 02:07:10.0000,-61.74736667,-57.59543333,-61.74736667,-57.59308333,-61.74736667,-57.59543333,2.16844E-07
693,775,1,-87.900148,17.416836,-76.349241,249.167999,124.6768,20050211, 02:07:50.0000,-61.74738333,-57.59076667,-61.74738333,-57.58845,-61.74738333,-57.59076667,4.04089E-07
693,776,1,-90.374854,9.851417,-82.031624,249.167999,124.6768,20050211, 02:08:30.0000,-61.7474,-57.58611667,-61.74743333,-57.58381667,-61.7474,-57.58611667,2.28564E-07
693,777,1,-91.208791,8.130271,-82.807963,249.167999,124.6768,20050211, 02:09:10.0000,-61.74745,-57.58148333,-61.74743333,-57.57915,-61.74745,-57.58148333,1.88631E-07
693,778,1,-89.175293,12.985385,-80.990873,249.167999,124.6768,20050211, 02:09:50.0000,-61.74745,-57.57678333,-61.74748333,-57.57441667,-61.74745,-57.57678333,3.01275E-07
693,779,1,-89.390954,12.356306,-80.072194,249.167999,124.6768,20050211, 02:10:30.0000,-61.74751667,-57.57206667,-61.74755,-57.56968333,-61.74751667,-57.57206667,2.8668E-07
693,780,1,-90.480725,9.614165,-80.371405,249.167999,124.6768,20050211, 02:11:10.0000,-61.7476,-57.56733333,-61.74763333,-57.56496667,-61.7476,-57.56733333,2.23059E-07
693,781,1,-91.357208,7.857118,-83.719924,249.167999,124.6768,20050211, 02:11:50.0000,-61.74765,-57.56263333,-61.74768333,-57.5603,-61.74765,-57.56263333,1.82294E-07
693,782,1,-91.424026,7.737159,-84.876889,249.167999,124.6768,20050211, 02:12:30.0000,-61.74771667,-57.55791667,-61.7477,-57.55556667,-61.74771667,-57.55791667,1.7951E-07
693,783,1,-90.262008,10.110747,-82.183152,249.167999,124.6768,20050211, 02:13:10.0000,-61.74768333,-57.55323333,-61.74765,-57.55093333,-61.74768333,-57.55323333,2.3458E-07
693,784,1,-91.488908,7.622427,-83.052063,249.167999,124.6768,20050211, 02:13:50.0000,-61.74765,-57.54856667,-61.74765,-57.54621667,-61.74765,-57.54856667,1.76849E-07
693,785,1,-90.265855,10.101797,-81.098561,249.167999,124.6768,20050211, 02:14:30.0000,-61.74763333,-57.54385,-61.74765,-57.54148333,-61.74763333,-57.54385,2.34373E-07
693,786,1,-90.552174,9.457291,-80.963367,249.167999,124.6768,20050211, 02:15:10.0000,-61.74765,-57.5391,-61.74766667,-57.53678333,-61.74765,-57.5391,2.19419E-07
693,787,1,-92.179673,6.501549,-85.561078,249.167999,124.6768,20050211, 02:15:50.0000,-61.74766667,-57.5345,-61.74765,-57.53218333,-61.74766667,-57.5345,1.50843E-07
693,788,1,-89.905792,10.97501,-78.84784,249.167999,124.6768,20050211, 02:16:30.0000,-61.74765,-57.52986667,-61.74765,-57.52755,-61.74765,-57.52986667,2.54632E-07
693,789,1,-74.317857,397.37307,-57.107552,249.167999,124.6768,20050211, 02:17:10.0000,-61.74765,-57.52525,-61.74763333,-57.52288333,-61.74765,-57.52525,9.21948E-06
