Process_ID,Interval,Layer,Sv_mean,NASC,Sv_max,Height_mean,Depth_mean,Date_M,Time_M,Lat_S,Lon_S,Lat_E,Lon_E,Lat_M,Lon_M,ABC
698,1,1,-86.929467,21.787459,-70.339227,249.265055,124.72552,20060312, 23:14:50.0000,999,999,-62.27076667,-60.78556667,-62.26985,-60.78661667,5.05493E-07
698,2,1,-84.922593,34.585491,-69.152906,249.265055,124.72552,20060312, 23:18:30.0000,-62.27095,-60.7853,-62.27276667,-60.78323333,-62.27185,-60.78423333,8.02421E-07
698,3,1,-80.310345,100.027341,-64.123079,249.265055,124.72552,20060312, 23:21:50.0000,-62.27293333,-60.78305,-62.27458333,-60.78106667,-62.27363333,-60.78215,2.32074E-06
698,4,1,-80.918261,86.961525,-64.364367,249.265055,124.72552,20060312, 23:25:10.0000,-62.27476667,-60.78085,-62.27643333,-60.77895,-62.27551667,-60.78,2.0176E-06
698,5,1,-78.194341,162.824265,-63.13455,249.265055,124.72552,20060312, 23:28:50.0000,-62.2766,-60.77875,-62.27833333,-60.77661667,-62.27746667,-60.77766667,3.7777E-06
698,6,1,-74.063477,421.507691,-57.956432,249.265055,124.72552,20060312, 23:32:30.0000,-62.2785,-60.77645,-62.28018333,-60.77441667,-62.27936667,-60.7754,9.77943E-06
698,7,1,-75.677543,290.669146,-56.620097,249.265055,124.72552,20060312, 23:36:10.0000,-62.28036667,-60.7742,-62.2821,-60.77195,-62.28123333,-60.77303333,6.74384E-06
698,8,1,-83.985332,42.916083,-64.233428,249.265055,124.72552,20060312, 23:39:30.0000,-62.28228333,-60.77171667,-62.2839,-60.76958333,-62.28301667,-60.77073333,9.95699E-07
698,9,1,-75.790375,283.214643,-57.967535,249.265055,124.72552,20060312, 23:43:10.0000,-62.2841,-60.76935,-62.28578333,-60.76723333,-62.28501667,-60.76826667,6.57089E-06
698,10,1,-76.860792,221.347217,-59.795811,249.265055,124.72552,20060312, 23:46:30.0000,-62.28593333,-60.76703333,-62.28748333,-60.76481667,-62.28661667,-60.7661,5.13549E-06
698,11,1,-83.22769,51.09568,-62.669262,249.265055,124.72552,20060312, 23:50:10.0000,-62.28765,-60.76458333,-62.28938333,-60.76226667,-62.28853333,-60.7634,1.18547E-06
698,12,1,-75.399613,309.878878,-59.647913,249.265055,124.72552,20060312, 23:53:50.0000,-62.28953333,-60.76203333,-62.29121667,-60.75985,-62.29043333,-60.76086667,7.18952E-06
698,13,1,-80.785278,89.665518,-65.132893,249.265055,124.72552,20060312, 23:57:30.0000,-62.29136667,-60.75963333,-62.29296667,-60.75736667,-62.29218333,-60.75848333,2.08034E-06
698,14,1,-74.830624,353.257007,-56.779814,249.265055,124.72552,20060313, 00:00:30.0000,-62.29315,-60.75703333,-62.2947,-60.75428333,-62.29385,-60.75581667,8.19594E-06
698,15,1,-76.058521,266.257087,-57.280083,249.265055,124.72552,20060313, 00:02:30.0000,-62.29498333,-60.75381667,-62.29638333,-60.75133333,-62.29551667,-60.7528,6.17745E-06
698,16,1,-83.557991,47.353728,-64.407401,249.265055,124.72552,20060313, 00:04:30.0000,-62.29665,-60.75085,-62.2982,-60.7486,-62.29726667,-60.74993333,1.09866E-06
698,17,1,-81.688054,72.836287,-63.163884,249.265055,124.72552,20060313, 00:06:30.0000,-62.29851667,-60.74821667,-62.30003333,-60.7464,-62.29915,-60.74745,1.68988E-06
698,18,1,-89.947263,10.874942,-76.568968,249.265055,124.72552,20060313, 00:08:30.0000,-62.30031667,-60.74603333,-62.30205,-60.74408333,-62.30096667,-60.74531667,2.5231E-07
698,19,1,-86.059679,26.618606,-68.661858,249.265055,124.72552,20060313, 00:10:30.0000,-62.30245,-60.74363333,-62.3039,-60.74206667,-62.30316667,-60.74283333,6.1758E-07
698,20,1,-78.412116,154.860863,-61.11415,249.265055,124.72552,20060313, 00:12:10.0000,-62.30425,-60.74155,-62.30558333,-60.7391,-62.30495,-60.74041667,3.59294E-06
698,21,1,-78.80974,141.31206,-61.117401,249.265055,124.72552,20060313, 00:13:50.0000,-62.3058,-60.73826667,-62.30576667,-60.73486667,-62.30595,-60.73651667,3.27859E-06
698,22,1,-81.285409,79.91206,-66.4074,249.265055,124.72552,20060313, 00:15:30.0000,-62.30556667,-60.73413333,-62.30396667,-60.73141667,-62.305,-60.73283333,1.85405E-06
698,23,1,-85.466481,30.51442,-71.40781,249.265055,124.72552,20060313, 00:17:30.0000,-62.30355,-60.73105,-62.30178333,-60.72948333,-62.3027,-60.73025,7.07967E-07
698,24,1,-83.320514,50.015174,-71.085129,249.265055,124.72552,20060313, 00:18:50.0000,-62.30131667,-60.72906667,-62.29986667,-60.72783333,-62.30085,-60.72865,1.16041E-06
698,25,1,-80.473442,96.340525,-65.263719,249.265055,124.72552,20060313, 00:20:10.0000,-62.29933333,-60.72736667,-62.29818333,-60.72645,-62.29876667,-60.7269,2.2352E-06
698,26,1,-80.034514,106.586405,-66.920423,249.265055,124.72552,20060313, 00:21:10.0000,-62.29758333,-60.72593333,-62.29566667,-60.72438333,-62.29696667,-60.72541667,2.47292E-06
698,27,1,-80.690541,91.64297,-66.732756,249.265055,124.72552,20060313, 00:22:30.0000,-62.29496667,-60.72386667,-62.2936,-60.72298333,-62.29428333,-60.72336667,2.12622E-06
698,28,1,-77.234677,203.088573,-61.536232,249.265055,124.72552,20060313, 00:23:30.0000,-62.29285,-60.7227,-62.29136667,-60.7221,-62.29211667,-60.72243333,4.71187E-06
698,29,1,-83.902059,43.746906,-69.966922,249.265055,124.72552,20060313, 00:24:10.0000,-62.29061667,-60.7218,-62.28981667,-60.72148333,-62.29061667,-60.7218,1.01498E-06
698,30,1,-85.351846,31.330597,-71.679731,249.265055,124.72552,20060313, 00:25:10.0000,-62.289,-60.72116667,-62.2873,-60.72053333,-62.28816667,-60.7209,7.26904E-07
698,31,1,-85.314749,31.59936,-69.588254,249.265055,124.72552,20060313, 00:26:10.0000,-62.2864,-60.72021667,-62.2846,-60.71956667,-62.28548333,-60.71985,7.33139E-07
698,32,1,-76.788121,225.08219,-63.493932,249.265055,124.72552,20060313, 00:26:50.0000,-62.28368333,-60.71921667,-62.28275,-60.71888333,-62.28368333,-60.71921667,5.22215E-06
698,33,1,-73.541749,475.31152,-62.400437,249.265055,124.72552,20060313, 00:27:30.0000,-62.28183333,-60.71855,-62.2809,-60.71821667,-62.28183333,-60.71855,1.10277E-05
698,34,1,-76.065265,265.843916,-63.191385,249.265055,124.72552,20060313, 00:28:30.0000,-62.27996667,-60.71781667,-62.27806667,-60.717,-62.279,-60.71745,6.16787E-06
698,35,1,-80.124225,104.407269,-68.488657,249.265055,124.72552,20060313, 00:29:10.0000,-62.27718333,-60.7162,-62.2764,-60.71501667,-62.27718333,-60.7162,2.42236E-06
698,36,1,-77.106971,209.149182,-65.291124,249.265055,124.72552,20060313, 00:29:50.0000,-62.27566667,-60.71355,-62.27496667,-60.7121,-62.27566667,-60.71355,4.85249E-06
698,37,1,-76.81112,223.89337,-63.492787,249.265055,124.72552,20060313, 00:30:30.0000,-62.2743,-60.71058333,-62.2736,-60.70903333,-62.2743,-60.71058333,5.19457E-06
698,38,1,-74.845533,352.046407,-62.561808,249.265055,124.72552,20060313, 00:31:30.0000,-62.27288333,-60.70748333,-62.27145,-60.70431667,-62.27215,-60.70593333,8.16786E-06
698,39,1,-74.121267,415.935994,-62.98032,249.265055,124.72552,20060313, 00:32:10.0000,-62.27071667,-60.70268333,-62.26998333,-60.70103333,-62.27071667,-60.70268333,9.65016E-06
698,40,1,-75.849383,279.3926,-63.974319,249.265055,124.72552,20060313, 00:32:50.0000,-62.26923333,-60.69935,-62.26851667,-60.69765,-62.26923333,-60.69935,6.48221E-06
698,41,1,-77.094741,209.738979,-65.602192,249.265055,124.72552,20060313, 00:33:30.0000,-62.26778333,-60.69595,-62.26701667,-60.69425,-62.26778333,-60.69595,4.86617E-06
698,42,1,-77.659906,184.146154,-64.47247,249.265055,124.72552,20060313, 00:34:10.0000,-62.26628333,-60.69251667,-62.26553333,-60.69076667,-62.26628333,-60.69251667,4.27239E-06
698,43,1,-76.301755,251.754791,-63.270037,249.265055,124.72552,20060313, 00:34:50.0000,-62.26478333,-60.68898333,-62.26403333,-60.68718333,-62.26478333,-60.68898333,5.84098E-06
698,44,1,-74.94641,343.963406,-62.856828,249.265055,124.72552,20060313, 00:35:30.0000,-62.26325,-60.68535,-62.26246667,-60.68353333,-62.26325,-60.68535,7.98032E-06
698,45,1,-77.746854,180.496089,-64.690876,249.265055,124.72552,20060313, 00:36:10.0000,-62.26166667,-60.68166667,-62.2609,-60.67986667,-62.26166667,-60.68166667,4.1877E-06
698,46,1,-75.577506,297.442214,-61.937941,249.265055,124.72552,20060313, 00:36:50.0000,-62.26008333,-60.67803333,-62.2593,-60.67616667,-62.26008333,-60.67803333,6.90098E-06
698,47,1,-76.248274,254.874149,-62.268674,249.265055,124.72552,20060313, 00:37:30.0000,-62.25853333,-60.67435,-62.25775,-60.67246667,-62.25853333,-60.67435,5.91336E-06
698,48,1,-78.332413,157.729142,-64.540852,249.265055,124.72552,20060313, 00:38:10.0000,-62.25695,-60.67063333,-62.25695,-60.67063333,-62.25695,-60.67063333,3.65949E-06
698,49,1,-76.727356,228.253576,-63.525514,249.265055,124.72552,20060313, 00:38:30.0000,-62.25616667,-60.66885,-62.25538333,-60.66701667,-62.25616667,-60.66885,5.29573E-06
698,50,1,-76.369362,247.866059,-63.627224,249.265055,124.72552,20060313, 00:39:10.0000,-62.25458333,-60.66531667,-62.25376667,-60.66351667,-62.25458333,-60.66531667,5.75076E-06
698,51,1,-77.257778,202.011216,-62.997089,249.265055,124.72552,20060313, 00:39:50.0000,-62.25293333,-60.6618,-62.25208333,-60.66011667,-62.25293333,-60.6618,4.68688E-06
698,52,1,-77.851797,176.186853,-66.896226,249.265055,124.72552,20060313, 00:40:30.0000,-62.25123333,-60.65846667,-62.25038333,-60.65683333,-62.25123333,-60.65846667,4.08772E-06
698,53,1,-79.246524,127.791159,-67.662191,249.265055,124.72552,20060313, 00:41:10.0000,-62.24955,-60.65518333,-62.24871667,-60.65346667,-62.24955,-60.65518333,2.96489E-06
698,54,1,-80.751377,90.368178,-66.951156,249.265055,124.72552,20060313, 00:41:50.0000,-62.24785,-60.6518,-62.247,-60.65011667,-62.24785,-60.6518,2.09664E-06
698,55,1,-81.345359,78.816528,-67.904704,249.265055,124.72552,20060313, 00:42:30.0000,-62.24618333,-60.64845,-62.24533333,-60.6468,-62.24618333,-60.64845,1.82863E-06
698,56,1,-73.364574,495.103358,-57.325776,249.265055,124.72552,20060313, 00:43:10.0000,-62.24448333,-60.64513333,-62.24366667,-60.64343333,-62.24448333,-60.64513333,1.14869E-05
698,57,1,-81.761901,71.608264,-68.986886,249.265055,124.72552,20060313, 00:43:50.0000,-62.24281667,-60.64175,-62.24195,-60.6401,-62.24281667,-60.64175,1.66139E-06
698,58,1,-81.500281,76.054545,-67.078059,249.265055,124.72552,20060313, 00:44:30.0000,-62.2411,-60.63846667,-62.24028333,-60.63678333,-62.2411,-60.63846667,1.76455E-06
698,59,1,-81.426388,77.359642,-68.785422,249.265055,124.72552,20060313, 00:45:10.0000,-62.23943333,-60.63518333,-62.23861667,-60.6336,-62.23943333,-60.63518333,1.79483E-06
698,60,1,-81.067264,84.028541,-69.33354,249.265055,124.72552,20060313, 00:45:50.0000,-62.23776667,-60.63195,-62.23693333,-60.63031667,-62.23776667,-60.63195,1.94955E-06
698,61,1,-80.712249,91.186041,-69.01563,249.265055,124.72552,20060313, 00:46:30.0000,-62.23606667,-60.62868333,-62.23521667,-60.62703333,-62.23606667,-60.62868333,2.11561E-06
698,62,1,-81.519968,75.710556,-68.876055,249.265055,124.72552,20060313, 00:47:10.0000,-62.23436667,-60.6254,-62.23351667,-60.62368333,-62.23436667,-60.6254,1.75657E-06
698,63,1,-79.496131,120.653565,-67.412217,249.265055,124.72552,20060313, 00:47:50.0000,-62.2327,-60.62198333,-62.23185,-60.62031667,-62.2327,-60.62198333,2.79929E-06
698,64,1,-79.070801,133.067855,-67.480261,249.265055,124.72552,20060313, 00:48:30.0000,-62.23105,-60.61856667,-62.23021667,-60.61686667,-62.23105,-60.61856667,3.08732E-06
698,65,1,-81.232126,80.898531,-70.405255,249.265055,124.72552,20060313, 00:49:10.0000,-62.2294,-60.61513333,-62.22856667,-60.61348333,-62.2294,-60.61513333,1.87693E-06
698,66,1,-80.415339,97.638102,-69.857108,249.265055,124.72552,20060313, 00:49:50.0000,-62.22773333,-60.61185,-62.22688333,-60.61016667,-62.22773333,-60.61185,2.26531E-06
698,67,1,-78.931436,137.407236,-69.719114,249.265055,124.72552,20060313, 00:50:30.0000,-62.22603333,-60.60856667,-62.22516667,-60.60693333,-62.22603333,-60.60856667,3.188E-06
698,68,1,-80.989111,85.554348,-70.50957,249.265055,124.72552,20060313, 00:51:10.0000,-62.22433333,-60.60528333,-62.2235,-60.60361667,-62.22433333,-60.60528333,1.98495E-06
698,69,1,-80.716469,91.097479,-69.018025,249.265055,124.72552,20060313, 00:51:50.0000,-62.22266667,-60.60198333,-62.22183333,-60.6003,-62.22266667,-60.60198333,2.11356E-06
698,70,1,-81.790984,71.130339,-70.653181,249.265055,124.72552,20060313, 00:52:30.0000,-62.22098333,-60.59866667,-62.22016667,-60.59701667,-62.22098333,-60.59866667,1.6503E-06
698,71,1,-78.375544,156.170431,-66.183214,249.265055,124.72552,20060313, 00:53:10.0000,-62.21933333,-60.5954,-62.21851667,-60.59373333,-62.21933333,-60.5954,3.62332E-06
698,72,1,-78.263243,160.261403,-68.29308,249.265055,124.72552,20060313, 00:53:50.0000,-62.21768333,-60.59211667,-62.21768333,-60.59211667,-62.21768333,-60.59211667,3.71824E-06
698,73,1,-76.588445,235.67239,-64.199808,249.265055,124.72552,20060313, 00:54:10.0000,-62.21685,-60.59046667,-62.21601667,-60.5889,-62.21685,-60.59046667,5.46785E-06
698,74,1,-78.652755,146.513521,-65.740665,249.265055,124.72552,20060313, 00:54:50.0000,-62.21518333,-60.58726667,-62.21431667,-60.58558333,-62.21518333,-60.58726667,3.39927E-06
698,75,1,-80.113463,104.666318,-67.937715,249.265055,124.72552,20060313, 00:55:30.0000,-62.21346667,-60.584,-62.21263333,-60.58238333,-62.21346667,-60.584,2.42837E-06
698,76,1,-79.32035,125.637198,-66.657032,249.265055,124.72552,20060313, 00:56:10.0000,-62.2118,-60.58073333,-62.21096667,-60.57911667,-62.2118,-60.58073333,2.91492E-06
698,77,1,-76.174042,259.268078,-62.801775,249.265055,124.72552,20060313, 00:56:50.0000,-62.21011667,-60.57753333,-62.20925,-60.57588333,-62.21011667,-60.57753333,6.0153E-06
698,78,1,-78.436439,153.995971,-66.143088,249.265055,124.72552,20060313, 00:57:30.0000,-62.2084,-60.5743,-62.20753333,-60.5727,-62.2084,-60.5743,3.57287E-06
698,79,1,-83.830148,44.4773,-69.941335,249.265055,124.72552,20060313, 00:58:10.0000,-62.20666667,-60.57108333,-62.20581667,-60.56948333,-62.20666667,-60.57108333,1.03192E-06
698,80,1,-87.232823,20.317532,-73.82907,249.265055,124.72552,20060313, 00:58:50.0000,-62.20495,-60.56785,-62.20408333,-60.56621667,-62.20495,-60.56785,4.71389E-07
698,81,1,-87.778276,17.919492,-76.859751,249.265055,124.72552,20060313, 00:59:30.0000,-62.20323333,-60.56465,-62.20238333,-60.56305,-62.20323333,-60.56465,4.15752E-07
698,82,1,-88.692871,14.51664,-76.540993,249.265055,124.72552,20060313, 01:00:10.0000,-62.20153333,-60.56143333,-62.20068333,-60.55983333,-62.20153333,-60.56143333,3.36802E-07
698,83,1,-90.258819,10.122117,-80.294404,249.265055,124.72552,20060313, 01:00:50.0000,-62.19983333,-60.55826667,-62.199,-60.55668333,-62.19983333,-60.55826667,2.34844E-07
698,84,1,-92.233427,6.424074,-80.708275,249.265055,124.72552,20060313, 01:01:30.0000,-62.19816667,-60.55516667,-62.19731667,-60.55356667,-62.19816667,-60.55516667,1.49045E-07
698,85,1,-95.980455,2.710864,-86.548328,249.265055,124.72552,20060313, 01:02:10.0000,-62.1965,-60.55195,-62.19565,-60.55033333,-62.1965,-60.55195,6.2895E-08
698,86,1,-98.797554,1.417091,-91.951999,249.265055,124.72552,20060313, 01:02:50.0000,-62.19483333,-60.54868333,-62.194,-60.54708333,-62.19483333,-60.54868333,3.28781E-08
698,87,1,-101.31724,0.793285,-91.424124,249.265055,124.72552,20060313, 01:03:30.0000,-62.19315,-60.54555,-62.19226667,-60.544,-62.19315,-60.54555,1.84051E-08
698,88,1,-97.439093,1.93751,-86.113022,249.265055,124.72552,20060313, 01:04:10.0000,-62.19141667,-60.54243333,-62.19056667,-60.54081667,-62.19141667,-60.54243333,4.49523E-08
698,89,1,-96.219295,2.565805,-88.889018,249.265055,124.72552,20060313, 01:04:50.0000,-62.18973333,-60.53915,-62.18893333,-60.5375,-62.18973333,-60.53915,5.95295E-08
698,90,1,-96.783088,2.253432,-86.330174,249.265055,124.72552,20060313, 01:05:30.0000,-62.18811667,-60.53581667,-62.1873,-60.53418333,-62.18811667,-60.53581667,5.22821E-08
698,91,1,-95.777781,2.840372,-87.921908,249.265055,124.72552,20060313, 01:06:10.0000,-62.18648333,-60.53255,-62.18565,-60.53093333,-62.18648333,-60.53255,6.58997E-08
698,92,1,-91.529382,7.554662,-80.661186,249.265055,124.72552,20060313, 01:06:50.0000,-62.18481667,-60.5293,-62.184,-60.52768333,-62.18481667,-60.5293,1.75276E-07
698,93,1,-92.696326,5.774583,-83.459783,249.265055,124.72552,20060313, 01:07:30.0000,-62.1832,-60.52605,-62.18236667,-60.52446667,-62.1832,-60.52605,1.33977E-07
698,94,1,-91.924054,6.898391,-83.371208,249.265055,124.72552,20060313, 01:08:10.0000,-62.18156667,-60.52288333,-62.18073333,-60.52131667,-62.18156667,-60.52288333,1.6005E-07
698,95,1,-88.711466,14.454619,-80.711902,249.265055,124.72552,20060313, 01:08:50.0000,-62.17993333,-60.51965,-62.17915,-60.51801667,-62.17993333,-60.51965,3.35363E-07
698,96,1,-86.010142,26.923964,-73.729775,249.265055,124.72552,20060313, 01:09:30.0000,-62.17836667,-60.51636667,-62.17756667,-60.5148,-62.17836667,-60.51636667,6.24665E-07
698,97,1,-85.922331,27.473888,-77.602763,249.265055,124.72552,20060313, 01:10:10.0000,-62.17673333,-60.51321667,-62.1759,-60.51163333,-62.17673333,-60.51321667,6.37424E-07
698,98,1,-84.6665,36.686242,-75.535215,249.265055,124.72552,20060313, 01:10:50.0000,-62.17508333,-60.51003333,-62.17425,-60.50845,-62.17508333,-60.51003333,8.5116E-07
698,99,1,-85.64618,29.277581,-77.553684,249.265055,124.72552,20060313, 01:11:30.0000,-62.17343333,-60.50681667,-62.1726,-60.50518333,-62.17343333,-60.50681667,6.79271E-07
698,100,1,-86.224826,25.625397,-76.768757,249.265055,124.72552,20060313, 01:12:10.0000,-62.1718,-60.50351667,-62.171,-60.50185,-62.1718,-60.50351667,5.94537E-07
698,101,1,-82.145942,65.547945,-70.535418,249.265055,124.72552,20060313, 01:12:50.0000,-62.17016667,-60.5002,-62.16935,-60.49856667,-62.17016667,-60.5002,1.52078E-06
698,102,1,-81.252133,80.526712,-67.987791,249.265055,124.72552,20060313, 01:13:30.0000,-62.16855,-60.49688333,-62.16773333,-60.4953,-62.16855,-60.49688333,1.86831E-06
698,103,1,-84.68331,36.544516,-72.69554,249.265055,124.72552,20060313, 01:14:10.0000,-62.16693333,-60.49365,-62.16613333,-60.49203333,-62.16693333,-60.49365,8.47872E-07
698,104,1,-79.968476,108.219538,-67.877849,249.265055,124.72552,20060313, 01:14:50.0000,-62.16533333,-60.49038333,-62.16451667,-60.4888,-62.16533333,-60.49038333,2.51081E-06
698,105,1,-84.213951,40.715344,-72.707807,249.265055,124.72552,20060313, 01:15:30.0000,-62.16373333,-60.48713333,-62.16293333,-60.4855,-62.16373333,-60.48713333,9.4464E-07
698,106,1,-90.675135,9.196864,-77.442311,249.265055,124.72552,20060313, 01:16:10.0000,-62.16213333,-60.48385,-62.16133333,-60.48223333,-62.16213333,-60.48385,2.13377E-07
698,107,1,-84.06058,42.178894,-71.340426,249.265055,124.72552,20060313, 01:16:50.0000,-62.16053333,-60.48061667,-62.15971667,-60.47898333,-62.16053333,-60.48061667,9.78596E-07
698,108,1,-86.450394,24.328415,-74.14196,249.265055,124.72552,20060313, 01:17:30.0000,-62.15891667,-60.47733333,-62.1581,-60.47571667,-62.15891667,-60.47733333,5.64445E-07
698,109,1,-85.021761,33.804704,-73.710222,249.265055,124.72552,20060313, 01:18:10.0000,-62.15731667,-60.47408333,-62.15651667,-60.47241667,-62.15731667,-60.47408333,7.84306E-07
698,110,1,-79.012088,134.879018,-66.003804,249.265055,124.72552,20060313, 01:18:50.0000,-62.15573333,-60.47076667,-62.15491667,-60.46916667,-62.15573333,-60.47076667,3.12934E-06
698,111,1,-85.00601,33.927531,-75.482382,249.265055,124.72552,20060313, 01:19:30.0000,-62.15411667,-60.46748333,-62.15328333,-60.46583333,-62.15411667,-60.46748333,7.87155E-07
698,112,1,-79.282146,126.747272,-67.260277,249.265055,124.72552,20060313, 01:20:10.0000,-62.15251667,-60.46413333,-62.1517,-60.46243333,-62.15251667,-60.46413333,2.94067E-06
698,113,1,-73.326445,499.469234,-62.835626,249.265055,124.72552,20060313, 01:20:50.0000,-62.1509,-60.46073333,-62.15008333,-60.45906667,-62.1509,-60.46073333,1.15882E-05
698,114,1,-72.545389,597.880376,-63.821831,249.265055,124.72552,20060313, 01:21:30.0000,-62.14926667,-60.45735,-62.14846667,-60.45566667,-62.14926667,-60.45735,1.38715E-05
698,115,1,-75.708994,288.571767,-64.908298,249.265055,124.72552,20060313, 01:22:10.0000,-62.14766667,-60.45396667,-62.14688333,-60.4522,-62.14766667,-60.45396667,6.69518E-06
698,116,1,-75.760029,285.200524,-65.425845,249.265055,124.72552,20060313, 01:22:50.0000,-62.14608333,-60.45043333,-62.14526667,-60.44868333,-62.14608333,-60.45043333,6.61696E-06
698,117,1,-75.225767,322.53476,-64.24374,249.265055,124.72552,20060313, 01:23:30.0000,-62.14445,-60.44701667,-62.1436,-60.44535,-62.14445,-60.44701667,7.48315E-06
698,118,1,-78.931417,137.407844,-67.075567,249.265055,124.72552,20060313, 01:24:10.0000,-62.14276667,-60.44368333,-62.1419,-60.44198333,-62.14276667,-60.44368333,3.18801E-06
698,119,1,-77.42516,194.373601,-67.158064,249.265055,124.72552,20060313, 01:24:50.0000,-62.14106667,-60.4403,-62.14021667,-60.43863333,-62.14106667,-60.4403,4.50968E-06
698,120,1,-74.109674,417.047761,-61.717026,249.265055,124.72552,20060313, 01:25:30.0000,-62.1394,-60.43688333,-62.13856667,-60.4352,-62.1394,-60.43688333,9.67596E-06
698,121,1,-72.475161,607.62714,-61.346494,249.265055,124.72552,20060313, 01:26:10.0000,-62.13775,-60.43351667,-62.13693333,-60.43185,-62.13775,-60.43351667,1.40976E-05
698,122,1,-74.65942,367.461021,-63.337733,249.265055,124.72552,20060313, 01:26:50.0000,-62.13608333,-60.43018333,-62.13525,-60.42848333,-62.13608333,-60.43018333,8.52549E-06
698,123,1,-75.048686,335.95772,-62.933488,249.265055,124.72552,20060313, 01:27:30.0000,-62.13441667,-60.4268,-62.13356667,-60.42518333,-62.13441667,-60.4268,7.79458E-06
698,124,1,-75.043831,336.333473,-63.030932,249.265055,124.72552,20060313, 01:28:10.0000,-62.13273333,-60.42351667,-62.13191667,-60.4218,-62.13273333,-60.42351667,7.8033E-06
698,125,1,-77.571895,187.916006,-65.448724,249.265055,124.72552,20060313, 01:28:50.0000,-62.13106667,-60.42015,-62.13026667,-60.41846667,-62.13106667,-60.42015,4.35985E-06
698,126,1,-74.560715,375.908153,-63.091932,249.265055,124.72552,20060313, 01:29:30.0000,-62.12945,-60.41676667,-62.12861667,-60.41508333,-62.12945,-60.41676667,8.72147E-06
698,127,1,-75.554231,299.040566,-63.339935,249.265055,124.72552,20060313, 01:30:10.0000,-62.12778333,-60.41338333,-62.12693333,-60.41171667,-62.12778333,-60.41338333,6.93806E-06
698,128,1,-75.122357,330.306839,-64.230303,249.265055,124.72552,20060313, 01:30:50.0000,-62.1261,-60.41005,-62.12525,-60.40836667,-62.1261,-60.41005,7.66347E-06
698,129,1,-76.213561,256.919563,-64.991236,249.265055,124.72552,20060313, 01:31:30.0000,-62.12443333,-60.40668333,-62.12356667,-60.40501667,-62.12443333,-60.40668333,5.96081E-06
698,130,1,-76.142146,261.179234,-64.957538,249.265055,124.72552,20060313, 01:32:10.0000,-62.1227,-60.40336667,-62.12185,-60.4017,-62.1227,-60.40336667,6.05964E-06
698,131,1,-76.345462,249.233846,-65.206991,249.265055,124.72552,20060313, 01:32:50.0000,-62.12096667,-60.40001667,-62.12011667,-60.39833333,-62.12096667,-60.40001667,5.78249E-06
698,132,1,-74.559553,376.008776,-63.302231,249.265055,124.72552,20060313, 01:33:30.0000,-62.11926667,-60.39663333,-62.11926667,-60.39663333,-62.11926667,-60.39663333,8.72381E-06
698,133,1,-72.724806,573.683842,-61.077955,249.265055,124.72552,20060313, 01:33:50.0000,-62.11841667,-60.39495,-62.11758333,-60.39323333,-62.11841667,-60.39495,1.33101E-05
698,134,1,-69.753478,1137.117865,-58.379094,249.265055,124.72552,20060313, 01:34:30.0000,-62.11673333,-60.39161667,-62.11588333,-60.38996667,-62.11673333,-60.39161667,2.63824E-05
698,135,1,-71.886636,695.808388,-59.592379,249.265055,124.72552,20060313, 01:35:10.0000,-62.11501667,-60.38828333,-62.11416667,-60.38665,-62.11501667,-60.38828333,1.61435E-05
698,136,1,-69.565327,1187.464333,-57.388701,249.265055,124.72552,20060313, 01:35:50.0000,-62.11333333,-60.38491667,-62.11248333,-60.38323333,-62.11333333,-60.38491667,2.75505E-05
698,137,1,-70.393658,981.267444,-57.795469,249.265055,124.72552,20060313, 01:36:30.0000,-62.11166667,-60.38156667,-62.11083333,-60.3799,-62.11166667,-60.38156667,2.27665E-05
698,138,1,-71.191851,816.522524,-59.790611,249.265055,124.72552,20060313, 01:37:10.0000,-62.10998333,-60.37825,-62.10913333,-60.37658333,-62.10998333,-60.37825,1.89442E-05
698,139,1,-71.594433,744.234813,-59.43106,249.265055,124.72552,20060313, 01:37:50.0000,-62.1083,-60.37495,-62.10743333,-60.37328333,-62.1083,-60.37495,1.72671E-05
698,140,1,-73.204195,513.728562,-60.576002,249.265055,124.72552,20060313, 01:38:30.0000,-62.10656667,-60.37161667,-62.1057,-60.36998333,-62.10656667,-60.37161667,1.19191E-05
698,141,1,-72.797758,564.127738,-59.683763,249.265055,124.72552,20060313, 01:39:10.0000,-62.10485,-60.36831667,-62.104,-60.36665,-62.10485,-60.36831667,1.30884E-05
698,142,1,-73.640169,464.661085,-60.436312,249.265055,124.72552,20060313, 01:39:50.0000,-62.10315,-60.36501667,-62.1023,-60.36336667,-62.10315,-60.36501667,1.07806E-05
698,143,1,-73.322333,499.942401,-60.25047,249.265055,124.72552,20060313, 01:40:30.0000,-62.10145,-60.36166667,-62.1006,-60.35998333,-62.10145,-60.36166667,1.15992E-05
698,144,1,-75.093508,332.508235,-61.735295,249.265055,124.72552,20060313, 01:41:10.0000,-62.09975,-60.35833333,-62.0989,-60.35665,-62.09975,-60.35833333,7.71455E-06
698,145,1,-73.7711,450.861543,-61.835009,249.265055,124.72552,20060313, 01:41:50.0000,-62.09805,-60.35498333,-62.09718333,-60.35336667,-62.09805,-60.35498333,1.04605E-05
698,146,1,-74.931473,345.148487,-62.846021,249.265055,124.72552,20060313, 01:42:30.0000,-62.09633333,-60.35173333,-62.09546667,-60.35011667,-62.09633333,-60.35173333,8.00782E-06
698,147,1,-74.485419,382.48231,-61.253439,249.265055,124.72552,20060313, 01:43:10.0000,-62.09461667,-60.34845,-62.09375,-60.34683333,-62.09461667,-60.34845,8.874E-06
698,148,1,-75.758224,285.319068,-63.86955,249.265055,124.72552,20060313, 01:43:50.0000,-62.09293333,-60.34511667,-62.09208333,-60.34345,-62.09293333,-60.34511667,6.61971E-06
698,149,1,-75.917802,275.025514,-64.047817,249.265055,124.72552,20060313, 01:44:30.0000,-62.0913,-60.34175,-62.09048333,-60.3401,-62.0913,-60.34175,6.38089E-06
698,150,1,-74.900279,347.636494,-64.159447,249.265055,124.72552,20060313, 01:45:10.0000,-62.08963333,-60.33848333,-62.08963333,-60.33848333,-62.08963333,-60.33848333,8.06554E-06
698,151,1,-74.824274,353.773927,-63.449843,249.265055,124.72552,20060313, 01:45:30.0000,-62.08876667,-60.33691667,-62.0879,-60.33533333,-62.08876667,-60.33691667,8.20794E-06
698,152,1,-76.107481,263.272297,-65.436203,249.265055,124.72552,20060313, 01:46:10.0000,-62.08703333,-60.33378333,-62.08616667,-60.3322,-62.08703333,-60.33378333,6.1082E-06
698,153,1,-77.970428,171.439315,-64.314333,249.265055,124.72552,20060313, 01:46:50.0000,-62.0853,-60.33055,-62.08445,-60.32893333,-62.0853,-60.33055,3.97758E-06
698,154,1,-77.819131,177.517076,-64.43552,249.265055,124.72552,20060313, 01:47:30.0000,-62.0836,-60.32728333,-62.08276667,-60.32561667,-62.0836,-60.32728333,4.11859E-06
698,155,1,-74.899399,347.70692,-64.469196,249.265055,124.72552,20060313, 01:48:10.0000,-62.08191667,-60.324,-62.08108333,-60.3224,-62.08191667,-60.324,8.06718E-06
698,156,1,-73.382894,493.019247,-63.008907,249.265055,124.72552,20060313, 01:48:50.0000,-62.08023333,-60.32076667,-62.07938333,-60.31918333,-62.08023333,-60.32076667,1.14386E-05
698,157,1,-75.003889,339.441062,-64.715961,249.265055,124.72552,20060313, 01:49:30.0000,-62.07851667,-60.31756667,-62.07765,-60.316,-62.07851667,-60.31756667,7.8754E-06
698,158,1,-74.557299,376.203928,-62.487026,249.265055,124.72552,20060313, 01:50:10.0000,-62.07678333,-60.31438333,-62.07593333,-60.31278333,-62.07678333,-60.31438333,8.72834E-06
698,159,1,-76.401795,246.021906,-66.523057,249.265055,124.72552,20060313, 01:50:50.0000,-62.07508333,-60.31111667,-62.07421667,-60.30948333,-62.07508333,-60.31111667,5.70797E-06
698,160,1,-78.483392,152.340028,-66.558866,249.265055,124.72552,20060313, 01:51:30.0000,-62.07336667,-60.30786667,-62.07253333,-60.30625,-62.07336667,-60.30786667,3.53445E-06
698,161,1,-79.311407,125.896185,-67.710469,249.265055,124.72552,20060313, 01:52:10.0000,-62.07168333,-60.30461667,-62.07083333,-60.303,-62.07168333,-60.30461667,2.92093E-06
698,162,1,-80.303105,100.194241,-68.635877,249.265055,124.72552,20060313, 01:52:50.0000,-62.06998333,-60.30136667,-62.0691,-60.29978333,-62.06998333,-60.30136667,2.32461E-06
698,163,1,-79.05701,133.491084,-68.672753,249.265055,124.72552,20060313, 01:53:30.0000,-62.06825,-60.29813333,-62.06735,-60.29658333,-62.06825,-60.29813333,3.09714E-06
698,164,1,-78.625087,147.449913,-66.622486,249.265055,124.72552,20060313, 01:54:10.0000,-62.06651667,-60.29493333,-62.06568333,-60.29331667,-62.06651667,-60.29493333,3.421E-06
698,165,1,-80.872379,87.885125,-66.756249,249.265055,124.72552,20060313, 01:54:50.0000,-62.06483333,-60.2917,-62.06398333,-60.28996667,-62.06483333,-60.2917,2.03903E-06
698,166,1,-83.539944,47.550911,-70.843429,249.265055,124.72552,20060313, 01:55:30.0000,-62.06311667,-60.28833333,-62.06228333,-60.28666667,-62.06311667,-60.28833333,1.10323E-06
698,167,1,-82.469224,60.845837,-69.29161,249.265055,124.72552,20060313, 01:56:10.0000,-62.06143333,-60.285,-62.06058333,-60.28333333,-62.06143333,-60.285,1.41169E-06
698,168,1,-82.12334,65.889956,-68.968518,249.265055,124.72552,20060313, 01:56:50.0000,-62.05975,-60.28166667,-62.05888333,-60.28,-62.05975,-60.28166667,1.52872E-06
698,169,1,-81.456135,76.831579,-68.337101,249.265055,124.72552,20060313, 01:57:30.0000,-62.05803333,-60.2783,-62.05718333,-60.27666667,-62.05803333,-60.2783,1.78258E-06
698,170,1,-80.957779,86.173811,-67.50037,249.265055,124.72552,20060313, 01:58:10.0000,-62.05635,-60.275,-62.05551667,-60.27333333,-62.05635,-60.275,1.99933E-06
698,171,1,-82.598649,59.059311,-68.2557,249.265055,124.72552,20060313, 01:58:50.0000,-62.05466667,-60.27166667,-62.05381667,-60.27003333,-62.05466667,-60.27166667,1.37024E-06
698,172,1,-82.43025,61.39432,-71.114282,249.265055,124.72552,20060313, 01:59:30.0000,-62.05296667,-60.2684,-62.05296667,-60.2684,-62.05296667,-60.2684,1.42441E-06
698,173,1,-82.152351,65.451273,-68.487497,249.265055,124.72552,20060313, 01:59:50.0000,-62.05211667,-60.26673333,-62.05126667,-60.26511667,-62.05211667,-60.26673333,1.51854E-06
698,174,1,-80.301218,100.237787,-67.60735,249.265055,124.72552,20060313, 02:00:30.0000,-62.05041667,-60.26346667,-62.04956667,-60.26183333,-62.05041667,-60.26346667,2.32562E-06
698,175,1,-83.889357,43.875038,-69.658251,249.265055,124.72552,20060313, 02:01:10.0000,-62.04875,-60.26016667,-62.04788333,-60.2585,-62.04875,-60.26016667,1.01795E-06
698,176,1,-82.164354,65.270634,-68.220693,249.265055,124.72552,20060313, 02:01:50.0000,-62.04703333,-60.25686667,-62.0462,-60.25523333,-62.04703333,-60.25686667,1.51435E-06
698,177,1,-80.359956,98.891195,-67.007857,249.265055,124.72552,20060313, 02:02:30.0000,-62.04535,-60.25363333,-62.04451667,-60.25198333,-62.04535,-60.25363333,2.29438E-06
698,178,1,-80.345042,99.231387,-67.575235,249.265055,124.72552,20060313, 02:03:10.0000,-62.04365,-60.25038333,-62.04278333,-60.24875,-62.04365,-60.25038333,2.30228E-06
698,179,1,-80.532632,95.036419,-67.733779,249.265055,124.72552,20060313, 02:03:50.0000,-62.04191667,-60.2471,-62.04106667,-60.24538333,-62.04191667,-60.2471,2.20495E-06
698,180,1,-78.365964,156.515308,-65.45959,249.265055,124.72552,20060313, 02:04:30.0000,-62.04023333,-60.24371667,-62.03938333,-60.24208333,-62.04023333,-60.24371667,3.63132E-06
698,181,1,-79.139235,130.987458,-66.218024,249.265055,124.72552,20060313, 02:05:10.0000,-62.03853333,-60.24045,-62.03771667,-60.23878333,-62.03853333,-60.24045,3.03905E-06
698,182,1,-78.422782,154.480977,-67.109297,249.265055,124.72552,20060313, 02:05:50.0000,-62.0369,-60.23715,-62.03606667,-60.23551667,-62.0369,-60.23715,3.58413E-06
698,183,1,-80.052217,106.15281,-66.900254,249.265055,124.72552,20060313, 02:06:30.0000,-62.03523333,-60.23388333,-62.03438333,-60.23221667,-62.03523333,-60.23388333,2.46286E-06
698,184,1,-81.089064,83.607814,-67.103552,249.265055,124.72552,20060313, 02:07:10.0000,-62.03355,-60.23061667,-62.0327,-60.22896667,-62.03355,-60.23061667,1.93979E-06
698,185,1,-82.530979,59.986744,-70.368022,249.265055,124.72552,20060313, 02:07:50.0000,-62.03185,-60.2273,-62.03098333,-60.22568333,-62.03185,-60.2273,1.39176E-06
698,186,1,-84.47961,38.299425,-72.571686,249.265055,124.72552,20060313, 02:08:30.0000,-62.03013333,-60.224,-62.02928333,-60.22233333,-62.03013333,-60.224,8.88588E-07
698,187,1,-82.797917,56.410702,-69.198863,249.265055,124.72552,20060313, 02:09:10.0000,-62.02843333,-60.22065,-62.0276,-60.219,-62.02843333,-60.22065,1.30879E-06
698,188,1,-83.054446,53.17514,-70.994355,249.265055,124.72552,20060313, 02:09:50.0000,-62.02675,-60.21733333,-62.0259,-60.2157,-62.02675,-60.21733333,1.23372E-06
698,189,1,-83.587881,47.028935,-71.024135,249.265055,124.72552,20060313, 02:10:30.0000,-62.02505,-60.21403333,-62.02418333,-60.21238333,-62.02505,-60.21403333,1.09112E-06
698,190,1,-84.904274,34.73168,-71.462854,249.265055,124.72552,20060313, 02:11:10.0000,-62.02331667,-60.21076667,-62.02245,-60.20911667,-62.02331667,-60.21076667,8.05812E-07
698,191,1,-86.86416,22.117559,-75.438246,249.265055,124.72552,20060313, 02:11:50.0000,-62.02161667,-60.20746667,-62.02075,-60.2058,-62.02161667,-60.20746667,5.13151E-07
698,192,1,-83.50544,47.930202,-71.473979,249.265055,124.72552,20060313, 02:12:30.0000,-62.01993333,-60.20411667,-62.0191,-60.20246667,-62.01993333,-60.20411667,1.11203E-06
698,193,1,-82.240957,64.12946,-73.127361,249.265055,124.72552,20060313, 02:13:10.0000,-62.01826667,-60.20075,-62.01826667,-60.20075,-62.01826667,-60.20075,1.48787E-06
698,194,1,-84.403079,38.980316,-73.276762,249.265055,124.72552,20060313, 02:13:30.0000,-62.01745,-60.19908333,-62.01666667,-60.19735,-62.01745,-60.19908333,9.04385E-07
698,195,1,-87.848857,17.630619,-74.890809,249.265055,124.72552,20060313, 02:14:10.0000,-62.01585,-60.19566667,-62.01501667,-60.19396667,-62.01585,-60.19566667,4.09049E-07
698,196,1,-86.223322,25.634276,-72.57205,249.265055,124.72552,20060313, 02:14:50.0000,-62.01416667,-60.19231667,-62.01333333,-60.19068333,-62.01416667,-60.19231667,5.94743E-07
698,197,1,-83.227806,51.094321,-69.404232,249.265055,124.72552,20060313, 02:15:30.0000,-62.01248333,-60.18896667,-62.01166667,-60.18726667,-62.01248333,-60.18896667,1.18544E-06
698,198,1,-87.885176,17.483794,-73.973695,249.265055,124.72552,20060313, 02:16:10.0000,-62.01086667,-60.18555,-62.01005,-60.18386667,-62.01086667,-60.18555,4.05643E-07
698,199,1,-87.55284,18.87423,-73.300357,249.265055,124.72552,20060313, 02:16:50.0000,-62.00921667,-60.18218333,-62.0084,-60.1805,-62.00921667,-60.18218333,4.37902E-07
698,200,1,-85.917832,27.502362,-72.471571,249.265055,124.72552,20060313, 02:17:30.0000,-62.00755,-60.17885,-62.0067,-60.1772,-62.00755,-60.17885,6.38084E-07
698,201,1,-87.216403,20.394492,-75.95081,249.265055,124.72552,20060313, 02:18:10.0000,-62.00585,-60.17555,-62.005,-60.1739,-62.00585,-60.17555,4.73174E-07
698,202,1,-89.136458,13.107124,-79.019308,249.265055,124.72552,20060313, 02:18:50.0000,-62.00415,-60.17225,-62.0033,-60.17055,-62.00415,-60.17225,3.04099E-07
698,203,1,-89.872114,11.064756,-78.051504,249.265055,124.72552,20060313, 02:19:30.0000,-62.00246667,-60.16886667,-62.00163333,-60.1672,-62.00246667,-60.16886667,2.56714E-07
698,204,1,-87.60194,18.662044,-74.375255,249.265055,124.72552,20060313, 02:20:10.0000,-62.0008,-60.16546667,-61.99996667,-60.16378333,-62.0008,-60.16546667,4.3298E-07
698,205,1,-86.542713,23.816719,-73.323183,249.265055,124.72552,20060313, 02:20:50.0000,-61.9991,-60.16211667,-61.99825,-60.16045,-61.9991,-60.16211667,5.52574E-07
698,206,1,-84.40178,38.991971,-70.258005,249.265055,124.72552,20060313, 02:21:30.0000,-61.99736667,-60.15881667,-61.99651667,-60.15718333,-61.99736667,-60.15881667,9.04656E-07
698,207,1,-84.389762,39.100021,-71.762785,249.265055,124.72552,20060313, 02:22:10.0000,-61.99565,-60.1555,-61.99483333,-60.15385,-61.99565,-60.1555,9.07163E-07
698,208,1,-81.666362,73.200999,-69.311537,249.265055,124.72552,20060313, 02:22:50.0000,-61.99398333,-60.1522,-61.99313333,-60.1506,-61.99398333,-60.1522,1.69834E-06
698,209,1,-81.49825,76.090108,-69.427771,249.265055,124.72552,20060313, 02:23:30.0000,-61.99231667,-60.14888333,-61.99146667,-60.14721667,-61.99231667,-60.14888333,1.76537E-06
698,210,1,-81.100296,83.391862,-68.620568,249.265055,124.72552,20060313, 02:24:10.0000,-61.99063333,-60.14553333,-61.98976667,-60.14388333,-61.99063333,-60.14553333,1.93478E-06
698,211,1,-81.254947,80.474547,-67.792479,249.265055,124.72552,20060313, 02:24:50.0000,-61.98891667,-60.14221667,-61.98806667,-60.1406,-61.98891667,-60.14221667,1.8671E-06
698,212,1,-82.14598,65.547361,-68.853892,249.265055,124.72552,20060313, 02:25:30.0000,-61.98723333,-60.13888333,-61.98723333,-60.13888333,-61.98723333,-60.13888333,1.52077E-06
698,213,1,-81.527069,75.58687,-68.267589,249.265055,124.72552,20060313, 02:25:50.0000,-61.9864,-60.13723333,-61.98555,-60.13555,-61.9864,-60.13723333,1.7537E-06
698,214,1,-83.380337,49.330957,-71.998952,249.265055,124.72552,20060313, 02:26:30.0000,-61.98471667,-60.13383333,-61.98385,-60.13216667,-61.98471667,-60.13383333,1.14453E-06
698,215,1,-82.626403,58.683087,-69.615071,249.265055,124.72552,20060313, 02:27:10.0000,-61.98298333,-60.13053333,-61.98213333,-60.12886667,-61.98298333,-60.13053333,1.36151E-06
698,216,1,-83.886059,43.908375,-70.449054,249.265055,124.72552,20060313, 02:27:50.0000,-61.98128333,-60.12725,-61.98041667,-60.1256,-61.98128333,-60.12725,1.01872E-06
698,217,1,-81.888864,69.54515,-69.24639,249.265055,124.72552,20060313, 02:28:30.0000,-61.97958333,-60.12396667,-61.97875,-60.12226667,-61.97958333,-60.12396667,1.61352E-06
698,218,1,-80.57471,94.120066,-68.146339,249.265055,124.72552,20060313, 02:29:10.0000,-61.97791667,-60.12063333,-61.97708333,-60.11898333,-61.97791667,-60.12063333,2.18369E-06
698,219,1,-77.758226,180.024084,-64.035937,249.265055,124.72552,20060313, 02:29:50.0000,-61.9762,-60.11735,-61.97535,-60.11571667,-61.9762,-60.11735,4.17675E-06
698,220,1,-92.871481,5.546322,-84.654528,249.265055,124.72552,20060313, 02:30:30.0000,-61.97451667,-60.11408333,-61.97365,-60.11243333,-61.97451667,-60.11408333,1.28681E-07
698,221,1,-86.666536,23.147262,-74.793394,249.265055,124.72552,20060313, 02:31:10.0000,-61.9728,-60.1108,-61.972,-60.1091,-61.9728,-60.1108,5.37041E-07
698,222,1,-82.205162,64.660196,-69.541292,249.265055,124.72552,20060313, 02:31:50.0000,-61.97118333,-60.10748333,-61.97035,-60.10585,-61.97118333,-60.10748333,1.50019E-06
698,223,1,-83.193256,51.502416,-70.126785,249.265055,124.72552,20060313, 02:32:30.0000,-61.96951667,-60.1042,-61.96866667,-60.10263333,-61.96951667,-60.1042,1.19491E-06
698,224,1,-85.424922,30.807825,-71.616537,249.265055,124.72552,20060313, 02:33:10.0000,-61.96781667,-60.101,-61.96696667,-60.09945,-61.96781667,-60.101,7.14775E-07
698,225,1,-84.54441,37.732209,-72.870268,249.265055,124.72552,20060313, 02:33:50.0000,-61.96613333,-60.09783333,-61.9653,-60.09618333,-61.96613333,-60.09783333,8.75428E-07
698,226,1,-83.433084,48.735439,-72.890725,249.265055,124.72552,20060313, 02:34:30.0000,-61.96446667,-60.09448333,-61.96363333,-60.09285,-61.96446667,-60.09448333,1.13071E-06
698,227,1,-86.574628,23.642337,-72.867074,249.265055,124.72552,20060313, 02:35:10.0000,-61.9628,-60.09121667,-61.96195,-60.08958333,-61.9628,-60.09121667,5.48528E-07
698,228,1,-88.241958,16.104879,-74.485446,249.265055,124.72552,20060313, 02:35:50.0000,-61.9611,-60.08795,-61.96026667,-60.0863,-61.9611,-60.08795,3.73651E-07
698,229,1,-88.397675,15.537665,-75.094708,249.265055,124.72552,20060313, 02:36:30.0000,-61.95941667,-60.08465,-61.95856667,-60.08303333,-61.95941667,-60.08465,3.60491E-07
698,230,1,-89.305607,12.606442,-77.183615,249.265055,124.72552,20060313, 02:37:10.0000,-61.95773333,-60.08141667,-61.9569,-60.07975,-61.95773333,-60.08141667,2.92483E-07
698,231,1,-85.76871,28.463102,-72.478093,249.265055,124.72552,20060313, 02:37:50.0000,-61.95605,-60.07818333,-61.95521667,-60.07655,-61.95605,-60.07818333,6.60375E-07
698,232,1,-87.442644,19.359265,-74.076413,249.265055,124.72552,20060313, 02:38:30.0000,-61.95438333,-60.07491667,-61.95356667,-60.07331667,-61.95438333,-60.07491667,4.49156E-07
698,233,1,-93.030382,5.34706,-83.54137,249.265055,124.72552,20060313, 02:39:10.0000,-61.95273333,-60.07171667,-61.95185,-60.07011667,-61.95273333,-60.07171667,1.24058E-07
698,234,1,-83.436444,48.697744,-68.820258,249.265055,124.72552,20060313, 02:39:50.0000,-61.951,-60.06851667,-61.95013333,-60.06691667,-61.951,-60.06851667,1.12984E-06
698,235,1,-92.95404,5.441884,-79.497656,249.265055,124.72552,20060313, 02:40:30.0000,-61.94926667,-60.06528333,-61.94841667,-60.06366667,-61.94926667,-60.06528333,1.26258E-07
698,236,1,-91.461317,7.673995,-80.999952,249.265055,124.72552,20060313, 02:41:10.0000,-61.9476,-60.062,-61.94676667,-60.06035,-61.9476,-60.062,1.78045E-07
698,237,1,-89.957696,10.848847,-82.262673,249.265055,124.72552,20060313, 02:41:50.0000,-61.94595,-60.05871667,-61.94595,-60.05871667,-61.94595,-60.05871667,2.51705E-07
698,238,1,-90.29342,10.041793,-81.746049,249.265055,124.72552,20060313, 02:42:10.0000,-61.94513333,-60.05703333,-61.94428333,-60.05538333,-61.94513333,-60.05703333,2.3298E-07
698,239,1,-91.298518,7.967121,-83.87939,249.265055,124.72552,20060313, 02:42:50.0000,-61.94346667,-60.05376667,-61.94263333,-60.05216667,-61.94346667,-60.05376667,1.84846E-07
698,240,1,-91.904222,6.929964,-83.560937,249.265055,124.72552,20060313, 02:43:30.0000,-61.94181667,-60.05051667,-61.94096667,-60.04885,-61.94181667,-60.05051667,1.60783E-07
698,241,1,-90.867972,8.797434,-83.171353,249.265055,124.72552,20060313, 02:44:10.0000,-61.94015,-60.04718333,-61.93933333,-60.04555,-61.94015,-60.04718333,2.0411E-07
698,242,1,-90.390118,9.820677,-84.507044,249.265055,124.72552,20060313, 02:44:50.0000,-61.93853333,-60.04386667,-61.9377,-60.04225,-61.93853333,-60.04386667,2.2785E-07
698,243,1,-90.164037,10.345453,-84.358105,249.265055,124.72552,20060313, 02:45:30.0000,-61.93688333,-60.0406,-61.93606667,-60.03895,-61.93688333,-60.0406,2.40026E-07
698,244,1,-90.170956,10.328984,-83.3204,249.265055,124.72552,20060313, 02:46:10.0000,-61.93526667,-60.03728333,-61.93448333,-60.03563333,-61.93526667,-60.03728333,2.39644E-07
698,245,1,-90.52644,9.5172,-86.068944,249.265055,124.72552,20060313, 02:46:50.0000,-61.93368333,-60.03398333,-61.93288333,-60.03233333,-61.93368333,-60.03398333,2.20809E-07
698,246,1,-89.671916,11.586751,-85.992143,249.265055,124.72552,20060313, 02:47:30.0000,-61.93208333,-60.03068333,-61.93126667,-60.029,-61.93208333,-60.03068333,2.68825E-07
698,247,1,-89.230457,12.826481,-84.813065,249.265055,124.72552,20060313, 02:48:10.0000,-61.93046667,-60.02735,-61.92965,-60.0257,-61.93046667,-60.02735,2.97588E-07
698,248,1,-89.654971,11.632047,-85.110427,249.265055,124.72552,20060313, 02:48:50.0000,-61.92883333,-60.02401667,-61.92801667,-60.02233333,-61.92883333,-60.02401667,2.69876E-07
698,249,1,-89.11121,13.183545,-85.507779,249.265055,124.72552,20060313, 02:49:30.0000,-61.9272,-60.02068333,-61.92638333,-60.01901667,-61.9272,-60.02068333,3.05872E-07
698,250,1,-87.107854,20.910666,-83.269828,249.265055,124.72552,20060313, 02:50:10.0000,-61.92555,-60.01738333,-61.92478333,-60.01571667,-61.92555,-60.01738333,4.8515E-07
698,251,1,-87.578925,18.761204,-83.314603,249.265055,124.72552,20060313, 02:50:50.0000,-61.92395,-60.01406667,-61.92316667,-60.01241667,-61.92395,-60.01406667,4.3528E-07
698,252,1,-88.54945,15.004042,-82.950047,249.265055,124.72552,20060313, 02:51:30.0000,-61.92235,-60.01075,-61.92153333,-60.00908333,-61.92235,-60.01075,3.4811E-07
698,253,1,-85.33503,31.452142,-79.607146,249.265055,124.72552,20060313, 02:52:10.0000,-61.92073333,-60.00743333,-61.91993333,-60.00575,-61.92073333,-60.00743333,7.29724E-07
698,254,1,-85.45521,30.593713,-78.542317,249.265055,124.72552,20060313, 02:52:50.0000,-61.91913333,-60.0041,-61.9183,-60.0025,-61.91913333,-60.0041,7.09807E-07
698,255,1,-86.192512,25.816781,-79.719082,249.265055,124.72552,20060313, 02:53:30.0000,-61.91751667,-60.00078333,-61.91686667,-59.99878333,-61.91751667,-60.00078333,5.98977E-07
698,256,1,-86.251774,25.466883,-80.613891,249.265055,124.72552,20060313, 02:54:10.0000,-61.91648333,-59.99656667,-61.91613333,-59.99431667,-61.91648333,-59.99656667,5.90859E-07
698,257,1,-86.733491,22.793141,-79.804057,249.265055,124.72552,20060313, 02:54:50.0000,-61.91578333,-59.99208333,-61.91545,-59.98981667,-61.91578333,-59.99208333,5.28825E-07
698,258,1,-87.561987,18.834517,-79.767876,249.265055,124.72552,20060313, 02:55:30.0000,-61.91508333,-59.9876,-61.91473333,-59.98535,-61.91508333,-59.9876,4.36981E-07
698,259,1,-89.406338,12.317411,-82.108593,249.265055,124.72552,20060313, 02:56:10.0000,-61.91436667,-59.98311667,-61.914,-59.98086667,-61.91436667,-59.98311667,2.85777E-07
698,260,1,-88.848956,14.004179,-81.558905,249.265055,124.72552,20060313, 02:56:50.0000,-61.91361667,-59.97863333,-61.91321667,-59.97636667,-61.91361667,-59.97863333,3.24912E-07
698,261,1,-89.784927,11.289133,-81.433544,249.265055,124.72552,20060313, 02:57:30.0000,-61.91281667,-59.97413333,-61.91243333,-59.97191667,-61.91281667,-59.97413333,2.6192E-07
698,262,1,-89.770916,11.325612,-81.355266,249.265055,124.72552,20060313, 02:58:10.0000,-61.91206667,-59.96965,-61.9117,-59.96736667,-61.91206667,-59.96965,2.62766E-07
698,263,1,-87.43549,19.391181,-76.779301,249.265055,124.72552,20060313, 02:58:50.0000,-61.91131667,-59.9651,-61.91093333,-59.9628,-61.91131667,-59.9651,4.49896E-07
698,264,1,-85.926818,27.44552,-75.513915,249.265055,124.72552,20060313, 02:59:30.0000,-61.91056667,-59.96053333,-61.91016667,-59.95826667,-61.91056667,-59.96053333,6.36766E-07
698,265,1,-89.708941,11.488389,-83.890757,249.265055,124.72552,20060313, 03:00:10.0000,-61.9098,-59.956,-61.9094,-59.95371667,-61.9098,-59.956,2.66543E-07
698,266,1,-88.659271,14.629389,-83.181837,249.265055,124.72552,20060313, 03:00:50.0000,-61.90901667,-59.95146667,-61.90861667,-59.9492,-61.90901667,-59.95146667,3.39418E-07
698,267,1,-89.653956,11.634766,-84.444032,249.265055,124.72552,20060313, 03:01:30.0000,-61.90821667,-59.9469,-61.90783333,-59.94465,-61.90821667,-59.9469,2.69939E-07
698,268,1,-87.113793,20.882091,-81.47299,249.265055,124.72552,20060313, 03:02:10.0000,-61.90743333,-59.9424,-61.90703333,-59.94015,-61.90743333,-59.9424,4.84487E-07
698,269,1,-86.593241,23.541231,-82.641771,249.265055,124.72552,20060313, 03:02:50.0000,-61.90663333,-59.9379,-61.90625,-59.93568333,-61.90663333,-59.9379,5.46182E-07
698,270,1,-86.876918,22.052682,-82.917615,249.265055,124.72552,20060313, 03:03:30.0000,-61.90586667,-59.93343333,-61.90546667,-59.93116667,-61.90586667,-59.93343333,5.11646E-07
698,271,1,-87.44697,19.339991,-81.438367,249.265055,124.72552,20060313, 03:04:10.0000,-61.9051,-59.92895,-61.90471667,-59.92673333,-61.9051,-59.92895,4.48709E-07
698,272,1,-86.7065,22.935239,-79.54492,249.265055,124.72552,20060313, 03:04:50.0000,-61.90431667,-59.92451667,-61.90391667,-59.9223,-61.90431667,-59.92451667,5.32122E-07
698,273,1,-87.468064,19.246281,-80.190616,249.265055,124.72552,20060313, 03:05:30.0000,-61.90353333,-59.92006667,-61.90313333,-59.9178,-61.90353333,-59.92006667,4.46534E-07
698,274,1,-88.98118,13.584235,-83.164988,249.265055,124.72552,20060313, 03:06:10.0000,-61.90275,-59.91555,-61.90235,-59.91328333,-61.90275,-59.91555,3.15169E-07
698,275,1,-88.759102,14.296939,-81.419826,249.265055,124.72552,20060313, 03:06:50.0000,-61.90196667,-59.91106667,-61.90158333,-59.90881667,-61.90196667,-59.91106667,3.31704E-07
698,276,1,-90.429281,9.732516,-83.215715,249.265055,124.72552,20060313, 03:07:30.0000,-61.90118333,-59.90656667,-61.90081667,-59.90431667,-61.90118333,-59.90656667,2.25805E-07
698,277,1,-90.774538,8.988754,-84.717104,249.265055,124.72552,20060313, 03:08:10.0000,-61.90045,-59.902,-61.9001,-59.8997,-61.90045,-59.902,2.08549E-07
698,278,1,-89.93588,10.903483,-82.452396,249.265055,124.72552,20060313, 03:08:50.0000,-61.89973333,-59.89743333,-61.89936667,-59.89518333,-61.89973333,-59.89743333,2.52973E-07
698,279,1,-91.460693,7.675099,-85.135046,249.265055,124.72552,20060313, 03:09:30.0000,-61.89898333,-59.89286667,-61.89856667,-59.89066667,-61.89898333,-59.89286667,1.78071E-07
698,280,1,-91.413678,7.758637,-85.643922,249.265055,124.72552,20060313, 03:10:10.0000,-61.8982,-59.88843333,-61.8978,-59.88615,-61.8982,-59.88843333,1.80009E-07
698,281,1,-91.402343,7.778914,-83.430467,249.265055,124.72552,20060313, 03:10:50.0000,-61.89738333,-59.88388333,-61.89698333,-59.8816,-61.89738333,-59.88388333,1.80479E-07
698,282,1,-89.816306,11.207857,-77.843712,249.265055,124.72552,20060313, 03:11:30.0000,-61.89658333,-59.87938333,-61.8962,-59.87715,-61.89658333,-59.87938333,2.60034E-07
698,283,1,-90.372961,9.859552,-77.06657,249.265055,124.72552,20060313, 03:12:10.0000,-61.8958,-59.87486667,-61.89541667,-59.87258333,-61.8958,-59.87486667,2.28752E-07
698,284,1,-93.852052,4.425355,-88.619924,249.265055,124.72552,20060313, 03:12:50.0000,-61.89503333,-59.87031667,-61.89465,-59.86803333,-61.89503333,-59.87031667,1.02673E-07
698,285,1,-93.823377,4.45467,-86.375561,249.265055,124.72552,20060313, 03:13:30.0000,-61.89425,-59.86575,-61.89386667,-59.86348333,-61.89425,-59.86575,1.03353E-07
698,286,1,-81.375381,78.273563,-65.951152,249.265055,124.72552,20060313, 03:14:10.0000,-61.89346667,-59.86121667,-61.89305,-59.85893333,-61.89346667,-59.86121667,1.81603E-06
698,287,1,-95.063632,3.348036,-85.1453,249.265055,124.72552,20060313, 03:14:50.0000,-61.89263333,-59.85665,-61.89221667,-59.85435,-61.89263333,-59.85665,7.7678E-08
698,288,1,-95.714687,2.881938,-88.738114,249.265055,124.72552,20060313, 03:15:30.0000,-61.89183333,-59.85206667,-61.89183333,-59.85206667,-61.89183333,-59.85206667,6.68641E-08
698,289,1,-93.188656,5.1557,-87.749451,249.265055,124.72552,20060313, 03:15:50.0000,-61.89141667,-59.8498,-61.89103333,-59.84751667,-61.89141667,-59.8498,1.19618E-07
698,290,1,-94.97211,3.419339,-88.474562,249.265055,124.72552,20060313, 03:16:30.0000,-61.89061667,-59.84521667,-61.89021667,-59.84295,-61.89061667,-59.84521667,7.93324E-08
698,291,1,-94.254064,4.034102,-90.374159,249.265055,124.72552,20060313, 03:17:10.0000,-61.8898,-59.84065,-61.8894,-59.83836667,-61.8898,-59.84065,9.35955E-08
698,292,1,-95.833625,2.804082,-89.389126,249.265055,124.72552,20060313, 03:17:50.0000,-61.889,-59.8361,-61.8886,-59.83386667,-61.889,-59.8361,6.50577E-08
698,293,1,-83.785315,44.938829,-70.953469,249.265055,124.72552,20060313, 03:18:30.0000,-61.88823333,-59.8316,-61.88781667,-59.82931667,-61.88823333,-59.8316,1.04263E-06
698,294,1,-78.338968,157.491262,-63.824037,249.265055,124.72552,20060313, 03:19:10.0000,-61.88741667,-59.827,-61.887,-59.82471667,-61.88741667,-59.827,3.65397E-06
698,295,1,-83.453138,48.510913,-67.866029,249.265055,124.72552,20060313, 03:19:50.0000,-61.88658333,-59.82243333,-61.8862,-59.82013333,-61.88658333,-59.82243333,1.12551E-06
698,296,1,-94.27588,4.013888,-84.029492,249.265055,124.72552,20060313, 03:20:30.0000,-61.88578333,-59.81785,-61.8854,-59.81551667,-61.88578333,-59.81785,9.31265E-08
698,297,1,-94.052206,4.226031,-85.945907,249.265055,124.72552,20060313, 03:21:10.0000,-61.88498333,-59.81323333,-61.8846,-59.81096667,-61.88498333,-59.81323333,9.80485E-08
698,298,1,-91.348231,7.876443,-86.143334,249.265055,124.72552,20060313, 03:21:50.0000,-61.8842,-59.80865,-61.8838,-59.80633333,-61.8842,-59.80865,1.82742E-07
698,299,1,-92.375801,6.216889,-84.532285,249.265055,124.72552,20060313, 03:22:30.0000,-61.88341667,-59.80401667,-61.88301667,-59.80173333,-61.88341667,-59.80401667,1.44239E-07
698,300,1,-92.069188,6.671669,-83.942058,249.265055,124.72552,20060313, 03:23:10.0000,-61.88261667,-59.79945,-61.88221667,-59.79711667,-61.88261667,-59.79945,1.5479E-07
698,301,1,-93.028403,5.349497,-84.471826,249.265055,124.72552,20060313, 03:23:50.0000,-61.8818,-59.7948,-61.88141667,-59.79248333,-61.8818,-59.7948,1.24114E-07
698,302,1,-89.966627,10.826562,-77.913033,249.265055,124.72552,20060313, 03:24:30.0000,-61.88101667,-59.7902,-61.8806,-59.7879,-61.88101667,-59.7902,2.51188E-07
698,303,1,-85.795931,28.285259,-74.734697,249.265055,124.72552,20060313, 03:25:10.0000,-61.88021667,-59.78556667,-61.8798,-59.78328333,-61.88021667,-59.78556667,6.56249E-07
698,304,1,-90.480867,9.617596,-81.507756,249.265055,124.72552,20060313, 03:25:50.0000,-61.8794,-59.78105,-61.8794,-59.78105,-61.8794,-59.78105,2.23139E-07
698,305,1,-91.8929,6.948055,-80.961289,249.265055,124.72552,20060313, 03:26:10.0000,-61.87901667,-59.77875,-61.87863333,-59.77645,-61.87901667,-59.77875,1.61202E-07
698,306,1,-92.29127,6.339079,-83.621141,249.265055,124.72552,20060313, 03:26:50.0000,-61.87821667,-59.77418333,-61.87783333,-59.77188333,-61.87821667,-59.77418333,1.47073E-07
698,307,1,-92.044526,6.709662,-84.954638,249.265055,124.72552,20060313, 03:27:30.0000,-61.87741667,-59.7696,-61.87703333,-59.76728333,-61.87741667,-59.7696,1.55671E-07
698,308,1,-95.087636,3.329582,-90.056523,249.265055,124.72552,20060313, 03:28:10.0000,-61.87661667,-59.76498333,-61.87621667,-59.7627,-61.87661667,-59.76498333,7.72499E-08
698,309,1,-94.379826,3.918959,-88.20759,249.265055,124.72552,20060313, 03:28:50.0000,-61.87581667,-59.7604,-61.87538333,-59.75806667,-61.87581667,-59.7604,9.09241E-08
698,310,1,-95.876264,2.776686,-88.539421,249.265055,124.72552,20060313, 03:29:30.0000,-61.875,-59.75578333,-61.8746,-59.75348333,-61.875,-59.75578333,6.44221E-08
698,311,1,-93.836942,4.440777,-87.572764,249.265055,124.72552,20060313, 03:30:10.0000,-61.8742,-59.7512,-61.87378333,-59.74893333,-61.8742,-59.7512,1.03031E-07
698,312,1,-94.842907,3.522594,-86.167298,249.265055,124.72552,20060313, 03:30:50.0000,-61.87338333,-59.74665,-61.873,-59.74436667,-61.87338333,-59.74665,8.1728E-08
698,313,1,-97.125998,2.082349,-87.72594,249.265055,124.72552,20060313, 03:31:30.0000,-61.87256667,-59.74208333,-61.87215,-59.73981667,-61.87256667,-59.74208333,4.83127E-08
698,314,1,-97.137241,2.076965,-89.752604,249.265055,124.72552,20060313, 03:32:10.0000,-61.87175,-59.73753333,-61.87131667,-59.73523333,-61.87175,-59.73753333,4.81878E-08
698,315,1,-96.770669,2.259885,-89.373487,249.265055,124.72552,20060313, 03:32:50.0000,-61.87091667,-59.73295,-61.8705,-59.73063333,-61.87091667,-59.73295,5.24318E-08
698,316,1,-93.528706,4.767411,-79.996792,249.265055,124.72552,20060313, 03:33:30.0000,-61.8701,-59.72831667,-61.86968333,-59.72603333,-61.8701,-59.72831667,1.10609E-07
698,317,1,-95.93965,2.736454,-85.244583,249.265055,124.72552,20060313, 03:34:10.0000,-61.86928333,-59.72376667,-61.86886667,-59.72145,-61.86928333,-59.72376667,6.34887E-08
698,318,1,-94.453795,3.852776,-82.864529,249.265055,124.72552,20060313, 03:34:50.0000,-61.86845,-59.7191,-61.86805,-59.71676667,-61.86845,-59.7191,8.93886E-08
698,319,1,-92.95809,5.436812,-84.727958,249.265055,124.72552,20060313, 03:35:30.0000,-61.86766667,-59.71448333,-61.86766667,-59.71448333,-61.86766667,-59.71448333,1.2614E-07
698,320,1,-91.486691,7.629291,-80.781332,249.265055,124.72552,20060313, 03:35:50.0000,-61.86725,-59.71216667,-61.86683333,-59.70985,-61.86725,-59.71216667,1.77008E-07
698,321,1,-92.075136,6.662537,-78.53699,249.265055,124.72552,20060313, 03:36:30.0000,-61.86643333,-59.70756667,-61.86601667,-59.70526667,-61.86643333,-59.70756667,1.54578E-07
698,322,1,-89.994817,10.756514,-75.503851,249.265055,124.72552,20060313, 03:37:10.0000,-61.8656,-59.70295,-61.86518333,-59.70061667,-61.8656,-59.70295,2.49563E-07
698,323,1,-89.670777,11.589788,-76.149854,249.265055,124.72552,20060313, 03:37:50.0000,-61.86476667,-59.6983,-61.86436667,-59.69595,-61.86476667,-59.6983,2.68896E-07
698,324,1,-94.080284,4.198797,-81.958787,249.265055,124.72552,20060313, 03:38:30.0000,-61.86396667,-59.69368333,-61.86358333,-59.69133333,-61.86396667,-59.69368333,9.74166E-08
698,325,1,-96.168905,2.595749,-84.310326,249.265055,124.72552,20060313, 03:39:10.0000,-61.86315,-59.68905,-61.86275,-59.68673333,-61.86315,-59.68905,6.02242E-08
698,326,1,-85.364254,31.241206,-72.000802,249.265055,124.72552,20060313, 03:39:50.0000,-61.86233333,-59.68445,-61.86191667,-59.68216667,-61.86233333,-59.68445,7.2483E-07
698,327,1,-97.231896,2.032187,-88.681971,249.265055,124.72552,20060313, 03:40:30.0000,-61.86148333,-59.67988333,-61.86105,-59.67756667,-61.86148333,-59.67988333,4.71489E-08
698,328,1,-96.25074,2.547295,-88.251263,249.265055,124.72552,20060313, 03:41:10.0000,-61.86063333,-59.67525,-61.86021667,-59.67293333,-61.86063333,-59.67525,5.91E-08
698,329,1,-96.054532,2.665018,-89.440247,249.265055,124.72552,20060313, 03:41:50.0000,-61.8598,-59.6706,-61.8594,-59.66826667,-61.8598,-59.6706,6.18313E-08
698,330,1,-94.98218,3.411421,-82.97903,249.265055,124.72552,20060313, 03:42:30.0000,-61.85901667,-59.6659,-61.85861667,-59.66361667,-61.85901667,-59.6659,7.91486E-08
698,331,1,-93.25619,5.076148,-80.27324,249.265055,124.72552,20060313, 03:43:10.0000,-61.85825,-59.66128333,-61.85783333,-59.65898333,-61.85825,-59.66128333,1.17772E-07
698,332,1,-96.062642,2.660045,-88.336331,249.265055,124.72552,20060313, 03:43:50.0000,-61.85743333,-59.65665,-61.85743333,-59.65665,-61.85743333,-59.65665,6.17159E-08
698,333,1,-97.345679,1.979636,-88.310634,249.265055,124.72552,20060313, 03:44:10.0000,-61.85703333,-59.65431667,-61.85661667,-59.65201667,-61.85703333,-59.65431667,4.59297E-08
698,334,1,-97.824284,1.773066,-87.602442,249.265055,124.72552,20060313, 03:44:50.0000,-61.85621667,-59.6497,-61.85581667,-59.64736667,-61.85621667,-59.6497,4.1137E-08
698,335,1,-94.208514,4.076635,-83.675105,249.265055,124.72552,20060313, 03:45:30.0000,-61.85543333,-59.64505,-61.85501667,-59.64271667,-61.85543333,-59.64505,9.45823E-08
698,336,1,-94.592778,3.731431,-86.863281,249.265055,124.72552,20060313, 03:46:10.0000,-61.85463333,-59.64038333,-61.85425,-59.63803333,-61.85463333,-59.64038333,8.65732E-08
698,337,1,-87.661481,18.407936,-74.281603,249.265055,124.72552,20060313, 03:46:50.0000,-61.85385,-59.63573333,-61.85348333,-59.63341667,-61.85385,-59.63573333,4.27084E-07
698,338,1,-89.05766,13.347111,-76.545244,249.265055,124.72552,20060313, 03:47:30.0000,-61.85308333,-59.63111667,-61.85268333,-59.62878333,-61.85308333,-59.63111667,3.09667E-07
698,339,1,-92.708082,5.758973,-85.746326,249.265055,124.72552,20060313, 03:48:10.0000,-61.85228333,-59.62646667,-61.85188333,-59.62415,-61.85228333,-59.62646667,1.33614E-07
698,340,1,-91.710453,7.24616,-80.682023,249.265055,124.72552,20060313, 03:48:50.0000,-61.85151667,-59.62183333,-61.85118333,-59.61946667,-61.85151667,-59.62183333,1.68119E-07
698,341,1,-89.298077,12.628318,-75.230703,249.265055,124.72552,20060313, 03:49:30.0000,-61.85078333,-59.61713333,-61.8504,-59.61478333,-61.85078333,-59.61713333,2.92991E-07
698,342,1,-93.743071,4.537809,-83.787926,249.265055,124.72552,20060313, 03:50:10.0000,-61.85,-59.61245,-61.8496,-59.6101,-61.85,-59.61245,1.05282E-07
698,343,1,-89.723696,11.449423,-78.344468,249.265055,124.72552,20060313, 03:50:50.0000,-61.84923333,-59.60773333,-61.84923333,-59.60773333,-61.84923333,-59.60773333,2.65639E-07
698,344,1,-90.868938,8.795478,-80.071269,249.265055,124.72552,20060313, 03:51:10.0000,-61.84886667,-59.60538333,-61.8485,-59.60303333,-61.84886667,-59.60538333,2.04065E-07
698,345,1,-75.562841,298.448345,-61.91988,249.265055,124.72552,20060313, 03:51:50.0000,-61.84811667,-59.60068333,-61.84771667,-59.59831667,-61.84811667,-59.60068333,6.92432E-06
698,346,1,-90.013852,10.709472,-77.715106,249.265055,124.72552,20060313, 03:52:30.0000,-61.84733333,-59.59595,-61.84693333,-59.5936,-61.84733333,-59.59595,2.48471E-07
698,347,1,-95.635286,2.935112,-87.643689,249.265055,124.72552,20060313, 03:53:10.0000,-61.84656667,-59.59125,-61.84615,-59.5889,-61.84656667,-59.59125,6.80978E-08
698,348,1,-95.382689,3.110888,-87.023228,249.265055,124.72552,20060313, 03:53:50.0000,-61.84581667,-59.58653333,-61.84546667,-59.58416667,-61.84581667,-59.58653333,7.2176E-08
698,349,1,-95.776632,2.841123,-89.299818,249.265055,124.72552,20060313, 03:54:30.0000,-61.8451,-59.58181667,-61.84473333,-59.57946667,-61.8451,-59.58181667,6.59171E-08
698,350,1,-96.228197,2.560552,-88.239044,249.265055,124.72552,20060313, 03:55:10.0000,-61.84435,-59.57708333,-61.84395,-59.57473333,-61.84435,-59.57708333,5.94076E-08
698,351,1,-93.675494,4.608969,-85.147407,249.265055,124.72552,20060313, 03:55:50.0000,-61.84355,-59.57238333,-61.84316667,-59.57,-61.84355,-59.57238333,1.06933E-07
698,352,1,-91.890056,6.952607,-82.676775,249.265055,124.72552,20060313, 03:56:30.0000,-61.84276667,-59.56763333,-61.84241667,-59.56526667,-61.84276667,-59.56763333,1.61308E-07
698,353,1,-83.275355,50.53796,-69.297013,249.265055,124.72552,20060313, 03:57:10.0000,-61.84203333,-59.56291667,-61.84168333,-59.56055,-61.84203333,-59.56291667,1.17254E-06
698,354,1,-87.040214,21.23889,-74.547312,249.265055,124.72552,20060313, 03:57:50.0000,-61.8413,-59.55818333,-61.8413,-59.55818333,-61.8413,-59.55818333,4.92765E-07
698,355,1,-92.265394,6.376963,-81.563704,249.265055,124.72552,20060313, 03:58:10.0000,-61.84091667,-59.55585,-61.84055,-59.55346667,-61.84091667,-59.55585,1.47952E-07
698,356,1,-81.928415,68.914679,-65.641823,249.265055,124.72552,20060313, 03:58:50.0000,-61.84016667,-59.55115,-61.83978333,-59.54878333,-61.84016667,-59.55115,1.59889E-06
698,357,1,-94.812084,3.547683,-87.085888,249.265055,124.72552,20060313, 03:59:30.0000,-61.8394,-59.54643333,-61.83903333,-59.54406667,-61.8394,-59.54643333,8.23101E-08
698,358,1,-95.287538,3.179798,-88.212955,249.265055,124.72552,20060313, 04:00:10.0000,-61.83865,-59.5417,-61.83828333,-59.53936667,-61.83865,-59.5417,7.37747E-08
698,359,1,-92.867062,5.551969,-83.366644,249.265055,124.72552,20060313, 04:00:50.0000,-61.83791667,-59.53703333,-61.83755,-59.53468333,-61.83791667,-59.53703333,1.28812E-07
698,360,1,-93.876351,4.400663,-85.686233,249.265055,124.72552,20060313, 04:01:30.0000,-61.8372,-59.53231667,-61.83683333,-59.52996667,-61.8372,-59.53231667,1.021E-07
698,361,1,-94.70177,3.638951,-86.396759,249.265055,124.72552,20060313, 04:02:10.0000,-61.83646667,-59.52761667,-61.83611667,-59.5253,-61.83646667,-59.52761667,8.44276E-08
698,362,1,-91.885831,6.959374,-78.515934,249.265055,124.72552,20060313, 04:02:50.0000,-61.83573333,-59.52295,-61.83535,-59.52058333,-61.83573333,-59.52295,1.61465E-07
698,363,1,-87.855882,17.602123,-74.663014,249.265055,124.72552,20060313, 04:03:30.0000,-61.83496667,-59.51823333,-61.83458333,-59.5159,-61.83496667,-59.51823333,4.08388E-07
698,364,1,-90.167597,10.336978,-78.493234,249.265055,124.72552,20060313, 04:04:10.0000,-61.8342,-59.51355,-61.83383333,-59.5112,-61.8342,-59.51355,2.39829E-07
698,365,1,-86.455027,24.302475,-74.827304,249.265055,124.72552,20060313, 04:04:50.0000,-61.83346667,-59.50883333,-61.83346667,-59.50883333,-61.83346667,-59.50883333,5.63844E-07
698,366,1,-85.284146,31.82282,-72.947136,249.265055,124.72552,20060313, 04:05:10.0000,-61.83308333,-59.50645,-61.83271667,-59.50413333,-61.83308333,-59.50645,7.38324E-07
698,367,1,-93.777257,4.502228,-85.131403,249.265055,124.72552,20060313, 04:05:50.0000,-61.83233333,-59.50176667,-61.83196667,-59.49945,-61.83233333,-59.50176667,1.04457E-07
698,368,1,-93.517728,4.779478,-83.600534,249.265055,124.72552,20060313, 04:06:30.0000,-61.8316,-59.49713333,-61.8312,-59.49476667,-61.8316,-59.49713333,1.10889E-07
698,369,1,-93.618959,4.66936,-86.664709,249.265055,124.72552,20060313, 04:07:10.0000,-61.83083333,-59.49245,-61.83045,-59.4901,-61.83083333,-59.49245,1.08334E-07
698,370,1,-86.462085,24.263016,-75.252018,249.265055,124.72552,20060313, 04:07:50.0000,-61.83006667,-59.4878,-61.8297,-59.48551667,-61.83006667,-59.4878,5.62928E-07
698,371,1,-76.39607,246.346406,-63.737814,249.265055,124.72552,20060313, 04:08:30.0000,-61.82935,-59.48318333,-61.829,-59.48085,-61.82935,-59.48318333,5.7155E-06
698,372,1,-77.359721,197.324549,-64.752362,249.265055,124.72552,20060313, 04:09:10.0000,-61.82868333,-59.47851667,-61.82835,-59.47621667,-61.82868333,-59.47851667,4.57814E-06
698,373,1,-77.904176,174.07468,-64.25442,249.265055,124.72552,20060313, 04:09:50.0000,-61.828,-59.47388333,-61.82763333,-59.4716,-61.828,-59.47388333,4.03872E-06
698,374,1,-84.193141,40.910913,-69.715073,249.265055,124.72552,20060313, 04:10:30.0000,-61.82726667,-59.46926667,-61.8269,-59.46696667,-61.82726667,-59.46926667,9.49177E-07
698,375,1,-85.887225,27.696871,-71.673093,249.265055,124.72552,20060313, 04:11:10.0000,-61.82655,-59.46461667,-61.82618333,-59.46228333,-61.82655,-59.46461667,6.42597E-07
698,376,1,-87.319018,19.91826,-74.036214,249.265055,124.72552,20060313, 04:11:50.0000,-61.82583333,-59.45995,-61.82546667,-59.45765,-61.82583333,-59.45995,4.62125E-07
698,377,1,-85.820615,28.124948,-70.902369,249.265055,124.72552,20060313, 04:12:30.0000,-61.82513333,-59.45528333,-61.82478333,-59.45298333,-61.82513333,-59.45528333,6.52529E-07
698,378,1,-89.089121,13.250771,-76.2377,249.265055,124.72552,20060313, 04:13:10.0000,-61.82441667,-59.45065,-61.82403333,-59.44833333,-61.82441667,-59.45065,3.07432E-07
698,379,1,-94.022793,4.254749,-82.213289,249.265055,124.72552,20060313, 04:13:50.0000,-61.8237,-59.44603333,-61.82333333,-59.4437,-61.8237,-59.44603333,9.87148E-08
698,380,1,-92.770394,5.676934,-81.446811,249.265055,124.72552,20060313, 04:14:30.0000,-61.823,-59.4414,-61.823,-59.4414,-61.823,-59.4414,1.31711E-07
698,381,1,-93.216819,5.122375,-79.276033,249.265055,124.72552,20060313, 04:14:50.0000,-61.82265,-59.43911667,-61.82228333,-59.43681667,-61.82265,-59.43911667,1.18845E-07
698,382,1,-95.349414,3.134814,-83.801413,249.265055,124.72552,20060313, 04:15:30.0000,-61.82191667,-59.4345,-61.82155,-59.43225,-61.82191667,-59.4345,7.27311E-08
698,383,1,-98.101281,1.663509,-92.111054,249.265055,124.72552,20060313, 04:16:10.0000,-61.82118333,-59.42991667,-61.82078333,-59.4276,-61.82118333,-59.42991667,3.85952E-08
698,384,1,-94.23733,4.049676,-85.894215,249.265055,124.72552,20060313, 04:16:50.0000,-61.82043396,-59.42530407,-61.82006667,-59.423,-61.82043396,-59.42530407,9.39568E-08
698,385,1,-93.328021,4.99288,-87.782243,249.265055,124.72552,20060313, 04:17:30.0000,-61.8197,-59.4207,-61.81933333,-59.41845,-61.8197,-59.4207,1.1584E-07
698,386,1,-95.980222,2.71101,-84.712573,249.265055,124.72552,20060313, 04:18:10.0000,-61.81896667,-59.41618333,-61.8186,-59.41391667,-61.81896667,-59.41618333,6.28984E-08
698,387,1,-95.236434,3.217435,-84.434549,249.265055,124.72552,20060313, 04:18:50.0000,-61.81823333,-59.41163333,-61.81785,-59.40935,-61.81823333,-59.41163333,7.4648E-08
698,388,1,-94.549901,3.768453,-83.678006,249.265055,124.72552,20060313, 04:19:30.0000,-61.8175,-59.40713333,-61.81713333,-59.40485,-61.8175,-59.40713333,8.74322E-08
698,389,1,-94.311498,3.981103,-85.256736,249.265055,124.72552,20060313, 04:20:10.0000,-61.81676667,-59.40256667,-61.81638333,-59.40021667,-61.81676667,-59.40256667,9.23659E-08
698,390,1,-91.445,7.702881,-78.41898,249.265055,124.72552,20060313, 04:20:50.0000,-61.81601667,-59.39798333,-61.81563333,-59.39568333,-61.81601667,-59.39798333,1.78715E-07
698,391,1,-96.171514,2.59419,-86.369092,249.265055,124.72552,20060313, 04:21:30.0000,-61.81531667,-59.39343333,-61.81493333,-59.39111667,-61.81531667,-59.39343333,6.0188E-08
698,392,1,-92.417008,6.158181,-80.192536,249.265055,124.72552,20060313, 04:22:10.0000,-61.81458474,-59.38888944,-61.81425023,-59.38661817,-61.81458474,-59.38888944,1.42876E-07
698,393,1,-86.644728,23.263786,-72.917525,249.265055,124.72552,20060313, 04:22:50.0000,-61.81386731,-59.38437088,-61.81350066,-59.3821043,-61.81386731,-59.38437088,5.39745E-07
698,394,1,-88.504963,15.158526,-76.091313,249.265055,124.72552,20060313, 04:23:30.0000,-61.81311667,-59.37981667,-61.81275,-59.37753333,-61.81311667,-59.37981667,3.51694E-07
698,395,1,-86.187084,25.849063,-72.665714,249.265055,124.72552,20060313, 04:24:10.0000,-61.81235,-59.37523333,-61.81196667,-59.373,-61.81235,-59.37523333,5.99726E-07
698,396,1,-81.95224,68.537657,-67.159935,249.265055,124.72552,20060313, 04:24:50.0000,-61.81161667,-59.37073333,-61.81125,-59.36845,-61.81161667,-59.37073333,1.59015E-06
698,397,1,-79.197221,129.250178,-65.861405,249.265055,124.72552,20060313, 04:25:30.0000,-61.81088333,-59.3662,-61.81051667,-59.36395,-61.81088333,-59.3662,2.99874E-06
698,398,1,-82.1096,66.098749,-69.419056,249.265055,124.72552,20060313, 04:26:10.0000,-61.81016667,-59.36168333,-61.8098,-59.35941667,-61.81016667,-59.36168333,1.53356E-06
698,399,1,-79.714144,114.74634,-67.968173,249.265055,124.72552,20060313, 04:26:50.0000,-61.80943333,-59.35716667,-61.80908333,-59.35491667,-61.80943333,-59.35716667,2.66224E-06
698,400,1,-80.24567,101.528096,-68.422193,249.265055,124.72552,20060313, 04:27:30.0000,-61.80871667,-59.35265,-61.80833333,-59.35038333,-61.80871667,-59.35265,2.35556E-06
698,401,1,-82.587069,59.216984,-68.82783,249.265055,124.72552,20060313, 04:28:10.0000,-61.80796667,-59.3481,-61.80761667,-59.34586667,-61.80796667,-59.3481,1.3739E-06
698,402,1,-79.14968,130.672813,-67.182357,249.265055,124.72552,20060313, 04:28:50.0000,-61.80728333,-59.3436,-61.80693333,-59.34136667,-61.80728333,-59.3436,3.03175E-06
698,403,1,-77.064975,211.18145,-64.572094,249.265055,124.72552,20060313, 04:29:30.0000,-61.8066,-59.33915,-61.80626667,-59.3369,-61.8066,-59.33915,4.89964E-06
698,404,1,-81.536069,75.430385,-69.136818,249.265055,124.72552,20060313, 04:30:10.0000,-61.8059,-59.33465,-61.80555,-59.33238333,-61.8059,-59.33465,1.75007E-06
698,405,1,-78.550682,149.997842,-66.786055,249.265055,124.72552,20060313, 04:30:50.0000,-61.80518333,-59.33013333,-61.80483333,-59.32788333,-61.80518333,-59.33013333,3.48011E-06
698,406,1,-80.600603,93.560587,-68.384474,249.265055,124.72552,20060313, 04:31:30.0000,-61.80446667,-59.32568333,-61.80411667,-59.3235,-61.80446667,-59.32568333,2.17071E-06
698,407,1,-80.221904,102.085215,-69.384552,249.265055,124.72552,20060313, 04:32:10.0000,-61.80373333,-59.32125,-61.80338333,-59.319,-61.80373333,-59.32125,2.36849E-06
698,408,1,-80.194403,102.7337,-69.416005,249.265055,124.72552,20060313, 04:32:50.0000,-61.80303429,-59.31679006,-61.80266765,-59.31459021,-61.80303429,-59.31679006,2.38353E-06
698,409,1,-77.885587,174.82137,-66.576763,249.265055,124.72552,20060313, 04:33:30.0000,-61.80231667,-59.31235,-61.80193333,-59.31015,-61.80231667,-59.31235,4.05604E-06
698,410,1,-78.263814,160.240337,-66.8697,249.265055,124.72552,20060313, 04:34:10.0000,-61.80158333,-59.30786667,-61.8012,-59.30561667,-61.80158333,-59.30786667,3.71775E-06
698,411,1,-76.79856,224.541829,-65.446249,249.265055,124.72552,20060313, 04:34:50.0000,-61.80083432,-59.30340638,-61.80046814,-59.30117305,-61.80083432,-59.30340638,5.20961E-06
698,412,1,-76.033196,267.81424,-64.809565,249.265055,124.72552,20060313, 04:35:30.0000,-61.8001,-59.29898333,-61.79973432,-59.29678971,-61.8001,-59.29898333,6.21358E-06
698,413,1,-76.041981,267.273027,-65.021263,249.265055,124.72552,20060313, 04:36:10.0000,-61.79936667,-59.29453333,-61.79900097,-59.29233965,-61.79936667,-59.29453333,6.20102E-06
698,414,1,-74.87491,349.673101,-63.737196,249.265055,124.72552,20060313, 04:36:50.0000,-61.79865095,-59.29010666,-61.7983,-59.28786667,-61.79865095,-59.29010666,8.11279E-06
698,415,1,-76.089446,264.367821,-64.262383,249.265055,124.72552,20060313, 04:37:30.0000,-61.79793333,-59.28561667,-61.79755,-59.28338333,-61.79793333,-59.28561667,6.13362E-06
698,416,1,-77.000892,214.320655,-64.138722,249.265055,124.72552,20060313, 04:38:10.0000,-61.79716667,-59.28116667,-61.79681667,-59.27896667,-61.79716667,-59.28116667,4.97247E-06
698,417,1,-77.371337,196.797485,-64.813298,249.265055,124.72552,20060313, 04:38:50.0000,-61.79643333,-59.27675,-61.7961,-59.27453333,-61.79643333,-59.27675,4.56591E-06
698,418,1,-76.243385,255.161259,-62.988473,249.265055,124.72552,20060313, 04:39:30.0000,-61.79571667,-59.27228333,-61.79533476,-59.27002332,-61.79571667,-59.27228333,5.92002E-06
698,419,1,-76.914775,218.612857,-63.672749,249.265055,124.72552,20060313, 04:40:10.0000,-61.79498333,-59.2678,-61.7946,-59.26556667,-61.79498333,-59.2678,5.07205E-06
698,420,1,-75.365769,312.303107,-62.040035,249.265055,124.72552,20060313, 04:40:50.0000,-61.79425191,-59.26335829,-61.79391794,-59.26112559,-61.79425191,-59.26335829,7.24577E-06
698,421,1,-79.79209,112.705282,-66.370963,249.265055,124.72552,20060313, 04:41:30.0000,-61.79356667,-59.25883333,-61.79321667,-59.2566,-61.79356667,-59.25883333,2.61488E-06
698,422,1,-83.636109,46.509571,-70.02423,249.265055,124.72552,20060313, 04:42:10.0000,-61.79286667,-59.25438333,-61.79246667,-59.25216667,-61.79286667,-59.25438333,1.07907E-06
698,423,1,-80.479648,96.20295,-67.960185,249.265055,124.72552,20060313, 04:42:50.0000,-61.7921,-59.24995,-61.79173333,-59.24768333,-61.7921,-59.24995,2.23201E-06
698,424,1,-82.600868,59.029141,-71.008179,249.265055,124.72552,20060313, 04:43:30.0000,-61.79136667,-59.24541667,-61.791,-59.2432,-61.79136667,-59.24541667,1.36954E-06
698,425,1,-80.430576,97.296139,-68.882034,249.265055,124.72552,20060313, 04:44:10.0000,-61.7906,-59.24096667,-61.79026667,-59.23871667,-61.7906,-59.24096667,2.25738E-06
698,426,1,-80.148257,103.831118,-68.337858,249.265055,124.72552,20060313, 04:44:50.0000,-61.7899,-59.2365,-61.78951667,-59.23428333,-61.7899,-59.2365,2.40899E-06
698,427,1,-80.513883,95.447582,-68.662409,249.265055,124.72552,20060313, 04:45:30.0000,-61.78916667,-59.23205,-61.7888,-59.22981667,-61.78916667,-59.23205,2.21449E-06
698,428,1,-80.199018,102.624579,-68.134814,249.265055,124.72552,20060313, 04:46:10.0000,-61.78848333,-59.2276,-61.7881,-59.22536667,-61.78848333,-59.2276,2.381E-06
698,429,1,-77.467349,192.494494,-63.860211,249.265055,124.72552,20060313, 04:46:50.0000,-61.78775,-59.22313333,-61.78736667,-59.22088333,-61.78775,-59.22313333,4.46608E-06
698,430,1,-76.863248,221.222075,-62.904301,249.265055,124.72552,20060313, 04:47:30.0000,-61.78703333,-59.21866667,-61.78666667,-59.2164,-61.78703333,-59.21866667,5.13259E-06
698,431,1,-83.007396,53.754348,-68.812356,249.265055,124.72552,20060313, 04:48:10.0000,-61.78628333,-59.21418333,-61.78593333,-59.21193333,-61.78628333,-59.21418333,1.24716E-06
698,432,1,-79.554355,119.046807,-66.886797,249.265055,124.72552,20060313, 04:48:50.0000,-61.78555,-59.20971667,-61.78521667,-59.20743333,-61.78555,-59.20971667,2.76201E-06
698,433,1,-84.36078,39.361824,-72.450101,249.265055,124.72552,20060313, 04:49:30.0000,-61.78485,-59.20523333,-61.78448333,-59.20298333,-61.78485,-59.20523333,9.13237E-07
698,434,1,-89.121868,13.151231,-75.141842,249.265055,124.72552,20060313, 04:50:10.0000,-61.78413333,-59.20071667,-61.78378333,-59.19845,-61.78413333,-59.20071667,3.05123E-07
698,435,1,-93.984541,4.29239,-85.179419,249.265055,124.72552,20060313, 04:50:50.0000,-61.78341667,-59.19618333,-61.7830669,-59.19391828,-61.78341667,-59.19618333,9.95881E-08
698,436,1,-94.25613,4.032183,-88.864238,249.265055,124.72552,20060313, 04:51:30.0000,-61.7827,-59.1917,-61.78231667,-59.18943333,-61.7827,-59.1917,9.3551E-08
698,437,1,-92.352964,6.249667,-79.210801,249.265055,124.72552,20060313, 04:52:10.0000,-61.78195,-59.18721667,-61.78158333,-59.18498333,-61.78195,-59.18721667,1.44999E-07
698,438,1,-91.668126,7.317128,-79.011417,249.265055,124.72552,20060313, 04:52:50.0000,-61.78121867,-59.1827587,-61.78083467,-59.1805087,-61.78121867,-59.1827587,1.69765E-07
698,439,1,-89.571274,11.858394,-74.211589,249.265055,124.72552,20060313, 04:53:30.0000,-61.78045,-59.17826667,-61.78005,-59.17606667,-61.78045,-59.17826667,2.75128E-07
698,440,1,-87.820936,17.744333,-74.029585,249.265055,124.72552,20060313, 04:54:10.0000,-61.77965201,-59.17380938,-61.77928333,-59.17156667,-61.77965201,-59.17380938,4.11688E-07
698,441,1,-83.2812,50.469991,-69.538157,249.265055,124.72552,20060313, 04:54:50.0000,-61.77893467,-59.16937536,-61.77856667,-59.16715,-61.77893467,-59.16937536,1.17096E-06
698,442,1,-87.066021,21.113059,-73.941607,249.265055,124.72552,20060313, 04:55:30.0000,-61.77818463,-59.16489241,-61.77780131,-59.16265851,-61.77818463,-59.16489241,4.89846E-07
698,443,1,-85.731758,28.706313,-71.803935,249.265055,124.72552,20060313, 04:56:10.0000,-61.77743464,-59.16047519,-61.77703333,-59.15823333,-61.77743464,-59.16047519,6.66017E-07
698,444,1,-74.175215,410.801187,-59.997115,249.265055,124.72552,20060313, 04:56:50.0000,-61.77665,-59.15601667,-61.77628333,-59.15376667,-61.77665,-59.15601667,9.53103E-06
698,445,1,-93.741157,4.539808,-82.39563,249.265055,124.72552,20060313, 04:57:30.0000,-61.77595,-59.15155,-61.77558333,-59.14933333,-61.77595,-59.15155,1.05328E-07
698,446,1,-78.544874,150.198584,-63.172272,249.265055,124.72552,20060313, 04:58:10.0000,-61.77521667,-59.14711667,-61.77486667,-59.1449,-61.77521667,-59.14711667,3.48477E-06
698,447,1,-75.850428,279.325394,-59.636799,249.265055,124.72552,20060313, 04:58:50.0000,-61.77450034,-59.1427016,-61.77413333,-59.14053333,-61.77450034,-59.1427016,6.48065E-06
698,448,1,-96.046439,2.669988,-90.956281,249.265055,124.72552,20060313, 04:59:30.0000,-61.77378333,-59.13835,-61.77341667,-59.13616667,-61.77378333,-59.13835,6.19466E-08
698,449,1,-92.933195,5.468066,-85.470235,249.265055,124.72552,20060313, 05:00:10.0000,-61.77306749,-59.13396146,-61.77271667,-59.1318,-61.77306749,-59.13396146,1.26865E-07
698,450,1,-95.928443,2.743525,-89.746841,249.265055,124.72552,20060313, 05:00:50.0000,-61.77238333,-59.12961667,-61.77203333,-59.12741667,-61.77238333,-59.12961667,6.36528E-08
698,451,1,-94.60457,3.721314,-88.136838,249.265055,124.72552,20060313, 05:01:30.0000,-61.7717,-59.12525,-61.77136765,-59.12308972,-61.7717,-59.12525,8.63385E-08
698,452,1,-90.317904,9.985339,-79.117631,249.265055,124.72552,20060313, 05:02:10.0000,-61.77103333,-59.1209,-61.77065,-59.11875,-61.77103333,-59.1209,2.31671E-07
698,453,1,-92.811551,5.623389,-87.44909,249.265055,124.72552,20060313, 05:02:50.0000,-61.7703,-59.11656667,-61.76996717,-59.11439035,-61.7703,-59.11656667,1.30469E-07
698,454,1,-92.617151,5.880823,-86.757642,249.265055,124.72552,20060313, 05:03:30.0000,-61.76960098,-59.11220638,-61.76926667,-59.11001667,-61.76960098,-59.11220638,1.36441E-07
698,455,1,-91.5583,7.504525,-85.420218,249.265055,124.72552,20060313, 05:04:10.0000,-61.76893481,-59.10780638,-61.7686,-59.10563333,-61.76893481,-59.10780638,1.74113E-07
698,456,1,-90.196416,10.26861,-83.899864,249.265055,124.72552,20060313, 05:04:50.0000,-61.76823333,-59.10345,-61.76786767,-59.10130652,-61.76823333,-59.10345,2.38243E-07
698,457,1,-81.259659,80.387271,-65.020429,249.265055,124.72552,20060313, 05:05:30.0000,-61.7675,-59.09915,-61.767151,-59.09698985,-61.7675,-59.09915,1.86507E-06
698,458,1,-73.827954,444.99777,-59.567284,249.265055,124.72552,20060313, 05:06:30.0000,-61.7668,-59.09483333,-61.76606667,-59.09053333,-61.76641667,-59.0927,1.03244E-05
698,459,1,-93.470504,4.831732,-86.983382,249.265055,124.72552,20060313, 05:07:10.0000,-61.76568333,-59.08836667,-61.7653,-59.0862,-61.76568333,-59.08836667,1.12101E-07
698,460,1,-91.841373,7.030981,-86.075011,249.265055,124.72552,20060313, 05:07:50.0000,-61.76495,-59.08401667,-61.7646005,-59.08185653,-61.76495,-59.08401667,1.63126E-07
698,461,1,-91.537014,7.541397,-84.712095,249.265055,124.72552,20060313, 05:08:30.0000,-61.76421667,-59.07965,-61.76386765,-59.07750638,-61.76421667,-59.07965,1.74969E-07
698,462,1,-85.257043,32.022038,-69.336846,249.265055,124.72552,20060313, 05:09:10.0000,-61.76351667,-59.0753,-61.76316667,-59.07315,-61.76351667,-59.0753,7.42946E-07
698,463,1,-89.589046,11.809965,-75.998496,249.265055,124.72552,20060313, 05:09:50.0000,-61.76281667,-59.07091667,-61.76245,-59.06875,-61.76281667,-59.07091667,2.74004E-07
698,464,1,-92.973601,5.417427,-84.308406,249.265055,124.72552,20060313, 05:10:30.0000,-61.7621,-59.06658333,-61.76171667,-59.06443333,-61.7621,-59.06658333,1.2569E-07
698,465,1,-87.040697,21.236529,-72.388641,249.265055,124.72552,20060313, 05:11:10.0000,-61.76131667,-59.06225,-61.76093333,-59.06006667,-61.76131667,-59.06225,4.9271E-07
698,466,1,-93.930605,4.34603,-89.57442,249.265055,124.72552,20060313, 05:11:50.0000,-61.76056667,-59.0579,-61.76016667,-59.0557,-61.76056667,-59.0579,1.00833E-07
698,467,1,-95.28363,3.18266,-87.303902,249.265055,124.72552,20060313, 05:12:30.0000,-61.75981667,-59.05356667,-61.75946751,-59.05137768,-61.75981667,-59.05356667,7.38411E-08
698,468,1,-95.745515,2.861553,-89.940674,249.265055,124.72552,20060313, 05:13:10.0000,-61.75908333,-59.04918333,-61.75871667,-59.04701667,-61.75908333,-59.04918333,6.63911E-08
698,469,1,-95.946113,2.732385,-88.36756,249.265055,124.72552,20060313, 05:13:50.0000,-61.75835169,-59.04484435,-61.75796667,-59.0426,-61.75835169,-59.04484435,6.33943E-08
698,470,1,-97.285487,2.007264,-89.005142,249.265055,124.72552,20060313, 05:14:30.0000,-61.75758402,-59.04045409,-61.7572,-59.03823333,-61.75758402,-59.04045409,4.65707E-08
698,471,1,-98.599408,1.483244,-89.770018,249.265055,124.72552,20060313, 05:15:10.0000,-61.7567843,-59.03603753,-61.75640068,-59.03382144,-61.7567843,-59.03603753,3.44129E-08
698,472,1,-98.497151,1.518582,-90.18337,249.265055,124.72552,20060313, 05:15:50.0000,-61.75601834,-59.03164506,-61.75563333,-59.02946667,-61.75601834,-59.03164506,3.52327E-08
698,473,1,-98.810421,1.412899,-91.7137,249.265055,124.72552,20060313, 05:16:30.0000,-61.7552358,-59.02729401,-61.75485,-59.02506667,-61.7552358,-59.02729401,3.27808E-08
698,474,1,-97.501615,1.909817,-88.114889,249.265055,124.72552,20060313, 05:17:10.0000,-61.75445,-59.02285,-61.75403333,-59.02068333,-61.75445,-59.02285,4.43098E-08
698,475,1,-97.924013,1.732814,-87.579536,249.265055,124.72552,20060313, 05:17:50.0000,-61.75368333,-59.01846667,-61.7533,-59.0163,-61.75368333,-59.01846667,4.02032E-08
698,476,1,-79.104722,132.032565,-63.955853,249.265055,124.72552,20060313, 05:18:30.0000,-61.75291667,-59.01406667,-61.75251667,-59.01191667,-61.75291667,-59.01406667,3.0633E-06
698,477,1,-97.756028,1.801152,-85.451754,249.265055,124.72552,20060313, 05:19:10.0000,-61.75211667,-59.00968333,-61.75170034,-59.00746815,-61.75211667,-59.00968333,4.17887E-08
698,478,1,-94.989306,3.405827,-85.728624,249.265055,124.72552,20060313, 05:19:50.0000,-61.75131667,-59.00525,-61.75095101,-59.00305709,-61.75131667,-59.00525,7.90189E-08
698,479,1,-98.800841,1.416019,-91.918634,249.265055,124.72552,20060313, 05:20:30.0000,-61.75055,-59.00083333,-61.75018333,-58.99865,-61.75055,-59.00083333,3.28532E-08
698,480,1,-96.370541,2.477988,-81.773903,249.265055,124.72552,20060313, 05:21:10.0000,-61.74983333,-58.99648333,-61.74946667,-58.99433333,-61.74983333,-58.99648333,5.7492E-08
698,481,1,-99.326902,1.254478,-91.096898,249.265055,124.72552,20060313, 05:21:50.0000,-61.74908538,-58.9921429,-61.7486847,-58.98994221,-61.74908538,-58.9921429,2.91052E-08
698,482,1,-100.375628,0.98535,-93.352158,249.265055,124.72552,20060313, 05:22:30.0000,-61.74833333,-58.98775,-61.74796667,-58.98556667,-61.74833333,-58.98775,2.28612E-08
698,483,1,-100.460814,0.966211,-90.536589,249.265055,124.72552,20060313, 05:23:10.0000,-61.74761667,-58.98343333,-61.74725,-58.98126667,-61.74761667,-58.98343333,2.24171E-08
698,484,1,-97.228367,2.033839,-88.615528,249.265055,124.72552,20060313, 05:23:50.0000,-61.74686667,-58.9791,-61.7465,-58.97693333,-61.74686667,-58.9791,4.71873E-08
698,485,1,-97.088307,2.100499,-88.043661,249.265055,124.72552,20060313, 05:24:30.0000,-61.74613333,-58.97475,-61.74575,-58.97256667,-61.74613333,-58.97475,4.87339E-08
698,486,1,-100.042305,1.063954,-90.680514,249.265055,124.72552,20060313, 05:25:10.0000,-61.74536667,-58.97041667,-61.74501803,-58.96820889,-61.74536667,-58.97041667,2.46849E-08
698,487,1,-99.297576,1.262978,-89.970364,249.265055,124.72552,20060313, 05:25:50.0000,-61.74466803,-58.96602556,-61.7443,-58.96385,-61.74466803,-58.96602556,2.93024E-08
698,488,1,-99.465087,1.215191,-90.058989,249.265055,124.72552,20060313, 05:26:30.0000,-61.74393333,-58.96163333,-61.74355,-58.95945,-61.74393333,-58.96163333,2.81937E-08
698,489,1,-98.732912,1.438342,-88.961003,249.265055,124.72552,20060313, 05:27:30.0000,-61.7432,-58.95726667,-61.74246667,-58.95295,-61.74283333,-58.95513333,3.33711E-08
698,490,1,-97.546917,1.889999,-89.567216,249.265055,124.72552,20060313, 05:28:10.0000,-61.74210169,-58.95076183,-61.74175,-58.94855,-61.74210169,-58.95076183,4.385E-08
698,491,1,-98.36207,1.566557,-86.69911,249.265055,124.72552,20060313, 05:28:50.0000,-61.74138333,-58.94641667,-61.74101667,-58.94425,-61.74138333,-58.94641667,3.63458E-08
698,492,1,-93.645679,4.640719,-79.048351,249.265055,124.72552,20060313, 05:29:30.0000,-61.74063333,-58.94211667,-61.74028333,-58.93993333,-61.74063333,-58.94211667,1.0767E-07
698,493,1,-99.699883,1.151237,-91.947159,249.265055,124.72552,20060313, 05:30:10.0000,-61.73991667,-58.93773333,-61.73955,-58.93558333,-61.73991667,-58.93773333,2.671E-08
698,494,1,-98.230237,1.61484,-92.343317,249.265055,124.72552,20060313, 05:30:50.0000,-61.73918333,-58.9334,-61.7388187,-58.93122986,-61.73918333,-58.9334,3.7466E-08
698,495,1,-89.601824,11.775268,-73.244481,249.265055,124.72552,20060313, 05:31:30.0000,-61.73841667,-58.92905,-61.7380687,-58.9268642,-61.73841667,-58.92905,2.73199E-07
698,496,1,-78.360976,156.695181,-63.670541,249.265055,124.72552,20060313, 05:32:10.0000,-61.73768436,-58.92470614,-61.73731812,-58.92252297,-61.73768436,-58.92470614,3.6355E-06
698,497,1,-79.666507,116.011906,-66.656813,249.265055,124.72552,20060313, 05:32:50.0000,-61.73696865,-58.92036292,-61.73660304,-58.91817986,-61.73696865,-58.92036292,2.6916E-06
698,498,1,-86.02365,26.840354,-72.076951,249.265055,124.72552,20060313, 05:33:30.0000,-61.73625104,-58.91600673,-61.73586965,-58.91381292,-61.73625104,-58.91600673,6.22725E-07
698,499,1,-85.028983,33.748539,-72.483217,249.265055,124.72552,20060313, 05:34:10.0000,-61.7355,-58.91156667,-61.73513333,-58.90936667,-61.7355,-58.91156667,7.83002E-07
698,500,1,-79.758066,113.591703,-67.104687,249.265055,124.72552,20060313, 05:34:50.0000,-61.73478534,-58.90712972,-61.73443437,-58.90495673,-61.73478534,-58.90712972,2.63545E-06
698,501,1,-77.993724,170.522154,-66.100546,249.265055,124.72552,20060313, 05:35:30.0000,-61.7341,-58.90276667,-61.7337348,-58.90057304,-61.7341,-58.90276667,3.9563E-06
698,502,1,-77.94037,172.629993,-66.224548,249.265055,124.72552,20060313, 05:36:10.0000,-61.7334,-58.89835,-61.73301667,-58.89618333,-61.7334,-58.89835,4.0052E-06
698,503,1,-79.94079,108.911618,-67.442722,249.265055,124.72552,20060313, 05:36:50.0000,-61.73266782,-58.89401505,-61.73228333,-58.89183333,-61.73266782,-58.89401505,2.52687E-06
698,504,1,-82.027542,67.359521,-68.640712,249.265055,124.72552,20060313, 05:37:30.0000,-61.73191667,-58.88961667,-61.73153437,-58.88744006,-61.73191667,-58.88961667,1.56281E-06
698,505,1,-85.121612,33.036349,-70.826955,249.265055,124.72552,20060313, 05:38:10.0000,-61.73116865,-58.88519724,-61.73080139,-58.88295972,-61.73116865,-58.88519724,7.66479E-07
698,506,1,-85.711126,28.843014,-72.518409,249.265055,124.72552,20060313, 05:38:50.0000,-61.73041866,-58.88074198,-61.73003544,-58.87849317,-61.73041866,-58.88074198,6.69189E-07
698,507,1,-82.419501,61.546471,-67.767397,249.265055,124.72552,20060313, 05:39:30.0000,-61.72970054,-58.8762737,-61.72931832,-58.87402661,-61.72970054,-58.8762737,1.42794E-06
698,508,1,-81.345173,78.819909,-67.025371,249.265055,124.72552,20060313, 05:40:10.0000,-61.72893333,-58.8718,-61.72855254,-58.86962853,-61.72893333,-58.8718,1.82871E-06
698,509,1,-82.585059,59.24441,-68.734737,249.265055,124.72552,20060313, 05:40:50.0000,-61.72816764,-58.86743785,-61.72778333,-58.86525,-61.72816764,-58.86743785,1.37453E-06
698,510,1,-82.656248,58.281194,-69.620065,249.265055,124.72552,20060313, 05:41:30.0000,-61.7274,-58.86305,-61.72703333,-58.86083333,-61.7274,-58.86305,1.35219E-06
698,511,1,-79.34098,125.041801,-69.202555,249.265055,124.72552,20060313, 05:42:10.0000,-61.7266684,-58.85861211,-61.72626667,-58.85635,-61.7266684,-58.85861211,2.9011E-06
698,512,1,-81.064675,84.078642,-68.654494,249.265055,124.72552,20060313, 05:42:50.0000,-61.7259,-58.85413333,-61.7255,-58.85195,-61.7259,-58.85413333,1.95072E-06
698,513,1,-82.42152,61.517866,-70.363293,249.265055,124.72552,20060313, 05:43:30.0000,-61.72511667,-58.8497,-61.72473333,-58.84748333,-61.72511667,-58.8497,1.42728E-06
698,514,1,-79.92251,109.371025,-67.508061,249.265055,124.72552,20060313, 05:44:10.0000,-61.72435,-58.84521667,-61.72398333,-58.84296667,-61.72435,-58.84521667,2.53753E-06
698,515,1,-82.377782,62.140542,-70.211962,249.265055,124.72552,20060313, 05:44:50.0000,-61.72358333,-58.84076667,-61.723234,-58.83852134,-61.72358333,-58.84076667,1.44173E-06
698,516,1,-82.342795,62.643176,-69.828023,249.265055,124.72552,20060313, 05:45:30.0000,-61.72286667,-58.83631667,-61.7225,-58.8341,-61.72286667,-58.83631667,1.45339E-06
698,517,1,-84.993053,34.028905,-72.513484,249.265055,124.72552,20060313, 05:46:10.0000,-61.72211667,-58.83185,-61.72175,-58.82963333,-61.72211667,-58.83185,7.89507E-07
698,518,1,-85.38902,31.063557,-71.692615,249.265055,124.72552,20060313, 05:46:50.0000,-61.72138536,-58.82739754,-61.72098537,-58.82518089,-61.72138536,-58.82739754,7.20708E-07
698,519,1,-82.100227,66.241553,-68.403668,249.265055,124.72552,20060313, 05:47:30.0000,-61.7206,-58.82295,-61.72023537,-58.82077988,-61.7206,-58.82295,1.53688E-06
698,520,1,-79.981029,107.907185,-66.016209,249.265055,124.72552,20060313, 05:48:10.0000,-61.71986667,-58.81851667,-61.71953333,-58.81626667,-61.71986667,-58.81851667,2.50356E-06
698,521,1,-76.353992,248.744807,-63.843147,249.265055,124.72552,20060313, 05:48:50.0000,-61.71920234,-58.81400086,-61.71883333,-58.81175,-61.71920234,-58.81400086,5.77115E-06
698,522,1,-78.560333,149.664892,-66.390905,249.265055,124.72552,20060313, 05:49:30.0000,-61.71846667,-58.8095,-61.71812025,-58.80729765,-61.71846667,-58.8095,3.47239E-06
698,523,1,-78.834054,140.523128,-66.33951,249.265055,124.72552,20060313, 05:50:10.0000,-61.71776809,-58.80507666,-61.7174,-58.80285,-61.71776809,-58.80507666,3.26029E-06
698,524,1,-78.993119,135.469438,-66.442367,249.265055,124.72552,20060313, 05:50:50.0000,-61.71701667,-58.80065,-61.71666806,-58.79840976,-61.71701667,-58.80065,3.14304E-06
698,525,1,-79.900585,109.924552,-66.653921,249.265055,124.72552,20060313, 05:51:30.0000,-61.71630068,-58.79615478,-61.71595135,-58.79392546,-61.71630068,-58.79615478,2.55037E-06
698,526,1,-80.905148,87.224498,-68.339423,249.265055,124.72552,20060313, 05:52:10.0000,-61.71560347,-58.79168285,-61.71525067,-58.78942133,-61.71560347,-58.79168285,2.0237E-06
698,527,1,-80.882747,87.675557,-67.117227,249.265055,124.72552,20060313, 05:52:50.0000,-61.71490135,-58.78715947,-61.71451878,-58.7849418,-61.71490135,-58.78715947,2.03417E-06
698,528,1,-78.678099,145.661031,-64.321273,249.265055,124.72552,20060313, 05:53:30.0000,-61.71416667,-58.7827,-61.71381903,-58.7804332,-61.71416667,-58.7827,3.37949E-06
698,529,1,-79.945186,108.801433,-66.415144,249.265055,124.72552,20060313, 05:54:10.0000,-61.7134357,-58.77816653,-61.71305236,-58.77588318,-61.7134357,-58.77816653,2.52431E-06
698,530,1,-77.425857,194.342384,-65.00548,249.265055,124.72552,20060313, 05:54:50.0000,-61.71266898,-58.77363169,-61.71233333,-58.77133333,-61.71266898,-58.77363169,4.50895E-06
698,531,1,-79.472906,121.300522,-66.83773,249.265055,124.72552,20060313, 05:55:30.0000,-61.71195,-58.76908333,-61.71163465,-58.76685183,-61.71195,-58.76908333,2.8143E-06
698,532,1,-79.44012,122.219693,-67.101971,249.265055,124.72552,20060313, 05:56:10.0000,-61.71126808,-58.76457655,-61.71090264,-58.76231719,-61.71126808,-58.76457655,2.83563E-06
698,533,1,-80.818807,88.975923,-66.99521,249.265055,124.72552,20060313, 05:56:50.0000,-61.71053467,-58.7600587,-61.7101851,-58.75782902,-61.71053467,-58.7600587,2.06434E-06
698,534,1,-80.699128,91.461938,-67.754411,249.265055,124.72552,20060313, 05:57:30.0000,-61.70985,-58.75555,-61.70948401,-58.75330438,-61.70985,-58.75555,2.12202E-06
698,535,1,-83.794263,44.846332,-69.788497,249.265055,124.72552,20060313, 05:58:10.0000,-61.70911738,-58.75107599,-61.70875,-58.7488,-61.70911738,-58.75107599,1.04048E-06
698,536,1,-86.661263,23.175384,-73.092889,249.265055,124.72552,20060313, 05:58:50.0000,-61.70838532,-58.74653059,-61.70801667,-58.74425,-61.70838532,-58.74653059,5.37694E-07
698,537,1,-86.104373,26.346074,-73.143363,249.265055,124.72552,20060313, 05:59:30.0000,-61.70765149,-58.74199027,-61.70728537,-58.73973089,-61.70765149,-58.74199027,6.11257E-07
698,538,1,-90.587955,9.383346,-80.199552,249.265055,124.72552,20060313, 06:00:10.0000,-61.7069344,-58.7374903,-61.70658439,-58.73520742,-61.7069344,-58.7374903,2.17704E-07
698,539,1,-91.58451,7.459371,-84.895165,249.265055,124.72552,20060313, 06:00:50.0000,-61.70621865,-58.73294625,-61.70585107,-58.73062417,-61.70621865,-58.73294625,1.73065E-07
698,540,1,-92.349035,6.255322,-86.486033,249.265055,124.72552,20060313, 06:01:30.0000,-61.7054844,-58.72837417,-61.7051,-58.72608333,-61.7054844,-58.72837417,1.4513E-07
698,541,1,-91.157117,8.230789,-85.091045,249.265055,124.72552,20060313, 06:02:10.0000,-61.70473541,-58.72379785,-61.70438387,-58.72149083,-61.70473541,-58.72379785,1.90963E-07
698,542,1,-91.910347,6.920199,-84.513041,249.265055,124.72552,20060313, 06:02:50.0000,-61.7040187,-58.71921522,-61.70365152,-58.7169076,-61.7040187,-58.71921522,1.60556E-07
698,543,1,-90.522235,9.52642,-80.609292,249.265055,124.72552,20060313, 06:03:30.0000,-61.70326667,-58.71461667,-61.70288541,-58.71236555,-61.70326667,-58.71461667,2.21023E-07
698,544,1,-85.887105,27.697637,-74.130517,249.265055,124.72552,20060313, 06:04:10.0000,-61.70250161,-58.7100903,-61.70250161,-58.7100903,-61.70250161,-58.7100903,6.42615E-07
698,545,1,-81.702095,72.601195,-67.125401,249.265055,124.72552,20060313, 06:04:30.0000,-61.7021672,-58.7078075,-61.7018,-58.70555,-61.7021672,-58.7078075,1.68443E-06
698,546,1,-82.851006,55.725328,-67.752749,249.265055,124.72552,20060313, 06:05:10.0000,-61.70146774,-58.70330751,-61.70111768,-58.7010071,-61.70146774,-58.70330751,1.29289E-06
698,547,1,-91.153993,8.236712,-79.066238,249.265055,124.72552,20060313, 06:05:50.0000,-61.70073333,-58.69876667,-61.70036774,-58.69655697,-61.70073333,-58.69876667,1.91101E-07
698,548,1,-94.118904,4.161624,-84.12097,249.265055,124.72552,20060313, 06:06:30.0000,-61.69998567,-58.69433188,-61.699586,-58.69210066,-61.69998567,-58.69433188,9.65542E-08
698,549,1,-95.798436,2.826895,-86.4854,249.265055,124.72552,20060313, 06:07:10.0000,-61.69921801,-58.68984274,-61.69885391,-58.68763362,-61.69921801,-58.68984274,6.5587E-08
698,550,1,-96.510728,2.399277,-90.534672,249.265055,124.72552,20060313, 06:07:50.0000,-61.6985177,-58.68539058,-61.69816809,-58.68319328,-61.6985177,-58.68539058,5.56658E-08
698,551,1,-95.431031,3.076452,-88.656468,249.265055,124.72552,20060313, 06:08:30.0000,-61.69781933,-58.68098399,-61.69746836,-58.67876185,-61.69781933,-58.68098399,7.1377E-08
698,552,1,-97.267093,2.015784,-89.004322,249.265055,124.72552,20060313, 06:09:10.0000,-61.69710181,-58.67656175,-61.69671822,-58.67435673,-61.69710181,-58.67656175,4.67684E-08
698,553,1,-95.991867,2.70375,-88.844502,249.265055,124.72552,20060313, 06:09:50.0000,-61.69633733,-58.67215066,-61.6959851,-58.66991236,-61.69633733,-58.67215066,6.27299E-08
698,554,1,-93.258084,5.073934,-83.126516,249.265055,124.72552,20060313, 06:10:50.0000,-61.69563437,-58.66769007,-61.69495179,-58.66332739,-61.6953,-58.66551667,1.17721E-07
698,555,1,-86.484025,24.140748,-76.500877,249.265055,124.72552,20060313, 06:11:30.0000,-61.69458512,-58.66114495,-61.69423505,-58.65891198,-61.69458512,-58.66114495,5.60091E-07
698,556,1,-84.02575,42.518525,-74.496379,249.265055,124.72552,20060313, 06:12:10.0000,-61.69383601,-58.65676072,-61.69346769,-58.6545905,-61.69383601,-58.65676072,9.86476E-07
698,557,1,-90.981137,8.571159,-79.847054,249.265055,124.72552,20060313, 06:12:50.0000,-61.69308737,-58.65241749,-61.69273512,-58.65022917,-61.69308737,-58.65241749,1.9886E-07
698,558,1,-95.460014,3.055989,-87.859985,249.265055,124.72552,20060313, 06:13:30.0000,-61.69235169,-58.64804434,-61.69198436,-58.6458405,-61.69235169,-58.64804434,7.09023E-08
698,559,1,-86.131042,26.184784,-73.611134,249.265055,124.72552,20060313, 06:14:10.0000,-61.69160269,-58.64365083,-61.69121935,-58.64144584,-61.69160269,-58.64365083,6.07515E-07
698,560,1,-94.742296,3.605152,-85.280927,249.265055,124.72552,20060313, 06:14:50.0000,-61.69083503,-58.63926101,-61.69046935,-58.63706251,-61.69083503,-58.63926101,8.36434E-08
698,561,1,-94.285465,4.005039,-89.965539,249.265055,124.72552,20060313, 06:15:30.0000,-61.69010102,-58.63485717,-61.68973536,-58.63269551,-61.69010102,-58.63485717,9.29212E-08
698,562,1,-85.43013,30.770904,-70.489391,249.265055,124.72552,20060313, 06:16:10.0000,-61.68936878,-58.63049709,-61.68898536,-58.62831319,-61.68936878,-58.63049709,7.13918E-07
698,563,1,-86.12423,26.225889,-70.464123,249.265055,124.72552,20060313, 06:16:50.0000,-61.68861871,-58.62610884,-61.68825239,-58.62396552,-61.68861871,-58.62610884,6.08469E-07
698,564,1,-94.833526,3.53021,-85.158897,249.265055,124.72552,20060313, 06:17:30.0000,-61.68788436,-58.62175718,-61.68751905,-58.61961552,-61.68788436,-58.62175718,8.19047E-08
698,565,1,-95.333921,3.146018,-84.451375,249.265055,124.72552,20060313, 06:18:10.0000,-61.68715236,-58.61741651,-61.68673542,-58.61520833,-61.68715236,-58.61741651,7.2991E-08
698,566,1,-92.760413,5.689995,-80.916063,249.265055,124.72552,20060313, 06:18:50.0000,-61.68636813,-58.61299355,-61.68600146,-58.61077616,-61.68636813,-58.61299355,1.32014E-07
698,567,1,-95.642667,2.930127,-84.833249,249.265055,124.72552,20060313, 06:19:30.0000,-61.68563333,-58.60856667,-61.68525,-58.60636667,-61.68563333,-58.60856667,6.79821E-08
698,568,1,-98.440657,1.538465,-87.903291,249.265055,124.72552,20060313, 06:20:10.0000,-61.68486813,-58.60417616,-61.68448333,-58.60195,-61.68486813,-58.60417616,3.5694E-08
698,569,1,-99.806739,1.123258,-90.65305,249.265055,124.72552,20060313, 06:20:50.0000,-61.68405,-58.59976667,-61.68365219,-58.59759282,-61.68405,-58.59976667,2.60608E-08
698,570,1,-89.873689,11.060743,-74.332935,249.265055,124.72552,20060313, 06:21:30.0000,-61.68325,-58.59541667,-61.68290138,-58.59320968,-61.68325,-58.59541667,2.56621E-07
698,571,1,-76.058172,266.278443,-62.657856,249.265055,124.72552,20060313, 06:22:10.0000,-61.68251886,-58.5910095,-61.68211872,-58.58880957,-61.68251886,-58.5910095,6.17795E-06
698,572,1,-80.173637,103.22611,-65.800534,249.265055,124.72552,20060313, 06:22:50.0000,-61.68173691,-58.58663217,-61.68133479,-58.58442616,-61.68173691,-58.58663217,2.39496E-06
698,573,1,-84.055197,42.231212,-69.853488,249.265055,124.72552,20060313, 06:23:30.0000,-61.68093333,-58.58221667,-61.68053358,-58.58001825,-61.68093333,-58.58221667,9.7981E-07
698,574,1,-96.111494,2.630291,-86.653994,249.265055,124.72552,20060313, 06:24:10.0000,-61.68015141,-58.57782585,-61.67975141,-58.57562585,-61.68015141,-58.57782585,6.10256E-08
698,575,1,-95.433176,3.074933,-85.453519,249.265055,124.72552,20060313, 06:24:50.0000,-61.67938726,-58.57341702,-61.67898743,-58.57121776,-61.67938726,-58.57341702,7.13418E-08
698,576,1,-95.357063,3.129298,-83.820473,249.265055,124.72552,20060313, 06:25:30.0000,-61.67858333,-58.56895,-61.67820181,-58.56672932,-61.67858333,-58.56895,7.26031E-08
698,577,1,-100.677538,0.919178,-91.005446,249.265055,124.72552,20060313, 06:26:10.0000,-61.67781847,-58.56447842,-61.67743545,-58.56225847,-61.67781847,-58.56447842,2.13259E-08
698,578,1,-99.417479,1.228585,-91.548326,249.265055,124.72552,20060313, 06:26:50.0000,-61.67705137,-58.56000887,-61.67665325,-58.55781409,-61.67705137,-58.56000887,2.85045E-08
698,579,1,-94.588731,3.73491,-87.542657,249.265055,124.72552,20060313, 06:27:30.0000,-61.67628475,-58.55555989,-61.67590217,-58.55336407,-61.67628475,-58.55555989,8.66539E-08
698,580,1,-97.039367,2.124303,-86.586168,249.265055,124.72552,20060313, 06:28:10.0000,-61.67551991,-58.55114741,-61.67513474,-58.54892584,-61.67551991,-58.55114741,4.92861E-08
698,581,1,-93.904914,4.371815,-82.529742,249.265055,124.72552,20060313, 06:28:50.0000,-61.67476968,-58.54670443,-61.67438491,-58.54450681,-61.67476968,-58.54670443,1.01431E-07
698,582,1,-91.099785,8.340166,-78.852211,249.265055,124.72552,20060313, 06:29:30.0000,-61.67401869,-58.54232985,-61.67365298,-58.54013604,-61.67401869,-58.54232985,1.93501E-07
698,583,1,-89.626152,11.709492,-78.568626,249.265055,124.72552,20060313, 06:30:10.0000,-61.67325321,-58.5379295,-61.6729007,-58.53574314,-61.67325321,-58.5379295,2.71673E-07
698,584,1,-94.500496,3.811567,-81.356507,249.265055,124.72552,20060313, 06:30:50.0000,-61.67252114,-58.53350423,-61.67213638,-58.53136979,-61.67252114,-58.53350423,8.84325E-08
698,585,1,-84.564279,37.559982,-71.025114,249.265055,124.72552,20060313, 06:31:30.0000,-61.67175,-58.5292,-61.67135447,-58.52703604,-61.67175,-58.5292,8.71432E-07
698,586,1,-85.943852,27.338084,-74.197941,249.265055,124.72552,20060313, 06:32:10.0000,-61.67098547,-58.52483057,-61.67058473,-58.52260907,-61.67098547,-58.52483057,6.34273E-07
698,587,1,-93.35864,4.957803,-82.524715,249.265055,124.72552,20060313, 06:32:50.0000,-61.67020299,-58.52040274,-61.66981994,-58.5181713,-61.67020299,-58.52040274,1.15026E-07
698,588,1,-98.072841,1.674438,-88.677035,249.265055,124.72552,20060313, 06:33:30.0000,-61.66945,-58.51595,-61.66906974,-58.51374666,-61.66945,-58.51595,3.88488E-08
698,589,1,-96.243239,2.551698,-84.551225,249.265055,124.72552,20060313, 06:34:10.0000,-61.66868654,-58.5115139,-61.66830155,-58.50929058,-61.66868654,-58.5115139,5.92022E-08
698,590,1,-92.718219,5.745546,-79.053627,249.265055,124.72552,20060313, 06:34:50.0000,-61.66791903,-58.50709988,-61.66756916,-58.50485203,-61.66791903,-58.50709988,1.33303E-07
698,591,1,-88.077598,16.726052,-76.014184,249.265055,124.72552,20060313, 06:35:30.0000,-61.6671677,-58.50260726,-61.66678468,-58.50039208,-61.6671677,-58.50260726,3.88062E-07
698,592,1,-97.187233,2.053194,-85.820001,249.265055,124.72552,20060313, 06:36:10.0000,-61.66638551,-58.49820945,-61.66598489,-58.49595726,-61.66638551,-58.49820945,4.76363E-08
698,593,1,-94.384543,3.914704,-81.866414,249.265055,124.72552,20060313, 06:36:50.0000,-61.66558537,-58.49375884,-61.66521842,-58.49156225,-61.66558537,-58.49375884,9.08254E-08
698,594,1,-95.626771,2.940872,-84.397841,249.265055,124.72552,20060313, 06:37:30.0000,-61.6648177,-58.48932341,-61.66441929,-58.48707804,-61.6648177,-58.48932341,6.82314E-08
698,595,1,-94.554264,3.764669,-84.39428,249.265055,124.72552,20060313, 06:38:10.0000,-61.66403518,-58.48482869,-61.66365185,-58.48259628,-61.66403518,-58.48482869,8.73444E-08
698,596,1,-94.129643,4.151346,-83.170108,249.265055,124.72552,20060313, 06:38:50.0000,-61.66325262,-58.48034471,-61.66288606,-58.47808572,-61.66325262,-58.48034471,9.63157E-08
698,597,1,-94.554027,3.764875,-83.501384,249.265055,124.72552,20060313, 06:39:30.0000,-61.66250185,-58.47586202,-61.66211939,-58.47365103,-61.66250185,-58.47586202,8.73492E-08
698,598,1,-91.287646,7.987091,-78.768927,249.265055,124.72552,20060313, 06:40:10.0000,-61.66175278,-58.47143473,-61.66136773,-58.46915741,-61.66175278,-58.47143473,1.85309E-07
698,599,1,-86.497136,24.067979,-72.480591,249.265055,124.72552,20060313, 06:40:50.0000,-61.66098439,-58.46692355,-61.66058611,-58.46469628,-61.66098439,-58.46692355,5.58403E-07
698,600,1,-87.210077,20.424221,-73.350352,249.265055,124.72552,20060313, 06:41:30.0000,-61.66018439,-58.46245688,-61.65981939,-58.46018572,-61.66018439,-58.46245688,4.73864E-07
698,601,1,-89.881339,11.041279,-77.058459,249.265055,124.72552,20060313, 06:42:10.0000,-61.65943606,-58.45788572,-61.65905185,-58.45564535,-61.65943606,-58.45788572,2.5617E-07
698,602,1,-94.192172,4.092003,-82.120601,249.265055,124.72552,20060313, 06:42:50.0000,-61.65866939,-58.45334967,-61.65828606,-58.45106769,-61.65866939,-58.45334967,9.49389E-08
698,603,1,-98.96197,1.364446,-90.449273,249.265055,124.72552,20060313, 06:43:30.0000,-61.65786935,-58.44879495,-61.65746969,-58.44651967,-61.65786935,-58.44879495,3.16566E-08
698,604,1,-97.055304,2.116522,-89.765417,249.265055,124.72552,20060313, 06:44:10.0000,-61.65706944,-58.44422961,-61.65706944,-58.44422961,-61.65706944,-58.44422961,4.91056E-08
698,605,1,-96.520701,2.393774,-90.09064,249.265055,124.72552,20060313, 06:44:30.0000,-61.65668512,-58.44193008,-61.65627182,-58.43965565,-61.65668512,-58.44193008,5.55381E-08
698,606,1,-97.693296,1.827358,-88.488616,249.265055,124.72552,20060313, 06:45:10.0000,-61.65586974,-58.43731436,-61.6554855,-58.43501517,-61.65586974,-58.43731436,4.23967E-08
698,607,1,-85.145391,32.855955,-72.419236,249.265055,124.72552,20060313, 06:45:50.0000,-61.65510494,-58.43267468,-61.65468715,-58.43039988,-61.65510494,-58.43267468,7.62294E-07
698,608,1,-85.099771,33.202908,-72.832393,249.265055,124.72552,20060313, 06:46:30.0000,-61.6543367,-58.42812355,-61.65395179,-58.42584585,-61.6543367,-58.42812355,7.70343E-07
698,609,1,-94.952709,3.434649,-83.086385,249.265055,124.72552,20060313, 06:47:10.0000,-61.65358666,-58.42355662,-61.65321845,-58.42129585,-61.65358666,-58.42355662,7.96876E-08
698,610,1,-97.276979,2.0112,-86.987503,249.265055,124.72552,20060313, 06:47:50.0000,-61.65283691,-58.41900002,-61.65246881,-58.41674261,-61.65283691,-58.41900002,4.6662E-08
698,611,1,-97.286766,2.006673,-89.594121,249.265055,124.72552,20060313, 06:48:30.0000,-61.65210175,-58.41447802,-61.65171929,-58.41217802,-61.65210175,-58.41447802,4.6557E-08
698,612,1,-97.450008,1.932646,-88.934219,249.265055,124.72552,20060313, 06:49:10.0000,-61.65135252,-58.40991761,-61.65098437,-58.40762339,-61.65135252,-58.40991761,4.48395E-08
698,613,1,-98.773964,1.42481,-91.393887,249.265055,124.72552,20060313, 06:49:50.0000,-61.65058695,-58.40531688,-61.65018585,-58.40299968,-61.65058695,-58.40531688,3.30571E-08
698,614,1,-99.235416,1.281184,-90.348166,249.265055,124.72552,20060313, 06:50:30.0000,-61.64978644,-58.40068117,-61.64940212,-58.39834321,-61.64978644,-58.40068117,2.97249E-08
698,615,1,-100.143662,1.03941,-91.309072,249.265055,124.72552,20060313, 06:51:10.0000,-61.64903673,-58.3960554,-61.64866978,-58.39371555,-61.64903673,-58.3960554,2.41154E-08
698,616,1,-99.991711,1.076421,-91.536995,249.265055,124.72552,20060313, 06:51:50.0000,-61.64830212,-58.39135987,-61.64796918,-58.3890022,-61.64830212,-58.39135987,2.49741E-08
698,617,1,-99.630094,1.169887,-89.23429,249.265055,124.72552,20060313, 06:52:30.0000,-61.64758585,-58.38664968,-61.64720037,-58.38430158,-61.64758585,-58.38664968,2.71426E-08
698,618,1,-99.751477,1.137642,-90.437841,249.265055,124.72552,20060313, 06:53:10.0000,-61.64681921,-58.38195114,-61.64681921,-58.38195114,-61.64681921,-58.38195114,2.63945E-08
698,619,1,-97.585613,1.873233,-88.976787,249.265055,124.72552,20060313, 06:53:30.0000,-61.64641878,-58.37959321,-61.64605267,-58.3772507,-61.64641878,-58.37959321,4.3461E-08
698,620,1,-95.234324,3.218999,-87.665018,249.265055,124.72552,20060313, 06:54:10.0000,-61.64566955,-58.37492017,-61.64528648,-58.37258133,-61.64566955,-58.37492017,7.46842E-08
698,621,1,-93.175854,5.17092,-83.982213,249.265055,124.72552,20060313, 06:54:50.0000,-61.64490175,-58.37021309,-61.64451851,-58.36784626,-61.64490175,-58.37021309,1.19971E-07
698,622,1,-93.587781,4.703002,-83.497825,249.265055,124.72552,20060313, 06:55:30.0000,-61.64411878,-58.36545988,-61.64375209,-58.36308133,-61.64411878,-58.36545988,1.09115E-07
698,623,1,-93.22499,5.112747,-84.480193,249.265055,124.72552,20060313, 06:56:10.0000,-61.64340221,-58.36069994,-61.64301888,-58.35838106,-61.64340221,-58.36069994,1.18621E-07
698,624,1,-93.249471,5.084007,-85.966442,249.265055,124.72552,20060313, 06:56:50.0000,-61.64263641,-58.35600641,-61.64225144,-58.35364344,-61.64263641,-58.35600641,1.17954E-07
698,625,1,-92.671393,5.807831,-83.193871,249.265055,124.72552,20060313, 06:57:30.0000,-61.64185144,-58.35129344,-61.64146977,-58.34893117,-61.64185144,-58.35129344,1.34748E-07
698,626,1,-91.677252,7.301769,-81.136559,249.265055,124.72552,20060313, 06:58:10.0000,-61.64111981,-58.34662201,-61.64073555,-58.34426661,-61.64111981,-58.34662201,1.69409E-07
698,627,1,-89.133348,13.116514,-78.685372,249.265055,124.72552,20060313, 06:58:50.0000,-61.64036974,-58.34190641,-61.64036974,-58.34190641,-61.64036974,-58.34190641,3.04317E-07
698,628,1,-73.284237,504.347161,-59.86502,249.265055,124.72552,20060313, 06:59:10.0000,-61.63996988,-58.339565,-61.63958665,-58.33724883,-61.63996988,-58.339565,1.17014E-05
698,629,1,-74.320305,397.303805,-60.243518,249.265055,124.72552,20060313, 06:59:50.0000,-61.63920214,-58.33491607,-61.63881888,-58.33259773,-61.63920214,-58.33491607,9.21788E-06
698,630,1,-78.696877,145.032583,-66.39384,249.265055,124.72552,20060313, 07:00:30.0000,-61.63845144,-58.33026083,-61.63807128,-58.32792308,-61.63845144,-58.33026083,3.36491E-06
698,631,1,-74.462567,384.500124,-61.245265,249.265055,124.72552,20060313, 07:01:10.0000,-61.63771881,-58.32563166,-61.63736839,-58.32329542,-61.63771881,-58.32563166,8.92082E-06
698,632,1,-76.599593,235.068213,-63.870109,249.265055,124.72552,20060313, 07:01:50.0000,-61.63703671,-58.32095698,-61.63670221,-58.3186155,-61.63703671,-58.32095698,5.45384E-06
698,633,1,-80.16577,103.413253,-70.395543,249.265055,124.72552,20060313, 07:02:30.0000,-61.63637168,-58.31629006,-61.63603664,-58.3139898,-61.63637168,-58.31629006,2.3993E-06
698,634,1,-78.402144,155.216836,-66.237904,249.265055,124.72552,20060313, 07:03:10.0000,-61.63568575,-58.31168357,-61.63531881,-58.30938273,-61.63568575,-58.31168357,3.6012E-06
698,635,1,-79.116896,131.662981,-66.603188,249.265055,124.72552,20060313, 07:03:50.0000,-61.63498575,-58.30708237,-61.63465255,-58.30476786,-61.63498575,-58.30708237,3.05472E-06
698,636,1,-79.1785,129.808519,-65.466059,249.265055,124.72552,20060313, 07:04:30.0000,-61.63431988,-58.30243166,-61.63400181,-58.30014196,-61.63431988,-58.30243166,3.0117E-06
698,637,1,-77.611655,186.203472,-65.495663,249.265055,124.72552,20060313, 07:05:10.0000,-61.63365435,-58.29783699,-61.63331881,-58.29554833,-61.63365435,-58.29783699,4.32012E-06
698,638,1,-75.554932,298.992303,-61.814786,249.265055,124.72552,20060313, 07:05:50.0000,-61.63297032,-58.29325708,-61.6326195,-58.29095177,-61.63297032,-58.29325708,6.93694E-06
698,639,1,-73.058256,531.285076,-60.586309,249.265055,124.72552,20060313, 07:06:30.0000,-61.63230212,-58.2886471,-61.63198605,-58.28640237,-61.63230212,-58.2886471,1.23264E-05
698,640,1,-74.209468,407.573989,-60.42243,249.265055,124.72552,20060313, 07:07:10.0000,-61.6316871,-58.28417639,-61.63140212,-58.2819471,-61.6316871,-58.28417639,9.45616E-06
698,641,1,-74.630042,369.955107,-63.866967,249.265055,124.72552,20060313, 07:07:50.0000,-61.63108699,-58.27977192,-61.63078471,-58.27760257,-61.63108699,-58.27977192,8.58336E-06
698,642,1,-69.86919,1107.220711,-57.53047,249.265055,124.72552,20060313, 07:08:30.0000,-61.63046877,-58.27544246,-61.63018706,-58.27329276,-61.63046877,-58.27544246,2.56887E-05
698,643,1,-70.388005,982.545596,-58.67875,249.265055,124.72552,20060313, 07:09:10.0000,-61.62988512,-58.27119405,-61.62961789,-58.26906586,-61.62988512,-58.27119405,2.27961E-05
698,644,1,-70.400525,979.717219,-60.115162,249.265055,124.72552,20060313, 07:09:50.0000,-61.62928881,-58.26700525,-61.62903477,-58.26488532,-61.62928881,-58.26700525,2.27305E-05
698,645,1,-70.90534,872.206305,-59.075343,249.265055,124.72552,20060313, 07:10:30.0000,-61.62875287,-58.26281865,-61.62848611,-58.26076668,-61.62875287,-58.26281865,2.02361E-05
698,646,1,-70.0795,1054.880306,-56.2754,249.265055,124.72552,20060313, 07:11:30.0000,-61.62820402,-58.25874078,-61.62763708,-58.25468917,-61.62793512,-58.25669495,2.44744E-05
698,647,1,-71.674549,730.631382,-59.300391,249.265055,124.72552,20060313, 07:12:10.0000,-61.62728656,-58.252736,-61.62688602,-58.25084227,-61.62728656,-58.252736,1.69514E-05
698,648,1,-74.526344,378.894937,-62.514625,249.265055,124.72552,20060313, 07:12:50.0000,-61.62651821,-58.24893521,-61.62610333,-58.24706109,-61.62651821,-58.24893521,8.79077E-06
698,649,1,-74.508433,380.460847,-61.397003,249.265055,124.72552,20060313, 07:13:50.0000,-61.62575181,-58.24516083,-61.62503444,-58.24139664,-61.62538677,-58.24326889,8.8271E-06
698,650,1,-72.900809,550.899459,-59.722359,249.265055,124.72552,20060313, 07:14:30.0000,-61.62468608,-58.23952672,-61.62435343,-58.23768555,-61.62468608,-58.23952672,1.27815E-05
698,651,1,-73.522068,477.470334,-60.621715,249.265055,124.72552,20060313, 07:15:10.0000,-61.62401927,-58.23581432,-61.62368594,-58.23398099,-61.62401927,-58.23581432,1.10778E-05
698,652,1,-75.920874,274.831104,-60.896094,249.265055,124.72552,20060313, 07:16:10.0000,-61.62337,-58.23220167,-61.62273583,-58.2287458,-61.62305247,-58.23044567,6.37638E-06
698,653,1,-80.458177,96.679761,-69.82862,249.265055,124.72552,20060313, 07:16:50.0000,-61.62242,-58.22705,-61.62211919,-58.22536134,-61.62242,-58.22705,2.24307E-06
698,654,1,-80.139381,104.043535,-68.037464,249.265055,124.72552,20060313, 07:17:50.0000,-61.62181754,-58.22369209,-61.62117003,-58.22036684,-61.6214885,-58.22204883,2.41392E-06
698,655,1,-77.63177,185.343019,-64.107449,249.265055,124.72552,20060313, 07:18:50.0000,-61.62085244,-58.21867886,-61.62023577,-58.21534553,-61.62055123,-58.21701235,4.30016E-06
698,656,1,-81.48675,76.291857,-68.878521,249.265055,124.72552,20060313, 07:19:30.0000,-61.61993577,-58.21366221,-61.61961914,-58.21196235,-61.61993577,-58.21366221,1.77005E-06
698,657,1,-77.046499,212.081749,-62.141185,249.265055,124.72552,20060313, 07:20:30.0000,-61.61930261,-58.21029639,-61.61866914,-58.20694692,-61.6189858,-58.208629,4.92053E-06
698,658,1,-75.782392,283.735763,-60.042112,249.265055,124.72552,20060313, 07:21:30.0000,-61.6183351,-58.20532551,-61.61770405,-58.20203693,-61.61801911,-58.20367887,6.58298E-06
698,659,1,-76.592058,235.476402,-62.918098,249.265055,124.72552,20060313, 07:22:10.0000,-61.61736959,-58.20038128,-61.61706882,-58.19872849,-61.61736959,-58.20038128,5.46331E-06
698,660,1,-75.582324,297.112451,-62.037123,249.265055,124.72552,20060313, 07:23:10.0000,-61.61676821,-58.19711393,-61.61616919,-58.19374595,-61.61646996,-58.19543148,6.89333E-06
698,661,1,-79.57735,118.418133,-64.432537,249.265055,124.72552,20060313, 07:23:50.0000,-61.61583738,-58.19208894,-61.6155358,-58.19044567,-61.61583738,-58.19208894,2.74743E-06
698,662,1,-81.792456,71.106229,-69.145941,249.265055,124.72552,20060313, 07:24:50.0000,-61.61521882,-58.18881074,-61.61463536,-58.18555358,-61.61491882,-58.18717741,1.64974E-06
698,663,1,-77.642243,184.896604,-64.224694,249.265055,124.72552,20060313, 07:25:50.0000,-61.61431919,-58.18392929,-61.61370396,-58.18065315,-61.61400405,-58.18227227,4.2898E-06
698,664,1,-76.097649,263.869001,-64.016523,249.265055,124.72552,20060313, 07:26:50.0000,-61.61341919,-58.17902929,-61.61281946,-58.17586258,-61.6131179,-58.17746234,6.12205E-06
698,665,1,-75.296029,317.358635,-61.979988,249.265055,124.72552,20060313, 07:27:30.0000,-61.61253458,-58.1742779,-61.61221913,-58.17267901,-61.61253458,-58.1742779,7.36306E-06
698,666,1,-70.379474,984.477523,-55.652659,249.265055,124.72552,20060313, 07:28:30.0000,-61.61190121,-58.17111207,-61.61128743,-58.16793917,-61.61158583,-58.16951248,2.28409E-05
698,667,1,-67.190852,2051.483372,-56.044411,249.265055,124.72552,20060313, 07:29:30.0000,-61.61097095,-58.16638596,-61.61038577,-58.16322764,-61.61068659,-58.16479798,4.75966E-05
698,668,1,-72.688195,578.540401,-62.296758,249.265055,124.72552,20060313, 07:30:30.0000,-61.61008548,-58.16165263,-61.60948613,-58.15844591,-61.60978583,-58.16004456,1.34228E-05
698,669,1,-69.272358,1270.332549,-57.695561,249.265055,124.72552,20060313, 07:31:10.0000,-61.60920357,-58.15688452,-61.60892024,-58.15528274,-61.60920357,-58.15688452,2.94731E-05
698,670,1,-68.292142,1591.985109,-56.526897,249.265055,124.72552,20060313, 07:32:10.0000,-61.60860252,-58.15369595,-61.60801824,-58.15051575,-61.60831923,-58.15209613,3.69358E-05
698,671,1,-69.820058,1119.818032,-55.422545,249.265055,124.72552,20060313, 07:33:10.0000,-61.60770319,-58.148931,-61.60706946,-58.14572924,-61.60738624,-58.14731455,2.5981E-05
698,672,1,-82.649584,58.370689,-70.140958,249.265055,124.72552,20060313, 07:34:10.0000,-61.60675319,-58.14414767,-61.60611982,-58.14099909,-61.60643624,-58.14256455,1.35426E-06
698,673,1,-77.644409,184.804418,-65.090501,249.265055,124.72552,20060313, 07:34:50.0000,-61.60580311,-58.13941401,-61.60550284,-58.13781421,-61.60580311,-58.13941401,4.28766E-06
698,674,1,-73.225837,511.174913,-60.049561,249.265055,124.72552,20060313, 07:35:50.0000,-61.60520158,-58.13621418,-61.60460382,-58.13308385,-61.60491858,-58.13465243,1.18598E-05
698,675,1,-74.350051,394.591866,-61.76577,249.265055,124.72552,20060313, 07:36:50.0000,-61.60430158,-58.13146575,-61.60371858,-58.1283191,-61.60400312,-58.12988069,9.15496E-06
698,676,1,-74.282293,400.796537,-61.858775,249.265055,124.72552,20060313, 07:37:50.0000,-61.60341982,-58.12678084,-61.60280315,-58.12366418,-61.60312049,-58.12521719,9.29891E-06
698,677,1,-75.84816,279.471283,-64.503285,249.265055,124.72552,20060313, 07:38:30.0000,-61.60250315,-58.12208084,-61.60220315,-58.12053242,-61.60250315,-58.12208084,6.48404E-06
698,678,1,-76.193456,258.111683,-59.689732,249.265055,124.72552,20060313, 07:39:30.0000,-61.60188711,-58.11891888,-61.6013187,-58.11557035,-61.60158631,-58.11723156,5.98847E-06
698,679,1,-73.773192,450.644442,-60.280916,249.265055,124.72552,20060313, 07:40:30.0000,-61.60107016,-58.11386748,-61.60052327,-58.11035533,-61.60080322,-58.11213277,1.04554E-05
698,680,1,-75.74908,285.920436,-62.359366,249.265055,124.72552,20060313, 07:41:10.0000,-61.60025282,-58.10858216,-61.59996843,-58.10678787,-61.60025282,-58.10858216,6.63366E-06
698,681,1,-79.258299,127.44516,-66.438606,249.265055,124.72552,20060313, 07:41:50.0000,-61.59966891,-58.10500574,-61.59938614,-58.10316544,-61.59966891,-58.10500574,2.95687E-06
698,682,1,-78.292896,159.170869,-63.998953,249.265055,124.72552,20060313, 07:42:50.0000,-61.59910161,-58.10135105,-61.598487,-58.09763499,-61.59880222,-58.09950992,3.69294E-06
698,683,1,-81.235843,80.829326,-66.935562,249.265055,124.72552,20060313, 07:43:30.0000,-61.59820176,-58.09573781,-61.59788991,-58.09384078,-61.59820176,-58.09573781,1.87533E-06
698,684,1,-80.948974,86.348709,-63.778704,249.265055,124.72552,20060313, 07:44:30.0000,-61.59758512,-58.09193634,-61.59695443,-58.08805994,-61.59728695,-58.08997172,2.00338E-06
698,685,1,-85.076106,33.384331,-69.568024,249.265055,124.72552,20060313, 07:45:10.0000,-61.59666888,-58.08614327,-61.59635321,-58.08413594,-61.59666888,-58.08614327,7.74552E-07
698,686,1,-75.589754,296.604597,-60.170334,249.265055,124.72552,20060313, 07:45:50.0000,-61.59603553,-58.08219298,-61.59570362,-58.08020505,-61.59603553,-58.08219298,6.88155E-06
698,687,1,-69.138311,1310.153342,-56.93624,249.265055,124.72552,20060313, 07:46:30.0000,-61.59537029,-58.07818839,-61.59505181,-58.07620505,-61.59537029,-58.07818839,3.0397E-05
698,688,1,-70.980004,857.339508,-57.286699,249.265055,124.72552,20060313, 07:47:10.0000,-61.59473772,-58.07416183,-61.59441888,-58.0720788,-61.59473772,-58.07416183,1.98912E-05
698,689,1,-83.019085,53.609861,-69.167124,249.265055,124.72552,20060313, 07:48:10.0000,-61.5940711,-58.06999325,-61.59340362,-58.0657902,-61.59373695,-58.06792172,1.24381E-06
698,690,1,-90.371657,9.862511,-78.513309,249.265055,124.72552,20060313, 07:48:50.0000,-61.59307142,-58.06368087,-61.59275183,-58.0615238,-61.59307142,-58.06368087,2.28821E-07
698,691,1,-94.31449,3.978361,-82.24424,249.265055,124.72552,20060313, 07:49:30.0000,-61.59241864,-58.05939237,-61.59207045,-58.05723938,-61.59241864,-58.05939237,9.23023E-08
698,692,1,-94.383321,3.915806,-82.076913,249.265055,124.72552,20060313, 07:50:10.0000,-61.59173712,-58.05502461,-61.59140321,-58.0528042,-61.59173712,-58.05502461,9.08509E-08
698,693,1,-98.40442,1.551355,-89.319059,249.265055,124.72552,20060313, 07:50:50.0000,-61.59103621,-58.05060344,-61.59068631,-58.04840122,-61.59103621,-58.05060344,3.59931E-08
698,694,1,-98.404297,1.551399,-91.753492,249.265055,124.72552,20060313, 07:51:30.0000,-61.59031957,-58.0462022,-61.59000417,-58.04399585,-61.59031957,-58.0462022,3.59941E-08
698,695,1,-94.806713,3.552074,-82.11391,249.265055,124.72552,20060313, 07:52:10.0000,-61.58965336,-58.04180516,-61.58931954,-58.0395839,-61.58965336,-58.04180516,8.24119E-08
698,696,1,-90.395788,9.807864,-76.641528,249.265055,124.72552,20060313, 07:52:50.0000,-61.58896875,-58.03736043,-61.5886217,-58.03509017,-61.58896875,-58.03736043,2.27553E-07
698,697,1,-75.798345,282.695379,-64.388785,249.265055,124.72552,20060313, 07:53:30.0000,-61.58826989,-58.0328543,-61.5879375,-58.0305771,-61.58826989,-58.0328543,6.55884E-06
698,698,1,-79.084422,132.651165,-66.384783,249.265055,124.72552,20060313, 07:54:10.0000,-61.58762002,-58.02829017,-61.58737002,-58.02595684,-61.58762002,-58.02829017,3.07765E-06
698,699,1,-87.952843,17.213488,-75.234452,249.265055,124.72552,20060313, 07:54:50.0000,-61.58703746,-58.02359552,-61.58668669,-58.02125684,-61.58703746,-58.02359552,3.99371E-07
698,700,1,-95.237264,3.216821,-87.353012,249.265055,124.72552,20060313, 07:55:30.0000,-61.58635336,-58.01889017,-61.58602084,-58.01654794,-61.58635336,-58.01889017,7.46337E-08
698,701,1,-99.276926,1.268997,-90.783469,249.265055,124.72552,20060313, 07:56:10.0000,-61.58565336,-58.0142235,-61.58565336,-58.0142235,-61.58565336,-58.0142235,2.94421E-08
698,702,1,-98.017883,1.695762,-90.237009,249.265055,124.72552,20060313, 07:56:30.0000,-61.58532002,-58.01182518,-61.58495421,-58.00946492,-61.58532002,-58.01182518,3.93435E-08
698,703,1,-99.142395,1.308922,-87.164074,249.265055,124.72552,20060313, 07:57:10.0000,-61.58465208,-58.00709585,-61.58453333,-58.00462866,-61.58465208,-58.00709585,3.03684E-08
698,704,1,-94.588818,3.734835,-83.079051,249.265055,124.72552,20060313, 07:57:50.0000,-61.58471247,-58.00219813,-61.58501281,-57.99982698,-61.58471247,-58.00219813,8.66522E-08
698,705,1,-95.027531,3.375982,-86.069861,249.265055,124.72552,20060313, 07:58:30.0000,-61.58528187,-57.99738713,-61.58558155,-57.99494342,-61.58528187,-57.99738713,7.83264E-08
698,706,1,-89.510687,12.024986,-80.321767,249.265055,124.72552,20060313, 07:59:10.0000,-61.58579832,-57.99242518,-61.58599642,-57.98994353,-61.58579832,-57.99242518,2.78993E-07
698,707,1,-96.20803,2.572469,-86.499289,249.265055,124.72552,20060313, 07:59:50.0000,-61.58619765,-57.9874352,-61.58638148,-57.98494263,-61.58619765,-57.9874352,5.96841E-08
698,708,1,-96.579922,2.361354,-88.232487,249.265055,124.72552,20060313, 08:00:30.0000,-61.58651473,-57.98242903,-61.58664759,-57.97990279,-61.58651473,-57.98242903,5.4786E-08
698,709,1,-94.086345,4.192941,-83.878094,249.265055,124.72552,20060313, 08:01:10.0000,-61.58676466,-57.97739481,-61.58676466,-57.97739481,-61.58676466,-57.97739481,9.72808E-08
698,710,1,-98.719578,1.442765,-90.336999,249.265055,124.72552,20060313, 08:01:30.0000,-61.58689856,-57.97485638,-61.58703333,-57.97234353,-61.58689856,-57.97485638,3.34737E-08
698,711,1,-96.548295,2.378613,-85.922822,249.265055,124.72552,20060313, 08:02:10.0000,-61.58719806,-57.96982903,-61.58736308,-57.96735841,-61.58719806,-57.96982903,5.51864E-08
698,712,1,-99.132782,1.311822,-90.138493,249.265055,124.72552,20060313, 08:02:50.0000,-61.58748098,-57.96488536,-61.58758171,-57.96235768,-61.58748098,-57.96488536,3.04357E-08
698,713,1,-95.926415,2.744806,-86.969741,249.265055,124.72552,20060313, 08:03:30.0000,-61.58771508,-57.95982381,-61.58781667,-57.95731867,-61.58771508,-57.95982381,6.36825E-08
698,714,1,-94.564818,3.755532,-81.482464,249.265055,124.72552,20060313, 08:04:10.0000,-61.58793135,-57.95477982,-61.58805,-57.95225901,-61.58793135,-57.95477982,8.71324E-08
698,715,1,-99.28274,1.267299,-87.74157,249.265055,124.72552,20060313, 08:04:50.0000,-61.58818333,-57.94973574,-61.58833135,-57.94721315,-61.58818333,-57.94973574,2.94027E-08
698,716,1,-95.974568,2.714541,-89.117448,249.265055,124.72552,20060313, 08:05:30.0000,-61.58846506,-57.94467568,-61.58846506,-57.94467568,-61.58846506,-57.94467568,6.29803E-08
698,717,1,-96.970295,2.158359,-87.897967,249.265055,124.72552,20060313, 08:05:50.0000,-61.5886,-57.94214648,-61.58871667,-57.9396445,-61.5886,-57.94214648,5.00763E-08
698,718,1,-98.467145,1.52911,-87.077847,249.265055,124.72552,20060313, 08:06:30.0000,-61.58884762,-57.93713574,-61.58898078,-57.93462413,-61.58884762,-57.93713574,3.5477E-08
698,719,1,-101.302571,0.795969,-93.215856,249.265055,124.72552,20060313, 08:07:10.0000,-61.58911412,-57.93210491,-61.58923333,-57.92957568,-61.58911412,-57.93210491,1.84673E-08
698,720,1,-93.091154,5.272758,-83.450605,249.265055,124.72552,20060313, 08:07:50.0000,-61.58938092,-57.9270696,-61.58948333,-57.92451796,-61.58938092,-57.9270696,1.22334E-07
698,721,1,-101.47933,0.764223,-91.964512,249.265055,124.72552,20060313, 08:08:30.0000,-61.58958173,-57.9220058,-61.58968117,-57.91949697,-61.58958173,-57.9220058,1.77308E-08
698,722,1,-92.608838,5.89209,-85.193388,249.265055,124.72552,20060313, 08:09:10.0000,-61.58979796,-57.91697862,-61.58979796,-57.91697862,-61.58979796,-57.91697862,1.36703E-07
698,723,1,-97.005021,2.14117,-87.642432,249.265055,124.72552,20060313, 08:09:30.0000,-61.58989774,-57.91443393,-61.58999838,-57.91190768,-61.58989774,-57.91443393,4.96775E-08
698,724,1,-95.58472,2.969486,-86.359936,249.265055,124.72552,20060313, 08:10:10.0000,-61.5901144,-57.90941726,-61.59021667,-57.90689129,-61.5901144,-57.90941726,6.88953E-08
698,725,1,-93.361777,4.954223,-82.77359,249.265055,124.72552,20060313, 08:10:50.0000,-61.59036502,-57.90437298,-61.59054816,-57.90186097,-61.59036502,-57.90437298,1.14943E-07
698,726,1,-97.577594,1.876696,-85.029446,249.265055,124.72552,20060313, 08:11:30.0000,-61.59074803,-57.89936087,-61.5909796,-57.89684465,-61.59074803,-57.89936087,4.35414E-08
698,727,1,-94.810705,3.54881,-84.48375,249.265055,124.72552,20060313, 08:12:10.0000,-61.59118125,-57.89434796,-61.59139813,-57.89187611,-61.59118125,-57.89434796,8.23362E-08
698,728,1,-96.801686,2.243803,-88.31117,249.265055,124.72552,20060313, 08:12:50.0000,-61.59159772,-57.88940085,-61.5918296,-57.88689465,-61.59159772,-57.88940085,5.20586E-08
698,729,1,-92.128213,6.581607,-84.740925,249.265055,124.72552,20060313, 08:13:30.0000,-61.59204804,-57.88437938,-61.59204804,-57.88437938,-61.59204804,-57.88437938,1.527E-07
698,730,1,-95.002054,3.395845,-82.251214,249.265055,124.72552,20060313, 08:13:50.0000,-61.59229777,-57.88188343,-61.59256316,-57.8794096,-61.59229777,-57.88188343,7.87873E-08
698,731,1,-92.191482,6.486419,-78.262203,249.265055,124.72552,20060313, 08:14:30.0000,-61.59283006,-57.87697289,-61.59309627,-57.87446318,-61.59283006,-57.87697289,1.50492E-07
698,732,1,-92.152145,6.545439,-82.407212,249.265055,124.72552,20060313, 08:15:10.0000,-61.59332878,-57.87198418,-61.59361279,-57.86951044,-61.59332878,-57.87198418,1.51861E-07
698,733,1,-95.841404,2.799064,-87.142847,249.265055,124.72552,20060313, 08:15:50.0000,-61.59384772,-57.86703418,-61.59408145,-57.86452829,-61.59384772,-57.86703418,6.49413E-08
698,734,1,-100.562631,0.943822,-93.056088,249.265055,124.72552,20060313, 08:16:30.0000,-61.59431439,-57.86201524,-61.5945314,-57.85948097,-61.59431439,-57.86201524,2.18977E-08
698,735,1,-94.693465,3.645916,-79.311462,249.265055,124.72552,20060313, 08:17:10.0000,-61.59478092,-57.85698622,-61.59501501,-57.85452313,-61.59478092,-57.85698622,8.45892E-08
698,736,1,-96.416513,2.451895,-85.366508,249.265055,124.72552,20060313, 08:17:50.0000,-61.59524623,-57.85205974,-61.59524623,-57.85205974,-61.59524623,-57.85205974,5.68866E-08
698,737,1,-93.451241,4.853211,-79.357769,249.265055,124.72552,20060313, 08:18:10.0000,-61.59549491,-57.84958821,-61.59573169,-57.84709129,-61.59549491,-57.84958821,1.126E-07
698,738,1,-98.95018,1.368155,-93.572179,249.265055,124.72552,20060313, 08:18:50.0000,-61.59596409,-57.84463606,-61.59621224,-57.84221434,-61.59596409,-57.84463606,3.17427E-08
698,739,1,-95.270207,3.192512,-81.910023,249.265055,124.72552,20060313, 08:19:30.0000,-61.59644573,-57.83974652,-61.59666406,-57.8373031,-61.59644573,-57.83974652,7.40697E-08
698,740,1,-96.647514,2.324887,-86.991035,249.265055,124.72552,20060313, 08:20:10.0000,-61.59689778,-57.83483323,-61.5971145,-57.83238246,-61.59689778,-57.83483323,5.39399E-08
698,741,1,-94.72626,3.618489,-85.649511,249.265055,124.72552,20060313, 08:20:50.0000,-61.59734672,-57.82990796,-61.59757824,-57.82740742,-61.59734672,-57.82990796,8.39528E-08
698,742,1,-92.37712,6.215002,-81.652586,249.265055,124.72552,20060313, 08:21:30.0000,-61.5977974,-57.8249531,-61.59803079,-57.82252154,-61.5977974,-57.8249531,1.44195E-07
698,743,1,-90.433902,9.722166,-79.961651,249.265055,124.72552,20060313, 08:22:10.0000,-61.59824781,-57.82004732,-61.59846489,-57.81759338,-61.59824781,-57.82004732,2.25565E-07
698,744,1,-98.226924,1.616073,-92.052786,249.265055,124.72552,20060313, 08:22:50.0000,-61.59868079,-57.81513566,-61.59868079,-57.81513566,-61.59868079,-57.81513566,3.74946E-08
698,745,1,-94.924484,3.457044,-86.005849,249.265055,124.72552,20060313, 08:23:10.0000,-61.59891229,-57.81263285,-61.59914606,-57.81014618,-61.59891229,-57.81263285,8.02071E-08
698,746,1,-94.812671,3.547204,-87.868065,249.265055,124.72552,20060313, 08:23:50.0000,-61.59939485,-57.80765531,-61.59961448,-57.80521399,-61.59939485,-57.80765531,8.2299E-08
698,747,1,-95.332537,3.14702,-87.630925,249.265055,124.72552,20060313, 08:24:30.0000,-61.59987912,-57.8027483,-61.60011409,-57.80027455,-61.59987912,-57.8027483,7.30143E-08
698,748,1,-97.975215,1.712504,-90.101058,249.265055,124.72552,20060313, 08:25:10.0000,-61.60034485,-57.79777197,-61.60058114,-57.79528285,-61.60034485,-57.79777197,3.9732E-08
698,749,1,-95.806466,2.821673,-87.518326,249.265055,124.72552,20060313, 08:25:50.0000,-61.60082792,-57.79282393,-61.60106229,-57.79036618,-61.60082792,-57.79282393,6.54659E-08
698,750,1,-90.711542,9.120088,-77.60938,249.265055,124.72552,20060313, 08:26:30.0000,-61.60129781,-57.78789951,-61.60153155,-57.78540829,-61.60129781,-57.78789951,2.11596E-07
698,751,1,-89.608062,11.758368,-79.319089,249.265055,124.72552,20060313, 08:27:10.0000,-61.60179551,-57.78297916,-61.60179551,-57.78297916,-61.60179551,-57.78297916,2.72807E-07
698,752,1,-92.216875,6.448604,-79.619414,249.265055,124.72552,20060313, 08:27:30.0000,-61.60204532,-57.7805018,-61.60229635,-57.77802917,-61.60204532,-57.7805018,1.49615E-07
698,753,1,-94.945115,3.44066,-81.701826,249.265055,124.72552,20060313, 08:28:10.0000,-61.60252963,-57.77556113,-61.60276486,-57.77311037,-61.60252963,-57.77556113,7.9827E-08
698,754,1,-94.728701,3.616456,-81.843039,249.265055,124.72552,20060313, 08:28:50.0000,-61.60301302,-57.77066068,-61.60323121,-57.76818179,-61.60301302,-57.77066068,8.39057E-08
698,755,1,-88.253105,16.063595,-74.705481,249.265055,124.72552,20060313, 08:29:30.0000,-61.60344805,-57.76567726,-61.60367849,-57.76320301,-61.60344805,-57.76567726,3.72693E-07
698,756,1,-92.869052,5.549426,-83.305319,249.265055,124.72552,20060313, 08:30:10.0000,-61.60391262,-57.76071571,-61.60413153,-57.75819551,-61.60391262,-57.76071571,1.28753E-07
698,757,1,-96.546245,2.379736,-89.013608,249.265055,124.72552,20060313, 08:30:50.0000,-61.60431423,-57.75570318,-61.60453091,-57.75326483,-61.60431423,-57.75570318,5.52124E-08
698,758,1,-95.7495,2.858928,-88.39677,249.265055,124.72552,20060313, 08:31:30.0000,-61.60473153,-57.7507919,-61.60491452,-57.74836333,-61.60473153,-57.7507919,6.63302E-08
698,759,1,-93.893933,4.382883,-87.910255,249.265055,124.72552,20060313, 08:32:10.0000,-61.6051118,-57.74587228,-61.6051118,-57.74587228,-61.6051118,-57.74587228,1.01688E-07
698,760,1,-95.131353,3.296233,-88.374832,249.265055,124.72552,20060313, 08:32:30.0000,-61.60532922,-57.74339753,-61.6055,-57.74092866,-61.60532922,-57.74339753,7.64762E-08
698,761,1,-95.030401,3.373752,-82.698532,249.265055,124.72552,20060313, 08:33:10.0000,-61.60571461,-57.73844753,-61.60591422,-57.73597252,-61.60571461,-57.73844753,7.82747E-08
698,762,1,-94.13782,4.143537,-82.865577,249.265055,124.72552,20060313, 08:33:50.0000,-61.60609754,-57.73345358,-61.60629754,-57.73093691,-61.60609754,-57.73345358,9.61345E-08
698,763,1,-97.160706,2.065773,-89.320205,249.265055,124.72552,20060313, 08:34:30.0000,-61.60651451,-57.72844896,-61.60672844,-57.72595095,-61.60651451,-57.72844896,4.79282E-08
698,764,1,-94.508368,3.804665,-87.778922,249.265055,124.72552,20060313, 08:35:10.0000,-61.60691667,-57.7234644,-61.60709785,-57.72101348,-61.60691667,-57.7234644,8.82723E-08
698,765,1,-97.031193,2.128305,-88.413723,249.265055,124.72552,20060313, 08:35:50.0000,-61.60731255,-57.71851625,-61.60753138,-57.71601465,-61.60731255,-57.71851625,4.9379E-08
698,766,1,-98.627778,1.473586,-91.623369,249.265055,124.72552,20060313, 08:36:30.0000,-61.60771451,-57.71356563,-61.60771451,-57.71356563,-61.60771451,-57.71356563,3.41888E-08
698,767,1,-94.111101,4.169108,-85.544881,249.265055,124.72552,20060313, 08:36:50.0000,-61.60791397,-57.71110441,-61.60811112,-57.70864158,-61.60791397,-57.71110441,9.67278E-08
698,768,1,-91.621699,7.395768,-81.137496,249.265055,124.72552,20060313, 08:37:30.0000,-61.60831266,-57.70616136,-61.60849727,-57.7037215,-61.60831266,-57.70616136,1.7159E-07
698,769,1,-89.74025,11.405865,-76.64172,249.265055,124.72552,20060313, 08:38:10.0000,-61.60871121,-57.70125756,-61.60888058,-57.69877467,-61.60871121,-57.70125756,2.64628E-07
698,770,1,-93.568295,4.72415,-85.356738,249.265055,124.72552,20060313, 08:38:50.0000,-61.60906116,-57.69627467,-61.60924728,-57.69372692,-61.60906116,-57.69627467,1.09605E-07
698,771,1,-96.484803,2.413642,-88.024651,249.265055,124.72552,20060313, 08:39:30.0000,-61.60943118,-57.69124681,-61.6096,-57.68877467,-61.60943118,-57.69124681,5.59991E-08
698,772,1,-97.368914,1.969073,-90.223838,249.265055,124.72552,20060313, 08:40:10.0000,-61.60976667,-57.68627467,-61.6099479,-57.68372945,-61.60976667,-57.68627467,4.56846E-08
698,773,1,-97.360055,1.973094,-88.729915,249.265055,124.72552,20060313, 08:40:50.0000,-61.61013059,-57.68122447,-61.61013059,-57.68122447,-61.61013059,-57.68122447,4.57779E-08
698,774,1,-90.51572,9.540721,-78.412973,249.265055,124.72552,20060313, 08:41:10.0000,-61.6103,-57.67870447,-61.61048097,-57.6761878,-61.6103,-57.67870447,2.21355E-07
698,775,1,-74.443699,386.174279,-59.553963,249.265055,124.72552,20060313, 08:41:50.0000,-61.61066236,-57.67366348,-61.61083097,-57.67116877,-61.61066236,-57.67366348,8.95966E-06
698,776,1,-97.261016,2.018606,-88.99587,249.265055,124.72552,20060313, 08:42:30.0000,-61.61101194,-57.6686378,-61.61119728,-57.66614359,-61.61101194,-57.6686378,4.68338E-08
698,777,1,-95.191253,3.251082,-86.534134,249.265055,124.72552,20060313, 08:43:10.0000,-61.61134764,-57.66363544,-61.61151487,-57.66114366,-61.61134764,-57.66363544,7.54286E-08
698,778,1,-96.032457,2.678598,-87.091995,249.265055,124.72552,20060313, 08:43:50.0000,-61.61169726,-57.65867719,-61.6118643,-57.65615683,-61.61169726,-57.65867719,6.21464E-08
698,779,1,-96.105891,2.633687,-88.372238,249.265055,124.72552,20060313, 08:44:30.0000,-61.61203137,-57.65366282,-61.61219801,-57.65116317,-61.61203137,-57.65366282,6.11044E-08
698,780,1,-97.589082,1.871738,-91.027266,249.265055,124.72552,20060313, 08:45:10.0000,-61.61236667,-57.64870248,-61.61253137,-57.64619615,-61.61236667,-57.64870248,4.34263E-08
698,781,1,-93.140249,5.213488,-89.228107,249.265055,124.72552,20060313, 08:45:50.0000,-61.61269786,-57.64368215,-61.61269786,-57.64368215,-61.61269786,-57.64368215,1.20959E-07
698,782,1,-96.389369,2.467268,-90.012013,249.265055,124.72552,20060313, 08:46:10.0000,-61.61286667,-57.64117379,-61.61304793,-57.63867897,-61.61286667,-57.64117379,5.72433E-08
698,783,1,-99.288897,1.265504,-90.884083,249.265055,124.72552,20060313, 08:46:50.0000,-61.613246,-57.63621136,-61.6134146,-57.63371644,-61.613246,-57.63621136,2.93611E-08
698,784,1,-98.374235,1.562175,-89.956356,249.265055,124.72552,20060313, 08:47:30.0000,-61.61358117,-57.63119915,-61.61374783,-57.62869915,-61.61358117,-57.63119915,3.62442E-08
698,785,1,-95.261951,3.198587,-86.661017,249.265055,124.72552,20060313, 08:48:10.0000,-61.61391442,-57.62618601,-61.614081,-57.6236684,-61.61391442,-57.62618601,7.42107E-08
698,786,1,-96.01111,2.691797,-85.763725,249.265055,124.72552,20060313, 08:48:50.0000,-61.61423078,-57.62116911,-61.61439775,-57.61865043,-61.61423078,-57.62116911,6.24526E-08
698,787,1,-88.921829,13.771154,-76.625239,249.265055,124.72552,20060313, 08:49:30.0000,-61.61454799,-57.61611349,-61.61472866,-57.6135874,-61.61454799,-57.61611349,3.19506E-07
698,788,1,-89.487473,12.089433,-79.79349,249.265055,124.72552,20060313, 08:50:10.0000,-61.61489775,-57.61106934,-61.61489775,-57.61106934,-61.61489775,-57.61106934,2.80488E-07
698,789,1,-90.453659,9.678039,-77.50781,249.265055,124.72552,20060313, 08:50:30.0000,-61.61504775,-57.60855043,-61.61523072,-57.60607255,-61.61504775,-57.60855043,2.24541E-07
698,790,1,-94.670418,3.665316,-83.100153,249.265055,124.72552,20060313, 08:51:10.0000,-61.61539775,-57.60353376,-61.61556667,-57.60101695,-61.61539775,-57.60353376,8.50393E-08
698,791,1,-94.567834,3.752924,-81.864639,249.265055,124.72552,20060313, 08:51:50.0000,-61.61571667,-57.59851484,-61.61591217,-57.59603376,-61.61571667,-57.59851484,8.70719E-08
698,792,1,-96.327059,2.502922,-88.786371,249.265055,124.72552,20060313, 08:52:30.0000,-61.61608109,-57.59353361,-61.61627883,-57.59108376,-61.61608109,-57.59353361,5.80705E-08
698,793,1,-94.431178,3.872892,-85.326205,249.265055,124.72552,20060313, 08:53:10.0000,-61.61649743,-57.58862192,-61.61671201,-57.58610391,-61.61649743,-57.58862192,8.98553E-08
698,794,1,-91.093904,8.351469,-82.402798,249.265055,124.72552,20060313, 08:53:50.0000,-61.61694474,-57.58357542,-61.61694474,-57.58357542,-61.61694474,-57.58357542,1.93763E-07
698,795,1,-95.625433,2.941778,-88.420569,249.265055,124.72552,20060313, 08:54:10.0000,-61.61714721,-57.58109189,-61.61737862,-57.57853767,-61.61714721,-57.58109189,6.82524E-08
698,796,1,-94.366625,3.930889,-81.555702,249.265055,124.72552,20060313, 08:54:50.0000,-61.61759727,-57.5759937,-61.61779759,-57.57348851,-61.61759727,-57.5759937,9.12009E-08
698,797,1,-88.675064,14.576284,-76.262713,249.265055,124.72552,20060313, 08:55:30.0000,-61.61801424,-57.57098636,-61.61821437,-57.56846785,-61.61801424,-57.57098636,3.38186E-07
698,798,1,-92.936782,5.463552,-83.126451,249.265055,124.72552,20060313, 08:56:10.0000,-61.6184304,-57.56600771,-61.61861417,-57.5635399,-61.6184304,-57.56600771,1.2676E-07
698,799,1,-92.601449,5.902124,-82.113791,249.265055,124.72552,20060313, 08:56:50.0000,-61.61881371,-57.56104723,-61.61899743,-57.55857188,-61.61881371,-57.56104723,1.36936E-07
698,800,1,-92.103298,6.619474,-82.370903,249.265055,124.72552,20060313, 08:57:30.0000,-61.61919565,-57.55608264,-61.61938137,-57.55359421,-61.61919565,-57.55608264,1.53579E-07
698,801,1,-83.26233,50.68976,-70.417583,249.265055,124.72552,20060313, 08:58:10.0000,-61.61959747,-57.55108789,-61.61959747,-57.55108789,-61.61959747,-57.55108789,1.17606E-06
698,802,1,-93.873359,4.403696,-84.201797,249.265055,124.72552,20060313, 08:58:30.0000,-61.61979747,-57.54855456,-61.62001453,-57.54603212,-61.61979747,-57.54855456,1.0217E-07
698,803,1,-98.302084,1.588345,-89.538722,249.265055,124.72552,20060313, 08:59:10.0000,-61.6202,-57.54351597,-61.62041159,-57.54106888,-61.6202,-57.54351597,3.68513E-08
698,804,1,-101.564304,0.749416,-93.735945,249.265055,124.72552,20060313, 08:59:50.0000,-61.62059575,-57.53856523,-61.62078079,-57.53602395,-61.62059575,-57.53856523,1.73873E-08
698,805,1,-99.316401,1.257515,-88.823299,249.265055,124.72552,20060313, 09:00:30.0000,-61.62097903,-57.53346776,-61.6211645,-57.53096584,-61.62097903,-57.53346776,2.91757E-08
698,806,1,-93.861743,4.415491,-84.082014,249.265055,124.72552,20060313, 09:01:10.0000,-61.62134746,-57.52845475,-61.62154785,-57.52594894,-61.62134746,-57.52845475,1.02444E-07
698,807,1,-94.070607,4.208163,-83.321335,249.265055,124.72552,20060313, 09:01:50.0000,-61.62174565,-57.52344713,-61.62194416,-57.52092714,-61.62174565,-57.52344713,9.76339E-08
698,808,1,-94.177704,4.105658,-84.448598,249.265055,124.72552,20060313, 09:02:30.0000,-61.62214746,-57.51835475,-61.62214746,-57.51835475,-61.62214746,-57.51835475,9.52557E-08
698,809,1,-90.146797,10.386602,-75.108022,249.265055,124.72552,20060313, 09:02:50.0000,-61.62238117,-57.51583033,-61.62263078,-57.51335246,-61.62238117,-57.51583033,2.4098E-07
698,810,1,-82.124513,65.872162,-68.863699,249.265055,124.72552,20060313, 09:03:30.0000,-61.62289489,-57.51085502,-61.62316143,-57.50834193,-61.62289489,-57.51085502,1.52831E-06
698,811,1,-72.464143,609.170666,-56.028734,249.265055,124.72552,20060313, 09:04:10.0000,-61.62341126,-57.50587392,-61.623679,-57.50336581,-61.62341126,-57.50587392,1.41334E-05
698,812,1,-93.133429,5.221681,-83.869583,249.265055,124.72552,20060313, 09:04:50.0000,-61.62391405,-57.50087262,-61.6241472,-57.49839204,-61.62391405,-57.50087262,1.21149E-07
698,813,1,-91.753133,7.175298,-81.437935,249.265055,124.72552,20060313, 09:05:30.0000,-61.62439777,-57.49588566,-61.6246472,-57.49339204,-61.62439777,-57.49588566,1.66475E-07
698,814,1,-81.065093,84.070566,-68.747364,249.265055,124.72552,20060313, 09:06:10.0000,-61.62488053,-57.4909087,-61.62488053,-57.4909087,-61.62488053,-57.4909087,1.95053E-06
698,815,1,-88.195081,16.279652,-73.275171,249.265055,124.72552,20060313, 09:06:30.0000,-61.62516234,-57.48841365,-61.62541186,-57.48593367,-61.62516234,-57.48841365,3.77705E-07
698,816,1,-91.65772,7.334681,-81.97886,249.265055,124.72552,20060313, 09:07:10.0000,-61.62567852,-57.48346941,-61.62594783,-57.48098464,-61.62567852,-57.48346941,1.70173E-07
698,817,1,-92.702601,5.766245,-81.4843,249.265055,124.72552,20060313, 09:07:50.0000,-61.62619531,-57.47854948,-61.6264618,-57.47611985,-61.62619531,-57.47854948,1.33783E-07
698,818,1,-82.466989,60.877146,-68.742113,249.265055,124.72552,20060313, 09:08:30.0000,-61.62674757,-57.47366985,-61.62701228,-57.47123068,-61.62674757,-57.47366985,1.41242E-06
698,819,1,-82.516698,60.184326,-69.866884,249.265055,124.72552,20060313, 09:09:10.0000,-61.62727833,-57.46875172,-61.62753083,-57.46625422,-61.62727833,-57.46875172,1.39634E-06
698,820,1,-81.285919,79.902673,-69.107333,249.265055,124.72552,20060313, 09:09:50.0000,-61.62777838,-57.46378711,-61.62801423,-57.46130075,-61.62777838,-57.46378711,1.85383E-06
698,821,1,-75.576984,297.477997,-65.461924,249.265055,124.72552,20060313, 09:10:30.0000,-61.62827838,-57.45882045,-61.62827838,-57.45882045,-61.62827838,-57.45882045,6.90181E-06
698,822,1,-70.454616,967.590673,-60.115742,249.265055,124.72552,20060313, 09:10:50.0000,-61.62851419,-57.45630625,-61.6287618,-57.45383408,-61.62851419,-57.45630625,2.24491E-05
698,823,1,-71.411486,776.255426,-61.596259,249.265055,124.72552,20060313, 09:11:30.0000,-61.62902833,-57.45138505,-61.62928053,-57.44892257,-61.62902833,-57.45138505,1.801E-05
698,824,1,-68.986541,1356.747784,-60.909605,249.265055,124.72552,20060313, 09:12:10.0000,-61.62954723,-57.44644155,-61.62982833,-57.44398505,-61.62954723,-57.44644155,3.1478E-05
698,825,1,-69.933546,1090.934283,-63.196181,249.265055,124.72552,20060313, 09:12:50.0000,-61.63006085,-57.4415103,-61.63031179,-57.43901991,-61.63006085,-57.4415103,2.53109E-05
698,826,1,-75.199773,324.471061,-64.71764,249.265055,124.72552,20060313, 09:13:30.0000,-61.63056416,-57.43652094,-61.6308302,-57.43403027,-61.63056416,-57.43652094,7.52808E-06
698,827,1,-74.709389,363.257306,-65.480732,249.265055,124.72552,20060313, 09:14:10.0000,-61.63112707,-57.4315136,-61.63136446,-57.4290142,-61.63112707,-57.4315136,8.42796E-06
698,828,1,-76.766612,226.199695,-67.385249,249.265055,124.72552,20060313, 09:14:50.0000,-61.63161041,-57.42651673,-61.63161041,-57.42651673,-61.63161041,-57.42651673,5.24808E-06
698,829,1,-74.958944,342.972122,-62.962076,249.265055,124.72552,20060313, 09:15:10.0000,-61.63184722,-57.42400833,-61.63207857,-57.42149998,-61.63184722,-57.42400833,7.95732E-06
698,830,1,-73.474119,482.77122,-61.420333,249.265055,124.72552,20060313, 09:15:50.0000,-61.63231419,-57.41895625,-61.6325302,-57.41639694,-61.63231419,-57.41895625,1.12008E-05
698,831,1,-73.911912,436.477649,-63.324691,249.265055,124.72552,20060313, 09:16:30.0000,-61.63276399,-57.41382349,-61.63299752,-57.41128726,-61.63276399,-57.41382349,1.01268E-05
698,832,1,-75.185413,325.545642,-63.636938,249.265055,124.72552,20060313, 09:17:10.0000,-61.63322721,-57.40873235,-61.63346191,-57.40618569,-61.63322721,-57.40873235,7.55301E-06
698,833,1,-78.460538,153.143792,-68.097237,249.265055,124.72552,20060313, 09:17:50.0000,-61.63368027,-57.40361568,-61.63368027,-57.40361568,-61.63368027,-57.40361568,3.5531E-06
698,834,1,-78.645599,146.755134,-68.979188,249.265055,124.72552,20060313, 09:18:10.0000,-61.6338969,-57.40104957,-61.63411392,-57.39850783,-61.6338969,-57.40104957,3.40488E-06
698,835,1,-85.98296,27.09301,-78.081736,249.265055,124.72552,20060313, 09:18:50.0000,-61.63433027,-57.39599595,-61.63456392,-57.39346057,-61.63433027,-57.39599595,6.28587E-07
698,836,1,-88.594751,14.848348,-74.576276,249.265055,124.72552,20060313, 09:19:30.0000,-61.63476449,-57.39093487,-61.63498027,-57.38841262,-61.63476449,-57.39093487,3.44498E-07
698,837,1,-88.389362,15.567436,-74.911387,249.265055,124.72552,20060313, 09:20:10.0000,-61.63516394,-57.38588818,-61.63538098,-57.38335195,-61.63516394,-57.38588818,3.61181E-07
698,838,1,-75.671898,291.047204,-61.934936,249.265055,124.72552,20060313, 09:20:50.0000,-61.63559538,-57.38085135,-61.63581135,-57.37835919,-61.63559538,-57.38085135,6.75261E-06
698,839,1,-84.499394,38.125354,-77.053431,249.265055,124.72552,20060313, 09:21:30.0000,-61.63603098,-57.37583529,-61.63603098,-57.37583529,-61.63603098,-57.37583529,8.84549E-07
698,840,1,-80.526723,95.165801,-70.504383,249.265055,124.72552,20060313, 09:21:50.0000,-61.63623011,-57.37331502,-61.63643013,-57.37081467,-61.63623011,-57.37331502,2.20795E-06
698,841,1,-86.618435,23.405059,-73.865535,249.265055,124.72552,20060313, 09:22:30.0000,-61.63664765,-57.36828529,-61.63689436,-57.36577566,-61.63664765,-57.36828529,5.43023E-07
698,842,1,-89.385602,12.376364,-77.0184,249.265055,124.72552,20060313, 09:23:10.0000,-61.63711417,-57.36323738,-61.63734449,-57.36071073,-61.63711417,-57.36323738,2.87145E-07
698,843,1,-85.746063,28.611914,-73.550364,249.265055,124.72552,20060313, 09:23:50.0000,-61.63759463,-57.35817633,-61.63781425,-57.35567206,-61.63759463,-57.35817633,6.63827E-07
698,844,1,-80.573117,94.154604,-67.182729,249.265055,124.72552,20060313, 09:24:30.0000,-61.63802833,-57.35317087,-61.6382137,-57.35067483,-61.63802833,-57.35317087,2.18449E-06
698,845,1,-85.198332,32.457868,-71.978838,249.265055,124.72552,20060313, 09:25:10.0000,-61.63839733,-57.34815405,-61.63858063,-57.34560987,-61.63839733,-57.34815405,7.53058E-07
698,846,1,-86.274962,25.331276,-75.229161,249.265055,124.72552,20060313, 09:25:50.0000,-61.63876367,-57.34307828,-61.63876367,-57.34307828,-61.63876367,-57.34307828,5.87713E-07
698,847,1,-84.2004,40.84259,-75.121086,249.265055,124.72552,20060313, 09:26:10.0000,-61.63891406,-57.34049177,-61.6390973,-57.33795717,-61.63891406,-57.34049177,9.47592E-07
698,848,1,-85.039869,33.664045,-76.202515,249.265055,124.72552,20060313, 09:26:50.0000,-61.63929731,-57.33540697,-61.63948071,-57.33285608,-61.63929731,-57.33540697,7.81042E-07
698,849,1,-85.387406,31.075106,-76.267995,249.265055,124.72552,20060313, 09:27:30.0000,-61.63967793,-57.33030987,-61.63986367,-57.3277646,-61.63967793,-57.33030987,7.20976E-07
698,850,1,-87.227242,20.343659,-75.245619,249.265055,124.72552,20060313, 09:28:10.0000,-61.64003085,-57.32520399,-61.6402114,-57.32265614,-61.64003085,-57.32520399,4.71995E-07
698,851,1,-82.6338,58.583223,-73.995792,249.265055,124.72552,20060313, 09:28:50.0000,-61.64039739,-57.32011993,-61.64059737,-57.31760345,-61.64039739,-57.32011993,1.35919E-06
698,852,1,-87.576153,18.773183,-78.840175,249.265055,124.72552,20060313, 09:29:30.0000,-61.64076397,-57.3150905,-61.64076397,-57.3150905,-61.64076397,-57.3150905,4.35558E-07
698,853,1,-87.058168,21.151268,-76.072108,249.265055,124.72552,20060313, 09:29:50.0000,-61.6409304,-57.31256062,-61.64111404,-57.31000871,-61.6409304,-57.31256062,4.90732E-07
698,854,1,-85.799045,28.264983,-74.581658,249.265055,124.72552,20060313, 09:30:30.0000,-61.64128063,-57.30747384,-61.64148063,-57.3049405,-61.64128063,-57.30747384,6.55778E-07
698,855,1,-83.447268,48.576523,-71.564906,249.265055,124.72552,20060313, 09:31:10.0000,-61.64166404,-57.30239204,-61.6418305,-57.29989253,-61.64166404,-57.30239204,1.12703E-06
698,856,1,-85.140746,32.891121,-75.109896,249.265055,124.72552,20060313, 09:31:50.0000,-61.6419973,-57.29734056,-61.64218012,-57.29483153,-61.6419973,-57.29734056,7.63109E-07
698,857,1,-87.451358,19.320459,-77.688433,249.265055,124.72552,20060313, 09:32:30.0000,-61.6423473,-57.29227119,-61.64251434,-57.28968727,-61.6423473,-57.29227119,4.48255E-07
698,858,1,-88.6712,14.58926,-78.402741,249.265055,124.72552,20060313, 09:33:10.0000,-61.64271169,-57.28713981,-61.64271169,-57.28713981,-61.64271169,-57.28713981,3.38487E-07
698,859,1,-89.051935,13.364716,-78.826682,249.265055,124.72552,20060313, 09:33:30.0000,-61.64289715,-57.28462613,-61.64308012,-57.28209813,-61.64289715,-57.28462613,3.10076E-07
698,860,1,-92.235803,6.42056,-83.234034,249.265055,124.72552,20060313, 09:34:10.0000,-61.64326373,-57.27957741,-61.64346371,-57.27706106,-61.64326373,-57.27957741,1.48964E-07
698,861,1,-91.514016,7.581439,-83.820356,249.265055,124.72552,20060313, 09:34:50.0000,-61.64366416,-57.27452086,-61.64386339,-57.27202925,-61.64366416,-57.27452086,1.75898E-07
698,862,1,-94.353914,3.942411,-88.231572,249.265055,124.72552,20060313, 09:35:30.0000,-61.64404746,-57.26951893,-61.64423079,-57.26699068,-61.64404746,-57.26951893,9.14682E-08
698,863,1,-93.872112,4.404961,-82.10359,249.265055,124.72552,20060313, 09:36:10.0000,-61.64441412,-57.26444322,-61.64459752,-57.26190639,-61.64441412,-57.26444322,1.022E-07
698,864,1,-95.535131,3.003586,-87.745066,249.265055,124.72552,20060313, 09:36:50.0000,-61.64476339,-57.2593992,-61.64476339,-57.2593992,-61.64476339,-57.2593992,6.96864E-08
698,865,1,-89.634103,11.688074,-84.674592,249.265055,124.72552,20060313, 09:37:10.0000,-61.64494709,-57.25689358,-61.64511415,-57.25438517,-61.64494709,-57.25689358,2.71176E-07
698,866,1,-91.364418,7.84714,-84.016783,249.265055,124.72552,20060313, 09:37:50.0000,-61.64531342,-57.25193198,-61.64549674,-57.2494323,-61.64531342,-57.25193198,1.82062E-07
698,867,1,-95.605397,2.955381,-87.930462,249.265055,124.72552,20060313, 09:38:30.0000,-61.64566412,-57.24693814,-61.64584672,-57.2444492,-61.64566412,-57.24693814,6.8568E-08
698,868,1,-96.131639,2.618119,-86.2679,249.265055,124.72552,20060313, 09:39:10.0000,-61.64603043,-57.24199067,-61.64621376,-57.23949364,-61.64603043,-57.24199067,6.07432E-08
698,869,1,-92.668479,5.811729,-85.010654,249.265055,124.72552,20060313, 09:39:50.0000,-61.64641325,-57.23698459,-61.64661414,-57.23443795,-61.64641325,-57.23698459,1.34838E-07
698,870,1,-89.390605,12.362114,-83.384443,249.265055,124.72552,20060313, 09:40:30.0000,-61.64681414,-57.23192378,-61.64701414,-57.22937378,-61.64681414,-57.23192378,2.86814E-07
698,871,1,-88.859227,13.971097,-84.460195,249.265055,124.72552,20060313, 09:41:10.0000,-61.6472136,-57.22686576,-61.6472136,-57.22686576,-61.6472136,-57.22686576,3.24145E-07
698,872,1,-88.603339,14.819015,-82.025658,249.265055,124.72552,20060313, 09:41:30.0000,-61.64744465,-57.22432614,-61.64765,-57.22179459,-61.64744465,-57.22432614,3.43817E-07
698,873,1,-91.059606,8.417683,-81.248603,249.265055,124.72552,20060313, 09:42:10.0000,-61.6478638,-57.21927341,-61.64806414,-57.21677125,-61.6478638,-57.21927341,1.95299E-07
698,874,1,-91.264311,8.030122,-80.535188,249.265055,124.72552,20060313, 09:42:50.0000,-61.64828053,-57.21430587,-61.6484974,-57.21180573,-61.64828053,-57.21430587,1.86307E-07
698,875,1,-92.573012,5.940898,-84.757844,249.265055,124.72552,20060313, 09:43:30.0000,-61.64869747,-57.20930206,-61.64892767,-57.20681194,-61.64869747,-57.20930206,1.37835E-07
698,876,1,-89.818315,11.202676,-83.232751,249.265055,124.72552,20060313, 09:44:10.0000,-61.64911389,-57.20429441,-61.64931384,-57.20177567,-61.64911389,-57.20429441,2.59914E-07
698,877,1,-86.508233,24.006559,-80.684982,249.265055,124.72552,20060313, 09:44:50.0000,-61.64952764,-57.19928983,-61.64971384,-57.19676182,-61.64952764,-57.19928983,5.56978E-07
698,878,1,-86.914657,21.861882,-80.376823,249.265055,124.72552,20060313, 09:45:30.0000,-61.64993081,-57.19427125,-61.64993081,-57.19427125,-61.64993081,-57.19427125,5.07219E-07
698,879,1,-87.382501,19.629224,-80.378972,249.265055,124.72552,20060313, 09:45:50.0000,-61.65012712,-57.19174662,-61.65032771,-57.18922548,-61.65012712,-57.19174662,4.55419E-07
698,880,1,-87.810433,17.787297,-81.522375,249.265055,124.72552,20060313, 09:46:30.0000,-61.65054684,-57.18670061,-61.65078047,-57.18417914,-61.65054684,-57.18670061,4.12684E-07
698,881,1,-88.26159,16.032241,-82.073118,249.265055,124.72552,20060313, 09:47:10.0000,-61.65109188,-57.18170728,-61.65165252,-57.17946729,-61.65109188,-57.18170728,3.71965E-07
698,882,1,-89.154975,13.051359,-81.68108,249.265055,124.72552,20060313, 09:47:50.0000,-61.65246902,-57.17771196,-61.65348314,-57.17651124,-61.65246902,-57.17771196,3.02806E-07
698,883,1,-89.222229,12.850806,-81.711677,249.265055,124.72552,20060313, 09:48:30.0000,-61.65465803,-57.17591265,-61.65579452,-57.17537616,-61.65465803,-57.17591265,2.98153E-07
698,884,1,-88.999252,13.527826,-81.553158,249.265055,124.72552,20060313, 09:49:10.0000,-61.65698011,-57.17486136,-61.65813026,-57.17426316,-61.65698011,-57.17486136,3.1386E-07
698,885,1,-90.322763,9.974173,-81.447625,249.265055,124.72552,20060313, 09:49:50.0000,-61.65932671,-57.17367997,-61.65932671,-57.17367997,-61.65932671,-57.17367997,2.31412E-07
698,886,1,-90.879647,8.773816,-84.532427,249.265055,124.72552,20060313, 09:50:10.0000,-61.66049678,-57.17306136,-61.66167974,-57.17248912,-61.66049678,-57.17306136,2.03562E-07
698,887,1,-89.760889,11.351789,-81.837221,249.265055,124.72552,20060313, 09:50:50.0000,-61.66287565,-57.17189725,-61.66407913,-57.17127561,-61.66287565,-57.17189725,2.63374E-07
698,888,1,-87.038812,21.245751,-80.819394,249.265055,124.72552,20060313, 09:51:30.0000,-61.6652964,-57.17069491,-61.66647565,-57.17009377,-61.6652964,-57.17069491,4.92924E-07
698,889,1,-86.331071,25.006111,-77.710956,249.265055,124.72552,20060313, 09:52:10.0000,-61.66769148,-57.16944908,-61.66886522,-57.16876035,-61.66769148,-57.16944908,5.80169E-07
698,890,1,-88.025191,16.929108,-80.504123,249.265055,124.72552,20060313, 09:52:50.0000,-61.67004462,-57.1681126,-61.67120898,-57.16743058,-61.67004462,-57.1681126,3.92774E-07
698,891,1,-91.803703,7.092232,-86.649108,249.265055,124.72552,20060313, 09:53:30.0000,-61.67237974,-57.16678114,-61.67237974,-57.16678114,-61.67237974,-57.16678114,1.64547E-07
698,892,1,-88.580762,14.896253,-78.191341,249.265055,124.72552,20060313, 09:53:50.0000,-61.67359206,-57.16614564,-61.67479513,-57.16557589,-61.67359206,-57.16614564,3.45609E-07
698,893,1,-88.589176,14.86742,-76.162907,249.265055,124.72552,20060313, 09:54:30.0000,-61.67597509,-57.16500623,-61.67719403,-57.16441132,-61.67597509,-57.16500623,3.4494E-07
698,894,1,-88.197099,16.27209,-77.424358,249.265055,124.72552,20060313, 09:55:10.0000,-61.67841255,-57.16382557,-61.67959487,-57.16319579,-61.67841255,-57.16382557,3.7753E-07
698,895,1,-87.899288,17.427074,-79.880541,249.265055,124.72552,20060313, 09:55:50.0000,-61.6808061,-57.16255035,-61.68202431,-57.16192768,-61.6808061,-57.16255035,4.04327E-07
698,896,1,-89.159808,13.036843,-84.480612,249.265055,124.72552,20060313, 09:56:30.0000,-61.68322891,-57.16136205,-61.68322891,-57.16136205,-61.68322891,-57.16136205,3.02469E-07
698,897,1,-88.105022,16.620765,-80.481503,249.265055,124.72552,20060313, 09:56:50.0000,-61.68444259,-57.16077699,-61.68562509,-57.16025934,-61.68444259,-57.16077699,3.8562E-07
698,898,1,-88.789614,14.196844,-81.021302,249.265055,124.72552,20060313, 09:57:30.0000,-61.68683217,-57.15964352,-61.68800951,-57.15907688,-61.68683217,-57.15964352,3.29382E-07
698,899,1,-85.660696,29.179887,-71.433592,249.265055,124.72552,20060313, 09:58:10.0000,-61.68922821,-57.15849579,-61.69042501,-57.15794405,-61.68922821,-57.15849579,6.77005E-07
698,900,1,-91.357864,7.858992,-83.933447,249.265055,124.72552,20060313, 09:58:50.0000,-61.69162527,-57.15735707,-61.69282821,-57.15671557,-61.69162527,-57.15735707,1.82337E-07
698,901,1,-91.267838,8.023603,-84.968712,249.265055,124.72552,20060313, 09:59:30.0000,-61.69404766,-57.1561721,-61.69524671,-57.15555855,-61.69404766,-57.1561721,1.86156E-07
698,902,1,-91.831708,7.046646,-86.835971,249.265055,124.72552,20060313, 10:00:10.0000,-61.69644387,-57.1549931,-61.69644387,-57.1549931,-61.69644387,-57.1549931,1.6349E-07
698,903,1,-91.589028,7.451616,-80.485512,249.265055,124.72552,20060313, 10:00:30.0000,-61.69766161,-57.15439419,-61.69886704,-57.15384148,-61.69766161,-57.15439419,1.72886E-07
698,904,1,-93.084033,5.281411,-86.027147,249.265055,124.72552,20060313, 10:01:10.0000,-61.70003022,-57.15327656,-61.70121225,-57.1526484,-61.70003022,-57.15327656,1.22534E-07
698,905,1,-90.757743,9.023582,-83.593592,249.265055,124.72552,20060313, 10:01:50.0000,-61.70237634,-57.15202554,-61.70354597,-57.15134812,-61.70237634,-57.15202554,2.09357E-07
698,906,1,-90.47861,9.622596,-82.312484,249.265055,124.72552,20060313, 10:02:30.0000,-61.70471433,-57.15069691,-61.70586225,-57.14997872,-61.70471433,-57.15069691,2.23255E-07
698,907,1,-91.397911,7.786856,-82.823986,249.265055,124.72552,20060313, 10:03:10.0000,-61.70704572,-57.14929231,-61.70821538,-57.14857863,-61.70704572,-57.14929231,1.80663E-07
698,908,1,-89.713576,11.476135,-81.658941,249.265055,124.72552,20060313, 10:03:50.0000,-61.7094105,-57.14789638,-61.7094105,-57.14789638,-61.7094105,-57.14789638,2.66259E-07
698,909,1,-89.389633,12.364881,-82.094787,249.265055,124.72552,20060313, 10:04:10.0000,-61.71059273,-57.1471953,-61.711762,-57.14657886,-61.71059273,-57.1471953,2.86879E-07
698,910,1,-91.447643,7.698195,-83.278605,249.265055,124.72552,20060313, 10:04:50.0000,-61.71290998,-57.14588334,-61.71411239,-57.14522564,-61.71290998,-57.14588334,1.78606E-07
698,911,1,-89.11658,13.167256,-80.426592,249.265055,124.72552,20060313, 10:05:30.0000,-61.71527906,-57.14456496,-61.71647665,-57.14389668,-61.71527906,-57.14456496,3.05495E-07
698,912,1,-88.225628,16.165547,-78.709025,249.265055,124.72552,20060313, 10:06:10.0000,-61.71767906,-57.14329231,-61.71888083,-57.14272762,-61.71767906,-57.14329231,3.75058E-07
698,913,1,-88.257097,16.048837,-80.52333,249.265055,124.72552,20060313, 10:06:50.0000,-61.72009358,-57.14209652,-61.72009358,-57.14209652,-61.72009358,-57.14209652,3.7235E-07
698,914,1,-90.407569,9.781295,-82.163387,249.265055,124.72552,20060313, 10:07:10.0000,-61.72129029,-57.14147986,-61.72250895,-57.14086219,-61.72129029,-57.14147986,2.26937E-07
698,915,1,-90.792203,8.952266,-82.42881,249.265055,124.72552,20060313, 10:07:50.0000,-61.72372332,-57.14022667,-61.72492881,-57.13961211,-61.72372332,-57.14022667,2.07702E-07
698,916,1,-86.017574,26.877929,-76.506232,249.265055,124.72552,20060313, 10:08:30.0000,-61.72616214,-57.13892877,-61.7273964,-57.13837825,-61.72616214,-57.13892877,6.23597E-07
698,917,1,-91.458424,7.67911,-80.167442,249.265055,124.72552,20060313, 10:09:10.0000,-61.72861517,-57.13777877,-61.72982844,-57.13719257,-61.72861517,-57.13777877,1.78164E-07
698,918,1,-94.014996,4.262394,-84.275448,249.265055,124.72552,20060313, 10:09:50.0000,-61.73102806,-57.13666097,-61.73102806,-57.13666097,-61.73102806,-57.13666097,9.88921E-08
698,919,1,-91.161319,8.22283,-80.857538,249.265055,124.72552,20060313, 10:10:10.0000,-61.7322611,-57.13610953,-61.73354202,-57.13555924,-61.7322611,-57.13610953,1.90779E-07
698,920,1,-88.746892,14.337189,-78.094471,249.265055,124.72552,20060313, 10:10:50.0000,-61.73475774,-57.13501097,-61.73597328,-57.1344467,-61.73475774,-57.13501097,3.32638E-07
698,921,1,-85.782309,28.374114,-75.513182,249.265055,124.72552,20060313, 10:11:30.0000,-61.73718935,-57.13388032,-61.73842445,-57.13327944,-61.73718935,-57.13388032,6.5831E-07
698,922,1,-83.62066,46.675315,-72.858765,249.265055,124.72552,20060313, 10:12:10.0000,-61.73962411,-57.13269443,-61.74084382,-57.13212972,-61.73962411,-57.13269443,1.08292E-06
698,923,1,-83.030711,53.466551,-71.993346,249.265055,124.72552,20060313, 10:12:50.0000,-61.74207786,-57.1315222,-61.74207786,-57.1315222,-61.74207786,-57.1315222,1.24048E-06
698,924,1,-80.724513,90.928892,-72.731924,249.265055,124.72552,20060313, 10:13:10.0000,-61.74330693,-57.13099323,-61.74452684,-57.13038114,-61.74330693,-57.13099323,2.10965E-06
698,925,1,-86.30029,25.183971,-79.34747,249.265055,124.72552,20060313, 10:13:50.0000,-61.74571332,-57.12982524,-61.7469236,-57.12919323,-61.74571332,-57.12982524,5.84295E-07
698,926,1,-85.895139,27.646445,-76.694672,249.265055,124.72552,20060313, 10:14:30.0000,-61.74816021,-57.12857823,-61.74937466,-57.12797391,-61.74816021,-57.12857823,6.41427E-07
698,927,1,-81.843707,70.272041,-72.78233,249.265055,124.72552,20060313, 10:15:10.0000,-61.7505769,-57.12733317,-61.75176578,-57.12672837,-61.7505769,-57.12733317,1.63039E-06
698,928,1,-80.71087,91.214988,-72.236665,249.265055,124.72552,20060313, 10:15:50.0000,-61.75295803,-57.12609418,-61.75295803,-57.12609418,-61.75295803,-57.12609418,2.11629E-06
698,929,1,-80.02927,106.715186,-71.764367,249.265055,124.72552,20060313, 10:16:10.0000,-61.75416307,-57.12551158,-61.75539643,-57.12493912,-61.75416307,-57.12551158,2.47591E-06
698,930,1,-84.374862,39.234404,-76.186977,249.265055,124.72552,20060313, 10:16:50.0000,-61.75659052,-57.12431868,-61.75780693,-57.12369983,-61.75659052,-57.12431868,9.1028E-07
698,931,1,-89.040606,13.399624,-81.212994,249.265055,124.72552,20060313, 10:17:30.0000,-61.75904357,-57.12304323,-61.76027976,-57.12246156,-61.75904357,-57.12304323,3.10886E-07
698,932,1,-87.425429,19.436155,-76.878475,249.265055,124.72552,20060313, 10:18:10.0000,-61.76150645,-57.12183011,-61.76272976,-57.12122823,-61.76150645,-57.12183011,4.5094E-07
698,933,1,-86.337342,24.97003,-75.873476,249.265055,124.72552,20060313, 10:18:50.0000,-61.76395588,-57.12066373,-61.76395588,-57.12066373,-61.76395588,-57.12066373,5.79332E-07
698,934,1,-87.046263,21.209327,-74.766253,249.265055,124.72552,20060313, 10:19:10.0000,-61.7651435,-57.12006324,-61.76636285,-57.11944504,-61.7651435,-57.12006324,4.92079E-07
698,935,1,-86.034317,26.774512,-75.535216,249.265055,124.72552,20060313, 10:19:50.0000,-61.76754428,-57.11884293,-61.76875873,-57.11821757,-61.76754428,-57.11884293,6.21198E-07
698,936,1,-83.45277,48.515018,-68.681015,249.265055,124.72552,20060313, 10:20:30.0000,-61.76996131,-57.11759277,-61.77113855,-57.11699739,-61.76996131,-57.11759277,1.1256E-06
698,937,1,-81.828934,70.511478,-72.636424,249.265055,124.72552,20060313, 10:21:10.0000,-61.77232797,-57.11636573,-61.77352445,-57.11577625,-61.77232797,-57.11636573,1.63594E-06
698,938,1,-82.100674,66.23474,-71.442629,249.265055,124.72552,20060313, 10:21:50.0000,-61.77470522,-57.11520703,-61.77470522,-57.11520703,-61.77470522,-57.11520703,1.53672E-06
698,939,1,-76.179992,258.913084,-60.491154,249.265055,124.72552,20060313, 10:22:10.0000,-61.77589206,-57.11461406,-61.77712445,-57.11397944,-61.77589206,-57.11461406,6.00706E-06
698,940,1,-82.80081,56.373137,-70.311976,249.265055,124.72552,20060313, 10:22:50.0000,-61.77832764,-57.11339291,-61.7795277,-57.11279289,-61.77832764,-57.11339291,1.30792E-06
698,941,1,-80.583186,93.936549,-68.103318,249.265055,124.72552,20060313, 10:23:30.0000,-61.78070748,-57.11214949,-61.78191071,-57.11155969,-61.78070748,-57.11214949,2.17943E-06
698,942,1,-79.715811,114.702315,-68.71102,249.265055,124.72552,20060313, 10:24:10.0000,-61.78309437,-57.11093259,-61.78429405,-57.11027959,-61.78309437,-57.11093259,2.66122E-06
698,943,1,-77.205272,204.468324,-66.652886,249.265055,124.72552,20060313, 10:24:50.0000,-61.78545873,-57.10969739,-61.7866277,-57.10897941,-61.78545873,-57.10969739,4.74389E-06
698,944,1,-75.607779,295.376075,-67.785599,249.265055,124.72552,20060313, 10:25:30.0000,-61.78781103,-57.10832941,-61.78781103,-57.10832941,-61.78781103,-57.10832941,6.85304E-06
698,945,1,-83.174748,51.722372,-71.592816,249.265055,124.72552,20060313, 10:25:50.0000,-61.78899082,-57.10770646,-61.79016077,-57.10706612,-61.78899082,-57.10770646,1.20001E-06
698,946,1,-80.408063,97.801814,-65.622192,249.265055,124.72552,20060313, 10:26:30.0000,-61.79136071,-57.10640969,-61.79255778,-57.10582625,-61.79136071,-57.10640969,2.26911E-06
698,947,1,-83.037741,53.380071,-68.596742,249.265055,124.72552,20060313, 10:27:10.0000,-61.79376077,-57.10523978,-61.79495615,-57.10461699,-61.79376077,-57.10523978,1.23848E-06
698,948,1,-75.81423,281.663298,-59.455242,249.265055,124.72552,20060313, 10:27:50.0000,-61.79614046,-57.10398164,-61.79732379,-57.10339831,-61.79614046,-57.10398164,6.53489E-06
698,949,1,-81.538079,75.395478,-70.266952,249.265055,124.72552,20060313, 10:28:30.0000,-61.79853948,-57.10274353,-61.79972764,-57.10211597,-61.79853948,-57.10274353,1.74926E-06
698,950,1,-81.463524,76.700963,-68.945424,249.265055,124.72552,20060313, 10:29:10.0000,-61.80093671,-57.10141498,-61.80093671,-57.10141498,-61.80093671,-57.10141498,1.77955E-06
698,951,1,-76.711184,229.105166,-60.913037,249.265055,124.72552,20060313, 10:29:30.0000,-61.80210867,-57.10082723,-61.80330713,-57.10014831,-61.80210867,-57.10082723,5.31549E-06
698,952,1,-76.569716,236.690937,-62.107716,249.265055,124.72552,20060313, 10:30:10.0000,-61.80449536,-57.09949247,-61.80570955,-57.09888026,-61.80449536,-57.09949247,5.49148E-06
698,953,1,-81.472083,76.549955,-70.010732,249.265055,124.72552,20060313, 10:30:50.0000,-61.80689288,-57.09824693,-61.80810898,-57.09760913,-61.80689288,-57.09824693,1.77604E-06
698,954,1,-89.637414,11.679166,-79.528964,249.265055,124.72552,20060313, 10:31:30.0000,-61.80930897,-57.09698059,-61.81052379,-57.09633164,-61.80930897,-57.09698059,2.70969E-07
698,955,1,-82.612173,58.875675,-69.282441,249.265055,124.72552,20060313, 10:32:10.0000,-61.81172668,-57.09569666,-61.81172668,-57.09569666,-61.81172668,-57.09569666,1.36598E-06
698,956,1,-75.314073,316.042797,-63.382263,249.265055,124.72552,20060313, 10:32:30.0000,-61.81292871,-57.09502883,-61.81412869,-57.09439551,-61.81292871,-57.09502883,7.33253E-06
698,957,1,-78.768675,142.654572,-64.523618,249.265055,124.72552,20060313, 10:33:10.0000,-61.81530897,-57.0937174,-61.81650871,-57.09309257,-61.81530897,-57.0937174,3.30974E-06
698,958,1,-76.974313,215.636333,-64.310128,249.265055,124.72552,20060313, 10:33:50.0000,-61.81771203,-57.09249247,-61.81889046,-57.09189831,-61.81771203,-57.09249247,5.003E-06
698,959,1,-77.92026,173.431215,-67.74394,249.265055,124.72552,20060313, 10:34:30.0000,-61.82007564,-57.09128059,-61.82127351,-57.09061135,-61.82007564,-57.09128059,4.02379E-06
698,960,1,-79.755604,113.656121,-71.573264,249.265055,124.72552,20060313, 10:35:10.0000,-61.82245974,-57.09001348,-61.82245974,-57.09001348,-61.82245974,-57.09001348,2.63694E-06
698,961,1,-78.667824,146.006042,-67.398013,249.265055,124.72552,20060313, 10:35:30.0000,-61.82362564,-57.0893174,-61.82481869,-57.08869507,-61.82362564,-57.0893174,3.3875E-06
698,962,1,-79.74912,113.825931,-70.942568,249.265055,124.72552,20060313, 10:36:10.0000,-61.82598927,-57.08806566,-61.82717845,-57.0874259,-61.82598927,-57.08806566,2.64088E-06
698,963,1,-80.266207,101.049108,-72.242621,249.265055,124.72552,20060313, 10:36:50.0000,-61.82834186,-57.08679751,-61.82952546,-57.08608069,-61.82834186,-57.08679751,2.34445E-06
698,964,1,-80.907662,87.174012,-71.532486,249.265055,124.72552,20060313, 10:37:30.0000,-61.83069413,-57.08544621,-61.83187844,-57.08480924,-61.83069413,-57.08544621,2.02253E-06
698,965,1,-81.039565,84.566175,-72.084678,249.265055,124.72552,20060313, 10:38:10.0000,-61.83309445,-57.08417936,-61.83427845,-57.08356539,-61.83309445,-57.08417936,1.96203E-06
698,966,1,-82.532972,59.959224,-74.051629,249.265055,124.72552,20060313, 10:38:50.0000,-61.83545776,-57.08287763,-61.83545776,-57.08287763,-61.83545776,-57.08287763,1.39112E-06
698,967,1,-82.172989,65.14098,-74.254935,249.265055,124.72552,20060313, 10:39:10.0000,-61.8366433,-57.08224669,-61.83782663,-57.08155002,-61.8366433,-57.08224669,1.51134E-06
698,968,1,-82.708332,57.586416,-74.468548,249.265055,124.72552,20060313, 10:39:50.0000,-61.83900746,-57.08083145,-61.84019639,-57.08018018,-61.83900746,-57.08083145,1.33607E-06
698,969,1,-81.614788,74.075479,-72.606056,249.265055,124.72552,20060313, 10:40:30.0000,-61.84139413,-57.07948277,-61.8425871,-57.07877776,-61.84139413,-57.07948277,1.71863E-06
698,970,1,-83.107084,52.534532,-75.019649,249.265055,124.72552,20060313, 10:41:10.0000,-61.84379301,-57.07814685,-61.84499281,-57.07755682,-61.84379301,-57.07814685,1.21886E-06
698,971,1,-81.782417,71.270787,-71.671388,249.265055,124.72552,20060313, 10:41:50.0000,-61.84619281,-57.07696704,-61.84742297,-57.07639347,-61.84619281,-57.07696704,1.65356E-06
698,972,1,-82.463602,60.924648,-74.729164,249.265055,124.72552,20060313, 10:42:30.0000,-61.84860948,-57.07587689,-61.84860948,-57.07587689,-61.84860948,-57.07587689,1.41352E-06
698,973,1,-81.37031,78.365008,-72.328963,249.265055,124.72552,20060313, 10:42:50.0000,-61.84982643,-57.07526347,-61.85103963,-57.07474347,-61.84982643,-57.07526347,1.81815E-06
698,974,1,-85.778646,28.39806,-75.846434,249.265055,124.72552,20060313, 10:43:30.0000,-61.85224281,-57.0741303,-61.85345746,-57.07356109,-61.85224281,-57.0741303,6.58866E-07
698,975,1,-80.699618,91.451624,-70.850856,249.265055,124.72552,20060313, 10:44:10.0000,-61.85467608,-57.07300042,-61.85590607,-57.07244696,-61.85467608,-57.07300042,2.12178E-06
698,976,1,-79.99499,107.560853,-70.550511,249.265055,124.72552,20060313, 10:44:50.0000,-61.85712442,-57.0718516,-61.85834214,-57.07132367,-61.85712442,-57.0718516,2.49553E-06
698,977,1,-77.959584,171.867937,-68.681945,249.265055,124.72552,20060313, 10:45:30.0000,-61.85954256,-57.07071377,-61.85954256,-57.07071377,-61.85954256,-57.07071377,3.98752E-06
698,978,1,-74.582809,374.000598,-65.304393,249.265055,124.72552,20060313, 10:45:50.0000,-61.86075923,-57.07016033,-61.86198933,-57.06963033,-61.86075923,-57.07016033,8.67722E-06
698,979,1,-79.338471,125.114052,-70.067403,249.265055,124.72552,20060313, 10:46:30.0000,-61.86319214,-57.06907718,-61.86437643,-57.06850674,-61.86319214,-57.06907718,2.90278E-06
698,980,1,-76.196558,257.927379,-65.708679,249.265055,124.72552,20060313, 10:47:10.0000,-61.86560198,-57.06791568,-61.8668259,-57.06736377,-61.86560198,-57.06791568,5.98419E-06
698,981,1,-75.248358,320.86136,-63.96519,249.265055,124.72552,20060313, 10:47:50.0000,-61.8680513,-57.06677868,-61.86927256,-57.06622843,-61.8680513,-57.06677868,7.44433E-06
698,982,1,-75.09636,332.289976,-67.084548,249.265055,124.72552,20060313, 10:48:30.0000,-61.8704916,-57.06563099,-61.8704916,-57.06563099,-61.8704916,-57.06563099,7.70949E-06
698,983,1,-78.043214,168.590013,-68.014353,249.265055,124.72552,20060313, 10:48:50.0000,-61.87171073,-57.06502958,-61.87292462,-57.0644145,-61.87171073,-57.06502958,3.91147E-06
698,984,1,-80.014092,107.088799,-68.8028,249.265055,124.72552,20060313, 10:49:30.0000,-61.87414355,-57.06381321,-61.87537489,-57.06322608,-61.87414355,-57.06381321,2.48458E-06
698,985,1,-77.363835,197.137712,-65.46375,249.265055,124.72552,20060313, 10:50:10.0000,-61.87659098,-57.06265734,-61.87779408,-57.06204624,-61.87659098,-57.06265734,4.57381E-06
698,986,1,-75.118607,330.592122,-64.325855,249.265055,124.72552,20060313, 10:50:50.0000,-61.87901073,-57.06148281,-61.88022431,-57.06086101,-61.87901073,-57.06148281,7.67009E-06
698,987,1,-76.713474,228.984359,-65.419942,249.265055,124.72552,20060313, 10:51:30.0000,-61.88142714,-57.0602964,-61.88142714,-57.0602964,-61.88142714,-57.0602964,5.31268E-06
698,988,1,-77.678912,183.342031,-65.666181,249.265055,124.72552,20060313, 10:51:50.0000,-61.88260559,-57.05965315,-61.88382225,-57.05909523,-61.88260559,-57.05965315,4.25373E-06
698,989,1,-78.32674,157.935322,-67.940519,249.265055,124.72552,20060313, 10:52:30.0000,-61.88502431,-57.05854434,-61.88622714,-57.05794966,-61.88502431,-57.05854434,3.66427E-06
698,990,1,-76.134718,261.626296,-65.962852,249.265055,124.72552,20060313, 10:53:10.0000,-61.88744098,-57.05740734,-61.88867388,-57.05686306,-61.88744098,-57.05740734,6.07001E-06
698,991,1,-75.565446,298.269372,-64.611396,249.265055,124.72552,20060313, 10:53:50.0000,-61.88987713,-57.05633987,-61.89109098,-57.05579434,-61.88987713,-57.05633987,6.92017E-06
698,992,1,-85.460456,30.556784,-76.77196,249.265055,124.72552,20060313, 10:54:30.0000,-61.89231048,-57.0552732,-61.89231048,-57.0552732,-61.89231048,-57.0552732,7.0895E-07
698,993,1,-90.24248,10.160269,-78.121491,249.265055,124.72552,20060313, 10:54:50.0000,-61.89351048,-57.05467973,-61.89470669,-57.05412809,-61.89351048,-57.05467973,2.35729E-07
698,994,1,-80.714374,91.14143,-68.97974,249.265055,124.72552,20060313, 10:55:30.0000,-61.89590669,-57.05359475,-61.89709059,-57.05302784,-61.89590669,-57.05359475,2.11458E-06
698,995,1,-81.992267,67.908873,-71.629926,249.265055,124.72552,20060313, 10:56:10.0000,-61.89829092,-57.05244437,-61.89950721,-57.0518098,-61.89829092,-57.05244437,1.57556E-06
698,996,1,-77.54525,189.072461,-67.269968,249.265055,124.72552,20060313, 10:56:50.0000,-61.90070274,-57.05126147,-61.90189179,-57.05069399,-61.90070274,-57.05126147,4.38668E-06
698,997,1,-73.951624,432.504715,-64.140139,249.265055,124.72552,20060313, 10:57:30.0000,-61.90309181,-57.05016065,-61.90427358,-57.04954985,-61.90309181,-57.05016065,1.00346E-05
698,998,1,-74.102283,417.758178,-65.614485,249.265055,124.72552,20060313, 10:58:10.0000,-61.90545869,-57.04898075,-61.90545869,-57.04898075,-61.90545869,-57.04898075,9.69244E-06
698,999,1,-77.131803,207.956688,-67.077639,249.265055,124.72552,20060313, 10:58:30.0000,-61.90665493,-57.04839399,-61.9078396,-57.04778213,-61.90665493,-57.04839399,4.82482E-06
698,1000,1,-77.969281,171.484606,-68.057016,249.265055,124.72552,20060313, 10:59:10.0000,-61.90904174,-57.04716424,-61.91024174,-57.04651068,-61.90904174,-57.04716424,3.97863E-06
698,1001,1,-74.802214,355.575515,-65.166164,249.265055,124.72552,20060313, 10:59:50.0000,-61.91143794,-57.0458977,-61.91263574,-57.04528213,-61.91143794,-57.0458977,8.24974E-06
698,1002,1,-78.172295,163.652896,-70.293459,249.265055,124.72552,20060313, 11:00:30.0000,-61.91383826,-57.04468087,-61.91503607,-57.04408197,-61.91383826,-57.04468087,3.79692E-06
698,1003,1,-73.426896,488.049211,-62.59568,249.265055,124.72552,20060313, 11:01:10.0000,-61.9162095,-57.04353029,-61.91737596,-57.04286374,-61.9162095,-57.04353029,1.13233E-05
698,1004,1,-70.726543,908.864042,-62.901991,249.265055,124.72552,20060313, 11:01:50.0000,-61.91854153,-57.04225718,-61.91854153,-57.04225718,-61.91854153,-57.04225718,2.10866E-05
698,1005,1,-73.278674,504.993513,-61.872527,249.265055,124.72552,20060313, 11:02:10.0000,-61.91969512,-57.04162154,-61.9208582,-57.0409441,-61.91969512,-57.04162154,1.17164E-05
698,1006,1,-75.212803,323.498964,-67.478717,249.265055,124.72552,20060313, 11:02:50.0000,-61.92202294,-57.0402988,-61.92317323,-57.0396653,-61.92202294,-57.0402988,7.50552E-06
698,1007,1,-74.033164,424.460104,-65.835738,249.265055,124.72552,20060313, 11:03:30.0000,-61.92434153,-57.0389977,-61.92552203,-57.03839532,-61.92434153,-57.0389977,9.84793E-06
698,1008,1,-75.624943,294.211026,-65.378026,249.265055,124.72552,20060313, 11:04:10.0000,-61.92670811,-57.03779775,-61.92787487,-57.03716077,-61.92670811,-57.03779775,6.82601E-06
698,1009,1,-76.9923,214.745078,-68.294824,249.265055,124.72552,20060313, 11:04:50.0000,-61.92905792,-57.03656452,-61.93025712,-57.03590206,-61.92905792,-57.03656452,4.98232E-06
698,1010,1,-78.482705,152.364143,-72.427693,249.265055,124.72552,20060313, 11:05:30.0000,-61.93144125,-57.03526089,-61.93144125,-57.03526089,-61.93144125,-57.03526089,3.53501E-06
698,1011,1,-77.882771,174.934758,-71.964892,249.265055,124.72552,20060313, 11:05:50.0000,-61.93262421,-57.03461474,-61.93380601,-57.03392838,-61.93262421,-57.03461474,4.05867E-06
698,1012,1,-76.485057,241.350132,-69.767289,249.265055,124.72552,20060313, 11:06:30.0000,-61.93500411,-57.0332667,-61.93620601,-57.03258228,-61.93500411,-57.0332667,5.59958E-06
698,1013,1,-72.569819,594.526658,-65.545093,249.265055,124.72552,20060313, 11:07:10.0000,-61.93742562,-57.0318806,-61.93867095,-57.03118482,-61.93742562,-57.0318806,1.37937E-05
698,1014,1,-80.309327,100.050796,-71.496461,249.265055,124.72552,20060313, 11:07:50.0000,-61.93987139,-57.03050377,-61.94110664,-57.02981525,-61.93987139,-57.03050377,2.32129E-06
698,1015,1,-77.048629,211.977755,-71.580713,249.265055,124.72552,20060313, 11:08:30.0000,-61.94230896,-57.02921045,-61.94230896,-57.02921045,-61.94230896,-57.02921045,4.91811E-06
698,1016,1,-76.362327,248.267884,-69.315172,249.265055,124.72552,20060313, 11:08:50.0000,-61.94350442,-57.02853732,-61.94470634,-57.02789876,-61.94350442,-57.02853732,5.76008E-06
698,1017,1,-74.969485,342.140707,-69.108486,249.265055,124.72552,20060313, 11:09:30.0000,-61.94590849,-57.02726419,-61.9471173,-57.02661635,-61.94590849,-57.02726419,7.93803E-06
698,1018,1,-75.263544,319.741355,-67.954274,249.265055,124.72552,20060313, 11:10:10.0000,-61.94828806,-57.02601226,-61.94947301,-57.02536928,-61.94828806,-57.02601226,7.41834E-06
698,1019,1,-76.546614,237.953367,-68.491327,249.265055,124.72552,20060313, 11:10:50.0000,-61.95067139,-57.02469968,-61.95185472,-57.02404968,-61.95067139,-57.02469968,5.52077E-06
698,1020,1,-72.255827,639.10252,-63.433893,249.265055,124.72552,20060313, 11:11:30.0000,-61.95303582,-57.02346157,-61.95417522,-57.02290826,-61.95303582,-57.02346157,1.48279E-05
698,1021,1,-71.944764,686.557305,-65.46853,249.265055,124.72552,20060313, 11:12:10.0000,-61.95532447,-57.02230461,-61.95532447,-57.02230461,-61.95532447,-57.02230461,1.59289E-05
698,1022,1,-72.843893,558.166719,-64.451737,249.265055,124.72552,20060313, 11:12:30.0000,-61.95649258,-57.02168043,-61.95763657,-57.0211129,-61.95649258,-57.02168043,1.29501E-05
698,1023,1,-74.87013,350.05819,-66.537905,249.265055,124.72552,20060313, 11:13:10.0000,-61.95878657,-57.02055053,-61.95997214,-57.01996045,-61.95878657,-57.02055053,8.12173E-06
698,1024,1,-75.69789,289.310548,-68.081392,249.265055,124.72552,20060313, 11:13:50.0000,-61.96112329,-57.01941145,-61.9622766,-57.01883227,-61.96112329,-57.01941145,6.71232E-06
698,1025,1,-78.078055,167.242921,-69.6806,249.265055,124.72552,20060313, 11:14:30.0000,-61.96342212,-57.01823658,-61.96457591,-57.0175971,-61.96342212,-57.01823658,3.88022E-06
698,1026,1,-75.466528,305.140872,-67.772623,249.265055,124.72552,20060313, 11:15:10.0000,-61.96572227,-57.01698251,-61.96686094,-57.01636493,-61.96572227,-57.01698251,7.0796E-06
698,1027,1,-75.328336,315.006612,-66.456246,249.265055,124.72552,20060313, 11:15:50.0000,-61.96799238,-57.01574952,-61.969155,-57.01504952,-61.96799238,-57.01574952,7.30849E-06
698,1028,1,-78.503231,151.6457,-69.241279,249.265055,124.72552,20060313, 11:16:30.0000,-61.97032591,-57.01441376,-61.97149024,-57.0138151,-61.97032591,-57.01441376,3.51834E-06
698,1029,1,-76.82769,223.040742,-67.39991,249.265055,124.72552,20060313, 11:17:10.0000,-61.972685,-57.0132325,-61.97385705,-57.01263544,-61.972685,-57.0132325,5.17479E-06
698,1030,1,-74.010141,426.716229,-68.391943,249.265055,124.72552,20060313, 11:17:50.0000,-61.9750575,-57.0119981,-61.9750575,-57.0119981,-61.9750575,-57.0119981,9.90028E-06
698,1031,1,-73.868668,440.845569,-66.773129,249.265055,124.72552,20060313, 11:18:10.0000,-61.97624038,-57.01142793,-61.97739054,-57.01083159,-61.97624038,-57.01142793,1.02281E-05
698,1032,1,-75.005853,339.287548,-69.181275,249.265055,124.72552,20060313, 11:18:50.0000,-61.9785569,-57.01021133,-61.97973429,-57.00965357,-61.9785569,-57.01021133,7.87184E-06
698,1033,1,-72.552432,596.911678,-65.419324,249.265055,124.72552,20060313, 11:19:30.0000,-61.98089577,-57.00911045,-61.98207167,-57.00854952,-61.98089577,-57.00911045,1.3849E-05
698,1034,1,-72.292463,633.733937,-64.258214,249.265055,124.72552,20060313, 11:20:10.0000,-61.98327372,-57.00802793,-61.98445329,-57.0075446,-61.98327372,-57.00802793,1.47033E-05
698,1035,1,-73.902045,437.470504,-66.529358,249.265055,124.72552,20060313, 11:20:50.0000,-61.98563429,-57.00704548,-61.98679007,-57.00652806,-61.98563429,-57.00704548,1.01498E-05
698,1036,1,-75.479187,304.252786,-68.40875,249.265055,124.72552,20060313, 11:21:30.0000,-61.98797357,-57.00594466,-61.989155,-57.00541619,-61.98797357,-57.00594466,7.05899E-06
698,1037,1,-74.845336,352.062412,-67.900382,249.265055,124.72552,20060313, 11:22:10.0000,-61.99034007,-57.0048614,-61.99034007,-57.0048614,-61.99034007,-57.0048614,8.16823E-06
698,1038,1,-74.236304,405.063229,-63.7544,249.265055,124.72552,20060313, 11:22:30.0000,-61.99152562,-57.00429378,-61.99270385,-57.0037293,-61.99152562,-57.00429378,9.3979E-06
698,1039,1,-75.372181,311.842374,-64.179797,249.265055,124.72552,20060313, 11:23:10.0000,-61.99389007,-57.00314473,-61.99507189,-57.00257721,-61.99389007,-57.00314473,7.23508E-06
698,1040,1,-76.160129,260.100012,-65.957916,249.265055,124.72552,20060313, 11:23:50.0000,-61.99625721,-57.00199826,-61.99745576,-57.00152848,-61.99625721,-57.00199826,6.0346E-06
698,1041,1,-79.747357,113.872157,-69.518826,249.265055,124.72552,20060313, 11:24:30.0000,-61.99864096,-57.00144633,-61.99986731,-57.00175441,-61.99864096,-57.00144633,2.64196E-06
698,1042,1,-76.001503,269.775783,-67.890105,249.265055,124.72552,20060313, 11:25:10.0000,-62.00095882,-57.00258807,-62.00186445,-57.00404558,-62.00095882,-57.00258807,6.25909E-06
698,1043,1,-76.417549,245.131039,-68.211648,249.265055,124.72552,20060313, 11:25:50.0000,-62.00243694,-57.00601006,-62.00293694,-57.00816006,-62.00243694,-57.00601006,5.6873E-06
698,1044,1,-76.057545,266.316908,-67.698501,249.265055,124.72552,20060313, 11:26:30.0000,-62.00342027,-57.01029774,-62.00390815,-57.01252795,-62.00342027,-57.01029774,6.17884E-06
698,1045,1,-77.278561,201.046808,-67.946354,249.265055,124.72552,20060313, 11:27:10.0000,-62.00443804,-57.01469815,-62.0049539,-57.01686132,-62.00443804,-57.01469815,4.6645E-06
698,1046,1,-75.864684,278.410031,-67.717435,249.265055,124.72552,20060313, 11:27:50.0000,-62.00548385,-57.0190849,-62.00598385,-57.02126419,-62.00548385,-57.0190849,6.45941E-06
698,1047,1,-77.873853,175.294343,-69.877743,249.265055,124.72552,20060313, 11:28:30.0000,-62.00650375,-57.02349403,-62.00703708,-57.02574403,-62.00650375,-57.02349403,4.06702E-06
698,1048,1,-79.751386,113.76655,-72.101046,249.265055,124.72552,20060313, 11:29:10.0000,-62.00755456,-57.02801016,-62.00755456,-57.02801016,-62.00755456,-57.02801016,2.63951E-06
698,1049,1,-76.965841,216.057416,-68.440392,249.265055,124.72552,20060313, 11:29:30.0000,-62.00808868,-57.03026384,-62.00862041,-57.03252733,-62.00808868,-57.03026384,5.01276E-06
698,1050,1,-77.641736,184.918176,-69.343795,249.265055,124.72552,20060313, 11:30:10.0000,-62.00912055,-57.03479036,-62.00972245,-57.03701587,-62.00912055,-57.03479036,4.2903E-06
698,1051,1,-78.504204,151.611727,-69.240005,249.265055,124.72552,20060313, 11:30:50.0000,-62.01027647,-57.03923872,-62.01082004,-57.04145464,-62.01027647,-57.03923872,3.51756E-06
698,1052,1,-78.195261,162.78979,-67.399278,249.265055,124.72552,20060313, 11:31:30.0000,-62.01137245,-57.04370283,-62.01189941,-57.04599392,-62.01137245,-57.04370283,3.7769E-06
698,1053,1,-77.25651,202.070193,-68.514327,249.265055,124.72552,20060313, 11:32:10.0000,-62.01242122,-57.04827683,-62.01295416,-57.0505458,-62.01242122,-57.04827683,4.68825E-06
698,1054,1,-76.502428,240.386711,-68.020617,249.265055,124.72552,20060313, 11:32:50.0000,-62.01348788,-57.05279749,-62.01403788,-57.05506416,-62.01348788,-57.05279749,5.57723E-06
698,1055,1,-78.350667,157.06757,-69.567262,249.265055,124.72552,20060313, 11:33:30.0000,-62.01460215,-57.05733254,-62.01516864,-57.05956893,-62.01460215,-57.05733254,3.64414E-06
698,1056,1,-79.830269,111.718814,-70.437479,249.265055,124.72552,20060313, 11:34:10.0000,-62.01573403,-57.06181478,-62.01573403,-57.06181478,-62.01573403,-57.06181478,2.592E-06
698,1057,1,-80.954804,86.232871,-71.069351,249.265055,124.72552,20060313, 11:34:30.0000,-62.01631828,-57.06406397,-62.01688814,-57.06629862,-62.01631828,-57.06406397,2.0007E-06
698,1058,1,-78.482033,152.387705,-68.633035,249.265055,124.72552,20060313, 11:35:10.0000,-62.0174844,-57.06853263,-62.01806773,-57.07074929,-62.0174844,-57.06853263,3.53556E-06
698,1059,1,-78.504437,151.60361,-69.485927,249.265055,124.72552,20060313, 11:35:50.0000,-62.01864978,-57.07299091,-62.01923814,-57.07526134,-62.01864978,-57.07299091,3.51737E-06
698,1060,1,-80.907769,87.171859,-70.639194,249.265055,124.72552,20060313, 11:36:30.0000,-62.01980104,-57.07748255,-62.02037067,-57.07972847,-62.01980104,-57.07748255,2.02248E-06
698,1061,1,-80.561652,94.403476,-71.083585,249.265055,124.72552,20060313, 11:37:10.0000,-62.02098312,-57.0819618,-62.02156754,-57.08416928,-62.02098312,-57.0819618,2.19026E-06
698,1062,1,-78.594615,148.488127,-69.177345,249.265055,124.72552,20060313, 11:37:50.0000,-62.022154,-57.08637425,-62.02276789,-57.08851647,-62.022154,-57.08637425,3.44508E-06
698,1063,1,-80.432248,97.258696,-70.216713,249.265055,124.72552,20060313, 11:38:30.0000,-62.02335481,-57.09071529,-62.02393828,-57.09292865,-62.02335481,-57.09071529,2.25651E-06
698,1064,1,-82.091722,66.371416,-71.823517,249.265055,124.72552,20060313, 11:39:10.0000,-62.02453552,-57.095166,-62.02453552,-57.095166,-62.02453552,-57.095166,1.53989E-06
698,1065,1,-83.55082,47.431974,-72.184286,249.265055,124.72552,20060313, 11:39:30.0000,-62.02513421,-57.097382,-62.02572162,-57.09961198,-62.02513421,-57.097382,1.10047E-06
698,1066,1,-82.884964,55.291299,-71.162578,249.265055,124.72552,20060313, 11:40:10.0000,-62.02632136,-57.10184411,-62.02693419,-57.10406529,-62.02632136,-57.10184411,1.28282E-06
698,1067,1,-86.42267,24.48422,-76.262005,249.265055,124.72552,20060313, 11:40:50.0000,-62.02751771,-57.10631589,-62.02811736,-57.1085481,-62.02751771,-57.10631589,5.6806E-07
698,1068,1,-82.533896,59.946479,-71.803702,249.265055,124.72552,20060313, 11:41:30.0000,-62.02871736,-57.11079808,-62.02928914,-57.113066,-62.02871736,-57.11079808,1.39082E-06
698,1069,1,-90.907643,8.717439,-81.760826,249.265055,124.72552,20060313, 11:42:10.0000,-62.02988868,-57.11531384,-62.03048535,-57.11754872,-62.02988868,-57.11531384,2.02254E-07
698,1070,1,-87.821698,17.741217,-77.953634,249.265055,124.72552,20060313, 11:42:50.0000,-62.03108404,-57.11979813,-62.03108404,-57.11979813,-62.03108404,-57.11979813,4.11615E-07
698,1071,1,-87.211108,20.419374,-75.701245,249.265055,124.72552,20060313, 11:43:10.0000,-62.03165384,-57.12204443,-62.03223842,-57.12429598,-62.03165384,-57.12204443,4.73752E-07
698,1072,1,-85.212946,32.348837,-71.756414,249.265055,124.72552,20060313, 11:43:50.0000,-62.03282003,-57.12650457,-62.0334329,-57.12872777,-62.03282003,-57.12650457,7.50528E-07
698,1073,1,-88.132352,16.516501,-78.978239,249.265055,124.72552,20060313, 11:44:30.0000,-62.03403456,-57.13094983,-62.03463226,-57.133209,-62.03403456,-57.13094983,3.83201E-07
698,1074,1,-89.296822,12.631969,-83.561418,249.265055,124.72552,20060313, 11:45:10.0000,-62.03522201,-57.13545095,-62.03581806,-57.13766703,-62.03522201,-57.13545095,2.93075E-07
698,1075,1,-86.128816,26.198213,-77.539482,249.265055,124.72552,20060313, 11:45:50.0000,-62.03639872,-57.13987053,-62.03698787,-57.14208075,-62.03639872,-57.13987053,6.07827E-07
698,1076,1,-85.306735,31.657724,-74.130789,249.265055,124.72552,20060313, 11:46:30.0000,-62.03760536,-57.14426765,-62.03821806,-57.14646703,-62.03760536,-57.14426765,7.34493E-07
698,1077,1,-81.669485,73.148386,-68.572246,249.265055,124.72552,20060313, 11:47:10.0000,-62.038804,-57.14865755,-62.03939978,-57.15087421,-62.038804,-57.14865755,1.69712E-06
698,1078,1,-82.476917,60.738151,-70.452327,249.265055,124.72552,20060313, 11:47:50.0000,-62.03998855,-57.15311703,-62.03998855,-57.15311703,-62.03998855,-57.15311703,1.40919E-06
698,1079,1,-80.493041,95.906747,-67.615446,249.265055,124.72552,20060313, 11:48:10.0000,-62.04056696,-57.15538014,-62.0411679,-57.15763317,-62.04056696,-57.15538014,2.22514E-06
698,1080,1,-79.478795,121.136152,-68.324486,249.265055,124.72552,20060313, 11:48:50.0000,-62.04174874,-57.15987506,-62.042354,-57.1620951,-62.04174874,-57.15987506,2.81049E-06
698,1081,1,-78.748238,143.327467,-70.431459,249.265055,124.72552,20060313, 11:49:30.0000,-62.04295522,-57.16437992,-62.04352188,-57.16664654,-62.04295522,-57.16437992,3.32535E-06
698,1082,1,-82.208216,64.614743,-71.931884,249.265055,124.72552,20060313, 11:50:10.0000,-62.04411644,-57.16891177,-62.04470522,-57.17117992,-62.04411644,-57.16891177,1.49913E-06
698,1083,1,-78.697567,145.009512,-69.114243,249.265055,124.72552,20060313, 11:50:50.0000,-62.04530089,-57.17346146,-62.04588315,-57.17572436,-62.04530089,-57.17346146,3.36438E-06
698,1084,1,-76.2076,257.272402,-65.112447,249.265055,124.72552,20060313, 11:51:30.0000,-62.04647107,-57.17799275,-62.04647107,-57.17799275,-62.04647107,-57.17799275,5.969E-06
698,1085,1,-76.77974,225.516979,-65.826054,249.265055,124.72552,20060313, 11:51:50.0000,-62.04706679,-57.18024625,-62.0476368,-57.18252615,-62.04706679,-57.18024625,5.23224E-06
698,1086,1,-74.223739,406.236902,-63.927092,249.265055,124.72552,20060313, 11:52:30.0000,-62.04822189,-57.18478373,-62.04880471,-57.18701486,-62.04822189,-57.18478373,9.42513E-06
698,1087,1,-76.182272,258.777216,-64.194297,249.265055,124.72552,20060313, 11:53:10.0000,-62.0493876,-57.18927545,-62.04998773,-57.19150942,-62.0493876,-57.18927545,6.00391E-06
698,1088,1,-80.061448,105.927436,-66.993393,249.265055,124.72552,20060313, 11:53:50.0000,-62.05057107,-57.19379275,-62.0511381,-57.19606509,-62.05057107,-57.19379275,2.45763E-06
698,1089,1,-81.52368,75.64588,-71.070961,249.265055,124.72552,20060313, 11:54:30.0000,-62.0517044,-57.19834275,-62.05228383,-57.20062674,-62.0517044,-57.19834275,1.75507E-06
698,1090,1,-83.929479,43.47157,-75.46708,249.265055,124.72552,20060313, 11:55:10.0000,-62.05285426,-57.20291291,-62.05342107,-57.20520942,-62.05285426,-57.20291291,1.00859E-06
698,1091,1,-79.264822,127.253883,-71.381879,249.265055,124.72552,20060313, 11:55:50.0000,-62.0539824,-57.20752175,-62.0539824,-57.20752175,-62.0539824,-57.20752175,2.95243E-06
698,1092,1,-79.764362,113.427144,-70.656568,249.265055,124.72552,20060313, 11:56:10.0000,-62.0545324,-57.20982615,-62.0551044,-57.21214275,-62.0545324,-57.20982615,2.63163E-06
698,1093,1,-78.338501,157.508172,-69.734022,249.265055,124.72552,20060313, 11:56:50.0000,-62.05566679,-57.21447131,-62.05624995,-57.21677483,-62.05566679,-57.21447131,3.65436E-06
698,1094,1,-81.099891,83.399635,-71.318036,249.265055,124.72552,20060313, 11:57:30.0000,-62.05682107,-57.21906351,-62.05738694,-57.22137241,-62.05682107,-57.21906351,1.93496E-06
698,1095,1,-79.200169,129.162473,-70.922551,249.265055,124.72552,20060313, 11:58:10.0000,-62.05795482,-57.22369471,-62.05850426,-57.22599211,-62.05795482,-57.22369471,2.99671E-06
698,1096,1,-78.681746,145.538735,-71.579816,249.265055,124.72552,20060313, 11:58:50.0000,-62.05909907,-57.22827175,-62.05965482,-57.23051532,-62.05909907,-57.22827175,3.37666E-06
698,1097,1,-77.916791,173.569797,-69.434651,249.265055,124.72552,20060313, 11:59:30.0000,-62.06023298,-57.23280709,-62.06023298,-57.23280709,-62.06023298,-57.23280709,4.02701E-06
698,1098,1,-78.981486,135.832804,-69.903863,249.265055,124.72552,20060313, 11:59:50.0000,-62.06082148,-57.23509471,-62.06136991,-57.23736621,-62.06082148,-57.23509471,3.15147E-06
698,1099,1,-79.153666,130.552919,-70.538812,249.265055,124.72552,20060313, 12:00:30.0000,-62.06195109,-57.23966215,-62.06252191,-57.24195052,-62.06195109,-57.23966215,3.02897E-06
698,1100,1,-78.962908,136.41509,-68.280961,249.265055,124.72552,20060313, 12:01:10.0000,-62.06308477,-57.24424671,-62.06367107,-57.24652608,-62.06308477,-57.24424671,3.16498E-06
698,1101,1,-78.941463,137.090372,-68.932936,249.265055,124.72552,20060313, 12:01:50.0000,-62.06426452,-57.24880083,-62.06483815,-57.25109471,-62.06426452,-57.24880083,3.18064E-06
698,1102,1,-78.980284,135.870382,-68.451229,249.265055,124.72552,20060313, 12:02:30.0000,-62.0654209,-57.25334613,-62.06600256,-57.2556222,-62.0654209,-57.25334613,3.15234E-06
698,1103,1,-77.312956,199.46082,-67.462023,249.265055,124.72552,20060313, 12:03:10.0000,-62.06661593,-57.25792242,-62.06661593,-57.25792242,-62.06661593,-57.25792242,4.62771E-06
698,1104,1,-78.401286,155.247517,-68.182998,249.265055,124.72552,20060313, 12:03:30.0000,-62.06720361,-57.26019344,-62.06780455,-57.26246416,-62.06720361,-57.26019344,3.60191E-06
698,1105,1,-75.600781,295.852412,-66.624835,249.265055,124.72552,20060313, 12:04:10.0000,-62.06839926,-57.26471011,-62.06898384,-57.26694749,-62.06839926,-57.26471011,6.86409E-06
698,1106,1,-75.105641,331.580606,-65.540768,249.265055,124.72552,20060313, 12:04:50.0000,-62.06958119,-57.26918887,-62.0701842,-57.27144866,-62.06958119,-57.26918887,7.69303E-06
698,1107,1,-73.996869,428.022247,-64.05384,249.265055,124.72552,20060313, 12:05:30.0000,-62.07080483,-57.27373203,-62.07138803,-57.27599013,-62.07080483,-57.27373203,9.93058E-06
698,1108,1,-72.110202,660.895832,-61.349077,249.265055,124.72552,20060313, 12:06:10.0000,-62.07198139,-57.27823487,-62.07256737,-57.28049412,-62.07198139,-57.27823487,1.53335E-05
698,1109,1,-75.130397,329.69589,-65.933892,249.265055,124.72552,20060313, 12:06:50.0000,-62.07318604,-57.28275153,-62.07318604,-57.28275153,-62.07318604,-57.28275153,7.6493E-06
698,1110,1,-76.258816,254.256251,-69.173565,249.265055,124.72552,20060313, 12:07:10.0000,-62.07381472,-57.28500618,-62.07442136,-57.28729412,-62.07381472,-57.28500618,5.89902E-06
698,1111,1,-77.789435,178.735044,-69.499287,249.265055,124.72552,20060313, 12:07:50.0000,-62.07503402,-57.28952742,-62.07564738,-57.29175398,-62.07503402,-57.28952742,4.14685E-06
698,1112,1,-79.368447,124.25347,-70.751587,249.265055,124.72552,20060313, 12:08:30.0000,-62.07626572,-57.29395942,-62.07687096,-57.29617969,-62.07626572,-57.29395942,2.88281E-06
698,1113,1,-80.910731,87.112434,-70.481006,249.265055,124.72552,20060313, 12:09:10.0000,-62.07749981,-57.29840766,-62.07809962,-57.30061127,-62.07749981,-57.29840766,2.0211E-06
698,1114,1,-80.167132,103.380843,-68.071586,249.265055,124.72552,20060313, 12:09:50.0000,-62.07871577,-57.30287186,-62.07933275,-57.30513964,-62.07871577,-57.30287186,2.39855E-06
698,1115,1,-78.419278,154.605674,-70.374796,249.265055,124.72552,20060313, 12:10:30.0000,-62.07993353,-57.3073798,-62.08053626,-57.30957379,-62.07993353,-57.3073798,3.58702E-06
698,1116,1,-76.926792,218.008783,-69.125108,249.265055,124.72552,20060313, 12:11:10.0000,-62.08113626,-57.31180712,-62.08113626,-57.31180712,-62.08113626,-57.31180712,5.05804E-06
698,1117,1,-78.749562,143.283776,-71.077132,249.265055,124.72552,20060313, 12:11:30.0000,-62.08172055,-57.31400701,-62.08233331,-57.31622909,-62.08172055,-57.31400701,3.32434E-06
698,1118,1,-80.28332,100.65173,-73.021114,249.265055,124.72552,20060313, 12:12:10.0000,-62.08294938,-57.31846049,-62.08356629,-57.32066127,-62.08294938,-57.31846049,2.33523E-06
698,1119,1,-78.598786,148.345587,-68.411415,249.265055,124.72552,20060313, 12:12:50.0000,-62.08418296,-57.32289034,-62.08479998,-57.32509576,-62.08418296,-57.32289034,3.44178E-06
698,1120,1,-81.768382,71.501487,-71.865431,249.265055,124.72552,20060313, 12:13:30.0000,-62.08541629,-57.3272946,-62.08601522,-57.32948661,-62.08541629,-57.3272946,1.65891E-06
698,1121,1,-80.268932,100.985732,-71.251821,249.265055,124.72552,20060313, 12:14:10.0000,-62.08659834,-57.33167379,-62.08721609,-57.33389395,-62.08659834,-57.33167379,2.34298E-06
698,1122,1,-79.174332,129.933184,-69.940245,249.265055,124.72552,20060313, 12:14:50.0000,-62.08780293,-57.33611921,-62.08839959,-57.33835689,-62.08780293,-57.33611921,3.01459E-06
698,1123,1,-80.644677,92.615901,-72.20015,249.265055,124.72552,20060313, 12:15:30.0000,-62.08897069,-57.34055766,-62.08897069,-57.34055766,-62.08897069,-57.34055766,2.14879E-06
698,1124,1,-79.733942,114.224452,-73.376694,249.265055,124.72552,20060313, 12:15:50.0000,-62.08956959,-57.34277379,-62.09014959,-57.34499451,-62.08956959,-57.34277379,2.65013E-06
698,1125,1,-80.612158,93.311987,-73.791934,249.265055,124.72552,20060313, 12:16:30.0000,-62.09073275,-57.34720631,-62.09131522,-57.34942447,-62.09073275,-57.34720631,2.16494E-06
698,1126,1,-80.601259,93.546455,-72.245087,249.265055,124.72552,20060313, 12:17:10.0000,-62.09188293,-57.35164024,-62.09247055,-57.35387794,-62.09188293,-57.35164024,2.17038E-06
698,1127,1,-78.833907,140.527886,-71.264308,249.265055,124.72552,20060313, 12:17:50.0000,-62.09304959,-57.35610691,-62.0936481,-57.35833502,-62.09304959,-57.35610691,3.2604E-06
698,1128,1,-81.543527,75.300955,-71.080575,249.265055,124.72552,20060313, 12:18:30.0000,-62.09424923,-57.36055563,-62.09483576,-57.36276689,-62.09424923,-57.36055563,1.74706E-06
698,1129,1,-77.958108,171.926357,-69.118,249.265055,124.72552,20060313, 12:19:10.0000,-62.09543293,-57.36497358,-62.0959704,-57.36723964,-62.09543293,-57.36497358,3.98888E-06
698,1130,1,-79.101582,132.128042,-71.497535,249.265055,124.72552,20060313, 12:19:50.0000,-62.09650202,-57.36948165,-62.09705427,-57.37176295,-62.09650202,-57.36948165,3.06551E-06
698,1131,1,-77.806568,178.031328,-71.611226,249.265055,124.72552,20060313, 12:20:30.0000,-62.09758639,-57.3740698,-62.09758639,-57.3740698,-62.09758639,-57.3740698,4.13052E-06
698,1132,1,-77.18211,205.561721,-70.483633,249.265055,124.72552,20060313, 12:20:50.0000,-62.09811629,-57.37639034,-62.09865348,-57.37865512,-62.09811629,-57.37639034,4.76925E-06
698,1133,1,-77.111661,208.923409,-69.989385,249.265055,124.72552,20060313, 12:21:30.0000,-62.0991812,-57.38095087,-62.0997376,-57.38325882,-62.0991812,-57.38095087,4.84725E-06
698,1134,1,-77.451745,193.187388,-70.411118,249.265055,124.72552,20060313, 12:22:10.0000,-62.10030234,-57.38553314,-62.10085427,-57.38782549,-62.10030234,-57.38553314,4.48216E-06
698,1135,1,-76.582427,235.999208,-67.386542,249.265055,124.72552,20060313, 12:22:50.0000,-62.10141629,-57.39007368,-62.10198567,-57.39231647,-62.10141629,-57.39007368,5.47544E-06
698,1136,1,-74.887557,348.656312,-67.105793,249.265055,124.72552,20060313, 12:23:30.0000,-62.1025483,-57.39457363,-62.10310234,-57.39683314,-62.1025483,-57.39457363,8.0892E-06
698,1137,1,-75.109635,331.275837,-68.482058,249.265055,124.72552,20060313, 12:24:10.0000,-62.10366955,-57.39910237,-62.1042208,-57.40135817,-62.10366955,-57.39910237,7.68596E-06
698,1138,1,-76.137101,261.482794,-68.627091,249.265055,124.72552,20060313, 12:24:50.0000,-62.10478695,-57.40359343,-62.10536554,-57.40583773,-62.10478695,-57.40359343,6.06668E-06
698,1139,1,-79.211442,128.827634,-72.255487,249.265055,124.72552,20060313, 12:25:30.0000,-62.10593667,-57.40810444,-62.10593667,-57.40810444,-62.10593667,-57.40810444,2.98894E-06
698,1140,1,-77.463088,192.683439,-70.653936,249.265055,124.72552,20060313, 12:25:50.0000,-62.10648746,-57.41034564,-62.10704653,-57.41259618,-62.10648746,-57.41034564,4.47046E-06
698,1141,1,-77.077883,210.554704,-68.976121,249.265055,124.72552,20060313, 12:26:30.0000,-62.10761535,-57.41485371,-62.10819995,-57.41710817,-62.10761535,-57.41485371,4.8851E-06
698,1142,1,-77.607275,186.391335,-67.751067,249.265055,124.72552,20060313, 12:27:10.0000,-62.10876962,-57.41933599,-62.10935333,-57.42157111,-62.10876962,-57.41933599,4.32448E-06
698,1143,1,-75.630033,293.866422,-66.24442,249.265055,124.72552,20060313, 12:27:50.0000,-62.10994889,-57.42380889,-62.11051978,-57.42605795,-62.10994889,-57.42380889,6.81802E-06
698,1144,1,-78.759503,142.956185,-67.837868,249.265055,124.72552,20060313, 12:28:30.0000,-62.11110413,-57.42829568,-62.11169947,-57.43052743,-62.11110413,-57.42829568,3.31674E-06
698,1145,1,-80.88287,87.673079,-72.776353,249.265055,124.72552,20060313, 12:29:10.0000,-62.11227025,-57.43275999,-62.11284995,-57.4349915,-62.11227025,-57.43275999,2.03411E-06
698,1146,1,-75.86344,278.489783,-68.207004,249.265055,124.72552,20060313, 12:29:50.0000,-62.11342,-57.43719222,-62.11342,-57.43719222,-62.11342,-57.43719222,6.46126E-06
698,1147,1,-78.75023,143.261739,-69.598189,249.265055,124.72552,20060313, 12:30:10.0000,-62.11399889,-57.43942556,-62.11458222,-57.44165444,-62.11399889,-57.43942556,3.32383E-06
698,1148,1,-77.760218,179.94154,-69.849328,249.265055,124.72552,20060313, 12:30:50.0000,-62.11516454,-57.44388891,-62.1157528,-57.44610657,-62.11516454,-57.44388891,4.17484E-06
698,1149,1,-80.98532,85.629068,-70.032954,249.265055,124.72552,20060313, 12:31:30.0000,-62.11633667,-57.44833778,-62.11691984,-57.45055821,-62.11633667,-57.44833778,1.98669E-06
698,1150,1,-83.412995,48.961392,-75.045245,249.265055,124.72552,20060313, 12:32:10.0000,-62.11752067,-57.45280759,-62.11808172,-57.45503603,-62.11752067,-57.45280759,1.13596E-06
698,1151,1,-86.193097,25.813302,-75.645637,249.265055,124.72552,20060313, 12:32:50.0000,-62.1186812,-57.45727224,-62.11928256,-57.45950999,-62.1186812,-57.45727224,5.98896E-07
698,1152,1,-86.953222,21.668609,-76.112517,249.265055,124.72552,20060313, 12:33:30.0000,-62.1198822,-57.46177102,-62.12044787,-57.46402224,-62.1198822,-57.46177102,5.02735E-07
698,1153,1,-88.289949,15.927893,-77.709765,249.265055,124.72552,20060313, 12:34:10.0000,-62.12103277,-57.46628968,-62.12160331,-57.46854214,-62.12103277,-57.46628968,3.69544E-07
698,1154,1,-88.373779,15.623391,-79.386203,249.265055,124.72552,20060313, 12:34:50.0000,-62.12218651,-57.47080371,-62.12218651,-57.47080371,-62.12218651,-57.47080371,3.6248E-07
698,1155,1,-84.736752,36.097574,-74.432346,249.265055,124.72552,20060313, 12:35:10.0000,-62.12276998,-57.47305436,-62.12335333,-57.47528778,-62.12276998,-57.47305436,8.37503E-07
698,1156,1,-83.508698,47.894261,-72.540912,249.265055,124.72552,20060313, 12:35:50.0000,-62.12396454,-57.47753421,-62.12455331,-57.47982547,-62.12396454,-57.47753421,1.1112E-06
698,1157,1,-88.602924,14.820431,-83.021171,249.265055,124.72552,20060313, 12:36:30.0000,-62.12514886,-57.48208769,-62.12573637,-57.48435759,-62.12514886,-57.48208769,3.4385E-07
698,1158,1,-82.797325,56.418391,-72.677536,249.265055,124.72552,20060313, 12:37:10.0000,-62.12633707,-57.48663968,-62.12692054,-57.48889455,-62.12633707,-57.48663968,1.30897E-06
698,1159,1,-80.419559,97.543277,-72.18567,249.265055,124.72552,20060313, 12:37:50.0000,-62.12750303,-57.49115759,-62.12808626,-57.49345253,-62.12750303,-57.49115759,2.26311E-06
698,1160,1,-84.340539,39.545707,-78.821472,249.265055,124.72552,20060313, 12:38:30.0000,-62.12864818,-57.49568528,-62.12864818,-57.49568528,-62.12864818,-57.49568528,9.17503E-07
698,1161,1,-85.495517,30.311086,-78.88727,249.265055,124.72552,20060313, 12:38:50.0000,-62.12923629,-57.4979527,-62.12980249,-57.50018857,-62.12923629,-57.4979527,7.0325E-07
698,1162,1,-84.482692,38.272251,-76.177779,249.265055,124.72552,20060313, 12:39:30.0000,-62.13038237,-57.50245498,-62.13094943,-57.50472301,-62.13038237,-57.50245498,8.87957E-07
698,1163,1,-85.722671,28.766443,-77.153877,249.265055,124.72552,20060313, 12:40:10.0000,-62.13152,-57.50697111,-62.13209904,-57.50922605,-62.13152,-57.50697111,6.67412E-07
698,1164,1,-83.47155,48.305681,-75.313578,249.265055,124.72552,20060313, 12:40:50.0000,-62.13266848,-57.51148563,-62.13321916,-57.51375051,-62.13266848,-57.51148563,1.12074E-06
698,1165,1,-82.137136,65.68098,-71.044342,249.265055,124.72552,20060313, 12:41:30.0000,-62.13378637,-57.51602426,-62.13436611,-57.51828972,-62.13378637,-57.51602426,1.52387E-06
698,1166,1,-84.122511,41.581688,-72.730899,249.265055,124.72552,20060313, 12:42:10.0000,-62.13493653,-57.52052049,-62.13552003,-57.52279237,-62.13493653,-57.52052049,9.6474E-07
698,1167,1,-84.920155,34.604912,-76.61325,249.265055,124.72552,20060313, 12:42:50.0000,-62.13610374,-57.52507301,-62.13666502,-57.52730258,-62.13610374,-57.52507301,8.02871E-07
698,1168,1,-85.346433,31.369669,-78.154491,249.265055,124.72552,20060313, 12:43:30.0000,-62.13725233,-57.5295831,-62.13725233,-57.5295831,-62.13725233,-57.5295831,7.2781E-07
698,1169,1,-84.848659,35.179313,-76.84362,249.265055,124.72552,20060313, 12:43:50.0000,-62.13782025,-57.53185563,-62.13838566,-57.53412121,-62.13782025,-57.53185563,8.16198E-07
698,1170,1,-83.90138,43.753749,-75.316386,249.265055,124.72552,20060313, 12:44:30.0000,-62.13895233,-57.53637121,-62.13953256,-57.53860563,-62.13895233,-57.53637121,1.01513E-06
698,1171,1,-82.768852,56.789496,-71.358579,249.265055,124.72552,20060313, 12:45:10.0000,-62.14012977,-57.54086757,-62.14072027,-57.54312238,-62.14012977,-57.54086757,1.31758E-06
698,1172,1,-81.753175,71.752284,-71.4475,249.265055,124.72552,20060313, 12:45:50.0000,-62.14126783,-57.545361,-62.14184755,-57.54764976,-62.14126783,-57.545361,1.66473E-06
698,1173,1,-78.146399,164.631655,-65.013943,249.265055,124.72552,20060313, 12:46:30.0000,-62.14241946,-57.54993988,-62.1429691,-57.55218831,-62.14241946,-57.54993988,3.81963E-06
698,1174,1,-81.19514,81.590439,-68.205676,249.265055,124.72552,20060313, 12:47:10.0000,-62.14355243,-57.55447164,-62.14413258,-57.55673904,-62.14355243,-57.55447164,1.89299E-06
698,1175,1,-81.338221,78.946185,-72.241222,249.265055,124.72552,20060313, 12:47:50.0000,-62.14471383,-57.55901508,-62.14471383,-57.55901508,-62.14471383,-57.55901508,1.83164E-06
698,1176,1,-77.834157,176.903934,-69.234193,249.265055,124.72552,20060313, 12:48:10.0000,-62.14529869,-57.56127042,-62.14585322,-57.56350391,-62.14529869,-57.56127042,4.10436E-06
698,1177,1,-78.622214,147.547482,-66.506892,249.265055,124.72552,20060313, 12:48:50.0000,-62.14643627,-57.56574049,-62.14701474,-57.56798027,-62.14643627,-57.56574049,3.42326E-06
698,1178,1,-78.616205,147.751801,-64.459538,249.265055,124.72552,20060313, 12:49:30.0000,-62.14760274,-57.57026834,-62.14819694,-57.57248588,-62.14760274,-57.57026834,3.428E-06
698,1179,1,-81.264607,80.29574,-70.615062,249.265055,124.72552,20060313, 12:50:10.0000,-62.14879787,-57.57470557,-62.14938613,-57.57688988,-62.14879787,-57.57470557,1.86295E-06
698,1180,1,-79.051852,133.649717,-64.127162,249.265055,124.72552,20060313, 12:50:50.0000,-62.14999814,-57.57908517,-62.15061453,-57.58130087,-62.14999814,-57.57908517,3.10082E-06
698,1181,1,-86.714278,22.894196,-79.61957,249.265055,124.72552,20060313, 12:51:30.0000,-62.15121462,-57.5834725,-62.15183535,-57.58566987,-62.15121462,-57.5834725,5.3117E-07
698,1182,1,-84.948719,34.378061,-73.951117,249.265055,124.72552,20060313, 12:52:10.0000,-62.15244787,-57.58788421,-62.15244787,-57.58788421,-62.15244787,-57.58788421,7.97608E-07
698,1183,1,-85.168145,32.684266,-78.612071,249.265055,124.72552,20060313, 12:52:30.0000,-62.15304792,-57.5900724,-62.15364694,-57.59226429,-62.15304792,-57.5900724,7.5831E-07
698,1184,1,-80.73591,90.690585,-73.076218,249.265055,124.72552,20060313, 12:53:10.0000,-62.15425204,-57.59444841,-62.15486462,-57.5966225,-62.15425204,-57.59444841,2.10412E-06
698,1185,1,-85.71334,28.828313,-78.974643,249.265055,124.72552,20060313, 12:53:50.0000,-62.15545204,-57.59880328,-62.15605263,-57.60093917,-62.15545204,-57.59880328,6.68848E-07
698,1186,1,-92.921567,5.482726,-84.074511,249.265055,124.72552,20060313, 12:54:30.0000,-62.15666462,-57.60311052,-62.15728596,-57.6053225,-62.15666462,-57.60311052,1.27205E-07
698,1187,1,-75.589861,296.597257,-61.371281,249.265055,124.72552,20060313, 12:55:10.0000,-62.15789765,-57.60749294,-62.15849774,-57.60967182,-62.15789765,-57.60749294,6.88138E-06
698,1188,1,-82.384649,62.042359,-68.497124,249.265055,124.72552,20060313, 12:55:50.0000,-62.15909754,-57.61189972,-62.15968574,-57.6141001,-62.15909754,-57.61189972,1.43945E-06
698,1189,1,-92.704009,5.764376,-85.904927,249.265055,124.72552,20060313, 12:56:30.0000,-62.16025178,-57.61629045,-62.16084597,-57.61849423,-62.16025178,-57.61629045,1.3374E-07
698,1190,1,-89.884314,11.033716,-82.237307,249.265055,124.72552,20060313, 12:57:10.0000,-62.1614487,-57.62072046,-62.1620358,-57.62287655,-62.1614487,-57.62072046,2.55994E-07
698,1191,1,-91.548418,7.521621,-85.748748,249.265055,124.72552,20060313, 12:57:50.0000,-62.16263125,-57.62508905,-62.16263125,-57.62508905,-62.16263125,-57.62508905,1.7451E-07
698,1192,1,-89.328875,12.53908,-83.433265,249.265055,124.72552,20060313, 12:58:10.0000,-62.16323494,-57.62730642,-62.16381914,-57.62951709,-62.16323494,-57.62730642,2.9092E-07
698,1193,1,-88.762809,14.284741,-82.487207,249.265055,124.72552,20060313, 12:58:50.0000,-62.16441287,-57.63168349,-62.16500132,-57.63391682,-62.16441287,-57.63168349,3.31421E-07
698,1194,1,-85.79939,28.262738,-75.826481,249.265055,124.72552,20060313, 12:59:30.0000,-62.16558221,-57.63612106,-62.16615319,-57.63832495,-62.16558221,-57.63612106,6.55726E-07
698,1195,1,-85.523909,30.113576,-76.682245,249.265055,124.72552,20060313, 13:00:10.0000,-62.16674849,-57.64049092,-62.16736485,-57.64268992,-62.16674849,-57.64049092,6.98667E-07
698,1196,1,-83.208237,51.325063,-74.70537,249.265055,124.72552,20060313, 13:00:50.0000,-62.16796288,-57.6448502,-62.16857955,-57.64702198,-62.16796288,-57.6448502,1.1908E-06
698,1197,1,-82.30294,63.220689,-75.292329,249.265055,124.72552,20060313, 13:01:30.0000,-62.16918016,-57.64923056,-62.16978016,-57.65141886,-62.16918016,-57.64923056,1.46679E-06
698,1198,1,-83.043084,53.314442,-72.409436,249.265055,124.72552,20060313, 13:02:10.0000,-62.17038512,-57.65364723,-62.1709856,-57.65590427,-62.17038512,-57.65364723,1.23695E-06
698,1199,1,-84.553382,37.654341,-72.289077,249.265055,124.72552,20060313, 13:02:50.0000,-62.17156265,-57.65809945,-62.17215179,-57.66036886,-62.17156265,-57.65809945,8.73621E-07
698,1200,1,-85.695807,28.944931,-78.974636,249.265055,124.72552,20060313, 13:03:30.0000,-62.17268645,-57.6625913,-62.17268645,-57.6625913,-62.17268645,-57.6625913,6.71554E-07
698,1201,1,-76.531443,238.78606,-66.290615,249.265055,124.72552,20060313, 13:03:50.0000,-62.17324795,-57.66485116,-62.17378596,-57.66707251,-62.17324795,-57.66485116,5.54009E-06
698,1202,1,-76.107799,263.252977,-65.454559,249.265055,124.72552,20060313, 13:04:30.0000,-62.17434803,-57.66930144,-62.17491462,-57.67156783,-62.17434803,-57.66930144,6.10775E-06
698,1203,1,-75.682075,290.365984,-63.000189,249.265055,124.72552,20060313, 13:05:10.0000,-62.17549806,-57.67385621,-62.17606517,-57.67611976,-62.17549806,-57.67385621,6.7368E-06
698,1204,1,-76.698871,229.755607,-64.518741,249.265055,124.72552,20060313, 13:05:50.0000,-62.17661921,-57.67836744,-62.17718558,-57.68063269,-62.17661921,-57.67836744,5.33058E-06
698,1205,1,-78.133854,165.107886,-66.33684,249.265055,124.72552,20060313, 13:06:30.0000,-62.17776971,-57.68291976,-62.1783316,-57.68515687,-62.17776971,-57.68291976,3.83068E-06
698,1206,1,-75.328612,314.986581,-64.7835,249.265055,124.72552,20060313, 13:07:10.0000,-62.1789026,-57.6874224,-62.17946936,-57.6896561,-62.1789026,-57.6874224,7.30803E-06
698,1207,1,-77.576447,187.719131,-67.271662,249.265055,124.72552,20060313, 13:07:50.0000,-62.18004645,-57.6918959,-62.18062015,-57.69412622,-62.18004645,-57.6918959,4.35529E-06
698,1208,1,-79.771539,113.23985,-68.904317,249.265055,124.72552,20060313, 13:08:30.0000,-62.18116933,-57.69633465,-62.18116933,-57.69633465,-62.18116933,-57.69633465,2.62729E-06
698,1209,1,-81.32846,79.123809,-71.220703,249.265055,124.72552,20060313, 13:08:50.0000,-62.18173153,-57.69856869,-62.18229779,-57.70085059,-62.18173153,-57.69856869,1.83576E-06
698,1210,1,-77.067835,211.042432,-66.075405,249.265055,124.72552,20060313, 13:09:30.0000,-62.18288184,-57.70309096,-62.18344685,-57.70533064,-62.18288184,-57.70309096,4.89641E-06
698,1211,1,-75.843306,279.783831,-64.909903,249.265055,124.72552,20060313, 13:10:10.0000,-62.18403035,-57.70761456,-62.18460288,-57.70985232,-62.18403035,-57.70761456,6.49129E-06
698,1212,1,-80.38868,98.239294,-67.706999,249.265055,124.72552,20060313, 13:10:50.0000,-62.18519679,-57.71211375,-62.18578043,-57.71440305,-62.18519679,-57.71211375,2.27926E-06
698,1213,1,-79.880536,110.433201,-68.712171,249.265055,124.72552,20060313, 13:11:30.0000,-62.18633043,-57.71661972,-62.18689709,-57.71888149,-62.18633043,-57.71661972,2.56217E-06
698,1214,1,-81.642888,73.597741,-71.409857,249.265055,124.72552,20060313, 13:12:10.0000,-62.18746799,-57.72113353,-62.18805199,-57.72338639,-62.18746799,-57.72113353,1.70755E-06
698,1215,1,-82.179772,65.03933,-72.204715,249.265055,124.72552,20060313, 13:12:50.0000,-62.18864621,-57.72562841,-62.18920182,-57.72781902,-62.18864621,-57.72562841,1.50898E-06
698,1216,1,-80.65754,92.34198,-71.922073,249.265055,124.72552,20060313, 13:13:30.0000,-62.18979777,-57.73007193,-62.18979777,-57.73007193,-62.18979777,-57.73007193,2.14243E-06
698,1217,1,-82.192803,64.844476,-69.918387,249.265055,124.72552,20060313, 13:13:50.0000,-62.19037911,-57.73234355,-62.19095182,-57.73461902,-62.19037911,-57.73234355,1.50446E-06
698,1218,1,-84.447771,38.581233,-71.280426,249.265055,124.72552,20060313, 13:14:30.0000,-62.19153021,-57.73688074,-62.19213433,-57.73917689,-62.19153021,-57.73688074,8.95126E-07
698,1219,1,-88.4371,15.397252,-81.019226,249.265055,124.72552,20060313, 13:15:10.0000,-62.19272973,-57.7414124,-62.19331813,-57.74362907,-62.19272973,-57.7414124,3.57233E-07
698,1220,1,-86.187928,25.844042,-76.945097,249.265055,124.72552,20060313, 13:15:50.0000,-62.19391712,-57.74587432,-62.19451849,-57.74815234,-62.19391712,-57.74587432,5.9961E-07
698,1221,1,-86.332309,24.99898,-75.823667,249.265055,124.72552,20060313, 13:16:30.0000,-62.19512838,-57.75036306,-62.19571893,-57.75262094,-62.19512838,-57.75036306,5.80003E-07
698,1222,1,-87.157368,20.673615,-82.157631,249.265055,124.72552,20060313, 13:17:10.0000,-62.1963125,-57.75486563,-62.1963125,-57.75486563,-62.1963125,-57.75486563,4.7965E-07
698,1223,1,-87.236182,20.301821,-76.860643,249.265055,124.72552,20060313, 13:17:30.0000,-62.19691479,-57.75712305,-62.19748474,-57.75932877,-62.19691479,-57.75712305,4.71024E-07
698,1224,1,-87.405071,19.527476,-76.234595,249.265055,124.72552,20060313, 13:18:10.0000,-62.19807965,-57.76153386,-62.19867965,-57.76376211,-62.19807965,-57.76153386,4.53059E-07
698,1225,1,-87.467104,19.250538,-79.798235,249.265055,124.72552,20060313, 13:18:50.0000,-62.19927859,-57.76596376,-62.19987885,-57.76819792,-62.19927859,-57.76596376,4.46633E-07
698,1226,1,-88.525661,15.086454,-79.93211,249.265055,124.72552,20060313, 13:19:30.0000,-62.20049607,-57.77046639,-62.20109551,-57.77268125,-62.20049607,-57.77046639,3.50022E-07
698,1227,1,-87.46211,19.272685,-77.163077,249.265055,124.72552,20060313, 13:20:10.0000,-62.20168413,-57.77491458,-62.20227861,-57.77719714,-62.20168413,-57.77491458,4.47147E-07
698,1228,1,-88.264718,16.020699,-77.776084,249.265055,124.72552,20060313, 13:20:50.0000,-62.20285079,-57.77947591,-62.20342861,-57.78175846,-62.20285079,-57.77947591,3.71697E-07
698,1229,1,-87.263602,20.174045,-78.889605,249.265055,124.72552,20060313, 13:21:30.0000,-62.20400062,-57.78404179,-62.20457883,-57.78630924,-62.20400062,-57.78404179,4.6806E-07
698,1230,1,-87.922376,17.334671,-80.797683,249.265055,124.72552,20060313, 13:22:10.0000,-62.20511729,-57.7885138,-62.20511729,-57.7885138,-62.20511729,-57.7885138,4.02183E-07
698,1231,1,-87.935652,17.281761,-80.087127,249.265055,124.72552,20060313, 13:22:30.0000,-62.20566841,-57.79080199,-62.20621172,-57.79301309,-62.20566841,-57.79080199,4.00955E-07
698,1232,1,-87.633458,18.527099,-76.254626,249.265055,124.72552,20060313, 13:23:10.0000,-62.20676804,-57.79527862,-62.20735225,-57.79757085,-62.20676804,-57.79527862,4.29849E-07
698,1233,1,-89.326867,12.54488,-78.897835,249.265055,124.72552,20060313, 13:23:50.0000,-62.20792835,-57.79990213,-62.20850086,-57.80222094,-62.20792835,-57.79990213,2.91055E-07
698,1234,1,-88.197705,16.269818,-78.220203,249.265055,124.72552,20060313, 13:24:30.0000,-62.20905086,-57.80450955,-62.209615,-57.80677374,-62.20905086,-57.80450955,3.77477E-07
698,1235,1,-86.689812,23.023537,-78.377644,249.265055,124.72552,20060313, 13:25:10.0000,-62.21016786,-57.80904446,-62.2107134,-57.81131357,-62.21016786,-57.80904446,5.34171E-07
698,1236,1,-85.841075,27.99276,-75.544034,249.265055,124.72552,20060313, 13:25:50.0000,-62.21127909,-57.81357683,-62.21181869,-57.81583166,-62.21127909,-57.81357683,6.49462E-07
698,1237,1,-89.41556,12.291283,-80.787973,249.265055,124.72552,20060313, 13:26:30.0000,-62.21236915,-57.8181338,-62.21236915,-57.8181338,-62.21236915,-57.8181338,2.85171E-07
698,1238,1,-84.198794,40.85769,-73.246918,249.265055,124.72552,20060313, 13:26:50.0000,-62.21290248,-57.82044574,-62.21343453,-57.82274445,-62.21290248,-57.82044574,9.47942E-07
698,1239,1,-85.636853,29.340532,-76.816094,249.265055,124.72552,20060313, 13:27:30.0000,-62.21396765,-57.8250216,-62.21451822,-57.82734109,-62.21396765,-57.8250216,6.80732E-07
698,1240,1,-87.940241,17.263512,-80.266233,249.265055,124.72552,20060313, 13:28:10.0000,-62.2150845,-57.82967766,-62.21565172,-57.83199192,-62.2150845,-57.82967766,4.00532E-07
698,1241,1,-85.157423,32.765059,-74.978281,249.265055,124.72552,20060313, 13:28:50.0000,-62.2162122,-57.8342927,-62.21676811,-57.83662895,-62.2162122,-57.8342927,7.60185E-07
698,1242,1,-83.209407,51.311241,-73.714165,249.265055,124.72552,20060313, 13:29:30.0000,-62.21731318,-57.8389128,-62.21791359,-57.84124757,-62.21731318,-57.8389128,1.19048E-06
698,1243,1,-87.376501,19.656361,-77.613099,249.265055,124.72552,20060313, 13:30:10.0000,-62.21851811,-57.84357895,-62.21851811,-57.84357895,-62.21851811,-57.84357895,4.56049E-07
698,1244,1,-86.755202,22.679475,-76.230947,249.265055,124.72552,20060313, 13:30:30.0000,-62.2190804,-57.84586474,-62.21964553,-57.84817603,-62.2190804,-57.84586474,5.26188E-07
698,1245,1,-78.453538,153.390853,-63.101766,249.265055,124.72552,20060313, 13:31:10.0000,-62.22021811,-57.85052895,-62.22077985,-57.85284613,-62.22021811,-57.85052895,3.55883E-06
698,1246,1,-89.676998,11.5732,-80.580415,249.265055,124.72552,20060313, 13:31:50.0000,-62.22135126,-57.85514991,-62.22192909,-57.85746016,-62.22135126,-57.85514991,2.68511E-07
698,1247,1,-85.993522,27.027198,-72.796282,249.265055,124.72552,20060313, 13:32:30.0000,-62.22251279,-57.85974478,-62.22311731,-57.86202523,-62.22251279,-57.85974478,6.2706E-07
698,1248,1,-85.689516,28.986893,-71.444271,249.265055,124.72552,20060313, 13:33:10.0000,-62.22370126,-57.86429478,-62.22431793,-57.86654991,-62.22370126,-57.86429478,6.72527E-07
698,1249,1,-89.240304,12.797431,-80.476985,249.265055,124.72552,20060313, 13:33:50.0000,-62.22486678,-57.86881159,-62.22543422,-57.87110968,-62.22486678,-57.86881159,2.96914E-07
698,1250,1,-88.171683,16.367598,-79.886767,249.265055,124.72552,20060313, 13:34:30.0000,-62.22600138,-57.87342867,-62.22600138,-57.87342867,-62.22600138,-57.87342867,3.79746E-07
698,1251,1,-90.271778,10.091958,-80.461454,249.265055,124.72552,20060313, 13:34:50.0000,-62.22660029,-57.87572356,-62.22720047,-57.87804107,-62.22660029,-57.87572356,2.34144E-07
698,1252,1,-86.734913,22.785679,-77.550114,249.265055,124.72552,20060313, 13:35:30.0000,-62.22779629,-57.88036201,-62.22838327,-57.88265524,-62.22779629,-57.88036201,5.28652E-07
698,1253,1,-84.175379,41.078572,-75.944051,249.265055,124.72552,20060313, 13:36:10.0000,-62.2289338,-57.88494107,-62.22953472,-57.88727867,-62.2289338,-57.88494107,9.53067E-07
698,1254,1,-84.358919,39.378695,-74.30772,249.265055,124.72552,20060313, 13:36:50.0000,-62.2301289,-57.88959282,-62.23070084,-57.89186476,-62.2301289,-57.88959282,9.13628E-07
698,1255,1,-84.639697,36.913353,-72.691515,249.265055,124.72552,20060313, 13:37:30.0000,-62.23128327,-57.89414415,-62.2318784,-57.8964244,-62.23128327,-57.89414415,8.5643E-07
698,1256,1,-86.504061,24.029635,-76.651694,249.265055,124.72552,20060313, 13:38:10.0000,-62.23245066,-57.89870865,-62.23245066,-57.89870865,-62.23245066,-57.89870865,5.57513E-07
698,1257,1,-84.774874,35.782104,-72.417184,249.265055,124.72552,20060313, 13:38:30.0000,-62.23303008,-57.90098029,-62.23361695,-57.90325689,-62.23303008,-57.90098029,8.30183E-07
698,1258,1,-75.966776,271.941584,-62.26399,249.265055,124.72552,20060313, 13:39:10.0000,-62.23421199,-57.90555865,-62.23477986,-57.90783455,-62.23421199,-57.90555865,6.30934E-06
698,1259,1,-83.612889,46.758906,-69.740684,249.265055,124.72552,20060313, 13:39:50.0000,-62.23535029,-57.91009568,-62.23594533,-57.91239731,-62.23535029,-57.91009568,1.08486E-06
698,1260,1,-84.222418,40.636043,-73.023972,249.265055,124.72552,20060313, 13:40:30.0000,-62.23651823,-57.91467951,-62.23711149,-57.91697902,-62.23651823,-57.91467951,9.428E-07
698,1261,1,-85.703788,28.891787,-73.60106,249.265055,124.72552,20060313, 13:41:10.0000,-62.23770066,-57.91927531,-62.2382849,-57.92157951,-62.23770066,-57.91927531,6.70321E-07
698,1262,1,-91.704512,7.256079,-83.213246,249.265055,124.72552,20060313, 13:41:50.0000,-62.23886733,-57.92389198,-62.23886733,-57.92389198,-62.23886733,-57.92389198,1.68349E-07
698,1263,1,-91.306627,7.952259,-80.410215,249.265055,124.72552,20060313, 13:42:10.0000,-62.23945066,-57.92622531,-62.24003529,-57.92851468,-62.23945066,-57.92622531,1.84501E-07
698,1264,1,-88.801847,14.156912,-80.977948,249.265055,124.72552,20060313, 13:42:50.0000,-62.24063434,-57.93076549,-62.24121699,-57.93302375,-62.24063434,-57.93076549,3.28456E-07
698,1265,1,-91.64493,7.356313,-83.420752,249.265055,124.72552,20060313, 13:43:30.0000,-62.24181823,-57.93531285,-62.24241392,-57.93761539,-62.24181823,-57.93531285,1.70674E-07
698,1266,1,-91.464099,7.669082,-83.769894,249.265055,124.72552,20060313, 13:44:10.0000,-62.24301814,-57.93986751,-62.24358454,-57.9421945,-62.24301814,-57.93986751,1.77931E-07
698,1267,1,-89.16342,13.026006,-83.366696,249.265055,124.72552,20060313, 13:44:50.0000,-62.24417861,-57.94448047,-62.24476713,-57.94677437,-62.24417861,-57.94448047,3.02217E-07
698,1268,1,-87.919805,17.344938,-80.230808,249.265055,124.72552,20060313, 13:45:30.0000,-62.24536372,-57.94906468,-62.24536372,-57.94906468,-62.24536372,-57.94906468,4.02421E-07
698,1269,1,-86.717319,22.87817,-72.823189,249.265055,124.72552,20060313, 13:45:50.0000,-62.24595027,-57.95132896,-62.24655105,-57.9535938,-62.24595027,-57.95132896,5.30798E-07
698,1270,1,-86.245207,25.505422,-72.819388,249.265055,124.72552,20060313, 13:46:30.0000,-62.24715195,-57.95586468,-62.24774481,-57.95815683,-62.24715195,-57.95586468,5.91753E-07
698,1271,1,-84.484058,38.260217,-76.416027,249.265055,124.72552,20060313, 13:47:10.0000,-62.24831147,-57.96044562,-62.24888451,-57.96274439,-62.24831147,-57.96044562,8.87678E-07
698,1272,1,-85.353095,31.321584,-77.278556,249.265055,124.72552,20060313, 13:47:50.0000,-62.24944481,-57.96504016,-62.25000086,-57.96731484,-62.24944481,-57.96504016,7.26695E-07
698,1273,1,-84.568484,37.523629,-75.407691,249.265055,124.72552,20060313, 13:48:30.0000,-62.25056844,-57.96953548,-62.25115045,-57.97179639,-62.25056844,-57.96953548,8.70589E-07
698,1274,1,-86.455847,24.297886,-76.577405,249.265055,124.72552,20060313, 13:49:10.0000,-62.25173419,-57.97405957,-62.25231844,-57.97633548,-62.25173419,-57.97405957,5.63737E-07
698,1275,1,-85.735489,28.681662,-75.365778,249.265055,124.72552,20060313, 13:49:50.0000,-62.25289504,-57.97862432,-62.25289504,-57.97862432,-62.25289504,-57.97862432,6.65445E-07
698,1276,1,-80.419412,97.546575,-67.34427,249.265055,124.72552,20060313, 13:50:10.0000,-62.25346226,-57.9808815,-62.25406201,-57.98314203,-62.25346226,-57.9808815,2.26319E-06
698,1277,1,-78.431836,154.15928,-67.11037,249.265055,124.72552,20060313, 13:50:50.0000,-62.25464529,-57.98544184,-62.25524534,-57.98771403,-62.25464529,-57.98544184,3.57666E-06
698,1278,1,-75.641413,293.09738,-62.038609,249.265055,124.72552,20060313, 13:51:30.0000,-62.25584533,-57.98997533,-62.25646081,-57.99222679,-62.25584533,-57.98997533,6.80018E-06
698,1279,1,-76.642787,232.741885,-64.042192,249.265055,124.72552,20060313, 13:52:10.0000,-62.25707797,-57.99448956,-62.25768457,-57.99673312,-62.25707797,-57.99448956,5.39986E-06
698,1280,1,-78.211621,162.177692,-66.564208,249.265055,124.72552,20060313, 13:52:50.0000,-62.25829388,-57.99892595,-62.25886152,-58.00116242,-62.25829388,-57.99892595,3.7627E-06
698,1281,1,-79.142301,130.895016,-68.228865,249.265055,124.72552,20060313, 13:53:30.0000,-62.25944554,-58.00343133,-62.26003364,-58.00569576,-62.25944554,-58.00343133,3.03691E-06
698,1282,1,-80.425568,97.408414,-75.906597,249.265055,124.72552,20060313, 13:54:10.0000,-62.26064433,-58.0079385,-62.26064433,-58.0079385,-62.26064433,-58.0079385,2.25998E-06
698,1283,1,-81.898059,69.398053,-70.834226,249.265055,124.72552,20060313, 13:54:30.0000,-62.26125082,-58.01017605,-62.26183328,-58.0124053,-62.26125082,-58.01017605,1.61011E-06
698,1284,1,-83.652108,46.338549,-78.339086,249.265055,124.72552,20060313, 13:55:10.0000,-62.26241658,-58.01464408,-62.26302843,-58.01689116,-62.26241658,-58.01464408,1.0751E-06
698,1285,1,-76.00771,269.390496,-66.444292,249.265055,124.72552,20060313, 13:55:50.0000,-62.26359939,-58.01910848,-62.26420032,-58.02134036,-62.26359939,-58.01910848,6.25015E-06
698,1286,1,-78.054665,168.146062,-67.355699,249.265055,124.72552,20060313, 13:56:30.0000,-62.26476749,-58.023548,-62.26537747,-58.02577678,-62.26476749,-58.023548,3.90117E-06
698,1287,1,-76.717426,228.776114,-64.569901,249.265055,124.72552,20060313, 13:57:10.0000,-62.26596679,-58.02802277,-62.26657988,-58.03029623,-62.26596679,-58.02802277,5.30785E-06
698,1288,1,-75.11466,330.892744,-62.944907,249.265055,124.72552,20060313, 13:57:50.0000,-62.26717747,-58.03251011,-62.26776679,-58.03472277,-62.26717747,-58.03251011,7.67707E-06
698,1289,1,-80.473009,96.350133,-75.576702,249.265055,124.72552,20060313, 13:58:30.0000,-62.26839535,-58.03695871,-62.26839535,-58.03695871,-62.26839535,-58.03695871,2.23543E-06
698,1290,1,-77.566451,188.151701,-64.770848,249.265055,124.72552,20060313, 13:58:50.0000,-62.2689831,-58.03918781,-62.2695439,-58.04148697,-62.2689831,-58.03918781,4.36532E-06
698,1291,1,-69.877293,1105.156878,-56.780497,249.265055,124.72552,20060313, 13:59:30.0000,-62.27014411,-58.04374335,-62.2707331,-58.04596011,-62.27014411,-58.04374335,2.56408E-05
698,1292,1,-74.619217,370.878396,-64.446191,249.265055,124.72552,20060313, 14:00:10.0000,-62.27135012,-58.04817829,-62.27196353,-58.05041401,-62.27135012,-58.04817829,8.60478E-06
698,1293,1,-80.087149,105.302427,-72.128653,249.265055,124.72552,20060313, 14:00:50.0000,-62.27256037,-58.05262538,-62.27316127,-58.05480611,-62.27256037,-58.05262538,2.44313E-06
698,1294,1,-74.53907,377.786333,-61.052182,249.265055,124.72552,20060313, 14:01:30.0000,-62.27375139,-58.05704539,-62.27436194,-58.05925846,-62.27375139,-58.05704539,8.76505E-06
698,1295,1,-72.693947,577.774668,-61.627352,249.265055,124.72552,20060313, 14:02:10.0000,-62.27499506,-58.06146311,-62.27561643,-58.0636601,-62.27499506,-58.06146311,1.3405E-05
698,1296,1,-71.669811,731.428964,-61.099766,249.265055,124.72552,20060313, 14:02:50.0000,-62.27621127,-58.06586164,-62.2768009,-58.06815974,-62.27621127,-58.06586164,1.69699E-05
698,1297,1,-70.284642,1006.21096,-60.990052,249.265055,124.72552,20060313, 14:03:30.0000,-62.27736231,-58.070365,-62.27736231,-58.070365,-62.27736231,-58.070365,2.33452E-05
698,1298,1,-71.11343,831.400409,-57.624675,249.265055,124.72552,20060313, 14:03:50.0000,-62.27798346,-58.07257831,-62.27856104,-58.07478863,-62.27798346,-58.07257831,1.92894E-05
698,1299,1,-69.259153,1274.200938,-58.019167,249.265055,124.72552,20060313, 14:04:30.0000,-62.27914437,-58.0769942,-62.27975138,-58.07923377,-62.27914437,-58.0769942,2.95628E-05
698,1300,1,-69.531417,1196.772185,-59.798247,249.265055,124.72552,20060313, 14:05:10.0000,-62.28032842,-58.08141858,-62.28093473,-58.08362872,-62.28032842,-58.08141858,2.77664E-05
698,1301,1,-73.725667,455.602948,-64.014312,249.265055,124.72552,20060313, 14:05:50.0000,-62.2815277,-58.08588305,-62.28207815,-58.08812352,-62.2815277,-58.08588305,1.05705E-05
698,1302,1,-66.134319,2616.50356,-55.128467,249.265055,124.72552,20060313, 14:06:30.0000,-62.28261297,-58.09038381,-62.28318361,-58.09266232,-62.28261297,-58.09038381,6.07057E-05
698,1303,1,-73.825063,445.294083,-60.93915,249.265055,124.72552,20060313, 14:07:10.0000,-62.28374975,-58.09491003,-62.28428361,-58.09717352,-62.28374975,-58.09491003,1.03313E-05
698,1304,1,-69.918513,1094.71707,-57.09227,249.265055,124.72552,20060313, 14:07:50.0000,-62.28482744,-58.0994267,-62.28537815,-58.10169019,-62.28482744,-58.0994267,2.53986E-05
698,1305,1,-65.536789,3002.439682,-52.487645,249.265055,124.72552,20060313, 14:08:30.0000,-62.28596173,-58.10395772,-62.28596173,-58.10395772,-62.28596173,-58.10395772,6.96598E-05
698,1306,1,-72.880775,553.446603,-57.288845,249.265055,124.72552,20060313, 14:08:50.0000,-62.28651642,-58.10619336,-62.28706692,-58.10846221,-62.28651642,-58.10619336,1.28406E-05
698,1307,1,-68.652313,1465.284424,-57.590471,249.265055,124.72552,20060313, 14:09:30.0000,-62.28762837,-58.11072428,-62.28820013,-58.11297284,-62.28762837,-58.11072428,3.39962E-05
698,1308,1,-70.087262,1052.996647,-58.086958,249.265055,124.72552,20060313, 14:10:10.0000,-62.28874458,-58.11522268,-62.28928363,-58.11744571,-62.28874458,-58.11522268,2.44307E-05
698,1309,1,-70.794935,894.66353,-59.492276,249.265055,124.72552,20060313, 14:10:50.0000,-62.28986059,-58.11962609,-62.29044458,-58.12186154,-62.28986059,-58.11962609,2.07572E-05
698,1310,1,-73.968534,430.823933,-65.289706,249.265055,124.72552,20060313, 14:11:30.0000,-62.29101103,-58.12411086,-62.29159905,-58.12633443,-62.29101103,-58.12411086,9.99558E-06
698,1311,1,-71.563137,749.617146,-60.427034,249.265055,124.72552,20060313, 14:12:10.0000,-62.29216079,-58.12855442,-62.2927115,-58.13076238,-62.29216079,-58.12855442,1.73919E-05
698,1312,1,-69.926806,1092.628728,-56.70441,249.265055,124.72552,20060313, 14:12:50.0000,-62.29331031,-58.13300852,-62.29389935,-58.13523587,-62.29331031,-58.13300852,2.53502E-05
698,1313,1,-75.640861,293.134636,-64.236697,249.265055,124.72552,20060313, 14:13:30.0000,-62.29451696,-58.13745692,-62.29511553,-58.13968954,-62.29451696,-58.13745692,6.80104E-06
698,1314,1,-76.089266,264.378829,-67.993427,249.265055,124.72552,20060313, 14:14:10.0000,-62.29574465,-58.14187844,-62.29574465,-58.14187844,-62.29574465,-58.14187844,6.13387E-06
698,1315,1,-76.361657,248.306195,-65.09009,249.265055,124.72552,20060313, 14:14:30.0000,-62.29635104,-58.14406042,-62.29691553,-58.14630027,-62.29635104,-58.14406042,5.76097E-06
698,1316,1,-75.961795,272.253648,-62.854084,249.265055,124.72552,20060313, 14:15:10.0000,-62.29748309,-58.14855441,-62.29802866,-58.15079732,-62.29748309,-58.14855441,6.31658E-06
698,1317,1,-78.217454,161.960012,-65.182025,249.265055,124.72552,20060313, 14:15:50.0000,-62.29859343,-58.15300783,-62.29917912,-58.15526547,-62.29859343,-58.15300783,3.75765E-06
698,1318,1,-75.272011,319.118646,-63.381895,249.265055,124.72552,20060313, 14:16:30.0000,-62.29973365,-58.15754037,-62.3003101,-58.15983535,-62.29973365,-58.15754037,7.4039E-06
698,1319,1,-81.057178,84.223912,-70.485166,249.265055,124.72552,20060313, 14:17:10.0000,-62.30084956,-58.16205921,-62.30141714,-58.1643465,-62.30084956,-58.16205921,1.95409E-06
698,1320,1,-86.735099,22.784699,-78.489564,249.265055,124.72552,20060313, 14:17:50.0000,-62.30199343,-58.16655783,-62.30254386,-58.16882588,-62.30199343,-58.16655783,5.2863E-07
698,1321,1,-83.056937,53.144648,-71.337018,249.265055,124.72552,20060313, 14:18:30.0000,-62.30307889,-58.17109805,-62.30364956,-58.17335921,-62.30307889,-58.17109805,1.23301E-06
698,1322,1,-84.426311,38.77235,-77.686597,249.265055,124.72552,20060313, 14:19:10.0000,-62.30422149,-58.17560921,-62.30422149,-58.17560921,-62.30422149,-58.17560921,8.9956E-07
698,1323,1,-83.696152,45.870978,-74.254307,249.265055,124.72552,20060313, 14:19:30.0000,-62.30473381,-58.17782984,-62.3052827,-58.18008593,-62.30473381,-58.17782984,1.06426E-06
698,1324,1,-84.38648,39.129582,-75.358429,249.265055,124.72552,20060313, 14:20:10.0000,-62.3057829,-58.18232018,-62.30630505,-58.18452448,-62.3057829,-58.18232018,9.07849E-07
698,1325,1,-82.818589,56.14283,-72.129212,249.265055,124.72552,20060313, 14:20:50.0000,-62.30683312,-58.18677684,-62.30739924,-58.18900781,-62.30683312,-58.18677684,1.30257E-06
698,1326,1,-82.13513,65.71133,-72.290912,249.265055,124.72552,20060313, 14:21:30.0000,-62.30793287,-58.1912534,-62.30848292,-58.19353697,-62.30793287,-58.1912534,1.52457E-06
698,1327,1,-80.530596,95.080971,-70.31499,249.265055,124.72552,20060313, 14:22:10.0000,-62.30906699,-58.19582375,-62.30961749,-58.19811466,-62.30906699,-58.19582375,2.20598E-06
698,1328,1,-83.840252,44.37394,-72.332942,249.265055,124.72552,20060313, 14:22:50.0000,-62.31017673,-58.2003802,-62.31069975,-58.20262668,-62.31017673,-58.2003802,1.02952E-06
698,1329,1,-74.791101,356.486556,-60.890802,249.265055,124.72552,20060313, 14:23:30.0000,-62.31126178,-58.20490249,-62.31178255,-58.20718524,-62.31126178,-58.20490249,8.27087E-06
698,1330,1,-76.031132,267.941523,-63.117521,249.265055,124.72552,20060313, 14:24:10.0000,-62.3123164,-58.20947662,-62.31281717,-58.2117466,-62.3123164,-58.20947662,6.21653E-06
698,1331,1,-77.895702,174.414668,-65.795448,249.265055,124.72552,20060313, 14:24:50.0000,-62.31333255,-58.21400772,-62.3138664,-58.21629329,-62.31333255,-58.21400772,4.04661E-06
698,1332,1,-76.941578,217.267843,-65.912431,249.265055,124.72552,20060313, 14:25:30.0000,-62.314411,-58.21854409,-62.314411,-58.21854409,-62.314411,-58.21854409,5.04085E-06
698,1333,1,-78.551361,149.974402,-64.533605,249.265055,124.72552,20060313, 14:25:50.0000,-62.31494922,-58.2208019,-62.31538849,-58.22320794,-62.31494922,-58.2208019,3.47957E-06
698,1334,1,-74.473337,383.547835,-61.220333,249.265055,124.72552,20060313, 14:26:30.0000,-62.31545545,-58.22571825,-62.31516726,-58.22809762,-62.31545545,-58.22571825,8.89872E-06
698,1335,1,-76.222475,256.392759,-64.858376,249.265055,124.72552,20060313, 14:27:10.0000,-62.31446178,-58.22983782,-62.31351683,-58.23098317,-62.31446178,-58.22983782,5.94859E-06
698,1336,1,-80.652664,92.445731,-66.715745,249.265055,124.72552,20060313, 14:27:50.0000,-62.31248413,-58.23196587,-62.31142331,-58.23294907,-62.31248413,-58.23196587,2.14484E-06
698,1337,1,-80.969959,85.932476,-69.346316,249.265055,124.72552,20060313, 14:28:30.0000,-62.31036683,-58.23404984,-62.3092849,-58.2350651,-62.31036683,-58.23404984,1.99373E-06
698,1338,1,-81.407936,77.689019,-68.830963,249.265055,124.72552,20060313, 14:29:10.0000,-62.30818426,-58.23606574,-62.30708426,-58.23716002,-62.30818426,-58.23606574,1.80247E-06
698,1339,1,-80.610194,93.354203,-67.191159,249.265055,124.72552,20060313, 14:29:50.0000,-62.3060086,-58.23830807,-62.30493162,-58.23954117,-62.3060086,-58.23830807,2.16592E-06
698,1340,1,-79.876742,110.529708,-68.902212,249.265055,124.72552,20060313, 14:30:30.0000,-62.30388498,-58.24065919,-62.30282023,-58.24195784,-62.30388498,-58.24065919,2.56441E-06
698,1341,1,-81.267279,80.246363,-69.691121,249.265055,124.72552,20060313, 14:31:10.0000,-62.30177415,-58.24325919,-62.30071645,-58.24455584,-62.30177415,-58.24325919,1.8618E-06
698,1342,1,-78.635647,147.091811,-67.434284,249.265055,124.72552,20060313, 14:31:50.0000,-62.29966919,-58.2458415,-62.29966919,-58.2458415,-62.29966919,-58.2458415,3.41269E-06
698,1343,1,-88.184026,16.321144,-77.593662,249.265055,124.72552,20060313, 14:32:10.0000,-62.29860835,-58.24713569,-62.29752197,-58.24842251,-62.29860835,-58.24713569,3.78668E-07
698,1344,1,-87.067071,21.107956,-79.255782,249.265055,124.72552,20060313, 14:32:50.0000,-62.29648663,-58.24976782,-62.29539069,-58.2510535,-62.29648663,-58.24976782,4.89727E-07
698,1345,1,-91.461024,7.674513,-82.993195,249.265055,124.72552,20060313, 14:33:30.0000,-62.29430694,-58.25234306,-62.29320356,-58.25364117,-62.29430694,-58.25234306,1.78057E-07
698,1346,1,-84.778509,35.752162,-75.901876,249.265055,124.72552,20060313, 14:34:10.0000,-62.29215154,-58.25493683,-62.29106904,-58.25619168,-62.29215154,-58.25493683,8.29489E-07
698,1347,1,-86.273144,25.341879,-78.627154,249.265055,124.72552,20060313, 14:34:50.0000,-62.2899585,-58.25750219,-62.2899585,-58.25750219,-62.2899585,-58.25750219,5.87959E-07
698,1348,1,-84.426308,38.77238,-75.737182,249.265055,124.72552,20060313, 14:35:10.0000,-62.28887451,-58.25879705,-62.28778775,-58.26010685,-62.28887451,-58.25879705,8.99561E-07
698,1349,1,-81.613182,74.102865,-70.85787,249.265055,124.72552,20060313, 14:35:50.0000,-62.2867085,-58.26141885,-62.28561863,-58.26271372,-62.2867085,-58.26141885,1.71927E-06
698,1350,1,-82.544622,59.798606,-72.2277,249.265055,124.72552,20060313, 14:36:30.0000,-62.28452151,-58.26402303,-62.28343821,-58.265323,-62.28452151,-58.26402303,1.38739E-06
698,1351,1,-78.45599,153.304266,-69.409253,249.265055,124.72552,20060313, 14:37:10.0000,-62.28235785,-58.26663627,-62.28125485,-58.26795637,-62.28235785,-58.26663627,3.55682E-06
698,1352,1,-78.886134,138.84806,-72.153157,249.265055,124.72552,20060313, 14:37:50.0000,-62.28013821,-58.26925634,-62.28013821,-58.26925634,-62.28013821,-58.26925634,3.22142E-06
698,1353,1,-78.636624,147.058746,-67.185832,249.265055,124.72552,20060313, 14:38:10.0000,-62.2790353,-58.27058627,-62.2779353,-58.2719196,-62.2790353,-58.27058627,3.41192E-06
698,1354,1,-78.460509,153.144826,-67.479286,249.265055,124.72552,20060313, 14:38:50.0000,-62.27684348,-58.27326077,-62.27572366,-58.27457058,-62.27684348,-58.27326077,3.55313E-06
698,1355,1,-79.655921,116.295015,-69.935124,249.265055,124.72552,20060313, 14:39:30.0000,-62.27460566,-58.27590543,-62.273474,-58.27720353,-62.27460566,-58.27590543,2.69817E-06
698,1356,1,-75.159216,327.515309,-66.442167,249.265055,124.72552,20060313, 14:40:10.0000,-62.2723519,-58.27850889,-62.2723519,-58.27850889,-62.2723519,-58.27850889,7.59871E-06
698,1357,1,-76.252386,254.632992,-66.113849,249.265055,124.72552,20060313, 14:40:30.0000,-62.27123272,-58.27980637,-62.27012318,-58.28113779,-62.27123272,-58.27980637,5.90776E-06
698,1358,1,-82.143651,65.582532,-72.991506,249.265055,124.72552,20060313, 14:41:10.0000,-62.26901893,-58.28248587,-62.26792151,-58.2838897,-62.26901893,-58.28248587,1.52159E-06
698,1359,1,-80.722151,90.978358,-69.310288,249.265055,124.72552,20060313, 14:41:50.0000,-62.26684198,-58.28526868,-62.26575127,-58.2866372,-62.26684198,-58.28526868,2.1108E-06
698,1360,1,-85.550012,29.933122,-73.997103,249.265055,124.72552,20060313, 14:42:30.0000,-62.26467233,-58.287961,-62.26355773,-58.2892864,-62.26467233,-58.287961,6.94481E-07
698,1361,1,-78.474583,152.649357,-70.064106,249.265055,124.72552,20060313, 14:43:10.0000,-62.26245186,-58.29055894,-62.26245186,-58.29055894,-62.26245186,-58.29055894,3.54163E-06
