Process_ID,Interval,Layer,Sv_mean,NASC,Sv_max,Height_mean,Depth_mean,Date_M,Time_M,Lat_S,Lon_S,Lat_E,Lon_E,Lat_M,Lon_M,ABC
684,1,1,-72.666078,583.208701,-53.25479,250,125,20040201, 21:05:10.0000,-62.16742699,-60.71236033,-62.16625804,-60.71114137,-62.16742699,-60.71236033,1.35311E-05
684,2,1,-90.226685,10.227356,-78.732481,250,125,20040201, 21:05:50.0000,-62.16509366,-60.70996837,-62.16509366,-60.70996837,-62.16509366,-60.70996837,2.37286E-07
684,3,1,-73.866852,442.330279,-54.374531,250,125,20040201, 21:06:10.0000,-62.16391821,-60.70876873,-62.16276014,-60.70755155,-62.16391821,-60.70876873,1.02625E-05
684,4,1,-69.134015,1315.316809,-50.103937,250,125,20040201, 21:06:50.0000,-62.161575,-60.70636667,-62.1604354,-60.70511014,-62.161575,-60.70636667,3.05168E-05
684,5,1,-73.463343,485.397526,-53.863295,250,125,20040201, 21:07:30.0000,-62.15926599,-60.70394108,-62.15809337,-60.70281003,-62.15926599,-60.70394108,1.12617E-05
684,6,1,-101.837781,0.705755,-88.511009,250,125,20040201, 21:08:10.0000,-62.15694137,-60.70164137,-62.15694137,-60.70164137,-62.15694137,-60.70164137,1.63743E-08
684,7,1,-107.622004,0.186308,-94.576626,250,125,20040201, 21:08:30.0000,-62.15577441,-60.70044108,-62.15461014,-60.69929347,-62.15577441,-60.70044108,4.32255E-09
684,8,1,-109.058501,0.133839,-96.254615,250,125,20040201, 21:09:10.0000,-62.15344337,-60.69810146,-62.15225804,-60.69699137,-62.15344337,-60.69810146,3.1052E-09
684,9,1,-71.225129,812.678781,-53.504962,250,125,20040201, 21:09:50.0000,-62.15109934,-60.6957995,-62.14994309,-60.69461829,-62.15109934,-60.6957995,1.8855E-05
684,10,1,-104.199048,0.409758,-93.088534,250,125,20040201, 21:10:30.0000,-62.1487765,-60.69344316,-62.1487765,-60.69344316,-62.1487765,-60.69344316,9.50682E-09
684,11,1,-80.385907,98.591883,-60.767003,250,125,20040201, 21:10:50.0000,-62.14760983,-60.6923265,-62.14646795,-60.69113504,-62.14760983,-60.6923265,2.28744E-06
684,12,1,-72.217667,646.643865,-54.298377,250,125,20040201, 21:11:30.0000,-62.14529316,-60.68994316,-62.14411763,-60.68880918,-62.14529316,-60.68994316,1.50028E-05
684,13,1,-65.755135,2863.639702,-46.939206,250,125,20040201, 21:12:10.0000,-62.14294309,-60.68765122,-62.14177412,-60.68648233,-62.14294309,-60.68765122,6.64395E-05
684,14,1,-87.758139,18.055849,-73.277177,250,125,20040201, 21:12:50.0000,-62.14060774,-60.68529108,-62.14060774,-60.68529108,-62.14060774,-60.68529108,4.18915E-07
684,15,1,-89.913168,10.99297,-72.239578,250,125,20040201, 21:13:10.0000,-62.13945976,-60.68406829,-62.13829108,-60.68290774,-62.13945976,-60.68406829,2.55049E-07
684,16,1,-76.942131,217.880712,-57.63951,250,125,20040201, 21:13:50.0000,-62.13712383,-60.68173233,-62.13595983,-60.68059316,-62.13712383,-60.68173233,5.05507E-06
684,17,1,-94.372516,3.937134,-76.991043,250,125,20040201, 21:14:30.0000,-62.13480976,-60.67940163,-62.13363199,-60.67819049,-62.13480976,-60.67940163,9.13458E-08
684,18,1,-96.458749,2.435325,-84.567478,250,125,20040201, 21:15:10.0000,-62.13244316,-60.67703504,-62.13244316,-60.67703504,-62.13244316,-60.67703504,5.65022E-08
684,19,1,-96.698371,2.304596,-83.4955,250,125,20040201, 21:15:30.0000,-62.13125976,-60.67586789,-62.13009316,-60.67468504,-62.13125976,-60.67586789,5.34691E-08
684,20,1,-95.836506,2.810485,-82.031165,250,125,20040201, 21:16:10.0000,-62.12894251,-60.67348406,-62.12774316,-60.67239316,-62.12894251,-60.67348406,6.52063E-08
684,21,1,-92.849334,5.591115,-77.350158,250,125,20040201, 21:16:50.0000,-62.12657642,-60.67124309,-62.12657642,-60.67124309,-62.12657642,-60.67124309,1.2972E-07
684,22,1,-99.843556,1.117059,-85.461828,250,125,20040201, 21:17:10.0000,-62.12539316,-60.67005983,-62.12424316,-60.66885983,-62.12539316,-60.67005983,2.5917E-08
684,23,1,-97.020175,2.140003,-83.181436,250,125,20040201, 21:17:50.0000,-62.12309316,-60.66770983,-62.12190717,-60.66655717,-62.12309316,-60.66770983,4.96504E-08
684,24,1,-98.02739,1.697043,-83.973727,250,125,20040201, 21:18:30.0000,-62.12071599,-60.66543283,-62.11950976,-60.66430976,-62.12071599,-60.66543283,3.93732E-08
684,25,1,-100.435575,0.974708,-87.880349,250,125,20040201, 21:19:10.0000,-62.1183265,-60.66315983,-62.1183265,-60.66315983,-62.1183265,-60.66315983,2.26143E-08
684,26,1,-92.611335,5.906067,-81.915369,250,125,20040201, 21:19:30.0000,-62.11716616,-60.66196599,-62.11598266,-60.66077441,-62.11716616,-60.66196599,1.37027E-07
684,27,1,-99.202875,1.294626,-86.727868,250,125,20040201, 21:20:10.0000,-62.11480171,-60.6595765,-62.11361838,-60.65840171,-62.11480171,-60.6595765,3.00367E-08
684,28,1,-99.02054,1.350137,-87.388871,250,125,20040201, 21:20:50.0000,-62.11244316,-60.65721795,-62.1112765,-60.6560765,-62.11244316,-60.65721795,3.13246E-08
684,29,1,-100.757089,0.905155,-89.945444,250,125,20040201, 21:21:30.0000,-62.11011616,-60.65481582,-62.11011616,-60.65481582,-62.11011616,-60.65481582,2.10006E-08
684,30,1,-95.861521,2.794343,-81.206538,250,125,20040201, 21:21:50.0000,-62.10906795,-60.65323547,-62.10811593,-60.65139007,-62.10906795,-60.65323547,6.48318E-08
684,31,1,-92.068193,6.692872,-74.905951,250,125,20040201, 21:22:30.0000,-62.10729274,-60.64929444,-62.10656567,-60.64697983,-62.10729274,-60.64929444,1.55282E-07
684,32,1,-96.015785,2.696829,-82.309964,250,125,20040201, 21:23:10.0000,-62.10591699,-60.64460112,-62.10591699,-60.64460112,-62.10591699,-60.64460112,6.25693E-08
684,33,1,-95.126505,3.309644,-81.610084,250,125,20040201, 21:23:30.0000,-62.10526752,-60.64226966,-62.10458267,-60.6399225,-62.10526752,-60.64226966,7.67873E-08
684,34,1,-100.10812,1.051041,-86.311438,250,125,20040201, 21:24:10.0000,-62.10394231,-60.63755299,-62.10326748,-60.63521098,-62.10394231,-60.63755299,2.43853E-08
684,35,1,-101.195668,0.81821,-88.276708,250,125,20040201, 21:24:50.0000,-62.10260048,-60.63283502,-62.10194231,-60.63043632,-62.10260048,-60.63283502,1.89834E-08
684,36,1,-103.078895,0.530325,-92.53251,250,125,20040201, 21:25:30.0000,-62.10126748,-60.62810285,-62.10126748,-60.62810285,-62.10126748,-60.62810285,1.23041E-08
684,37,1,-99.310862,1.262832,-86.6105,250,125,20040201, 21:25:50.0000,-62.10060085,-60.62572821,-62.09993419,-60.62335299,-62.10060085,-60.62572821,2.92991E-08
684,38,1,-101.964086,0.685525,-87.858058,250,125,20040201, 21:26:30.0000,-62.09927561,-60.62099431,-62.09860065,-60.61861893,-62.09927561,-60.62099431,1.59049E-08
684,39,1,-99.226605,1.287571,-84.632636,250,125,20040201, 21:27:10.0000,-62.09789967,-60.61624883,-62.09720069,-60.61393574,-62.09789967,-60.61624883,2.98731E-08
684,40,1,-95.10669,3.324779,-81.906942,250,125,20040201, 21:27:50.0000,-62.09653398,-60.61155227,-62.09653398,-60.61155227,-62.09653398,-60.61155227,7.71385E-08
684,41,1,-99.318573,1.260592,-85.929597,250,125,20040201, 21:28:10.0000,-62.09583402,-60.60917758,-62.09514104,-60.60681491,-62.09583402,-60.60917758,2.92471E-08
684,42,1,-100.140898,1.043139,-86.794411,250,125,20040201, 21:28:50.0000,-62.09443267,-60.60448102,-62.09378402,-60.60209424,-62.09443267,-60.60448102,2.42019E-08
684,43,1,-98.893794,1.390121,-82.989368,250,125,20040201, 21:29:30.0000,-62.0930995,-60.59972312,-62.0930995,-60.59972312,-62.0930995,-60.59972312,3.22523E-08
684,44,1,-98.938013,1.376039,-88.490037,250,125,20040201, 21:29:50.0000,-62.09244117,-60.59728919,-62.09176735,-60.59490241,-62.09244117,-60.59728919,3.19256E-08
684,45,1,-98.892417,1.390561,-86.458173,250,125,20040201, 21:30:30.0000,-62.09108266,-60.59254764,-62.09038365,-60.59019287,-62.09108266,-60.59254764,3.22625E-08
684,46,1,-88.540376,15.079754,-71.423268,250,125,20040201, 21:31:10.0000,-62.08970051,-60.58783513,-62.08906583,-60.58538853,-62.08970051,-60.58783513,3.49867E-07
684,47,1,-90.968328,8.621821,-76.113156,250,125,20040201, 21:31:50.0000,-62.08840032,-60.5829678,-62.08840032,-60.5829678,-62.08840032,-60.5829678,2.00036E-07
684,48,1,-94.264798,4.036008,-78.962134,250,125,20040201, 21:32:10.0000,-62.08771718,-60.58058513,-62.08703266,-60.57818098,-62.08771718,-60.58058513,9.36397E-08
684,49,1,-100.7582,0.904923,-88.226757,250,125,20040201, 21:32:50.0000,-62.0863252,-60.57580056,-62.08563385,-60.57336846,-62.0863252,-60.57580056,2.09952E-08
684,50,1,-108.100649,0.166866,-92.792804,250,125,20040201, 21:33:30.0000,-62.08496599,-60.57090581,-62.08496599,-60.57090581,-62.08496599,-60.57090581,3.87146E-09
684,51,1,-101.789835,0.713589,-91.299239,250,125,20040201, 21:33:50.0000,-62.08431583,-60.56843853,-62.08363385,-60.56602692,-62.08431583,-60.56843853,1.6556E-08
684,52,1,-86.489401,24.181972,-71.050614,250,125,20040201, 21:34:30.0000,-62.08294228,-60.5635935,-62.0822495,-60.56119824,-62.08294228,-60.5635935,5.61048E-07
684,53,1,-96.369378,2.485959,-84.61491,250,125,20040201, 21:35:10.0000,-62.08153266,-60.55878914,-62.08153266,-60.55878914,-62.08153266,-60.55878914,5.76769E-08
684,54,1,-81.402121,78.022471,-65.476629,250,125,20040201, 21:35:30.0000,-62.08084933,-60.55633914,-62.08018233,-60.55385458,-62.08084933,-60.55633914,1.81021E-06
684,55,1,-96.075787,2.659826,-78.181961,250,125,20040201, 21:36:10.0000,-62.07950016,-60.5514339,-62.07881718,-60.54901846,-62.07950016,-60.5514339,6.17108E-08
684,56,1,-86.796612,22.530488,-70.73953,250,125,20040201, 21:36:50.0000,-62.07813266,-60.54666431,-62.07745016,-60.5443339,-62.07813266,-60.54666431,5.22732E-07
684,57,1,-93.534258,4.775359,-78.804521,250,125,20040201, 21:37:30.0000,-62.0767325,-60.54209707,-62.0767325,-60.54209707,-62.0767325,-60.54209707,1.10793E-07
684,58,1,-97.668463,1.843256,-84.996575,250,125,20040201, 21:37:50.0000,-62.0760252,-60.53987552,-62.07533233,-60.5376465,-62.0760252,-60.53987552,4.27655E-08
684,59,1,-98.089732,1.672856,-83.402538,250,125,20040201, 21:38:30.0000,-62.07466599,-60.53539764,-62.07400845,-60.53314219,-62.07466599,-60.53539764,3.88121E-08
684,60,1,-88.268414,16.054267,-70.126444,250,125,20040201, 21:39:10.0000,-62.07333349,-60.53090886,-62.07263266,-60.52873948,-62.07333349,-60.53090886,3.72476E-07
684,61,1,-96.290591,2.53147,-84.22583,250,125,20040201, 21:39:50.0000,-62.07197375,-60.52651317,-62.07129917,-60.52428897,-62.07197375,-60.52651317,5.87328E-08
684,62,1,-96.266404,2.545607,-84.37601,250,125,20040201, 21:40:30.0000,-62.0706325,-60.52205561,-62.0706325,-60.52205561,-62.0706325,-60.52205561,5.90608E-08
684,63,1,-101.473862,0.767442,-87.098748,250,125,20040201, 21:40:50.0000,-62.06998266,-60.51978948,-62.06933349,-60.51750886,-62.06998266,-60.51978948,1.78055E-08
684,64,1,-98.280406,1.601,-79.733783,250,125,20040201, 21:41:30.0000,-62.06866599,-60.51530614,-62.06800016,-60.51310886,-62.06866599,-60.51530614,3.71449E-08
684,65,1,-104.221699,0.407626,-88.218363,250,125,20040201, 21:42:10.0000,-62.06731616,-60.51094003,-62.06663266,-60.50875614,-62.06731616,-60.51094003,9.45736E-09
684,66,1,-101.741851,0.721517,-87.924313,250,125,20040201, 21:42:50.0000,-62.06598233,-60.50651317,-62.06536718,-60.50425179,-62.06598233,-60.50651317,1.674E-08
684,67,1,-100.643983,0.929038,-88.66524,250,125,20040201, 21:43:30.0000,-62.06469933,-60.50201431,-62.06469933,-60.50201431,-62.06469933,-60.50201431,2.15547E-08
684,68,1,-99.105625,1.323943,-84.283359,250,125,20040201, 21:43:50.0000,-62.06401567,-60.4997965,-62.06331718,-60.49756,-62.06401567,-60.4997965,3.07169E-08
684,69,1,-98.180103,1.638406,-82.901426,250,125,20040201, 21:44:30.0000,-62.06263385,-60.49532667,-62.06198266,-60.49307281,-62.06263385,-60.49532667,3.80128E-08
684,70,1,-98.141007,1.653222,-83.741866,250,125,20040201, 21:45:10.0000,-62.06132538,-60.49087667,-62.0606825,-60.48866374,-62.06132538,-60.49087667,3.83565E-08
684,71,1,-100.123242,1.047388,-84.939711,250,125,20040201, 21:45:50.0000,-62.06001567,-60.48641317,-62.05933266,-60.48421431,-62.06001567,-60.48641317,2.43005E-08
684,72,1,-102.799619,0.565549,-89.191215,250,125,20040201, 21:46:30.0000,-62.05865051,-60.48202667,-62.05865051,-60.48202667,-62.05865051,-60.48202667,1.31213E-08
684,73,1,-98.408171,1.554586,-86.167991,250,125,20040201, 21:46:50.0000,-62.05798233,-60.47982983,-62.05734155,-60.47754944,-62.05798233,-60.47982983,3.60681E-08
684,74,1,-94.391613,3.91986,-82.735594,250,125,20040201, 21:47:30.0000,-62.05673216,-60.47526256,-62.056125,-60.47298333,-62.05673216,-60.47526256,9.0945E-08
684,75,1,-90.758586,9.048429,-77.78642,250,125,20040201, 21:48:10.0000,-62.05550032,-60.47069272,-62.05486566,-60.46840505,-62.05550032,-60.47069272,2.09933E-07
684,76,1,-91.015898,8.5279,-78.966537,250,125,20040201, 21:48:50.0000,-62.05421551,-60.4661126,-62.05356701,-60.46383454,-62.05421551,-60.4661126,1.97856E-07
684,77,1,-86.648097,23.314286,-72.252824,250,125,20040201, 21:49:30.0000,-62.05291566,-60.46154646,-62.05291566,-60.46154646,-62.05291566,-60.46154646,5.40917E-07
684,78,1,-87.365921,19.762404,-73.294577,250,125,20040201, 21:49:50.0000,-62.05226683,-60.45925056,-62.05165016,-60.45695886,-62.05226683,-60.45925056,4.58509E-07
684,79,1,-85.988444,27.138598,-66.804162,250,125,20040201, 21:50:30.0000,-62.05101566,-60.45466313,-62.05038349,-60.45235056,-62.05101566,-60.45466313,6.29645E-07
684,80,1,-92.884872,5.545551,-79.971404,250,125,20040201, 21:51:10.0000,-62.04976667,-60.45004167,-62.04913232,-60.44773838,-62.04976667,-60.45004167,1.28663E-07
684,81,1,-94.466373,3.852961,-78.681525,250,125,20040201, 21:51:50.0000,-62.04848232,-60.44544646,-62.04784155,-60.44315773,-62.04848232,-60.44544646,8.93928E-08
684,82,1,-93.718107,4.577424,-80.923934,250,125,20040201, 21:52:30.0000,-62.04721567,-60.4408465,-62.04721567,-60.4408465,-62.04721567,-60.4408465,1.06201E-07
684,83,1,-97.689228,1.834463,-83.90594,250,125,20040201, 21:52:50.0000,-62.04659067,-60.43854533,-62.04595017,-60.4362506,-62.04659067,-60.43854533,4.25615E-08
684,84,1,-95.101882,3.328463,-81.498565,250,125,20040201, 21:53:30.0000,-62.04528232,-60.43396313,-62.04466651,-60.43164944,-62.04528232,-60.43396313,7.72239E-08
684,85,1,-98.17133,1.641719,-83.818515,250,125,20040201, 21:54:10.0000,-62.04406568,-60.42929653,-62.04345745,-60.4269959,-62.04406568,-60.42929653,3.80897E-08
684,86,1,-96.371595,2.484691,-82.999806,250,125,20040201, 21:54:50.0000,-62.04281549,-60.42475452,-62.04216651,-60.4225161,-62.04281549,-60.42475452,5.76475E-08
684,87,1,-96.047325,2.677314,-84.298538,250,125,20040201, 21:55:30.0000,-62.04151684,-60.42028393,-62.04151684,-60.42028393,-62.04151684,-60.42028393,6.21166E-08
684,88,1,-97.955414,1.725402,-85.402035,250,125,20040201, 21:55:50.0000,-62.04088317,-60.41799114,-62.04026651,-60.41568277,-62.04088317,-60.41799114,4.00312E-08
684,89,1,-98.281939,1.600435,-85.538157,250,125,20040201, 21:56:30.0000,-62.03966566,-60.41336313,-62.03906651,-60.41103277,-62.03966566,-60.41336313,3.71318E-08
684,90,1,-99.375301,1.244233,-85.946978,250,125,20040201, 21:57:10.0000,-62.03843317,-60.40877448,-62.0377835,-60.40650889,-62.03843317,-60.40877448,2.88676E-08
684,91,1,-98.566791,1.498831,-84.46573,250,125,20040201, 21:57:50.0000,-62.03713301,-60.40424063,-62.03649179,-60.40193393,-62.03713301,-60.40424063,3.47745E-08
684,92,1,-94.003819,4.285978,-79.992807,250,125,20040201, 21:58:30.0000,-62.03586566,-60.3996298,-62.03586566,-60.3996298,-62.03586566,-60.3996298,9.94393E-08
684,93,1,-97.476488,1.926562,-84.05538,250,125,20040201, 21:58:50.0000,-62.03524091,-60.39733838,-62.03461566,-60.39507172,-62.03524091,-60.39733838,4.46983E-08
684,94,1,-101.394523,0.781591,-89.73643,250,125,20040201, 21:59:30.0000,-62.03400846,-60.39287556,-62.03340017,-60.39065889,-62.03400846,-60.39287556,1.81338E-08
684,95,1,-99.617655,1.176702,-87.886477,250,125,20040201, 22:00:10.0000,-62.03281684,-60.38837556,-62.03221684,-60.38609222,-62.03281684,-60.38837556,2.73007E-08
684,96,1,-93.944553,4.344868,-79.85502,250,125,20040201, 22:00:50.0000,-62.03156568,-60.38392178,-62.03086583,-60.38175561,-62.03156568,-60.38392178,1.00806E-07
684,97,1,-89.651045,11.676895,-72.73877,250,125,20040201, 22:01:30.0000,-62.0301835,-60.37955889,-62.029524,-60.37734533,-62.0301835,-60.37955889,2.70917E-07
684,98,1,-100.605937,0.937213,-87.067322,250,125,20040201, 22:02:10.0000,-62.02889984,-60.3750661,-62.02889984,-60.3750661,-62.02889984,-60.3750661,2.17443E-08
684,99,1,-98.010721,1.703569,-85.477111,250,125,20040201, 22:02:30.0000,-62.02825846,-60.37281726,-62.02759984,-60.37059114,-62.02825846,-60.37281726,3.95246E-08
684,100,1,-95.175656,3.272399,-80.067202,250,125,20040201, 22:03:10.0000,-62.0269335,-60.36834222,-62.02626684,-60.3661006,-62.0269335,-60.36834222,7.59232E-08
684,101,1,-88.608778,14.844106,-72.216835,250,125,20040201, 22:03:50.0000,-62.0255835,-60.36385057,-62.02491684,-60.36161726,-62.0255835,-60.36385057,3.44399E-07
684,102,1,-91.453626,7.710264,-74.556105,250,125,20040201, 22:04:30.0000,-62.02425,-60.35936667,-62.02361651,-60.3571161,-62.02425,-60.35936667,1.78886E-07
684,103,1,-79.106135,132.378768,-67.284985,250,125,20040201, 22:05:10.0000,-62.02300017,-60.35485889,-62.02300017,-60.35485889,-62.02300017,-60.35485889,3.07133E-06
684,104,1,-85.827029,28.166243,-69.592122,250,125,20040201, 22:05:30.0000,-62.0223335,-60.35262556,-62.02165017,-60.35045051,-62.0223335,-60.35262556,6.53487E-07
684,105,1,-92.746369,5.725256,-76.757639,250,125,20040201, 22:06:10.0000,-62.02096683,-60.34827553,-62.02029179,-60.34603393,-62.02096683,-60.34827553,1.32832E-07
684,106,1,-99.251152,1.280314,-84.524959,250,125,20040201, 22:06:50.0000,-62.01964179,-60.34380886,-62.01896684,-60.34157556,-62.01964179,-60.34380886,2.97047E-08
684,107,1,-107.570426,0.188534,-93.02761,250,125,20040201, 22:07:30.0000,-62.01829899,-60.33933838,-62.0176335,-60.33711726,-62.01829899,-60.33933838,4.37419E-09
684,108,1,-102.63444,0.587473,-87.823266,250,125,20040201, 22:08:10.0000,-62.01694867,-60.334904,-62.01694867,-60.334904,-62.01694867,-60.334904,1.363E-08
684,109,1,-96.426264,2.453609,-79.069143,250,125,20040201, 22:08:30.0000,-62.0163,-60.33271667,-62.01565034,-60.33055102,-62.0163,-60.33271667,5.69264E-08
684,110,1,-98.431603,1.546221,-84.429468,250,125,20040201, 22:09:10.0000,-62.01496667,-60.32841667,-62.01426532,-60.32622862,-62.01496667,-60.32841667,3.5874E-08
684,111,1,-100.661665,0.925263,-89.361249,250,125,20040201, 22:09:50.0000,-62.01356535,-60.32397871,-62.01290668,-60.32173738,-62.01356535,-60.32397871,2.14671E-08
684,112,1,-104.095033,0.41969,-91.92938,250,125,20040201, 22:10:30.0000,-62.012275,-60.319525,-62.01161635,-60.31734904,-62.012275,-60.319525,9.73726E-09
684,113,1,-103.234747,0.511631,-90.784175,250,125,20040201, 22:11:10.0000,-62.01093333,-60.3152,-62.01023199,-60.31305396,-62.01093333,-60.3152,1.18704E-08
684,114,1,-102.752587,0.571707,-93.518809,250,125,20040201, 22:11:50.0000,-62.00955016,-60.3108339,-62.00955016,-60.3108339,-62.00955016,-60.3108339,1.32642E-08
684,115,1,-103.874127,0.44159,-91.475367,250,125,20040201, 22:12:10.0000,-62.00893317,-60.3085661,-62.00829983,-60.30629949,-62.00893317,-60.3085661,1.02454E-08
684,116,1,-102.96216,0.544773,-86.721201,250,125,20040201, 22:12:50.0000,-62.00763317,-60.30416618,-62.00693317,-60.30201618,-62.00763317,-60.30416618,1.26393E-08
684,117,1,-104.391476,0.391998,-93.307672,250,125,20040201, 22:13:30.0000,-62.0062665,-60.29982447,-62.0056165,-60.29759114,-62.0062665,-60.29982447,9.09479E-09
684,118,1,-92.742825,5.72993,-78.515039,250,125,20040201, 22:14:10.0000,-62.00499154,-60.29532444,-62.00435821,-60.29308282,-62.00499154,-60.29532444,1.32941E-07
684,119,1,-91.503091,7.622944,-77.062164,250,125,20040201, 22:14:50.0000,-62.00368317,-60.29089951,-62.00368317,-60.29089951,-62.00368317,-60.29089951,1.76861E-07
684,120,1,-101.88103,0.698761,-87.434675,250,125,20040201, 22:15:10.0000,-62.0030165,-60.28873276,-62.00235821,-60.28652447,-62.0030165,-60.28873276,1.6212E-08
684,121,1,-80.217404,102.492337,-61.412295,250,125,20040201, 22:15:50.0000,-62.00174154,-60.28424943,-62.00114154,-60.28198276,-62.00174154,-60.28424943,2.37793E-06
684,122,1,-81.057413,84.467684,-62.626378,250,125,20040201, 22:16:30.0000,-62.00049883,-60.27972923,-61.99984984,-60.2775078,-62.00049883,-60.27972923,1.95974E-06
684,123,1,-100.907849,0.874273,-86.403018,250,125,20040201, 22:17:10.0000,-61.99918201,-60.27532071,-61.99853317,-60.27309114,-61.99918201,-60.27532071,2.02841E-08
684,124,1,-102.363789,0.625249,-87.701914,250,125,20040201, 22:17:50.0000,-61.99789984,-60.27089114,-61.99724984,-60.26869114,-61.99789984,-60.27089114,1.45065E-08
684,125,1,-107.138904,0.208229,-94.224083,250,125,20040201, 22:18:30.0000,-61.9965665,-60.26649114,-61.9965665,-60.26649114,-61.9965665,-60.26649114,4.83114E-09
684,126,1,-88.365205,15.700424,-68.855457,250,125,20040201, 22:18:50.0000,-61.99589984,-60.26424943,-61.99523316,-60.2620494,-61.99589984,-60.26424943,3.64267E-07
684,127,1,-71.784467,714.471885,-53.040566,250,125,20040201, 22:19:30.0000,-61.99461532,-60.25977862,-61.99399833,-60.25751083,-61.99461532,-60.25977862,1.65765E-05
684,128,1,-105.036046,0.33793,-90.276276,250,125,20040201, 22:20:10.0000,-61.9933665,-60.25532444,-61.9927165,-60.25310778,-61.9933665,-60.25532444,7.84035E-09
684,129,1,-102.588328,0.593744,-86.613854,250,125,20040201, 22:20:50.0000,-61.99207401,-60.25087071,-61.99143317,-60.2486578,-61.99207401,-60.25087071,1.37755E-08
684,130,1,-106.996926,0.215149,-94.632352,250,125,20040201, 22:21:30.0000,-61.99079154,-60.24642444,-61.99014983,-60.24421607,-61.99079154,-60.24642444,4.99169E-09
684,131,1,-102.600602,0.592068,-91.469072,250,125,20040201, 22:22:10.0000,-61.98949983,-60.24199111,-61.98949983,-60.24199111,-61.98949983,-60.24199111,1.37366E-08
684,132,1,-108.392455,0.156022,-96.511991,250,125,20040201, 22:22:30.0000,-61.98884145,-60.23979111,-61.9881665,-60.23754114,-61.98884145,-60.23979111,3.61988E-09
684,133,1,-108.271721,0.16042,-95.486396,250,125,20040201, 22:23:10.0000,-61.98753317,-60.23529943,-61.98692488,-60.23302447,-61.98753317,-60.23529943,3.72193E-09
684,134,1,-104.169383,0.412566,-94.444264,250,125,20040201, 22:23:50.0000,-61.98633317,-60.23073276,-61.98574154,-60.22842447,-61.98633317,-60.23073276,9.57198E-09
684,135,1,-105.727346,0.288202,-91.97727,250,125,20040201, 22:24:30.0000,-61.98509983,-60.22620778,-61.98439868,-60.22401205,-61.98509983,-60.22620778,6.6866E-09
684,136,1,-105.993906,0.271045,-94.377152,250,125,20040201, 22:25:10.0000,-61.98374145,-60.22176607,-61.98374145,-60.22176607,-61.98374145,-60.22176607,6.28853E-09
684,137,1,-99.3944,1.238773,-84.779754,250,125,20040201, 22:25:30.0000,-61.9831165,-60.21949111,-61.98249983,-60.21718274,-61.9831165,-60.21949111,2.87409E-08
684,138,1,-105.874066,0.278628,-93.084973,250,125,20040201, 22:26:10.0000,-61.9818665,-60.21491607,-61.98118316,-60.21270778,-61.9818665,-60.21491607,6.46448E-09
684,139,1,-102.73786,0.573649,-89.745442,250,125,20040201, 22:26:50.0000,-61.9805165,-60.21044943,-61.97988317,-60.20812447,-61.9805165,-60.21044943,1.33093E-08
684,140,1,-104.003483,0.428631,-91.174547,250,125,20040201, 22:27:30.0000,-61.9792665,-60.20577444,-61.97863181,-60.20342005,-61.9792665,-60.20577444,9.9447E-09
684,141,1,-102.993602,0.540844,-93.405264,250,125,20040201, 22:28:10.0000,-61.9779665,-60.20124111,-61.9779665,-60.20124111,-61.9779665,-60.20124111,1.25482E-08
684,142,1,-103.281309,0.506175,-91.039619,250,125,20040201, 22:28:30.0000,-61.97728316,-60.19900778,-61.97664936,-60.19673109,-61.97728316,-60.19900778,1.17438E-08
684,143,1,-97.691672,1.833431,-79.378254,250,125,20040201, 22:29:10.0000,-61.97601634,-60.19444887,-61.97538301,-60.19219887,-61.97601634,-60.19444887,4.25376E-08
684,144,1,-78.390089,156.107214,-59.45043,250,125,20040201, 22:29:50.0000,-61.97473301,-60.18997379,-61.97406632,-60.1876988,-61.97473301,-60.18997379,3.62186E-06
684,145,1,-84.557831,37.726691,-65.155845,250,125,20040201, 22:30:30.0000,-61.97344141,-60.18547388,-61.97281632,-60.18323213,-61.97344141,-60.18547388,8.753E-07
684,146,1,-103.814305,0.447715,-92.471505,250,125,20040201, 22:31:10.0000,-61.97214968,-60.18099887,-61.97214968,-60.18099887,-61.97214968,-60.18099887,1.03875E-08
684,147,1,-105.724513,0.28839,-93.488651,250,125,20040201, 22:31:30.0000,-61.97148301,-60.1787822,-61.97083301,-60.17654061,-61.97148301,-60.1787822,6.69096E-09
684,148,1,-104.073254,0.4218,-92.321121,250,125,20040201, 22:32:10.0000,-61.97020809,-60.17429887,-61.96958165,-60.17205286,-61.97020809,-60.17429887,9.78621E-09
684,149,1,-102.261737,0.640115,-90.178082,250,125,20040201, 22:32:50.0000,-61.96893285,-60.16977341,-61.96824951,-60.16754008,-61.96893285,-60.16977341,1.48514E-08
684,150,1,-100.618742,0.934453,-87.695566,250,125,20040201, 22:33:30.0000,-61.96759128,-60.16529,-61.96693282,-60.16306487,-61.96759128,-60.16529,2.16803E-08
684,151,1,-101.422591,0.776556,-87.984699,250,125,20040201, 22:34:10.0000,-61.96629128,-60.16080667,-61.96629128,-60.16080667,-61.96629128,-60.16080667,1.80169E-08
684,152,1,-102.413888,0.618078,-91.819144,250,125,20040201, 22:34:30.0000,-61.96564949,-60.15851487,-61.96499949,-60.15624821,-61.96564949,-60.15851487,1.43401E-08
684,153,1,-99.238689,1.283994,-88.534331,250,125,20040201, 22:35:10.0000,-61.96431618,-60.15400675,-61.96363165,-60.15176077,-61.96431618,-60.15400675,2.979E-08
684,154,1,-100.493142,0.961873,-83.999362,250,125,20040201, 22:35:50.0000,-61.96296615,-60.14948154,-61.96233253,-60.14713865,-61.96296615,-60.14948154,2.23165E-08
684,155,1,-102.745588,0.572629,-90.082232,250,125,20040201, 22:36:30.0000,-61.96166618,-60.14483163,-61.96098153,-60.14255246,-61.96166618,-60.14483163,1.32856E-08
684,156,1,-80.425829,97.689743,-65.941241,250,125,20040201, 22:37:10.0000,-61.96029103,-60.14034,-61.96029103,-60.14034,-61.96029103,-60.14034,2.26651E-06
684,157,1,-97.585271,1.878905,-84.364195,250,125,20040201, 22:37:30.0000,-61.95959832,-60.13807744,-61.95894951,-60.13576496,-61.95959832,-60.13807744,4.35926E-08
684,158,1,-99.393045,1.23916,-86.385573,250,125,20040201, 22:38:10.0000,-61.95831615,-60.13349821,-61.95764949,-60.13122308,-61.95831615,-60.13349821,2.87499E-08
684,159,1,-83.385328,49.419582,-66.554249,250,125,20040201, 22:38:50.0000,-61.95696449,-60.12895905,-61.95629106,-60.12669829,-61.95696449,-60.12895905,1.14659E-06
684,160,1,-95.921194,2.756211,-81.621691,250,125,20040201, 22:39:30.0000,-61.95559951,-60.12446496,-61.95559951,-60.12446496,-61.95559951,-60.12446496,6.39471E-08
684,161,1,-94.610081,3.727552,-77.6939,250,125,20040201, 22:39:50.0000,-61.95494951,-60.12216496,-61.95428282,-60.11984821,-61.95494951,-60.12216496,8.64832E-08
684,162,1,-90.438342,9.740868,-75.122833,250,125,20040201, 22:40:30.0000,-61.95361615,-60.11754821,-61.95295713,-60.11527188,-61.95361615,-60.11754821,2.25999E-07
684,163,1,-94.898125,3.488344,-80.608815,250,125,20040201, 22:41:10.0000,-61.95228165,-60.1129862,-61.95161498,-60.11074411,-61.95228165,-60.1129862,8.09333E-08
684,164,1,-105.287879,0.318892,-91.326767,250,125,20040201, 22:41:50.0000,-61.95094951,-60.10849008,-61.95029951,-60.10624829,-61.95094951,-60.10849008,7.39864E-09
684,165,1,-86.122869,26.311458,-70.437129,250,125,20040201, 22:42:30.0000,-61.94964949,-60.10399,-61.94964949,-60.10399,-61.94964949,-60.10399,6.10454E-07
684,166,1,-79.697024,115.539218,-61.491009,250,125,20040201, 22:42:50.0000,-61.94899919,-60.10176385,-61.94836618,-60.09951496,-61.94899919,-60.10176385,2.68063E-06
684,167,1,-101.329092,0.793456,-88.133598,250,125,20040201, 22:43:30.0000,-61.94773147,-60.09722682,-61.94706618,-60.09498163,-61.94773147,-60.09722682,1.8409E-08
684,168,1,-73.155256,521.082266,-54.214815,250,125,20040201, 22:44:10.0000,-61.94639949,-60.09275667,-61.94576481,-60.09046015,-61.94639949,-60.09275667,1.20897E-05
684,169,1,-76.144005,261.837179,-59.955953,250,125,20040201, 22:44:50.0000,-61.94513153,-60.08814368,-61.94513153,-60.08814368,-61.94513153,-60.08814368,6.0749E-06
684,170,1,-78.61366,148.274294,-62.511022,250,125,20040201, 22:45:10.0000,-61.94448153,-60.08584368,-61.94382436,-60.08359,-61.94448153,-60.08584368,3.44012E-06
684,171,1,-101.227608,0.812215,-89.837969,250,125,20040201, 22:45:50.0000,-61.94313282,-60.08134821,-61.94244832,-60.07910286,-61.94313282,-60.08134821,1.88443E-08
684,172,1,-105.494579,0.30407,-91.184668,250,125,20040201, 22:46:30.0000,-61.94177462,-60.07682333,-61.94111586,-60.07453052,-61.94177462,-60.07682333,7.05476E-09
684,173,1,-75.210578,324.619101,-57.786279,250,125,20040201, 22:47:10.0000,-61.94046498,-60.07224411,-61.93981498,-60.06996077,-61.94046498,-60.07224411,7.53151E-06
684,174,1,-84.848751,35.28229,-68.333021,250,125,20040201, 22:47:50.0000,-61.93914951,-60.06774829,-61.93914951,-60.06774829,-61.93914951,-60.06774829,8.18587E-07
684,175,1,-69.478545,1215.002949,-50.989536,250,125,20040201, 22:48:10.0000,-61.93849951,-60.06552341,-61.93783147,-60.06327682,-61.93849951,-60.06552341,2.81894E-05
684,176,1,-89.484507,12.133361,-73.653648,250,125,20040201, 22:48:50.0000,-61.93714951,-60.06111496,-61.93646602,-60.05887257,-61.93714951,-60.06111496,2.81507E-07
684,177,1,-80.514035,95.725644,-62.51046,250,125,20040201, 22:49:30.0000,-61.93578131,-60.05665177,-61.93519115,-60.05437242,-61.93578131,-60.05665177,2.22094E-06
684,178,1,-78.527953,151.229516,-59.112226,250,125,20040201, 22:50:10.0000,-61.93464118,-60.05203107,-61.93410782,-60.04965576,-61.93464118,-60.05203107,3.50869E-06
684,179,1,-102.443584,0.613866,-91.005395,250,125,20040201, 22:50:50.0000,-61.93352448,-60.04733093,-61.93352448,-60.04733093,-61.93352448,-60.04733093,1.42424E-08
684,180,1,-104.185547,0.411033,-88.409283,250,125,20040201, 22:51:10.0000,-61.93294118,-60.04499773,-61.93235761,-60.04267997,-61.93294118,-60.04499773,9.53642E-09
684,181,1,-94.769394,3.593291,-76.626196,250,125,20040201, 22:51:50.0000,-61.93182451,-60.04029773,-61.93129115,-60.03788909,-61.93182451,-60.04029773,8.33682E-08
684,182,1,-97.88795,1.752414,-80.713078,250,125,20040201, 22:52:30.0000,-61.93077448,-60.03553093,-61.93024919,-60.03318905,-61.93077448,-60.03553093,4.06579E-08
684,183,1,-100.225797,1.022945,-85.801651,250,125,20040201, 22:53:10.0000,-61.92969106,-60.03089715,-61.92914015,-60.02859293,-61.92969106,-60.03089715,2.37334E-08
684,184,1,-76.809964,224.613265,-57.769863,250,125,20040201, 22:53:50.0000,-61.92859106,-60.02628862,-61.92803131,-60.02394293,-61.92859106,-60.02628862,5.21127E-06
684,185,1,-99.90053,1.102501,-84.299309,250,125,20040201, 22:54:30.0000,-61.92746585,-60.02158862,-61.92746585,-60.02158862,-61.92746585,-60.02158862,2.55792E-08
684,186,1,-75.679819,291.373454,-56.197768,250,125,20040201, 22:54:50.0000,-61.92689103,-60.01919701,-61.92635769,-60.01676368,-61.92689103,-60.01919701,6.76018E-06
684,187,1,-83.102851,52.7408,-63.59566,250,125,20040201, 22:55:30.0000,-61.92584015,-60.0143596,-61.92528236,-60.01200518,-61.92584015,-60.0143596,1.22364E-06
684,188,1,-103.665897,0.463278,-87.490265,250,125,20040201, 22:56:10.0000,-61.92469915,-60.00964701,-61.92412436,-60.00729701,-61.92469915,-60.00964701,1.07486E-08
684,189,1,-105.509428,0.303032,-89.744443,250,125,20040201, 22:56:50.0000,-61.92357436,-60.00490513,-61.92357436,-60.00490513,-61.92357436,-60.00490513,7.03068E-09
684,190,1,-108.385526,0.156271,-91.38795,250,125,20040201, 22:57:10.0000,-61.92302436,-60.00248846,-61.92244915,-60.00014701,-61.92302436,-60.00248846,3.62566E-09
684,191,1,-101.940622,0.689239,-83.674303,250,125,20040201, 22:57:50.0000,-61.92187439,-59.99781382,-61.92129103,-59.99541368,-61.92187439,-59.99781382,1.59911E-08
684,192,1,-105.458173,0.30663,-92.554703,250,125,20040201, 22:58:30.0000,-61.92072439,-59.99302195,-61.92014106,-59.99063862,-61.92072439,-59.99302195,7.11415E-09
684,193,1,-109.159973,0.130748,-92.686165,250,125,20040201, 22:59:10.0000,-61.91957436,-59.98824701,-61.91900682,-59.98584293,-61.91957436,-59.98824701,3.03349E-09
684,194,1,-94.006645,4.28319,-79.888079,250,125,20040201, 22:59:50.0000,-61.91844018,-59.9834764,-61.91844018,-59.9834764,-61.91844018,-59.9834764,9.93746E-08
684,195,1,-94.849718,3.527444,-79.677409,250,125,20040201, 23:00:10.0000,-61.91785769,-59.98111368,-61.91726465,-59.97877626,-61.91785769,-59.98111368,8.18405E-08
684,196,1,-98.703296,1.452454,-83.57663,250,125,20040201, 23:00:50.0000,-61.91670772,-59.97639715,-61.91614887,-59.97402939,-61.91670772,-59.97639715,3.36985E-08
684,197,1,-105.842632,0.280652,-92.260059,250,125,20040201, 23:01:30.0000,-61.91558248,-59.97166368,-61.91501585,-59.96929715,-61.91558248,-59.97166368,6.51144E-09
684,198,1,-98.372691,1.567338,-83.398392,250,125,20040201, 23:02:10.0000,-61.91447362,-59.96691022,-61.91392436,-59.96454701,-61.91447362,-59.96691022,3.63639E-08
684,199,1,-107.87125,0.175917,-93.652311,250,125,20040201, 23:02:50.0000,-61.91334915,-59.96219701,-61.91334915,-59.96219701,-61.91334915,-59.96219701,4.08146E-09
684,200,1,-98.040418,1.69196,-82.488761,250,125,20040201, 23:03:10.0000,-61.91276581,-59.95983034,-61.91220658,-59.95744183,-61.91276581,-59.95983034,3.92553E-08
684,201,1,-104.423669,0.389103,-92.075789,250,125,20040201, 23:03:50.0000,-61.91164106,-59.95508049,-61.91107439,-59.95268049,-61.91164106,-59.95508049,9.02762E-09
684,202,1,-100.03255,1.06949,-84.703641,250,125,20040201, 23:04:30.0000,-61.91052439,-59.95029715,-61.90994082,-59.94794605,-61.91052439,-59.95029715,2.48133E-08
684,203,1,-97.835388,1.773753,-82.068503,250,125,20040201, 23:05:10.0000,-61.90936581,-59.94560556,-61.90936581,-59.94560556,-61.90936581,-59.94560556,4.1153E-08
684,204,1,-96.865729,2.217476,-83.080164,250,125,20040201, 23:05:30.0000,-61.90880772,-59.94321382,-61.90827415,-59.94082939,-61.90880772,-59.94321382,5.14478E-08
684,205,1,-97.159199,2.072583,-81.477889,250,125,20040201, 23:06:10.0000,-61.90772436,-59.93847222,-61.90715682,-59.93614293,-61.90772436,-59.93847222,4.80862E-08
684,206,1,-103.154638,0.521156,-89.389115,250,125,20040201, 23:06:50.0000,-61.90658205,-59.93379551,-61.90601581,-59.93143034,-61.90658205,-59.93379551,1.20914E-08
684,207,1,-105.177098,0.327131,-92.639128,250,125,20040201, 23:07:30.0000,-61.90547436,-59.92901368,-61.90492415,-59.92659605,-61.90547436,-59.92901368,7.5898E-09
684,208,1,-103.082859,0.529842,-91.545402,250,125,20040201, 23:08:10.0000,-61.90437436,-59.92414701,-61.90437436,-59.92414701,-61.90437436,-59.92414701,1.22929E-08
684,209,1,-106.917711,0.219109,-91.624709,250,125,20040201, 23:08:30.0000,-61.90383131,-59.9217096,-61.90324007,-59.9193092,-61.90383131,-59.9217096,5.08357E-09
684,210,1,-104.769556,0.359316,-90.951143,250,125,20040201, 23:09:10.0000,-61.90264915,-59.91694701,-61.90207335,-59.9145923,-61.90264915,-59.91694701,8.33651E-09
684,211,1,-106.722389,0.229189,-92.554406,250,125,20040201, 23:09:50.0000,-61.90152415,-59.91222939,-61.90095769,-59.90984701,-61.90152415,-59.91222939,5.31742E-09
684,212,1,-108.905305,0.138644,-95.770524,250,125,20040201, 23:10:30.0000,-61.90039103,-59.90745513,-61.90039103,-59.90745513,-61.90039103,-59.90745513,3.21669E-09
684,213,1,-105.178184,0.327049,-93.056636,250,125,20040201, 23:10:50.0000,-61.89979872,-59.90505353,-61.8992323,-59.90262113,-61.89979872,-59.90505353,7.5879E-09
684,214,1,-102.262066,0.640067,-88.243152,250,125,20040201, 23:11:30.0000,-61.8986899,-59.90013283,-61.89814094,-59.89771327,-61.8986899,-59.90013283,1.48502E-08
684,215,1,-107.754706,0.180701,-96.26443,250,125,20040201, 23:12:10.0000,-61.89754897,-59.89531306,-61.8969323,-59.89291306,-61.89754897,-59.89531306,4.19246E-09
684,216,1,-103.715898,0.457975,-92.020433,250,125,20040201, 23:12:50.0000,-61.89634094,-59.8904966,-61.89634094,-59.8904966,-61.89634094,-59.8904966,1.06255E-08
684,217,1,-101.91195,0.693804,-92.174119,250,125,20040201, 23:13:10.0000,-61.89579089,-59.88799639,-61.89522427,-59.88550469,-61.89579089,-59.88799639,1.6097E-08
684,218,1,-93.964241,4.325215,-76.640902,250,125,20040201, 23:13:50.0000,-61.89462313,-59.88305796,-61.89401547,-59.88067051,-61.89462313,-59.88305796,1.0035E-07
684,219,1,-108.007018,0.170502,-96.423107,250,125,20040201, 23:14:30.0000,-61.89340744,-59.87827915,-61.8928566,-59.87584191,-61.89340744,-59.87827915,3.95584E-09
684,220,1,-108.424705,0.154868,-96.581473,250,125,20040201, 23:15:10.0000,-61.8923067,-59.87342571,-61.8923067,-59.87342571,-61.8923067,-59.87342571,3.5931E-09
684,221,1,-106.741003,0.228208,-94.968811,250,125,20040201, 23:15:30.0000,-61.89173082,-59.87105787,-61.89115633,-59.86869067,-61.89173082,-59.87105787,5.29468E-09
684,222,1,-103.052281,0.533585,-89.500975,250,125,20040201, 23:16:10.0000,-61.8905898,-59.86632463,-61.89002323,-59.86388283,-61.8905898,-59.86632463,1.23798E-08
684,223,1,-101.012705,0.853417,-86.536601,250,125,20040201, 23:16:50.0000,-61.88947323,-59.86147508,-61.88888214,-59.85908718,-61.88947323,-59.86147508,1.98002E-08
684,224,1,-108.587412,0.149173,-96.336152,250,125,20040201, 23:17:30.0000,-61.88829749,-59.85670787,-61.887714,-59.854274,-61.88829749,-59.85670787,3.46098E-09
684,225,1,-79.239048,128.388766,-62.548108,250,125,20040201, 23:18:10.0000,-61.88713085,-59.85184129,-61.88713085,-59.85184129,-61.88713085,-59.85184129,2.97876E-06
684,226,1,-105.942787,0.274254,-90.153291,250,125,20040201, 23:18:30.0000,-61.88659077,-59.84937915,-61.886014,-59.84694967,-61.88659077,-59.84937915,6.36299E-09
684,227,1,-116.017666,0.026957,-99.97751,250,125,20040201, 23:19:10.0000,-61.8854322,-59.84456268,-61.8848399,-59.84217508,-61.8854322,-59.84456268,6.2542E-10
684,228,1,-110.250112,0.101723,-97.693493,250,125,20040201, 23:19:50.0000,-61.8842488,-59.83978718,-61.88366547,-59.83737915,-61.8842488,-59.83978718,2.36009E-09
684,229,1,-114.08386,0.042077,-104.125803,250,125,20040201, 23:20:30.0000,-61.88311431,-59.83494175,-61.88311431,-59.83494175,-61.88311431,-59.83494175,9.7623E-10
684,230,1,-104.052289,0.423841,-87.394189,250,125,20040201, 23:20:50.0000,-61.88255633,-59.83250733,-61.88200744,-59.83008718,-61.88255633,-59.83250733,9.83357E-09
684,231,1,-103.556791,0.475065,-87.33341,250,125,20040201, 23:21:30.0000,-61.8814399,-59.82765842,-61.88085725,-59.82526957,-61.8814399,-59.82765842,1.1022E-08
684,232,1,-109.678704,0.116028,-94.230622,250,125,20040201, 23:22:10.0000,-61.88025725,-59.82286159,-61.87966547,-59.82045385,-61.88025725,-59.82286159,2.69197E-09
684,233,1,-98.164915,1.644146,-81.885692,250,125,20040201, 23:22:50.0000,-61.8791066,-59.817983,-61.8791066,-59.817983,-61.8791066,-59.817983,3.8146E-08
684,234,1,-108.499168,0.152235,-94.136617,250,125,20040201, 23:23:10.0000,-61.87854751,-59.81551567,-61.87795744,-59.81308718,-61.87854751,-59.81551567,3.53202E-09
684,235,1,-107.919053,0.173991,-90.173359,250,125,20040201, 23:23:50.0000,-61.87735725,-59.81066159,-61.8767566,-59.80819967,-61.87735725,-59.81066159,4.03678E-09
684,236,1,-109.119697,0.131966,-93.682829,250,125,20040201, 23:24:30.0000,-61.87619077,-59.80572915,-61.87619077,-59.80572915,-61.87619077,-59.80572915,3.06175E-09
684,237,1,-103.41973,0.490297,-89.296467,250,125,20040201, 23:24:50.0000,-61.87561553,-59.80327935,-61.87501547,-59.80082915,-61.87561553,-59.80327935,1.13754E-08
684,238,1,-104.323356,0.398195,-90.177188,250,125,20040201, 23:25:30.0000,-61.87442323,-59.79838283,-61.87385744,-59.79592915,-61.87442323,-59.79838283,9.23856E-09
684,239,1,-108.315195,0.158823,-95.573549,250,125,20040201, 23:26:10.0000,-61.87329077,-59.79350385,-61.87272323,-59.79104175,-61.87329077,-59.79350385,3.68486E-09
684,240,1,-113.547019,0.047613,-98.240087,250,125,20040201, 23:26:50.0000,-61.87214058,-59.78861159,-61.87214058,-59.78861159,-61.87214058,-59.78861159,1.10468E-09
684,241,1,-97.179626,2.062857,-80.164912,250,125,20040201, 23:27:10.0000,-61.87154077,-59.78622915,-61.87096547,-59.78381248,-61.87154077,-59.78622915,4.78605E-08
684,242,1,-94.84339,3.532587,-76.889616,250,125,20040201, 23:27:50.0000,-61.87040748,-59.78137073,-61.86985744,-59.77890385,-61.87040748,-59.78137073,8.19598E-08
684,243,1,-102.548307,0.599241,-89.652912,250,125,20040201, 23:28:30.0000,-61.86925657,-59.77647508,-61.8686488,-59.77404581,-61.86925657,-59.77647508,1.3903E-08
684,244,1,-95.899488,2.770021,-86.35918,250,125,20040201, 23:29:10.0000,-61.86805744,-59.77161248,-61.86805744,-59.77161248,-61.86805744,-59.77161248,6.42675E-08
684,245,1,-98.937973,1.376051,-87.453544,250,125,20040201, 23:29:30.0000,-61.86748967,-59.76913167,-61.86693087,-59.76668243,-61.86748967,-59.76913167,3.19259E-08
684,246,1,-99.772712,1.135431,-87.559133,250,125,20040201, 23:30:10.0000,-61.86634863,-59.76425318,-61.86573196,-59.76184519,-61.86634863,-59.76425318,2.63432E-08
684,247,1,-97.037918,2.131278,-82.256657,250,125,20040201, 23:30:50.0000,-61.86508942,-59.75945617,-61.86449863,-59.75702852,-61.86508942,-59.75945617,4.94479E-08
684,248,1,-95.480548,3.050542,-80.993115,250,125,20040201, 23:31:30.0000,-61.86388978,-59.75460787,-61.86388978,-59.75460787,-61.86388978,-59.75460787,7.07759E-08
684,249,1,-96.604622,2.354885,-82.137298,250,125,20040201, 23:31:50.0000,-61.863247,-59.7522395,-61.86254718,-59.74994917,-61.863247,-59.7522395,5.46359E-08
684,250,1,-99.238636,1.284009,-85.261654,250,125,20040201, 23:32:30.0000,-61.86179733,-59.747733,-61.8610984,-59.74551186,-61.86179733,-59.747733,2.97904E-08
684,251,1,-102.228597,0.645018,-89.983615,250,125,20040201, 23:33:10.0000,-61.86041529,-59.74327852,-61.85970477,-59.74101575,-61.86041529,-59.74327852,1.49651E-08
684,252,1,-104.097416,0.41946,-91.331221,250,125,20040201, 23:33:50.0000,-61.85901415,-59.73874121,-61.85901415,-59.73874121,-61.85901415,-59.73874121,9.73192E-09
684,253,1,-95.474572,3.054743,-78.104651,250,125,20040201, 23:34:10.0000,-61.85831385,-59.73646584,-61.85759731,-59.73422391,-61.85831385,-59.73646584,7.08733E-08
684,254,1,-104.123274,0.41697,-91.791266,250,125,20040201, 23:34:50.0000,-61.85686522,-59.73200362,-61.85613814,-59.72977347,-61.85686522,-59.73200362,9.67415E-09
684,255,1,-105.035399,0.337981,-92.856186,250,125,20040201, 23:35:30.0000,-61.85541415,-59.72752454,-61.85471403,-59.72522409,-61.85541415,-59.72752454,7.84152E-09
684,256,1,-103.319522,0.501741,-90.368698,250,125,20040201, 23:36:10.0000,-61.85401385,-59.72294013,-61.85401385,-59.72294013,-61.85401385,-59.72294013,1.16409E-08
684,257,1,-91.856358,7.027422,-73.17801,250,125,20040201, 23:36:30.0000,-61.85330641,-59.72066128,-61.85261367,-59.71836375,-61.85330641,-59.72066128,1.63044E-07
684,258,1,-92.210279,6.477448,-74.214666,250,125,20040201, 23:37:10.0000,-61.85189846,-59.71607795,-61.85118082,-59.71376683,-61.85189846,-59.71607795,1.50284E-07
684,259,1,-96.891757,2.204226,-82.571429,250,125,20040201, 23:37:50.0000,-61.850473,-59.71146979,-61.850473,-59.71146979,-61.850473,-59.71146979,5.11404E-08
684,260,1,-90.922345,8.713594,-73.91199,250,125,20040201, 23:38:10.0000,-61.84974733,-59.709183,-61.84903974,-59.70691128,-61.84974733,-59.709183,2.02165E-07
684,261,1,-94.050349,4.240304,-79.460094,250,125,20040201, 23:38:50.0000,-61.8483149,-59.70462713,-61.84758067,-59.702315,-61.8483149,-59.70462713,9.83796E-08
684,262,1,-100.369906,0.989558,-82.252072,250,125,20040201, 23:39:30.0000,-61.84685641,-59.70000333,-61.84611397,-59.69774057,-61.84685641,-59.70000333,2.29588E-08
684,263,1,-101.916456,0.693085,-86.998109,250,125,20040201, 23:40:10.0000,-61.84541529,-59.69546186,-61.84541529,-59.69546186,-61.84541529,-59.69546186,1.60803E-08
684,264,1,-93.353132,4.97873,-74.37885,250,125,20040201, 23:40:30.0000,-61.84471513,-59.69314462,-61.84400612,-59.69082713,-61.84471513,-59.69314462,1.15512E-07
684,265,1,-87.335363,19.901946,-71.918185,250,125,20040201, 23:41:10.0000,-61.84323051,-59.68854013,-61.84245662,-59.68625387,-61.84323051,-59.68854013,4.61747E-07
684,266,1,-101.126244,0.831395,-87.338214,250,125,20040201, 23:41:50.0000,-61.84172279,-59.68396047,-61.84172279,-59.68396047,-61.84172279,-59.68396047,1.92893E-08
684,267,1,-99.513677,1.205214,-82.187895,250,125,20040201, 23:42:10.0000,-61.84099846,-59.68161923,-61.84025497,-59.67927391,-61.84099846,-59.68161923,2.79623E-08
684,268,1,-98.615095,1.482253,-83.81425,250,125,20040201, 23:42:50.0000,-61.83950633,-59.67700313,-61.83878179,-59.67474462,-61.83950633,-59.67700313,3.43899E-08
684,269,1,-90.576235,9.436442,-74.459323,250,125,20040201, 23:43:30.0000,-61.83802308,-59.67248667,-61.8372649,-59.67021047,-61.83802308,-59.67248667,2.18936E-07
684,270,1,-97.597622,1.873569,-82.489941,250,125,20040201, 23:44:10.0000,-61.8365152,-59.66790358,-61.8365152,-59.66790358,-61.8365152,-59.66790358,4.34688E-08
684,271,1,-92.817032,5.632855,-78.194463,250,125,20040201, 23:44:30.0000,-61.83577317,-59.66557821,-61.83502163,-59.66327391,-61.83577317,-59.66557821,1.30688E-07
684,272,1,-94.655344,3.688905,-78.383763,250,125,20040201, 23:45:10.0000,-61.83425641,-59.66097795,-61.8335065,-59.65869488,-61.83425641,-59.66097795,8.55866E-08
684,273,1,-95.678118,2.914876,-82.626607,250,125,20040201, 23:45:50.0000,-61.83277125,-59.65635617,-61.83277125,-59.65635617,-61.83277125,-59.65635617,6.76283E-08
684,274,1,-95.817905,2.822548,-81.411668,250,125,20040201, 23:46:10.0000,-61.83202308,-59.65408667,-61.83127163,-59.65181625,-61.83202308,-59.65408667,6.54862E-08
684,275,1,-100.411064,0.980224,-86.319126,250,125,20040201, 23:46:50.0000,-61.83050497,-59.64954958,-61.82974846,-59.64731128,-61.83050497,-59.64954958,2.27423E-08
684,276,1,-95.867352,2.790594,-81.835307,250,125,20040201, 23:47:30.0000,-61.82900641,-59.64501128,-61.82900641,-59.64501128,-61.82900641,-59.64501128,6.47448E-08
684,277,1,-93.870711,4.419374,-79.59163,250,125,20040201, 23:47:50.0000,-61.82824731,-59.64270724,-61.82747308,-59.64045333,-61.82824731,-59.64270724,1.02534E-07
684,278,1,-90.48792,9.6303,-73.438806,250,125,20040201, 23:48:30.0000,-61.82670641,-59.63822795,-61.8259383,-59.63599958,-61.82670641,-59.63822795,2.23433E-07
684,279,1,-94.951562,3.445686,-76.965367,250,125,20040201, 23:49:10.0000,-61.825197,-59.63372283,-61.82446513,-59.63148667,-61.825197,-59.63372283,7.99436E-08
684,280,1,-94.45735,3.860974,-80.104773,250,125,20040201, 23:49:50.0000,-61.82373156,-59.62921924,-61.82373156,-59.62921924,-61.82373156,-59.62921924,8.95788E-08
684,281,1,-92.108694,6.630747,-75.278451,250,125,20040201, 23:50:10.0000,-61.82300641,-59.62694462,-61.82225619,-59.62473608,-61.82300641,-59.62694462,1.5384E-07
684,282,1,-92.053282,6.715891,-73.810099,250,125,20040201, 23:50:50.0000,-61.82148792,-59.62249858,-61.82073814,-59.62024917,-61.82148792,-59.62249858,1.55816E-07
684,283,1,-99.107506,1.32337,-87.268067,250,125,20040201, 23:51:30.0000,-61.82000619,-59.61796942,-61.81928945,-59.61570258,-61.82000619,-59.61796942,3.07036E-08
684,284,1,-100.795753,0.897132,-88.522316,250,125,20040201, 23:52:10.0000,-61.81853952,-59.61346065,-61.81853952,-59.61346065,-61.81853952,-59.61346065,2.08144E-08
684,285,1,-101.422435,0.776584,-89.034292,250,125,20040201, 23:52:30.0000,-61.81778049,-59.61121575,-61.81702125,-59.60896525,-61.81778049,-59.61121575,1.80176E-08
684,286,1,-101.551263,0.753886,-88.784619,250,125,20040201, 23:53:10.0000,-61.81627125,-59.60667283,-61.81552285,-59.60436065,-61.81627125,-59.60667283,1.7491E-08
684,287,1,-102.440508,0.614301,-90.04865,250,125,20040201, 23:53:50.0000,-61.8147649,-59.60208591,-61.8147649,-59.60208591,-61.8147649,-59.60208591,1.42524E-08
684,288,1,-90.811688,8.938467,-74.152223,250,125,20040201, 23:54:10.0000,-61.81401367,-59.59984858,-61.81327144,-59.59759003,-61.81401367,-59.59984858,2.07382E-07
684,289,1,-105.020617,0.339133,-93.485703,250,125,20040201, 23:54:50.0000,-61.81253139,-59.59532654,-61.81180458,-59.59306525,-61.81253139,-59.59532654,7.86825E-09
684,290,1,-103.614628,0.46878,-88.917485,250,125,20040201, 23:55:30.0000,-61.81107125,-59.59078042,-61.81030458,-59.5884895,-61.81107125,-59.59078042,1.08762E-08
684,291,1,-100.678579,0.921667,-86.713418,250,125,20040201, 23:56:10.0000,-61.80956367,-59.5862395,-61.80956367,-59.5862395,-61.80956367,-59.5862395,2.13837E-08
684,292,1,-98.019246,1.700228,-83.631945,250,125,20040201, 23:56:30.0000,-61.80882265,-59.58396795,-61.80809821,-59.58171041,-61.80882265,-59.58396795,3.94471E-08
684,293,1,-101.463978,0.769191,-89.840852,250,125,20040201, 23:57:10.0000,-61.80736479,-59.57944342,-61.80662144,-59.57719003,-61.80736479,-59.57944342,1.78461E-08
684,294,1,-103.375486,0.495317,-92.683357,250,125,20040201, 23:57:50.0000,-61.80589667,-59.57492167,-61.80589667,-59.57492167,-61.80589667,-59.57492167,1.14919E-08
684,295,1,-103.361097,0.496961,-91.919907,250,125,20040201, 23:58:10.0000,-61.80516479,-59.57267675,-61.80444697,-59.57040606,-61.80516479,-59.57267675,1.153E-08
684,296,1,-103.007724,0.539088,-92.335774,250,125,20040201, 23:58:50.0000,-61.80371457,-59.56815153,-61.80299791,-59.56587601,-61.80371457,-59.56815153,1.25074E-08
684,297,1,-106.757267,0.227355,-95.259603,250,125,20040201, 23:59:30.0000,-61.80229812,-59.56356889,-61.80158,-59.5612975,-61.80229812,-59.56356889,5.27489E-09
684,298,1,-108.361981,0.157121,-97.683058,250,125,20040202, 00:00:10.0000,-61.80084812,-59.55903556,-61.80084812,-59.55903556,-61.80084812,-59.55903556,3.64537E-09
684,299,1,-105.174495,0.327327,-91.211004,250,125,20040202, 00:00:30.0000,-61.80011348,-59.55678132,-61.79938773,-59.55451476,-61.80011348,-59.55678132,7.59435E-09
684,300,1,-108.598009,0.14881,-91.45254,250,125,20040202, 00:01:10.0000,-61.79866479,-59.55228556,-61.79796382,-59.55002337,-61.79866479,-59.55228556,3.45254E-09
684,301,1,-108.347311,0.157652,-93.792611,250,125,20040202, 00:01:50.0000,-61.79728,-59.54778833,-61.79658932,-59.54556889,-61.79728,-59.54778833,3.65771E-09
684,302,1,-106.33051,0.250831,-90.707266,250,125,20040202, 00:02:30.0000,-61.79588932,-59.54335222,-61.79588932,-59.54335222,-61.79588932,-59.54335222,5.81955E-09
684,303,1,-106.376336,0.248198,-90.181415,250,125,20040202, 00:02:50.0000,-61.7951803,-59.54111515,-61.79449812,-59.53886009,-61.7951803,-59.54111515,5.75846E-09
684,304,1,-98.633016,1.476149,-79.054773,250,125,20040202, 00:03:30.0000,-61.79381364,-59.53657273,-61.79316488,-59.53431041,-61.79381364,-59.53657273,3.42483E-08
684,305,1,-111.448498,0.077194,-98.127828,250,125,20040202, 00:04:10.0000,-61.79248018,-59.53204809,-61.79177102,-59.52984799,-61.79248018,-59.53204809,1.79098E-09
684,306,1,-106.779763,0.226181,-93.916753,250,125,20040202, 00:04:50.0000,-61.79106457,-59.52764267,-61.79106457,-59.52764267,-61.79106457,-59.52764267,5.24764E-09
684,307,1,-103.682627,0.461497,-88.481663,250,125,20040202, 00:05:10.0000,-61.79035606,-59.52540606,-61.78967102,-59.52315553,-61.79035606,-59.52540606,1.07072E-08
684,308,1,-102.010337,0.678263,-87.914148,250,125,20040202, 00:05:50.0000,-61.78899791,-59.52090934,-61.78831479,-59.51865222,-61.78899791,-59.52090934,1.57364E-08
684,309,1,-101.572782,0.75016,-89.098419,250,125,20040202, 00:06:30.0000,-61.78763015,-59.51637219,-61.78692238,-59.51415153,-61.78763015,-59.51637219,1.74045E-08
684,310,1,-103.634289,0.466663,-93.469373,250,125,20040202, 00:07:10.0000,-61.78620572,-59.51190048,-61.78620572,-59.51190048,-61.78620572,-59.51190048,1.08271E-08
684,311,1,-102.892625,0.553566,-90.229656,250,125,20040202, 00:07:30.0000,-61.78547265,-59.50962675,-61.78474821,-59.50736919,-61.78547265,-59.50962675,1.28433E-08
684,312,1,-100.572192,0.944523,-83.86352,250,125,20040202, 00:08:10.0000,-61.78406457,-59.50507601,-61.78338145,-59.50280128,-61.78406457,-59.50507601,2.1914E-08
684,313,1,-105.513541,0.302746,-93.702244,250,125,20040202, 00:08:50.0000,-61.78267238,-59.50053486,-61.78197265,-59.49830222,-61.78267238,-59.50053486,7.02402E-09
684,314,1,-107.810249,0.178405,-96.407428,250,125,20040202, 00:09:30.0000,-61.78126333,-59.496055,-61.78126333,-59.496055,-61.78126333,-59.496055,4.13919E-09
684,315,1,-107.18695,0.205938,-94.337038,250,125,20040202, 00:09:50.0000,-61.78056333,-59.49378083,-61.77986479,-59.49152675,-61.78056333,-59.49378083,4.77799E-09
684,316,1,-107.139558,0.208198,-95.771497,250,125,20040202, 00:10:30.0000,-61.77913788,-59.48925606,-61.77841457,-59.48700934,-61.77913788,-59.48925606,4.83041E-09
684,317,1,-101.806172,0.71091,-88.520703,250,125,20040202, 00:11:10.0000,-61.77769794,-59.4847683,-61.77698127,-59.48248497,-61.77769794,-59.4847683,1.64939E-08
684,318,1,-101.72732,0.723935,-90.0722,250,125,20040202, 00:11:50.0000,-61.77627238,-59.48017601,-61.77627238,-59.48017601,-61.77627238,-59.48017601,1.67961E-08
684,319,1,-106.950883,0.217442,-94.728903,250,125,20040202, 00:12:10.0000,-61.77554794,-59.47785163,-61.77482102,-59.47550553,-61.77554794,-59.47785163,5.04489E-09
684,320,1,-101.498176,0.763158,-82.084338,250,125,20040202, 00:12:50.0000,-61.77408905,-59.47320934,-61.77334794,-59.47090945,-61.77408905,-59.47320934,1.77061E-08
684,321,1,-107.417863,0.195274,-95.526439,250,125,20040202, 00:13:30.0000,-61.77260576,-59.46858497,-61.77190417,-59.466255,-61.77260576,-59.46858497,4.53058E-09
684,322,1,-107.926363,0.173698,-96.044819,250,125,20040202, 00:14:10.0000,-61.77117242,-59.46395163,-61.77117242,-59.46395163,-61.77117242,-59.46395163,4.02999E-09
684,323,1,-107.247364,0.203093,-92.917417,250,125,20040202, 00:14:30.0000,-61.77043127,-59.46164278,-61.76969794,-59.45935945,-61.77043127,-59.46164278,4.71198E-09
684,324,1,-106.325551,0.251117,-95.417013,250,125,20040202, 00:15:10.0000,-61.76894663,-59.45708072,-61.76823015,-59.45477219,-61.76894663,-59.45708072,5.82619E-09
684,325,1,-107.082554,0.210949,-97.929028,250,125,20040202, 00:15:50.0000,-61.76753122,-59.45247593,-61.76753122,-59.45247593,-61.76753122,-59.45247593,4.89423E-09
684,326,1,-104.637152,0.370439,-95.4271,250,125,20040202, 00:16:10.0000,-61.76684778,-59.45019222,-61.76610394,-59.44793769,-61.76684778,-59.45019222,8.59458E-09
684,327,1,-102.363424,0.625301,-88.176659,250,125,20040202, 00:16:50.0000,-61.76534778,-59.44569222,-61.76462222,-59.44345111,-61.76534778,-59.44569222,1.45077E-08
684,328,1,-105.97018,0.27253,-93.76921,250,125,20040202, 00:17:30.0000,-61.76390569,-59.44115927,-61.76318122,-59.43885927,-61.76390569,-59.44115927,6.32298E-09
684,329,1,-102.546345,0.599511,-90.056449,250,125,20040202, 00:18:10.0000,-61.76244789,-59.43655927,-61.76244789,-59.43655927,-61.76244789,-59.43655927,1.39093E-08
684,330,1,-106.582011,0.236718,-95.330498,250,125,20040202, 00:18:30.0000,-61.76170556,-59.43425889,-61.76098003,-59.43194761,-61.76170556,-59.43425889,5.49211E-09
684,331,1,-96.316567,2.516374,-79.588917,250,125,20040202, 00:19:10.0000,-61.76024778,-59.42966778,-61.75950556,-59.42740111,-61.76024778,-59.42966778,5.83826E-08
684,332,1,-108.903632,0.138698,-97.939522,250,125,20040202, 00:19:50.0000,-61.75878889,-59.42510889,-61.75878889,-59.42510889,-61.75878889,-59.42510889,3.21793E-09
684,333,1,-103.466351,0.485061,-92.782707,250,125,20040202, 00:20:10.0000,-61.75807222,-59.42282556,-61.75735556,-59.42056778,-61.75807222,-59.42282556,1.1254E-08
684,334,1,-107.267687,0.202145,-95.957616,250,125,20040202, 00:20:50.0000,-61.75663111,-59.41831778,-61.75589778,-59.41606778,-61.75663111,-59.41831778,4.68998E-09
684,335,1,-107.104638,0.209879,-93.472824,250,125,20040202, 00:21:30.0000,-61.75518111,-59.41384222,-61.75448889,-59.41154222,-61.75518111,-59.41384222,4.86941E-09
684,336,1,-105.982895,0.271733,-92.913474,250,125,20040202, 00:22:10.0000,-61.75376455,-59.4092848,-61.75376455,-59.4092848,-61.75376455,-59.4092848,6.3045E-09
684,337,1,-108.102406,0.166798,-95.922377,250,125,20040202, 00:22:30.0000,-61.7530133,-59.40703072,-61.75226444,-59.40475111,-61.7530133,-59.40703072,3.8699E-09
684,338,1,-108.029364,0.169627,-94.160386,250,125,20040202, 00:23:10.0000,-61.75153889,-59.40250111,-61.75081455,-59.40025146,-61.75153889,-59.40250111,3.93553E-09
684,339,1,-106.824927,0.223841,-92.569072,250,125,20040202, 00:23:50.0000,-61.75011455,-59.39800927,-61.74939789,-59.3957426,-61.75011455,-59.39800927,5.19335E-09
684,340,1,-107.566233,0.188716,-95.869149,250,125,20040202, 00:24:30.0000,-61.74869778,-59.39345889,-61.74869778,-59.39345889,-61.74869778,-59.39345889,4.37841E-09
684,341,1,-107.430082,0.194726,-95.074534,250,125,20040202, 00:24:50.0000,-61.74796444,-59.39118444,-61.74724758,-59.38891715,-61.74796444,-59.39118444,4.51785E-09
684,342,1,-107.771016,0.180024,-96.590511,250,125,20040202, 00:25:30.0000,-61.74652997,-59.38659739,-61.74581455,-59.38435146,-61.74652997,-59.38659739,4.17675E-09
684,343,1,-106.192401,0.258936,-90.2545,250,125,20040202, 00:26:10.0000,-61.74505569,-59.38210146,-61.74505569,-59.38210146,-61.74505569,-59.38210146,6.00758E-09
684,344,1,-106.704124,0.230154,-92.023552,250,125,20040202, 00:26:30.0000,-61.74432236,-59.3798848,-61.74358122,-59.37757593,-61.74432236,-59.3798848,5.33983E-09
684,345,1,-99.853626,1.114472,-85.299241,250,125,20040202, 00:27:10.0000,-61.74289789,-59.37530146,-61.74215569,-59.37300927,-61.74289789,-59.37530146,2.5857E-08
684,346,1,-98.50537,1.520179,-85.099008,250,125,20040202, 00:27:50.0000,-61.74142341,-59.37075146,-61.74073122,-59.36850146,-61.74142341,-59.37075146,3.52698E-08
684,347,1,-99.043555,1.343001,-86.404941,250,125,20040202, 00:28:30.0000,-61.74001311,-59.36623012,-61.74001311,-59.36623012,-61.74001311,-59.36623012,3.11591E-08
684,348,1,-106.271452,0.254265,-93.058811,250,125,20040202, 00:28:50.0000,-61.73928122,-59.36396813,-61.73853902,-59.36170146,-61.73928122,-59.36396813,5.89922E-09
684,349,1,-108.04222,0.169126,-95.203616,250,125,20040202, 00:29:30.0000,-61.73780389,-59.35944679,-61.73708902,-59.35720146,-61.73780389,-59.35944679,3.9239E-09
684,350,1,-107.660263,0.184674,-91.429676,250,125,20040202, 00:30:10.0000,-61.73639789,-59.35495927,-61.73568122,-59.35270146,-61.73639789,-59.35495927,4.28463E-09
684,351,1,-108.934191,0.137725,-97.416569,250,125,20040202, 00:30:50.0000,-61.73498902,-59.3504426,-61.73498902,-59.3504426,-61.73498902,-59.3504426,3.19537E-09
684,352,1,-107.96148,0.172299,-92.898273,250,125,20040202, 00:31:10.0000,-61.73425569,-59.34820927,-61.73353107,-59.34593317,-61.73425569,-59.34820927,3.99753E-09
684,353,1,-85.405249,31.038944,-65.698038,250,125,20040202, 00:31:50.0000,-61.73278122,-59.3436426,-61.73204773,-59.34139207,-61.73278122,-59.3436426,7.20137E-07
684,354,1,-113.32986,0.050055,-98.771329,250,125,20040202, 00:32:30.0000,-61.73134773,-59.33914207,-61.7306555,-59.3368754,-61.73134773,-59.33914207,1.16133E-09
684,355,1,-98.565349,1.499329,-84.549399,250,125,20040202, 00:33:10.0000,-61.7299055,-59.33461764,-61.7299055,-59.33461764,-61.7299055,-59.33461764,3.47861E-08
684,356,1,-97.150434,2.07677,-78.83494,250,125,20040202, 00:33:30.0000,-61.72917963,-59.33232778,-61.72848107,-59.3300754,-61.72917963,-59.33232778,4.81833E-08
684,357,1,-109.919538,0.109769,-98.433689,250,125,20040202, 00:34:10.0000,-61.72778107,-59.32775874,-61.72708093,-59.32549158,-61.72778107,-59.32775874,2.54675E-09
684,358,1,-108.833624,0.140951,-95.235027,250,125,20040202, 00:34:50.0000,-61.72637199,-59.32325052,-61.72637199,-59.32325052,-61.72637199,-59.32325052,3.27022E-09
684,359,1,-118.292728,0.015965,-101.858356,250,125,20040202, 00:35:10.0000,-61.72563866,-59.32100052,-61.72488846,-59.31875,-61.72563866,-59.32100052,3.704E-10
684,360,1,-98.608831,1.484392,-85.165708,250,125,20040202, 00:35:50.0000,-61.72414759,-59.31648385,-61.72343077,-59.31423333,-61.72414759,-59.31648385,3.44395E-08
684,361,1,-100.25498,1.016094,-87.472343,250,125,20040202, 00:36:30.0000,-61.72271426,-59.31197491,-61.7220141,-59.30969103,-61.72271426,-59.31197491,2.35745E-08
684,362,1,-99.90655,1.100973,-87.924981,250,125,20040202, 00:37:10.0000,-61.7213141,-59.30740769,-61.7213141,-59.30740769,-61.7213141,-59.30740769,2.55438E-08
684,363,1,-103.956611,0.433282,-90.90953,250,125,20040202, 00:37:30.0000,-61.72063077,-59.3051,-61.71993846,-59.30282436,-61.72063077,-59.3051,1.00526E-08
684,364,1,-107.21672,0.204531,-92.332461,250,125,20040202, 00:38:10.0000,-61.71921423,-59.30060041,-61.71849756,-59.29835813,-61.71921423,-59.30060041,4.74535E-09
684,365,1,-105.174925,0.327295,-90.015171,250,125,20040202, 00:38:50.0000,-61.71778695,-59.29612011,-61.71705513,-59.29387436,-61.71778695,-59.29612011,7.5936E-09
684,366,1,-107.99395,0.171016,-95.859243,250,125,20040202, 00:39:30.0000,-61.71634744,-59.29155769,-61.71634744,-59.29155769,-61.71634744,-59.29155769,3.96776E-09
684,367,1,-106.327793,0.250988,-94.656216,250,125,20040202, 00:39:50.0000,-61.71563077,-59.28929103,-61.71493089,-59.28701707,-61.71563077,-59.28929103,5.82319E-09
684,368,1,-98.606965,1.48503,-90.116435,250,125,20040202, 00:40:30.0000,-61.71421423,-59.2847748,-61.71348862,-59.2825248,-61.71421423,-59.2847748,3.44543E-08
684,369,1,-95.280429,3.194397,-86.939818,250,125,20040202, 00:41:10.0000,-61.71277179,-59.28027436,-61.7120463,-59.2780037,-61.71277179,-59.28027436,7.41135E-08
684,370,1,-84.554962,37.751626,-68.09491,250,125,20040202, 00:41:50.0000,-61.71131977,-59.27573534,-61.71131977,-59.27573534,-61.71131977,-59.27573534,8.75878E-07
684,371,1,-100.375421,0.988302,-88.052541,250,125,20040202, 00:42:10.0000,-61.71059744,-59.27345769,-61.70987,-59.27115267,-61.71059744,-59.27345769,2.29297E-08
684,372,1,-95.302522,3.178189,-83.480343,250,125,20040202, 00:42:50.0000,-61.7091463,-59.2689037,-61.70838862,-59.26664146,-61.7091463,-59.2689037,7.37374E-08
684,373,1,-96.966584,2.166574,-86.743712,250,125,20040202, 00:43:30.0000,-61.70767179,-59.26437436,-61.70767179,-59.26437436,-61.70767179,-59.26437436,5.02668E-08
684,374,1,-96.440027,2.445846,-82.933951,250,125,20040202, 00:43:50.0000,-61.7069537,-59.26207963,-61.7062141,-59.25982436,-61.7069537,-59.26207963,5.67463E-08
684,375,1,-93.405024,4.919596,-81.861014,250,125,20040202, 00:44:30.0000,-61.70551267,-59.25754533,-61.7047797,-59.25527063,-61.70551267,-59.25754533,1.1414E-07
684,376,1,-92.134276,6.591803,-81.013248,250,125,20040202, 00:45:10.0000,-61.7040641,-59.25301667,-61.70329744,-59.25074103,-61.7040641,-59.25301667,1.52937E-07
684,377,1,-90.773666,9.017066,-81.529039,250,125,20040202, 00:45:50.0000,-61.70256267,-59.248462,-61.70256267,-59.248462,-61.70256267,-59.248462,2.09206E-07
684,378,1,-95.876714,2.784585,-81.64784,250,125,20040202, 00:46:10.0000,-61.70183846,-59.24618333,-61.70108704,-59.24392037,-61.70183846,-59.24618333,6.46054E-08
684,379,1,-89.107818,13.232748,-69.750022,250,125,20040202, 00:46:50.0000,-61.70034581,-59.24164472,-61.69963846,-59.23942436,-61.70034581,-59.24164472,3.07014E-07
684,380,1,-96.564115,2.376952,-84.707703,250,125,20040202, 00:47:30.0000,-61.69891296,-59.23716296,-61.69891296,-59.23716296,-61.69891296,-59.23716296,5.51479E-08
684,381,1,-96.448794,2.440914,-84.610054,250,125,20040202, 00:47:50.0000,-61.6981963,-59.23487963,-61.69747933,-59.23260267,-61.6981963,-59.23487963,5.66318E-08
684,382,1,-92.595062,5.928239,-84.44795,250,125,20040202, 00:48:30.0000,-61.69675513,-59.23035,-61.69601289,-59.22812011,-61.69675513,-59.23035,1.37542E-07
684,383,1,-91.994012,6.808174,-84.001699,250,125,20040202, 00:49:10.0000,-61.69528806,-59.22590657,-61.6945463,-59.22371296,-61.69528806,-59.22590657,1.57957E-07
684,384,1,-104.445735,0.387131,-92.105711,250,125,20040202, 00:49:50.0000,-61.69382933,-59.221562,-61.69382933,-59.221562,-61.69382933,-59.221562,8.98186E-09
684,385,1,-97.837945,1.772708,-86.317472,250,125,20040202, 00:50:10.0000,-61.69309726,-59.21937375,-61.69242037,-59.21713704,-61.69309726,-59.21937375,4.11288E-08
684,386,1,-98.500571,1.52186,-83.250627,250,125,20040202, 00:50:50.0000,-61.69172179,-59.21487436,-61.69100333,-59.212612,-61.69172179,-59.21487436,3.53088E-08
684,387,1,-97.890425,1.751416,-86.46017,250,125,20040202, 00:51:30.0000,-61.6902963,-59.21037963,-61.68961392,-59.20815842,-61.6902963,-59.21037963,4.06347E-08
684,388,1,-97.029228,2.135547,-86.723426,250,125,20040202, 00:52:10.0000,-61.6889306,-59.20593277,-61.68819725,-59.20379175,-61.6889306,-59.20593277,4.9547E-08
684,389,1,-99.703299,1.153724,-88.038663,250,125,20040202, 00:52:50.0000,-61.68744725,-59.20164175,-61.68744725,-59.20164175,-61.68744725,-59.20164175,2.67676E-08
684,390,1,-104.045579,0.424496,-90.327619,250,125,20040202, 00:53:10.0000,-61.68669725,-59.19946607,-61.68594615,-59.19729581,-61.68669725,-59.19946607,9.84877E-09
684,391,1,-102.948372,0.546506,-92.900291,250,125,20040202, 00:53:50.0000,-61.68521393,-59.19508277,-61.68448058,-59.19283273,-61.68521393,-59.19508277,1.26795E-08
684,392,1,-93.674287,4.623844,-76.845999,250,125,20040202, 00:54:30.0000,-61.68374725,-59.1905994,-61.68306267,-59.18834533,-61.68374725,-59.1905994,1.07278E-07
684,393,1,-96.652599,2.329013,-83.809994,250,125,20040202, 00:55:10.0000,-61.68233045,-59.18612468,-61.68233045,-59.18612468,-61.68233045,-59.18612468,5.40356E-08
684,394,1,-100.023775,1.071653,-89.429885,250,125,20040202, 00:55:30.0000,-61.68158824,-59.1839161,-61.680846,-59.18169533,-61.68158824,-59.1839161,2.48635E-08
684,395,1,-96.055272,2.67242,-85.769698,250,125,20040202, 00:56:10.0000,-61.68016393,-59.17948277,-61.67946281,-59.17727178,-61.68016393,-59.17948277,6.2003E-08
684,396,1,-97.833136,1.774673,-86.73354,250,125,20040202, 00:56:50.0000,-61.67873821,-59.17510837,-61.67798803,-59.17296556,-61.67873821,-59.17510837,4.11743E-08
684,397,1,-97.790445,1.792204,-84.804178,250,125,20040202, 00:57:30.0000,-61.67722919,-59.17084486,-61.67722919,-59.17084486,-61.67722919,-59.17084486,4.15811E-08
684,398,1,-96.211466,2.578014,-76.803515,250,125,20040202, 00:57:50.0000,-61.67647933,-59.168662,-61.67575338,-59.1664288,-61.67647933,-59.168662,5.98127E-08
684,399,1,-99.14081,1.313261,-86.842921,250,125,20040202, 00:58:30.0000,-61.67504709,-59.16421556,-61.67435328,-59.1619952,-61.67504709,-59.16421556,3.04691E-08
684,400,1,-97.537193,1.89982,-88.12341,250,125,20040202, 00:59:10.0000,-61.67364709,-59.15976556,-61.67293042,-59.1575822,-61.67364709,-59.15976556,4.40779E-08
684,401,1,-101.944611,0.688606,-88.816156,250,125,20040202, 00:59:50.0000,-61.67221263,-59.15542121,-61.67221263,-59.15542121,-61.67221263,-59.15542121,1.59764E-08
684,402,1,-98.688874,1.457285,-86.586265,250,125,20040202, 01:00:10.0000,-61.67148667,-59.153238,-61.67074709,-59.15111556,-61.67148667,-59.153238,3.38106E-08
684,403,1,-96.651467,2.32962,-86.494955,250,125,20040202, 01:00:50.0000,-61.66998625,-59.14895367,-61.66926361,-59.14679082,-61.66998625,-59.14895367,5.40497E-08
684,404,1,-98.814797,1.415638,-87.591134,250,125,20040202, 01:01:30.0000,-61.66859709,-59.14458222,-61.66789724,-59.14235699,-61.66859709,-59.14458222,3.28443E-08
684,405,1,-96.141878,2.619655,-86.42483,250,125,20040202, 01:02:10.0000,-61.66719709,-59.14018222,-61.66647137,-59.1380565,-61.66719709,-59.14018222,6.07788E-08
684,406,1,-94.534011,3.793418,-84.056499,250,125,20040202, 01:02:50.0000,-61.66573662,-59.13591187,-61.66573662,-59.13591187,-61.66573662,-59.13591187,8.80114E-08
684,407,1,-106.414915,0.246003,-88.891896,250,125,20040202, 01:03:10.0000,-61.66498803,-59.13376556,-61.66424581,-59.13154472,-61.66498803,-59.13376556,5.70753E-09
684,408,1,-109.195064,0.129696,-92.948747,250,125,20040202, 01:03:50.0000,-61.6635139,-59.12931602,-61.66281361,-59.12708172,-61.6635139,-59.12931602,3.00908E-09
684,409,1,-96.983426,2.158188,-85.316935,250,125,20040202, 01:04:30.0000,-61.66211263,-59.12486187,-61.66138784,-59.12264839,-61.66211263,-59.12486187,5.00723E-08
684,410,1,-97.992474,1.710742,-87.202755,250,125,20040202, 01:05:10.0000,-61.66062919,-59.12042819,-61.66062919,-59.12042819,-61.66062919,-59.12042819,3.96911E-08
684,411,1,-96.627017,2.342773,-85.193133,250,125,20040202, 01:05:30.0000,-61.65988043,-59.11824889,-61.65914694,-59.11601506,-61.65988043,-59.11824889,5.43549E-08
684,412,1,-94.134937,4.158513,-84.095902,250,125,20040202, 01:06:10.0000,-61.65844567,-59.11374425,-61.65776376,-59.11148222,-61.65844567,-59.11374425,9.6482E-08
684,413,1,-94.830936,3.542731,-84.620319,250,125,20040202, 01:06:50.0000,-61.65700488,-59.10926602,-61.65623625,-59.10707758,-61.65700488,-59.10926602,8.21952E-08
684,414,1,-95.46852,3.059002,-85.410773,250,125,20040202, 01:07:30.0000,-61.65548643,-59.10486868,-61.65548643,-59.10486868,-61.65548643,-59.10486868,7.09722E-08
684,415,1,-93.188554,5.171023,-83.004689,250,125,20040202, 01:07:50.0000,-61.65476361,-59.10260596,-61.65404694,-59.10034686,-61.65476361,-59.10260596,1.19973E-07
684,416,1,-94.595029,3.740494,-83.505941,250,125,20040202, 01:08:30.0000,-61.65331995,-59.09808586,-61.65259694,-59.09587262,-61.65331995,-59.09808586,8.67835E-08
684,417,1,-92.166593,6.542934,-81.478274,250,125,20040202, 01:09:10.0000,-61.6518547,-59.09363983,-61.6518547,-59.09363983,-61.6518547,-59.09363983,1.51803E-07
684,418,1,-92.821053,5.627642,-82.731566,250,125,20040202, 01:09:30.0000,-61.65108803,-59.09138983,-61.65033625,-59.08911092,-61.65108803,-59.09138983,1.30567E-07
684,419,1,-95.176126,3.272045,-85.678579,250,125,20040202, 01:10:10.0000,-61.64961346,-59.08685545,-61.648879,-59.08457758,-61.64961346,-59.08685545,7.5915E-08
684,420,1,-93.567361,4.739099,-83.427584,250,125,20040202, 01:10:50.0000,-61.64815268,-59.08233417,-61.64741361,-59.08006353,-61.64815268,-59.08233417,1.09952E-07
684,421,1,-91.350486,7.895565,-83.296129,250,125,20040202, 01:11:30.0000,-61.6466547,-59.0778065,-61.6466547,-59.0778065,-61.6466547,-59.0778065,1.83186E-07
684,422,1,-91.851445,7.035376,-79.407295,250,125,20040202, 01:11:50.0000,-61.64589596,-59.07557854,-61.64514709,-59.07338222,-61.64589596,-59.07557854,1.63228E-07
684,423,1,-96.133643,2.624627,-84.432531,250,125,20040202, 01:12:30.0000,-61.64440292,-59.0711515,-61.64368024,-59.06888918,-61.64440292,-59.0711515,6.08942E-08
684,424,1,-97.111925,2.095267,-86.826389,250,125,20040202, 01:13:10.0000,-61.64293027,-59.06663929,-61.64217915,-59.06438534,-61.64293027,-59.06663929,4.86125E-08
684,425,1,-91.935459,6.900585,-83.505692,250,125,20040202, 01:13:50.0000,-61.64143027,-59.06219839,-61.64143027,-59.06219839,-61.64143027,-59.06219839,1.60101E-07
684,426,1,-91.809794,7.103173,-82.892286,250,125,20040202, 01:14:10.0000,-61.64068024,-59.05995584,-61.63993643,-59.05771868,-61.64068024,-59.05995584,1.64801E-07
684,427,1,-92.104677,6.636883,-83.208665,250,125,20040202, 01:14:50.0000,-61.639179,-59.05546817,-61.63843625,-59.05319425,-61.639179,-59.05546817,1.53983E-07
684,428,1,-93.069583,5.314636,-83.620981,250,125,20040202, 01:15:30.0000,-61.63771233,-59.05088483,-61.63771233,-59.05088483,-61.63771233,-59.05088483,1.23305E-07
684,429,1,-100.897243,0.87641,-89.048336,250,125,20040202, 01:15:50.0000,-61.637029,-59.04854425,-61.63636248,-59.04621139,-61.637029,-59.04854425,2.03337E-08
684,430,1,-96.589496,2.363101,-84.877308,250,125,20040202, 01:16:30.0000,-61.63564691,-59.04389828,-61.63493027,-59.04161506,-61.63564691,-59.04389828,5.48265E-08
684,431,1,-92.984401,5.419906,-83.861116,250,125,20040202, 01:17:10.0000,-61.63426361,-59.03927262,-61.63361357,-59.03692251,-61.63426361,-59.03927262,1.25748E-07
684,432,1,-88.56651,14.989283,-79.986592,250,125,20040202, 01:17:50.0000,-61.63296233,-59.03457758,-61.63296233,-59.03457758,-61.63296233,-59.03457758,3.47768E-07
684,433,1,-93.464393,4.852802,-85.554594,250,125,20040202, 01:18:10.0000,-61.63229691,-59.03233162,-61.631579,-59.03011092,-61.63229691,-59.03233162,1.1259E-07
684,434,1,-90.050636,10.650456,-78.977025,250,125,20040202, 01:18:50.0000,-61.6308801,-59.02784782,-61.63019552,-59.02554378,-61.6308801,-59.02784782,2.47102E-07
684,435,1,-89.646885,11.688084,-77.707017,250,125,20040202, 01:19:30.0000,-61.629529,-59.02319425,-61.628879,-59.02086092,-61.629529,-59.02319425,2.71176E-07
684,436,1,-97.852311,1.766854,-85.789056,250,125,20040202, 01:20:10.0000,-61.62819675,-59.0185553,-61.62819675,-59.0185553,-61.62819675,-59.0185553,4.09929E-08
684,437,1,-96.298993,2.526577,-84.122886,250,125,20040202, 01:20:30.0000,-61.62751342,-59.01628111,-61.62686342,-59.01398863,-61.62751342,-59.01628111,5.86193E-08
684,438,1,-95.331626,3.156961,-85.891467,250,125,20040202, 01:21:10.0000,-61.62621343,-59.01168115,-61.62554562,-59.00933468,-61.62621343,-59.01168115,7.32449E-08
684,439,1,-95.089613,3.337879,-84.311094,250,125,20040202, 01:21:50.0000,-61.62487995,-59.00705483,-61.62419675,-59.00477197,-61.62487995,-59.00705483,7.74424E-08
684,440,1,-95.667313,2.922137,-87.182783,250,125,20040202, 01:22:30.0000,-61.62351229,-59.00244192,-61.62351229,-59.00244192,-61.62351229,-59.00244192,6.77967E-08
684,441,1,-95.604613,2.964631,-81.535686,250,125,20040202, 01:22:50.0000,-61.62286342,-59.00007197,-61.62221219,-58.99771766,-61.62286342,-59.00007197,6.87826E-08
684,442,1,-92.725304,5.753094,-76.617251,250,125,20040202, 01:23:30.0000,-61.62154675,-58.99538863,-61.62087904,-58.99308498,-61.62154675,-58.99538863,1.33478E-07
684,443,1,-96.717667,2.294379,-84.92998,250,125,20040202, 01:24:10.0000,-61.62021342,-58.99077949,-61.62021342,-58.99077949,-61.62021342,-58.99077949,5.32321E-08
684,444,1,-96.629613,2.341373,-85.299107,250,125,20040202, 01:24:30.0000,-61.61956342,-58.98842197,-61.61889675,-58.98608863,-61.61956342,-58.98842197,5.43224E-08
684,445,1,-92.134336,6.591712,-74.457742,250,125,20040202, 01:25:10.0000,-61.6182194,-58.98376766,-61.61754548,-58.9814603,-61.6182194,-58.98376766,1.52935E-07
684,446,1,-97.247138,2.031038,-87.764452,250,125,20040202, 01:25:50.0000,-61.61688024,-58.97910585,-61.61622867,-58.9767075,-61.61688024,-58.97910585,4.71223E-08
684,447,1,-98.079538,1.676788,-88.841726,250,125,20040202, 01:26:30.0000,-61.61558024,-58.97432252,-61.61558024,-58.97432252,-61.61558024,-58.97432252,3.89033E-08
684,448,1,-96.751744,2.276446,-86.320809,250,125,20040202, 01:26:50.0000,-61.61487995,-58.97200483,-61.61418024,-58.96973919,-61.61487995,-58.97200483,5.2816E-08
684,449,1,-97.78933,1.792664,-88.612402,250,125,20040202, 01:27:30.0000,-61.61348009,-58.96738863,-61.61284533,-58.96500033,-61.61348009,-58.96738863,4.15917E-08
684,450,1,-99.550284,1.195098,-89.166359,250,125,20040202, 01:28:10.0000,-61.61221342,-58.96261282,-61.6115362,-58.96026801,-61.61221342,-58.96261282,2.77276E-08
684,451,1,-93.650081,4.649688,-82.816983,250,125,20040202, 01:28:50.0000,-61.61082995,-58.95795483,-61.61082995,-58.95795483,-61.61082995,-58.95795483,1.07878E-07
684,452,1,-98.536064,1.509473,-86.000931,250,125,20040202, 01:29:10.0000,-61.61014675,-58.95556282,-61.6094525,-58.953217,-61.61014675,-58.95556282,3.50214E-08
684,453,1,-94.858432,3.520372,-86.22719,250,125,20040202, 01:29:50.0000,-61.60878024,-58.95089675,-61.60811342,-58.94853863,-61.60878024,-58.95089675,8.16764E-08
684,454,1,-95.002146,3.405785,-86.811021,250,125,20040202, 01:30:30.0000,-61.60743009,-58.9462053,-61.60743009,-58.9462053,-61.60743009,-58.9462053,7.90179E-08
684,455,1,-96.291293,2.531061,-86.132896,250,125,20040202, 01:30:50.0000,-61.60672095,-58.94392201,-61.60603009,-58.94157949,-61.60672095,-58.94392201,5.87233E-08
684,456,1,-94.907659,3.480694,-83.777438,250,125,20040202, 01:31:30.0000,-61.60536229,-58.93920859,-61.60468761,-58.9368553,-61.60536229,-58.93920859,8.07559E-08
684,457,1,-89.828777,11.208671,-81.584082,250,125,20040202, 01:32:10.0000,-61.60397867,-58.934467,-61.60397867,-58.934467,-61.60397867,-58.934467,2.60053E-07
684,458,1,-92.256178,6.409351,-82.679258,250,125,20040202, 01:32:30.0000,-61.60327896,-58.93212744,-61.60259519,-58.92973317,-61.60327896,-58.93212744,1.48704E-07
684,459,1,-93.926107,4.363361,-83.452584,250,125,20040202, 01:33:10.0000,-61.60194533,-58.92733367,-61.60123559,-58.92499255,-61.60194533,-58.92733367,1.01235E-07
684,460,1,-89.786769,11.317615,-73.791059,250,125,20040202, 01:33:50.0000,-61.60051314,-58.92270433,-61.59981361,-58.92038929,-61.60051314,-58.92270433,2.62581E-07
684,461,1,-92.21197,6.474926,-81.38767,250,125,20040202, 01:34:30.0000,-61.59914529,-58.91799066,-61.59914529,-58.91799066,-61.59914529,-58.91799066,1.50225E-07
684,462,1,-93.004367,5.395046,-81.408845,250,125,20040202, 01:34:50.0000,-61.59849538,-58.91558383,-61.59781323,-58.91322131,-61.59849538,-58.91558383,1.25171E-07
684,463,1,-95.236906,3.226571,-83.512338,250,125,20040202, 01:35:30.0000,-61.59711181,-58.91086633,-61.59637867,-58.90853367,-61.59711181,-58.91086633,7.48599E-08
684,464,1,-86.617867,23.477137,-76.168086,250,125,20040202, 01:36:10.0000,-61.5956799,-58.90618797,-61.5956799,-58.90618797,-61.5956799,-58.90618797,5.44695E-07
684,465,1,-99.421369,1.231105,-88.852663,250,125,20040202, 01:36:30.0000,-61.59498737,-58.90379545,-61.59429538,-58.9014005,-61.59498737,-58.90379545,2.8563E-08
684,466,1,-99.342904,1.253549,-88.916601,250,125,20040202, 01:37:10.0000,-61.59361325,-58.8990122,-61.59292862,-58.89665017,-61.59361325,-58.8990122,2.90837E-08
684,467,1,-94.803562,3.565132,-86.638418,250,125,20040202, 01:37:50.0000,-61.59226296,-58.89426111,-61.59226296,-58.89426111,-61.59226296,-58.89426111,8.27149E-08
684,468,1,-93.60618,4.696928,-83.608927,250,125,20040202, 01:38:10.0000,-61.59155385,-58.89193744,-61.59082867,-58.88963367,-61.59155385,-58.89193744,1.08974E-07
684,469,1,-97.763399,1.8034,-87.694389,250,125,20040202, 01:38:50.0000,-61.59012963,-58.88731296,-61.58947974,-58.88496154,-61.59012963,-58.88731296,4.18408E-08
684,470,1,-96.389814,2.474289,-85.55628,250,125,20040202, 01:39:30.0000,-61.58884641,-58.88262077,-61.58816205,-58.88030998,-61.58884641,-58.88262077,5.74062E-08
684,471,1,-95.614041,2.958202,-84.961353,250,125,20040202, 01:40:10.0000,-61.58744641,-58.87806333,-61.58744641,-58.87806333,-61.58744641,-58.87806333,6.86335E-08
684,472,1,-96.067894,2.664664,-85.872372,250,125,20040202, 01:40:30.0000,-61.58674641,-58.87577077,-61.5860963,-58.87343704,-61.58674641,-58.87577077,6.18231E-08
684,473,1,-98.080657,1.676356,-86.794616,250,125,20040202, 01:41:10.0000,-61.58544641,-58.87111154,-61.58476325,-58.86880472,-61.58544641,-58.87111154,3.88933E-08
684,474,1,-95.673066,2.918269,-84.915461,250,125,20040202, 01:41:50.0000,-61.58407833,-58.86653958,-61.583395,-58.86426583,-61.58407833,-58.86653958,6.7707E-08
684,475,1,-96.086528,2.653255,-86.04519,250,125,20040202, 01:42:30.0000,-61.58272974,-58.86197077,-61.58272974,-58.86197077,-61.58272974,-58.86197077,6.15584E-08
684,476,1,-96.607341,2.353411,-86.208955,250,125,20040202, 01:42:50.0000,-61.58206296,-58.85967037,-61.58137974,-58.85738744,-61.58206296,-58.85967037,5.46017E-08
684,477,1,-95.477717,3.052531,-85.749587,250,125,20040202, 01:43:30.0000,-61.58069529,-58.85510968,-61.580045,-58.85280875,-61.58069529,-58.85510968,7.0822E-08
684,478,1,-94.873122,3.508485,-84.031255,250,125,20040202, 01:44:10.0000,-61.579395,-58.8505325,-61.57871181,-58.84826633,-61.579395,-58.8505325,8.14006E-08
684,479,1,-97.153937,2.075096,-85.178811,250,125,20040202, 01:44:50.0000,-61.57804529,-58.84597635,-61.57804529,-58.84597635,-61.57804529,-58.84597635,4.81445E-08
684,480,1,-97.166178,2.069255,-86.514084,250,125,20040202, 01:45:10.0000,-61.57737963,-58.84366296,-61.57669659,-58.84137138,-61.57737963,-58.84366296,4.80089E-08
684,481,1,-99.149155,1.310739,-86.773972,250,125,20040202, 01:45:50.0000,-61.57601327,-58.83909728,-61.57531308,-58.83683,-61.57601327,-58.83909728,3.04106E-08
684,482,1,-96.375591,2.482406,-87.450805,250,125,20040202, 01:46:30.0000,-61.57461195,-58.83455968,-61.57392051,-58.83227077,-61.57461195,-58.83455968,5.75945E-08
684,483,1,-96.642733,2.33431,-87.773711,250,125,20040202, 01:47:10.0000,-61.57324641,-58.82994487,-61.57324641,-58.82994487,-61.57324641,-58.82994487,5.41585E-08
684,484,1,-97.616313,1.865523,-85.689469,250,125,20040202, 01:47:30.0000,-61.57256325,-58.8276622,-61.57191296,-58.82532778,-61.57256325,-58.8276622,4.32821E-08
684,485,1,-96.952868,2.173427,-86.92283,250,125,20040202, 01:48:10.0000,-61.57122974,-58.82301154,-61.57052862,-58.82075968,-61.57122974,-58.82301154,5.04259E-08
684,486,1,-97.685049,1.836229,-86.877988,250,125,20040202, 01:48:50.0000,-61.569845,-58.81854208,-61.56917974,-58.81631333,-61.569845,-58.81854208,4.26025E-08
684,487,1,-100.154923,1.039776,-89.590099,250,125,20040202, 01:49:30.0000,-61.56851308,-58.81402821,-61.56851308,-58.81402821,-61.56851308,-58.81402821,2.41239E-08
684,488,1,-92.438469,6.145892,-79.820823,250,125,20040202, 01:49:50.0000,-61.56782963,-58.81174444,-61.56715385,-58.80943744,-61.56782963,-58.81174444,1.42591E-07
684,489,1,-96.496194,2.414418,-85.920903,250,125,20040202, 01:50:30.0000,-61.56646308,-58.80713,-61.56577963,-58.8048537,-61.56646308,-58.80713,5.60171E-08
684,490,1,-93.467532,4.849296,-83.241788,250,125,20040202, 01:51:10.0000,-61.56511308,-58.80257077,-61.56442862,-58.80027635,-61.56511308,-58.80257077,1.12509E-07
684,491,1,-97.695916,1.831641,-87.082335,250,125,20040202, 01:51:50.0000,-61.56372963,-58.79803704,-61.56372963,-58.79803704,-61.56372963,-58.79803704,4.2496E-08
684,492,1,-93.744028,4.550185,-84.283653,250,125,20040202, 01:52:10.0000,-61.56301308,-58.79578,-61.56232974,-58.79351333,-61.56301308,-58.79578,1.05569E-07
684,493,1,-95.185132,3.265266,-84.218304,250,125,20040202, 01:52:50.0000,-61.56167963,-58.7911963,-61.56101289,-58.78890344,-61.56167963,-58.7911963,7.57577E-08
684,494,1,-95.864855,2.792199,-85.64699,250,125,20040202, 01:53:30.0000,-61.56032848,-58.78664966,-61.55964486,-58.78438201,-61.56032848,-58.78664966,6.4782E-08
684,495,1,-93.629848,4.6714,-83.130879,250,125,20040202, 01:54:10.0000,-61.55897955,-58.78208677,-61.55897955,-58.78208677,-61.55897955,-58.78208677,1.08382E-07
684,496,1,-92.09345,6.654062,-80.392406,250,125,20040202, 01:54:30.0000,-61.55832955,-58.77979605,-61.55764622,-58.77756271,-61.55832955,-58.77979605,1.54381E-07
684,497,1,-94.51286,3.811939,-84.768757,250,125,20040202, 01:55:10.0000,-61.55697833,-58.7752825,-61.55632955,-58.77300344,-61.55697833,-58.7752825,8.84411E-08
684,498,1,-88.67962,14.603932,-80.300717,250,125,20040202, 01:55:50.0000,-61.55566851,-58.77070812,-61.55499644,-58.76843754,-61.55566851,-58.77070812,3.38827E-07
684,499,1,-90.621196,9.339256,-82.24819,250,125,20040202, 01:56:30.0000,-61.55432828,-58.76614899,-61.55432828,-58.76614899,-61.55432828,-58.76614899,2.16681E-07
684,500,1,-95.836184,2.810693,-84.086352,250,125,20040202, 01:56:50.0000,-61.55364467,-58.76392433,-61.55299622,-58.7616701,-61.55364467,-58.76392433,6.52111E-08
684,501,1,-95.372153,3.127638,-83.918038,250,125,20040202, 01:57:30.0000,-61.55233542,-58.75936583,-61.55167959,-58.75708691,-61.55233542,-58.75936583,7.25646E-08
684,502,1,-92.968071,5.440324,-83.654668,250,125,20040202, 01:58:10.0000,-61.5510294,-58.75480291,-61.55033535,-58.75256566,-61.5510294,-58.75480291,1.26221E-07
684,503,1,-96.83282,2.234343,-82.718894,250,125,20040202, 01:58:50.0000,-61.549645,-58.75032542,-61.549645,-58.75032542,-61.549645,-58.75032542,5.18392E-08
684,504,1,-97.54283,1.897356,-86.394288,250,125,20040202, 01:59:10.0000,-61.54897959,-58.74807024,-61.54832828,-58.74574899,-61.54897959,-58.74807024,4.40207E-08
684,505,1,-96.583245,2.366505,-86.740065,250,125,20040202, 01:59:50.0000,-61.54767931,-58.74346924,-61.54701274,-58.74120291,-61.54767931,-58.74346924,5.49055E-08
684,506,1,-98.529593,1.511724,-85.194957,250,125,20040202, 02:00:30.0000,-61.54634607,-58.73895291,-61.5456794,-58.73665291,-61.54634607,-58.73895291,3.50736E-08
684,507,1,-103.875295,0.441471,-88.282573,250,125,20040202, 02:01:10.0000,-61.54501274,-58.73434359,-61.54501274,-58.73434359,-61.54501274,-58.73434359,1.02426E-08
684,508,1,-98.93129,1.37817,-88.394593,250,125,20040202, 02:01:30.0000,-61.54432009,-58.73204359,-61.54364607,-58.72971026,-61.54432009,-58.73204359,3.1975E-08
684,509,1,-96.975179,2.16229,-85.490014,250,125,20040202, 02:02:10.0000,-61.5429794,-58.72741957,-61.54231162,-58.72514899,-61.5429794,-58.72741957,5.01675E-08
684,510,1,-98.579455,1.494467,-86.89262,250,125,20040202, 02:02:50.0000,-61.54164583,-58.72286875,-61.54097828,-58.72059192,-61.54164583,-58.72286875,3.46732E-08
684,511,1,-94.201407,4.095352,-84.524514,250,125,20040202, 02:03:30.0000,-61.54031162,-58.71837525,-61.54031162,-58.71837525,-61.54031162,-58.71837525,9.50166E-08
684,512,1,-100.029873,1.07015,-85.765379,250,125,20040202, 02:03:50.0000,-61.53964626,-58.71608691,-61.53894626,-58.71380358,-61.53964626,-58.71608691,2.48286E-08
684,513,1,-95.858143,2.796517,-81.686496,250,125,20040202, 02:04:30.0000,-61.53826293,-58.71150358,-61.53759626,-58.70917764,-61.53826293,-58.71150358,6.48822E-08
684,514,1,-84.94855,34.480759,-68.289275,250,125,20040202, 02:05:10.0000,-61.53691293,-58.70683691,-61.53621114,-58.70451399,-61.53691293,-58.70683691,7.99991E-07
684,515,1,-100.418984,0.978438,-89.860389,250,125,20040202, 02:05:50.0000,-61.53552959,-58.70222024,-61.53552959,-58.70222024,-61.53552959,-58.70222024,2.27008E-08
684,516,1,-99.114235,1.321321,-85.127302,250,125,20040202, 02:06:10.0000,-61.5348294,-58.69991026,-61.53411293,-58.69758691,-61.5348294,-58.69991026,3.06561E-08
684,517,1,-96.819772,2.241066,-85.930819,250,125,20040202, 02:06:50.0000,-61.53341293,-58.69527951,-61.53273699,-58.69295358,-61.53341293,-58.69527951,5.19952E-08
684,518,1,-95.017277,3.39394,-79.919571,250,125,20040202, 02:07:30.0000,-61.53206162,-58.69063232,-61.53206162,-58.69063232,-61.53206162,-58.69063232,7.87431E-08
684,519,1,-99.918925,1.097841,-86.577574,250,125,20040202, 02:07:50.0000,-61.53139626,-58.68831285,-61.53069626,-58.68603691,-61.53139626,-58.68831285,2.54711E-08
684,520,1,-98.330016,1.582815,-86.629411,250,125,20040202, 02:08:30.0000,-61.53001274,-58.68375291,-61.52930197,-58.68147512,-61.53001274,-58.68375291,3.6723E-08
684,521,1,-98.793143,1.422714,-87.513049,250,125,20040202, 02:09:10.0000,-61.52859607,-58.67923624,-61.52791274,-58.67696957,-61.52859607,-58.67923624,3.30085E-08
684,522,1,-98.927517,1.379368,-89.056188,250,125,20040202, 02:09:50.0000,-61.52726264,-58.67466924,-61.52726264,-58.67466924,-61.52726264,-58.67466924,3.20028E-08
684,523,1,-101.557244,0.752848,-87.475323,250,125,20040202, 02:10:10.0000,-61.52659607,-58.67237889,-61.52588675,-58.67015291,-61.52659607,-58.67237889,1.74669E-08
684,524,1,-101.620749,0.74192,-88.417249,250,125,20040202, 02:10:50.0000,-61.52514491,-58.66793218,-61.52444491,-58.66568218,-61.52514491,-58.66793218,1.72133E-08
684,525,1,-97.807866,1.785029,-84.620892,250,125,20040202, 02:11:30.0000,-61.52377828,-58.66341566,-61.52314607,-58.66113624,-61.52377828,-58.66341566,4.14146E-08
684,526,1,-97.044342,2.128127,-86.749924,250,125,20040202, 02:12:10.0000,-61.5224625,-58.65886875,-61.5224625,-58.65886875,-61.5224625,-58.65886875,4.93749E-08
684,527,1,-99.576684,1.187855,-89.65952,250,125,20040202, 02:12:30.0000,-61.52174495,-58.65664192,-61.52101833,-58.65443133,-61.52174495,-58.65664192,2.75595E-08
684,528,1,-94.28795,4.01455,-80.215064,250,125,20040202, 02:13:10.0000,-61.52028553,-58.65217327,-61.51959607,-58.64993624,-61.52028553,-58.65217327,9.31419E-08
684,529,1,-100.573544,0.944229,-84.049482,250,125,20040202, 02:13:50.0000,-61.51891114,-58.64765427,-61.51826254,-58.6453762,-61.51891114,-58.64765427,2.19071E-08
684,530,1,-110.009138,0.107527,-96.332955,250,125,20040202, 02:14:30.0000,-61.51759612,-58.64310307,-61.51759612,-58.64310307,-61.51759612,-58.64310307,2.49475E-09
684,531,1,-102.780501,0.568044,-91.002247,250,125,20040202, 02:14:50.0000,-61.51692209,-58.64081974,-61.51627921,-58.63850223,-61.51692209,-58.64081974,1.31792E-08
684,532,1,-102.339453,0.628762,-89.271738,250,125,20040202, 02:15:30.0000,-61.51562814,-58.63617219,-61.51496264,-58.63386924,-61.51562814,-58.63617219,1.4588E-08
684,533,1,-97.591361,1.876272,-84.995472,250,125,20040202, 02:16:10.0000,-61.51429472,-58.63156485,-61.51364588,-58.6292689,-61.51429472,-58.63156485,4.35315E-08
684,534,1,-95.708095,2.894825,-84.702433,250,125,20040202, 02:16:50.0000,-61.5129625,-58.62697813,-61.5129625,-58.62697813,-61.5129625,-58.62697813,6.71631E-08
684,535,1,-95.874366,2.786091,-85.011642,250,125,20040202, 02:17:10.0000,-61.51230524,-58.6246689,-61.51164461,-58.62238114,-61.51230524,-58.6246689,6.46403E-08
684,536,1,-94.990983,3.414551,-86.562226,250,125,20040202, 02:17:50.0000,-61.51102921,-58.62008557,-61.51040513,-58.61775897,-61.51102921,-58.62008557,7.92213E-08
684,537,1,-96.424181,2.454787,-86.504141,250,125,20040202, 02:18:30.0000,-61.50972906,-58.61546838,-61.5090626,-58.61318577,-61.50972906,-58.61546838,5.69537E-08
684,538,1,-97.589512,1.877071,-89.181537,250,125,20040202, 02:19:10.0000,-61.50839573,-58.61086838,-61.50839573,-58.61086838,-61.50839573,-58.61086838,4.35501E-08
684,539,1,-98.37205,1.56757,-89.901689,250,125,20040202, 02:19:30.0000,-61.50776239,-58.60851838,-61.50712927,-58.60616911,-61.50776239,-58.60851838,3.63693E-08
684,540,1,-95.676978,2.915641,-86.628432,250,125,20040202, 02:20:10.0000,-61.50649565,-58.60388478,-61.50581119,-58.60161418,-61.50649565,-58.60388478,6.7646E-08
684,541,1,-95.728762,2.881082,-87.110331,250,125,20040202, 02:20:50.0000,-61.50512906,-58.59936838,-61.50447906,-58.59708504,-61.50512906,-58.59936838,6.68442E-08
684,542,1,-96.097194,2.646747,-80.645715,250,125,20040202, 02:21:30.0000,-61.50385429,-58.59478114,-61.50324565,-58.59244203,-61.50385429,-58.59478114,6.14074E-08
684,543,1,-99.14689,1.311423,-88.996034,250,125,20040202, 02:22:10.0000,-61.50261239,-58.59013504,-61.50261239,-58.59013504,-61.50261239,-58.59013504,3.04264E-08
684,544,1,-100.918315,0.872168,-88.418197,250,125,20040202, 02:22:30.0000,-61.50197781,-58.58786399,-61.50129565,-58.5856442,-61.50197781,-58.58786399,2.02353E-08
684,545,1,-96.018898,2.694896,-85.532312,250,125,20040202, 02:23:10.0000,-61.50061239,-58.58340171,-61.49996239,-58.58113504,-61.50061239,-58.58340171,6.25245E-08
684,546,1,-91.004915,8.549494,-76.175621,250,125,20040202, 02:23:50.0000,-61.49934565,-58.57881812,-61.49877927,-58.57648577,-61.49934565,-58.57881812,1.98357E-07
684,547,1,-97.553633,1.892642,-88.667043,250,125,20040202, 02:24:30.0000,-61.49817795,-58.57417416,-61.49817795,-58.57417416,-61.49817795,-58.57417416,4.39113E-08
684,548,1,-95.803665,2.831818,-86.44083,250,125,20040202, 02:24:50.0000,-61.49752899,-58.5719442,-61.49686239,-58.56970385,-61.49752899,-58.5719442,6.57012E-08
684,549,1,-96.795067,2.25385,-86.541917,250,125,20040202, 02:25:30.0000,-61.49619461,-58.56744781,-61.49557174,-58.56516087,-61.49619461,-58.56744781,5.22918E-08
684,550,1,-97.271865,2.019507,-87.531319,250,125,20040202, 02:26:10.0000,-61.49498846,-58.56284444,-61.49437795,-58.56054082,-61.49498846,-58.56284444,4.68547E-08
684,551,1,-95.320595,3.16499,-84.146723,250,125,20040202, 02:26:50.0000,-61.49372899,-58.55831087,-61.49307906,-58.55608504,-61.49372899,-58.55831087,7.34312E-08
684,552,1,-95.619428,2.954534,-85.694224,250,125,20040202, 02:27:30.0000,-61.49242795,-58.55386448,-61.49242795,-58.55386448,-61.49242795,-58.55386448,6.85484E-08
684,553,1,-97.144491,2.079614,-86.936061,250,125,20040202, 02:27:50.0000,-61.491811,-58.55163017,-61.49120528,-58.54936911,-61.491811,-58.55163017,4.82493E-08
684,554,1,-94.51986,3.805799,-76.588713,250,125,20040202, 02:28:30.0000,-61.49063846,-58.54710171,-61.49005408,-58.5448135,-61.49063846,-58.54710171,8.82986E-08
684,555,1,-100.728923,0.911044,-88.102904,250,125,20040202, 02:29:10.0000,-61.48941119,-58.54259751,-61.48876114,-58.54039037,-61.48941119,-58.54259751,2.11372E-08
684,556,1,-96.301547,2.525092,-85.864858,250,125,20040202, 02:29:50.0000,-61.48811232,-58.53820145,-61.4875126,-58.53595244,-61.48811232,-58.53820145,5.85849E-08
684,557,1,-100.119877,1.0482,-89.284466,250,125,20040202, 02:30:30.0000,-61.48692096,-58.53363114,-61.48692096,-58.53363114,-61.48692096,-58.53363114,2.43194E-08
684,558,1,-99.31071,1.262876,-85.718231,250,125,20040202, 02:30:50.0000,-61.48634433,-58.53128017,-61.48572174,-58.52898478,-61.48634433,-58.53128017,2.93001E-08
684,559,1,-95.74204,2.872287,-84.478922,250,125,20040202, 02:31:30.0000,-61.48506128,-58.52675749,-61.484411,-58.52453992,-61.48506128,-58.52675749,6.66402E-08
684,560,1,-99.218807,1.289886,-88.454619,250,125,20040202, 02:32:10.0000,-61.48379573,-58.52223504,-61.48322795,-58.51992416,-61.48379573,-58.52223504,2.99267E-08
684,561,1,-98.317144,1.587514,-87.641448,250,125,20040202, 02:32:50.0000,-61.48261232,-58.5176942,-61.48192906,-58.51556111,-61.48261232,-58.5176942,3.6832E-08
684,562,1,-91.292498,8.001696,-75.091056,250,125,20040202, 02:33:30.0000,-61.48122795,-58.51340749,-61.48122795,-58.51340749,-61.48122795,-58.51340749,1.85648E-07
684,563,1,-75.422654,309.148013,-56.139962,250,125,20040202, 02:33:50.0000,-61.48060419,-58.51113065,-61.48001128,-58.50884082,-61.48060419,-58.51113065,7.17257E-06
684,564,1,-97.021445,2.139377,-85.343213,250,125,20040202, 02:34:30.0000,-61.47938846,-58.50660171,-61.47872767,-58.50443992,-61.47938846,-58.50660171,4.96359E-08
684,565,1,-96.686721,2.310786,-87.739685,250,125,20040202, 02:35:10.0000,-61.47803458,-58.50229967,-61.47737795,-58.50014082,-61.47803458,-58.50229967,5.36127E-08
684,566,1,-101.795418,0.712673,-91.437207,250,125,20040202, 02:35:50.0000,-61.47674447,-58.49789732,-61.47609553,-58.49564381,-61.47674447,-58.49789732,1.65348E-08
684,567,1,-93.452361,4.866265,-79.577085,250,125,20040202, 02:36:30.0000,-61.475461,-58.49340658,-61.475461,-58.49340658,-61.475461,-58.49340658,1.12903E-07
684,568,1,-96.09206,2.649878,-83.248713,250,125,20040202, 02:36:50.0000,-61.47479433,-58.49120658,-61.474111,-58.48898992,-61.47479433,-58.49120658,6.148E-08
684,569,1,-93.402576,4.922369,-77.108172,250,125,20040202, 02:37:30.0000,-61.47342767,-58.4867635,-61.47278837,-58.48453463,-61.47342767,-58.4867635,1.14204E-07
684,570,1,-100.764065,0.903702,-89.542172,250,125,20040202, 02:38:10.0000,-61.47212767,-58.48227325,-61.47147781,-58.48003065,-61.47212767,-58.48227325,2.09669E-08
684,571,1,-105.166854,0.327904,-91.553306,250,125,20040202, 02:38:50.0000,-61.470811,-58.47777325,-61.470811,-58.47777325,-61.470811,-58.47777325,7.60772E-09
684,572,1,-98.894531,1.389885,-88.10501,250,125,20040202, 02:39:10.0000,-61.47012753,-58.47553947,-61.46944433,-58.47328992,-61.47012753,-58.47553947,3.22468E-08
684,573,1,-91.716402,7.257576,-74.469799,250,125,20040202, 02:39:50.0000,-61.46877767,-58.47104683,-61.468111,-58.46878992,-61.46877767,-58.47104683,1.68384E-07
684,574,1,-93.52537,4.785142,-77.266575,250,125,20040202, 02:40:30.0000,-61.46744414,-58.46654615,-61.46677767,-58.46428708,-61.46744414,-58.46654615,1.1102E-07
684,575,1,-99.115072,1.321066,-86.910681,250,125,20040202, 02:41:10.0000,-61.46611214,-58.46200081,-61.46544433,-58.45979683,-61.46611214,-58.46200081,3.06502E-08
684,576,1,-96.622189,2.345378,-88.150397,250,125,20040202, 02:41:50.0000,-61.46478441,-58.45760614,-61.46478441,-58.45760614,-61.46478441,-58.45760614,5.44153E-08
684,577,1,-93.298752,5.041463,-83.139824,250,125,20040202, 02:42:10.0000,-61.46414538,-58.45539333,-61.46352075,-58.4531635,-61.46414538,-58.45539333,1.16967E-07
684,578,1,-93.591405,4.712934,-84.120411,250,125,20040202, 02:42:50.0000,-61.46287866,-58.45095032,-61.46220256,-58.44873385,-61.46287866,-58.45095032,1.09345E-07
684,579,1,-95.093712,3.33473,-86.436678,250,125,20040202, 02:43:30.0000,-61.46154538,-58.44649333,-61.4609206,-58.44416968,-61.46154538,-58.44649333,7.73693E-08
684,580,1,-95.127304,3.309035,-86.896737,250,125,20040202, 02:44:10.0000,-61.46027733,-58.44189567,-61.45967761,-58.43962997,-61.46027733,-58.44189567,7.67732E-08
684,581,1,-96.244939,2.55822,-87.429326,250,125,20040202, 02:44:50.0000,-61.45904538,-58.43740051,-61.45904538,-58.43740051,-61.45904538,-58.43740051,5.93535E-08
684,582,1,-94.819808,3.551821,-86.205772,250,125,20040202, 02:45:10.0000,-61.45841086,-58.4351728,-61.45776094,-58.4329133,-61.45841086,-58.4351728,8.24061E-08
684,583,1,-95.968903,2.726099,-86.738917,250,125,20040202, 02:45:50.0000,-61.4571205,-58.43061233,-61.45648821,-58.42830051,-61.4571205,-58.43061233,6.32484E-08
684,584,1,-96.277581,2.539065,-86.991977,250,125,20040202, 02:46:30.0000,-61.45585487,-58.42600051,-61.45519428,-58.42367997,-61.45585487,-58.42600051,5.8909E-08
684,585,1,-96.280179,2.537546,-87.359151,250,125,20040202, 02:47:10.0000,-61.45456086,-58.42137968,-61.45456086,-58.42137968,-61.45456086,-58.42137968,5.88738E-08
684,586,1,-98.806516,1.41834,-85.726726,250,125,20040202, 02:47:30.0000,-61.45391094,-58.41902997,-61.45327733,-58.416679,-61.45391094,-58.41902997,3.2907E-08
684,587,1,-95.04702,3.370775,-79.90191,250,125,20040202, 02:48:10.0000,-61.45262753,-58.4143728,-61.45197071,-58.41208973,-61.45262753,-58.4143728,7.82056E-08
684,588,1,-95.082311,3.343495,-81.752013,250,125,20040202, 02:48:50.0000,-61.45132894,-58.40978463,-61.45071205,-58.40744103,-61.45132894,-58.40978463,7.75727E-08
684,589,1,-98.627328,1.478084,-89.324587,250,125,20040202, 02:49:30.0000,-61.45006205,-58.40511718,-61.45006205,-58.40511718,-61.45006205,-58.40511718,3.42931E-08
684,590,1,-96.604389,2.355011,-88.234136,250,125,20040202, 02:49:50.0000,-61.449394,-58.40283883,-61.44871923,-58.40058385,-61.449394,-58.40283883,5.46388E-08
684,591,1,-98.112424,1.664138,-86.634236,250,125,20040202, 02:50:30.0000,-61.44807733,-58.39824567,-61.44744533,-58.39595032,-61.44807733,-58.39824567,3.86098E-08
684,592,1,-98.90824,1.385504,-88.1776,250,125,20040202, 02:51:10.0000,-61.446794,-58.3936555,-61.44616067,-58.391329,-61.446794,-58.3936555,3.21452E-08
684,593,1,-100.402734,0.982106,-88.162424,250,125,20040202, 02:51:50.0000,-61.44549538,-58.38905051,-61.44549538,-58.38905051,-61.44549538,-58.38905051,2.27859E-08
684,594,1,-100.652135,0.927296,-90.583104,250,125,20040202, 02:52:10.0000,-61.44484538,-58.38678385,-61.44420394,-58.38451281,-61.44484538,-58.38678385,2.15143E-08
684,595,1,-99.626322,1.174356,-89.485693,250,125,20040202, 02:52:50.0000,-61.4435705,-58.38224567,-61.44292872,-58.37996718,-61.4435705,-58.38224567,2.72463E-08
684,596,1,-105.580686,0.298101,-90.957564,250,125,20040202, 02:53:30.0000,-61.44228737,-58.3776633,-61.44159561,-58.37541797,-61.44228737,-58.3776633,6.91626E-09
684,597,1,-103.646826,0.465317,-91.728449,250,125,20040202, 02:54:10.0000,-61.44092872,-58.37314333,-61.44092872,-58.37314333,-61.44092872,-58.37314333,1.07959E-08
684,598,1,-95.976887,2.721092,-78.221646,250,125,20040202, 02:54:30.0000,-61.44028717,-58.37084567,-61.43964386,-58.36852852,-61.44028717,-58.37084567,6.31323E-08
684,599,1,-98.644438,1.472272,-88.400394,250,125,20040202, 02:55:10.0000,-61.43901186,-58.36623316,-61.43837747,-58.36394615,-61.43901186,-58.36623316,3.41583E-08
684,600,1,-92.209626,6.478423,-78.695259,250,125,20040202, 02:55:50.0000,-61.43769519,-58.3616927,-61.4370288,-58.35944361,-61.43769519,-58.3616927,1.50306E-07
684,601,1,-91.701719,7.282155,-76.07888,250,125,20040202, 02:56:30.0000,-61.43638806,-58.35716649,-61.43638806,-58.35716649,-61.43638806,-58.35716649,1.68954E-07
684,602,1,-101.671511,0.733298,-86.045695,250,125,20040202, 02:56:50.0000,-61.43572866,-58.35487649,-61.43506186,-58.35263316,-61.43572866,-58.35487649,1.70133E-08
684,603,1,-101.68626,0.730812,-87.616876,250,125,20040202, 02:57:30.0000,-61.43436061,-58.35038864,-61.43366053,-58.34814519,-61.43436061,-58.35038864,1.69556E-08
684,604,1,-95.788873,2.841479,-78.050854,250,125,20040202, 02:58:10.0000,-61.43296186,-58.3459427,-61.43227727,-58.34368864,-61.43296186,-58.3459427,6.59254E-08
684,605,1,-98.512503,1.517685,-88.597925,250,125,20040202, 02:58:50.0000,-61.43157714,-58.34142831,-61.43087739,-58.33916254,-61.43157714,-58.34142831,3.52119E-08
684,606,1,-90.960952,8.636477,-75.837652,250,125,20040202, 02:59:30.0000,-61.43017727,-58.33686212,-61.43017727,-58.33686212,-61.43017727,-58.33686212,2.00376E-07
684,607,1,-98.708623,1.450673,-89.101423,250,125,20040202, 02:59:50.0000,-61.42949501,-58.33459919,-61.42879504,-58.33232556,-61.42949501,-58.33459919,3.36572E-08
684,608,1,-93.507827,4.804511,-74.822001,250,125,20040202, 03:00:30.0000,-61.42811067,-58.3300555,-61.42742025,-58.32780442,-61.42811067,-58.3300555,1.1147E-07
684,609,1,-94.238913,4.060136,-80.667567,250,125,20040202, 03:01:10.0000,-61.42674528,-58.32552634,-61.42674528,-58.32552634,-61.42674528,-58.32552634,9.41995E-08
684,610,1,-101.303504,0.798144,-91.377701,250,125,20040202, 03:01:30.0000,-61.42606171,-58.32325889,-61.42537834,-58.32102544,-61.42606171,-58.32325889,1.85178E-08
684,611,1,-102.097033,0.664857,-91.189859,250,125,20040202, 03:02:10.0000,-61.42470214,-58.31877556,-61.42402838,-58.31652556,-61.42470214,-58.31877556,1.54254E-08
684,612,1,-98.766351,1.431518,-84.350557,250,125,20040202, 03:02:50.0000,-61.42336167,-58.31430878,-61.42269394,-58.31207197,-61.42336167,-58.31430878,3.32128E-08
684,613,1,-96.372953,2.483914,-84.375645,250,125,20040202, 03:03:30.0000,-61.42202714,-58.30982152,-61.421377,-58.30757783,-61.42202714,-58.30982152,5.76295E-08
684,614,1,-96.498719,2.413014,-87.122149,250,125,20040202, 03:04:10.0000,-61.42071167,-58.30535878,-61.42071167,-58.30535878,-61.42071167,-58.30535878,5.59845E-08
684,615,1,-93.251364,5.096775,-74.678732,250,125,20040202, 03:04:30.0000,-61.42004528,-58.30315967,-61.41936171,-58.30093265,-61.42004528,-58.30315967,1.18251E-07
684,616,1,-92.175399,6.52968,-74.649261,250,125,20040202, 03:05:10.0000,-61.41869528,-58.29870016,-61.41802727,-58.29644545,-61.41869528,-58.29870016,1.51496E-07
684,617,1,-98.531333,1.511118,-87.279988,250,125,20040202, 03:05:50.0000,-61.41736033,-58.29420442,-61.416686,-58.29197694,-61.41736033,-58.29420442,3.50596E-08
684,618,1,-94.807585,3.561831,-82.251414,250,125,20040202, 03:06:30.0000,-61.41599394,-58.28974545,-61.41599394,-58.28974545,-61.41599394,-58.28974545,8.26383E-08
684,619,1,-95.501116,3.036129,-81.792988,250,125,20040202, 03:06:50.0000,-61.41532834,-58.28749211,-61.41466171,-58.28524222,-61.41532834,-58.28749211,7.04415E-08
684,620,1,-98.368143,1.56898,-89.168359,250,125,20040202, 03:07:30.0000,-61.41401033,-58.28300442,-61.41334367,-58.28078775,-61.41401033,-58.28300442,3.6402E-08
684,621,1,-100.701001,0.916921,-90.260178,250,125,20040202, 03:08:10.0000,-61.41269504,-58.27854932,-61.41202838,-58.27630889,-61.41269504,-58.27854932,2.12736E-08
684,622,1,-95.720021,2.886887,-80.612555,250,125,20040202, 03:08:50.0000,-61.41137834,-58.27407544,-61.41071171,-58.27184932,-61.41137834,-58.27407544,6.69789E-08
684,623,1,-101.760955,0.71835,-91.417147,250,125,20040202, 03:09:30.0000,-61.41006061,-58.2696053,-61.41006061,-58.2696053,-61.41006061,-58.2696053,1.66665E-08
684,624,1,-101.069294,0.842369,-92.419552,250,125,20040202, 03:09:50.0000,-61.40937834,-58.26737544,-61.40868547,-58.26514932,-61.40937834,-58.26737544,1.95439E-08
684,625,1,-99.132435,1.315795,-89.486876,250,125,20040202, 03:10:30.0000,-61.40799394,-58.26293864,-61.40731167,-58.26070878,-61.40799394,-58.26293864,3.05279E-08
684,626,1,-100.811117,0.893964,-90.002324,250,125,20040202, 03:11:10.0000,-61.40662862,-58.25845967,-61.40594504,-58.25620889,-61.40662862,-58.25845967,2.07409E-08
684,627,1,-98.885298,1.392842,-91.386106,250,125,20040202, 03:11:50.0000,-61.40526181,-58.25396634,-61.40526181,-58.25396634,-61.40526181,-58.25396634,3.23155E-08
684,628,1,-81.108419,83.481445,-67.872372,250,125,20040202, 03:12:10.0000,-61.4045688,-58.25168265,-61.40386041,-58.24939475,-61.4045688,-58.25168265,1.93686E-06
684,629,1,-94.586346,3.74798,-81.251663,250,125,20040202, 03:12:50.0000,-61.40317667,-58.24716,-61.40251137,-58.24492444,-61.40317667,-58.24716,8.69572E-08
684,630,1,-97.630972,1.859237,-88.553631,250,125,20040202, 03:13:30.0000,-61.40184374,-58.24263799,-61.40119373,-58.24039472,-61.40184374,-58.24263799,4.31363E-08
684,631,1,-97.571201,1.885002,-90.031738,250,125,20040202, 03:14:10.0000,-61.40049469,-58.23816473,-61.40049469,-58.23816473,-61.40049469,-58.23816473,4.37341E-08
684,632,1,-99.013641,1.352283,-89.569051,250,125,20040202, 03:14:30.0000,-61.39981027,-58.23593754,-61.39911893,-58.23371634,-61.39981027,-58.23593754,3.13744E-08
684,633,1,-94.413295,3.900339,-86.908311,250,125,20040202, 03:15:10.0000,-61.39842706,-58.23149472,-61.39773367,-58.22927088,-61.39842706,-58.23149472,9.04921E-08
684,634,1,-93.476441,4.839358,-80.983956,250,125,20040202, 03:15:50.0000,-61.3970604,-58.22702805,-61.39637803,-58.22478145,-61.3970604,-58.22702805,1.12278E-07
684,635,1,-96.149159,2.615266,-87.94093,250,125,20040202, 03:16:30.0000,-61.3956947,-58.22251479,-61.3956947,-58.22251479,-61.3956947,-58.22251479,6.0677E-08
684,636,1,-95.695669,2.90312,-86.054968,250,125,20040202, 03:16:50.0000,-61.39502802,-58.2202314,-61.39434515,-58.21796634,-61.39502802,-58.2202314,6.73555E-08
684,637,1,-95.040194,3.376078,-78.794306,250,125,20040202, 03:17:30.0000,-61.39366027,-58.21569428,-61.3929936,-58.21341094,-61.39366027,-58.21569428,7.83286E-08
684,638,1,-93.755828,4.537839,-85.302248,250,125,20040202, 03:18:10.0000,-61.39232829,-58.21113236,-61.39163504,-58.20888145,-61.39232829,-58.21113236,1.05283E-07
684,639,1,-96.153004,2.612952,-86.018226,250,125,20040202, 03:18:50.0000,-61.39096026,-58.20657759,-61.39096026,-58.20657759,-61.39096026,-58.20657759,6.06233E-08
684,640,1,-92.436326,6.148925,-74.911477,250,125,20040202, 03:19:10.0000,-61.3902947,-58.20432444,-61.38962803,-58.20208145,-61.3902947,-58.20432444,1.42662E-07
684,641,1,-102.707526,0.577669,-89.298616,250,125,20040202, 03:19:50.0000,-61.38896135,-58.19981473,-61.38828537,-58.19753236,-61.38896135,-58.19981473,1.34026E-08
684,642,1,-91.871257,7.003355,-80.671775,250,125,20040202, 03:20:30.0000,-61.38762694,-58.19527761,-61.38696026,-58.19301092,-61.38762694,-58.19527761,1.62485E-07
684,643,1,-92.887521,5.542169,-83.265619,250,125,20040202, 03:21:10.0000,-61.3862947,-58.19076479,-61.3862947,-58.19076479,-61.3862947,-58.19076479,1.28584E-07
684,644,1,-97.684826,1.836324,-86.173664,250,125,20040202, 03:21:30.0000,-61.38561137,-58.18848145,-61.38492803,-58.18618145,-61.38561137,-58.18848145,4.26047E-08
684,645,1,-96.506831,2.408512,-86.14998,250,125,20040202, 03:22:10.0000,-61.38426163,-58.18389902,-61.38357673,-58.18160355,-61.38426163,-58.18389902,5.58801E-08
684,646,1,-94.835315,3.539161,-79.4875,250,125,20040202, 03:22:50.0000,-61.38292802,-58.17931473,-61.38226137,-58.17701479,-61.38292802,-58.17931473,8.21124E-08
684,647,1,-93.858763,4.431549,-81.67012,250,125,20040202, 03:23:30.0000,-61.3815934,-58.17471024,-61.3815934,-58.17471024,-61.3815934,-58.17471024,1.02817E-07
684,648,1,-95.796474,2.836511,-87.426064,250,125,20040202, 03:23:50.0000,-61.38092693,-58.17242759,-61.38027693,-58.17012759,-61.38092693,-58.17242759,6.58101E-08
684,649,1,-82.956772,54.544957,-64.513794,250,125,20040202, 03:24:30.0000,-61.37962122,-58.16782528,-61.37895034,-58.16553754,-61.37962122,-58.16782528,1.2655E-06
684,650,1,-91.302876,7.982598,-79.348817,250,125,20040202, 03:25:10.0000,-61.37827829,-58.16327528,-61.37757877,-58.16098404,-61.37827829,-58.16327528,1.85205E-07
684,651,1,-93.101365,5.275885,-80.587426,250,125,20040202, 03:25:50.0000,-61.37689496,-58.15871569,-61.37689496,-58.15871569,-61.37689496,-58.15871569,1.22406E-07
684,652,1,-94.49437,3.828202,-81.425282,250,125,20040202, 03:26:10.0000,-61.37622921,-58.15640222,-61.3755947,-58.15406479,-61.37622921,-58.15640222,8.88184E-08
684,653,1,-96.84137,2.229949,-85.251151,250,125,20040202, 03:26:50.0000,-61.37494496,-58.15173236,-61.374279,-58.14943483,-61.37494496,-58.15173236,5.17372E-08
684,654,1,-94.219065,4.078734,-84.950955,250,125,20040202, 03:27:30.0000,-61.37361047,-58.14712152,-61.37293537,-58.14484902,-61.37361047,-58.14712152,9.4631E-08
684,655,1,-97.036896,2.131779,-87.017786,250,125,20040202, 03:28:10.0000,-61.37227803,-58.14256479,-61.37227803,-58.14256479,-61.37227803,-58.14256479,4.94596E-08
684,656,1,-94.490996,3.831177,-79.152158,250,125,20040202, 03:28:30.0000,-61.37161047,-58.14029497,-61.37096067,-58.13799567,-61.37161047,-58.14029497,8.88874E-08
684,657,1,-94.454317,3.863671,-85.331193,250,125,20040202, 03:29:10.0000,-61.37030066,-58.13573839,-61.36964367,-58.13347783,-61.37030066,-58.13573839,8.96413E-08
684,658,1,-95.779548,2.847587,-87.004405,250,125,20040202, 03:29:50.0000,-61.3689945,-58.13119742,-61.36831233,-58.12891817,-61.3689945,-58.13119742,6.60671E-08
684,659,1,-97.026249,2.137012,-88.851298,250,125,20040202, 03:30:30.0000,-61.36764509,-58.12663991,-61.36764509,-58.12663991,-61.36764509,-58.12663991,4.9581E-08
684,660,1,-96.349201,2.497536,-86.398926,250,125,20040202, 03:30:50.0000,-61.36697816,-58.12437484,-61.36631149,-58.12211521,-61.36697816,-58.12437484,5.79455E-08
684,661,1,-94.286975,4.015452,-81.807414,250,125,20040202, 03:31:30.0000,-61.36562816,-58.11984854,-61.36494482,-58.1175915,-61.36562816,-58.11984854,9.31628E-08
684,662,1,-96.590838,2.362371,-82.654174,250,125,20040202, 03:32:10.0000,-61.36426233,-58.11531817,-61.36356137,-58.11301479,-61.36426233,-58.11531817,5.48096E-08
684,663,1,-98.557519,1.502035,-88.665418,250,125,20040202, 03:32:50.0000,-61.36288897,-58.11072077,-61.36288897,-58.11072077,-61.36288897,-58.11072077,3.48488E-08
684,664,1,-99.016617,1.351357,-88.303242,250,125,20040202, 03:33:10.0000,-61.36221053,-58.10840199,-61.3615447,-58.10613145,-61.36221053,-58.10840199,3.13529E-08
684,665,1,-97.578915,1.881656,-87.273832,250,125,20040202, 03:33:50.0000,-61.36086233,-58.10385875,-61.36015292,-58.10158483,-61.36086233,-58.10385875,4.36565E-08
684,666,1,-95.348217,3.144924,-81.47488,250,125,20040202, 03:34:30.0000,-61.35944718,-58.0993568,-61.35873519,-58.09710817,-61.35944718,-58.0993568,7.29656E-08
684,667,1,-97.481018,1.924554,-84.219592,250,125,20040202, 03:35:10.0000,-61.35802921,-58.09487825,-61.35802921,-58.09487825,-61.35802921,-58.09487825,4.46517E-08
684,668,1,-99.731616,1.146226,-85.672411,250,125,20040202, 03:35:30.0000,-61.35732974,-58.0926041,-61.35666053,-58.09032852,-61.35732974,-58.0926041,2.65937E-08
684,669,1,-99.543129,1.197068,-87.27661,250,125,20040202, 03:36:10.0000,-61.35597889,-58.08806778,-61.35527769,-58.08580667,-61.35597889,-58.08806778,2.77733E-08
684,670,1,-97.765224,1.802642,-88.159081,250,125,20040202, 03:36:50.0000,-61.35457867,-58.0835765,-61.35391053,-58.08129519,-61.35457867,-58.0835765,4.18232E-08
684,671,1,-98.505111,1.52027,-87.266243,250,125,20040202, 03:37:30.0000,-61.35324607,-58.07902692,-61.35324607,-58.07902692,-61.35324607,-58.07902692,3.52719E-08
684,672,1,-92.629238,5.88177,-74.480224,250,125,20040202, 03:37:50.0000,-61.352577,-58.07672783,-61.35191149,-58.07444854,-61.352577,-58.07672783,1.36463E-07
684,673,1,-95.812302,2.826192,-80.501087,250,125,20040202, 03:38:30.0000,-61.35122714,-58.07223819,-61.35054367,-58.07000442,-61.35122714,-58.07223819,6.55707E-08
684,674,1,-96.922458,2.188699,-87.922497,250,125,20040202, 03:39:10.0000,-61.34986053,-58.06774519,-61.34918553,-58.06549237,-61.34986053,-58.06774519,5.07802E-08
684,675,1,-98.778867,1.427398,-89.211632,250,125,20040202, 03:39:50.0000,-61.34850042,-58.0632445,-61.34850042,-58.0632445,-61.34850042,-58.0632445,3.31172E-08
684,676,1,-94.864978,3.51507,-83.556758,250,125,20040202, 03:40:10.0000,-61.34777889,-58.06099389,-61.34708064,-58.05872391,-61.34777889,-58.06099389,8.15534E-08
684,677,1,-89.427159,12.294644,-71.076267,250,125,20040202, 03:40:50.0000,-61.34637867,-58.05643367,-61.34571222,-58.05413444,-61.34637867,-58.05643367,2.85249E-07
684,678,1,-93.775046,4.517803,-85.436041,250,125,20040202, 03:41:30.0000,-61.34503798,-58.05184947,-61.34503798,-58.05184947,-61.34503798,-58.05184947,1.04818E-07
684,679,1,-94.514646,3.81037,-81.331359,250,125,20040202, 03:41:50.0000,-61.34437769,-58.04953026,-61.34369386,-58.04724519,-61.34437769,-58.04953026,8.84047E-08
684,680,1,-93.730416,4.564469,-83.828642,250,125,20040202, 03:42:30.0000,-61.34302769,-58.04494692,-61.34234463,-58.04266455,-61.34302769,-58.04494692,1.05901E-07
684,681,1,-95.575966,2.98425,-83.918578,250,125,20040202, 03:43:10.0000,-61.3416613,-58.04036455,-61.34097769,-58.03804692,-61.3416613,-58.04036455,6.92378E-08
684,682,1,-98.238454,1.61654,-87.493416,250,125,20040202, 03:43:50.0000,-61.34027797,-58.03574089,-61.34027797,-58.03574089,-61.34027797,-58.03574089,3.75055E-08
684,683,1,-96.028742,2.688794,-87.514913,250,125,20040202, 03:44:10.0000,-61.33959463,-58.03343122,-61.33889436,-58.03112333,-61.33959463,-58.03343122,6.23829E-08
684,684,1,-97.189761,2.058049,-88.027642,250,125,20040202, 03:44:50.0000,-61.33819367,-58.0288445,-61.33747867,-58.0265765,-61.33819367,-58.0288445,4.7749E-08
684,685,1,-97.490795,1.920226,-88.008636,250,125,20040202, 03:45:30.0000,-61.33679436,-58.02426359,-61.33609367,-58.0219945,-61.33679436,-58.02426359,4.45513E-08
684,686,1,-97.030397,2.134972,-87.931388,250,125,20040202, 03:46:10.0000,-61.33539533,-58.01973367,-61.33539533,-58.01973367,-61.33539533,-58.01973367,4.95337E-08
684,687,1,-97.920511,1.739325,-85.337509,250,125,20040202, 03:46:30.0000,-61.3347025,-58.01744317,-61.33399367,-58.01517783,-61.3347025,-58.01744317,4.03542E-08
684,688,1,-90.77002,9.024639,-75.228739,250,125,20040202, 03:47:10.0000,-61.33330128,-58.01290667,-61.33258553,-58.01064947,-61.33330128,-58.01290667,2.09381E-07
684,689,1,-97.5346,1.900955,-86.685864,250,125,20040202, 03:47:50.0000,-61.33186103,-58.00839,-61.33186103,-58.00839,-61.33186103,-58.00839,4.41042E-08
684,690,1,-98.24945,1.612452,-87.833239,250,125,20040202, 03:48:10.0000,-61.33115342,-58.00611957,-61.3304445,-58.00381409,-61.33115342,-58.00611957,3.74106E-08
684,691,1,-96.169628,2.602969,-85.528939,250,125,20040202, 03:48:50.0000,-61.32974367,-58.0015445,-61.32903375,-57.99927108,-61.32974367,-58.0015445,6.03917E-08
684,692,1,-96.201546,2.583909,-86.893025,250,125,20040202, 03:49:30.0000,-61.32832842,-57.99705904,-61.327627,-57.99481117,-61.32832842,-57.99705904,5.99495E-08
684,693,1,-98.073172,1.679247,-87.720105,250,125,20040202, 03:50:10.0000,-61.32691944,-57.99255111,-61.32691944,-57.99255111,-61.32691944,-57.99255111,3.89604E-08
684,694,1,-100.536423,0.952334,-88.128149,250,125,20040202, 03:50:30.0000,-61.326227,-57.99028775,-61.32553496,-57.98800756,-61.326227,-57.99028775,2.20952E-08
684,695,1,-94.909137,3.47951,-86.037967,250,125,20040202, 03:51:10.0000,-61.32484367,-57.98573775,-61.32416175,-57.9835257,-61.32484367,-57.98573775,8.07284E-08
684,696,1,-92.202548,6.48899,-79.449819,250,125,20040202, 03:51:50.0000,-61.32344347,-57.98127714,-61.32274436,-57.97904692,-61.32344347,-57.98127714,1.50552E-07
684,697,1,-95.4924,3.042228,-86.677516,250,125,20040202, 03:52:30.0000,-61.32204509,-57.97679237,-61.32204509,-57.97679237,-61.32204509,-57.97679237,7.0583E-08
684,698,1,-96.950774,2.174475,-87.202474,250,125,20040202, 03:52:50.0000,-61.32136033,-57.97455442,-61.32069463,-57.97232423,-61.32136033,-57.97455442,5.04502E-08
684,699,1,-97.078293,2.111555,-85.216336,250,125,20040202, 03:53:30.0000,-61.320012,-57.9701265,-61.31931013,-57.96792044,-61.320012,-57.9701265,4.89904E-08
684,700,1,-96.529441,2.396005,-85.261162,250,125,20040202, 03:54:10.0000,-61.31864542,-57.96569344,-61.31797842,-57.9634757,-61.31864542,-57.96569344,5.55899E-08
684,701,1,-95.609439,2.961338,-86.182887,250,125,20040202, 03:54:50.0000,-61.31729626,-57.96126285,-61.31729626,-57.96126285,-61.31729626,-57.96126285,6.87062E-08
684,702,1,-95.492997,3.04181,-83.695606,250,125,20040202, 03:55:10.0000,-61.31662875,-57.95906011,-61.31596033,-57.95687783,-61.31662875,-57.95906011,7.05733E-08
684,703,1,-95.477919,3.05239,-85.616789,250,125,20040202, 03:55:50.0000,-61.31526692,-57.95468731,-61.31457925,-57.95248571,-61.31526692,-57.95468731,7.08187E-08
684,704,1,-96.88203,2.209169,-82.363842,250,125,20040202, 03:56:30.0000,-61.31387667,-57.95019333,-61.31317667,-57.94793667,-61.31387667,-57.95019333,5.12551E-08
684,705,1,-95.310815,3.172125,-83.473813,250,125,20040202, 03:57:10.0000,-61.31249367,-57.94567783,-61.31249367,-57.94567783,-61.31249367,-57.94567783,7.35967E-08
684,706,1,-93.776231,4.51657,-79.435271,250,125,20040202, 03:57:30.0000,-61.31182807,-57.94340789,-61.31112925,-57.94118571,-61.31182807,-57.94340789,1.04789E-07
684,707,1,-98.608614,1.484467,-83.872841,250,125,20040202, 03:58:10.0000,-61.3104602,-57.9389107,-61.30975175,-57.93663158,-61.3104602,-57.9389107,3.44412E-08
684,708,1,-98.269872,1.604888,-83.362665,250,125,20040202, 03:58:50.0000,-61.30906013,-57.9343938,-61.30836117,-57.93211408,-61.30906013,-57.9343938,3.72351E-08
684,709,1,-98.506248,1.519872,-86.243155,250,125,20040202, 03:59:30.0000,-61.30766013,-57.92982714,-61.30766013,-57.92982714,-61.30766013,-57.92982714,3.52627E-08
684,710,1,-97.194851,2.055638,-85.529327,250,125,20040202, 03:59:50.0000,-61.30697941,-57.92755294,-61.30626333,-57.925255,-61.30697941,-57.92755294,4.7693E-08
684,711,1,-94.243439,4.055907,-82.063856,250,125,20040202, 04:00:30.0000,-61.30555299,-57.92297778,-61.30483358,-57.92067736,-61.30555299,-57.92297778,9.41014E-08
684,712,1,-92.617637,5.897503,-80.351485,250,125,20040202, 04:01:10.0000,-61.30412871,-57.91841715,-61.30341033,-57.91611117,-61.30412871,-57.91841715,1.36828E-07
684,713,1,-90.036284,10.685712,-77.865687,250,125,20040202, 04:01:50.0000,-61.302695,-57.91381583,-61.302695,-57.91381583,-61.302695,-57.91381583,2.4792E-07
684,714,1,-94.53634,3.791384,-82.737025,250,125,20040202, 04:02:10.0000,-61.30196692,-57.91153731,-61.30124573,-57.90929444,-61.30196692,-57.91153731,8.79642E-08
684,715,1,-92.065319,6.697303,-80.862919,250,125,20040202, 04:02:50.0000,-61.30052927,-57.90700244,-61.29981905,-57.90466667,-61.30052927,-57.90700244,1.55385E-07
684,716,1,-101.0216,0.851671,-92.301164,250,125,20040202, 04:03:30.0000,-61.29911033,-57.9023445,-61.29911033,-57.9023445,-61.29911033,-57.9023445,1.97597E-08
684,717,1,-98.350219,1.575469,-88.084655,250,125,20040202, 04:03:50.0000,-61.29839333,-57.90001,-61.29768659,-57.89771911,-61.29839333,-57.90001,3.65526E-08
684,718,1,-95.050644,3.367964,-83.351437,250,125,20040202, 04:04:30.0000,-61.29697906,-57.89540171,-61.29626098,-57.89313984,-61.29697906,-57.89540171,7.81404E-08
684,719,1,-92.383501,6.224174,-81.527146,250,125,20040202, 04:05:10.0000,-61.2955626,-57.89087846,-61.29482906,-57.88859444,-61.2955626,-57.89087846,1.44408E-07
684,720,1,-92.646227,5.858806,-80.256196,250,125,20040202, 04:05:50.0000,-61.29411167,-57.88634208,-61.29411167,-57.88634208,-61.29411167,-57.88634208,1.35931E-07
684,721,1,-91.697607,7.289054,-78.059879,250,125,20040202, 04:06:10.0000,-61.29336752,-57.88408889,-61.29265175,-57.88181491,-61.29336752,-57.88408889,1.69114E-07
684,722,1,-92.039494,6.737246,-81.293227,250,125,20040202, 04:06:50.0000,-61.29192667,-57.87951,-61.2912119,-57.87723333,-61.29192667,-57.87951,1.56311E-07
684,723,1,-93.53235,4.777457,-83.576225,250,125,20040202, 04:07:30.0000,-61.29048632,-57.87497778,-61.29048632,-57.87497778,-61.29048632,-57.87497778,1.10842E-07
684,724,1,-95.472934,3.055895,-82.346364,250,125,20040202, 04:07:50.0000,-61.28976667,-57.87267667,-61.28907764,-57.87036341,-61.28976667,-57.87267667,7.09001E-08
684,725,1,-96.54872,2.385392,-85.549134,250,125,20040202, 04:08:30.0000,-61.28837735,-57.86806239,-61.28769333,-57.86576,-61.28837735,-57.86806239,5.53437E-08
684,726,1,-95.782437,2.845693,-84.53519,250,125,20040202, 04:09:10.0000,-61.286995,-57.8634325,-61.286995,-57.8634325,-61.286995,-57.8634325,6.60232E-08
684,727,1,-93.963806,4.325649,-82.329695,250,125,20040202, 04:09:30.0000,-61.28629667,-57.86113833,-61.28556667,-57.85888667,-61.28629667,-57.86113833,1.0036E-07
684,728,1,-89.956899,10.882833,-78.855224,250,125,20040202, 04:10:10.0000,-61.28484667,-57.85663833,-61.28413542,-57.8543325,-61.28484667,-57.85663833,2.52493E-07
684,729,1,-90.162228,10.38028,-77.359284,250,125,20040202, 04:10:50.0000,-61.28344333,-57.85203667,-61.28274524,-57.84976667,-61.28344333,-57.85203667,2.40834E-07
684,730,1,-98.109647,1.665203,-83.34363,250,125,20040202, 04:11:30.0000,-61.28204333,-57.84743667,-61.28204333,-57.84743667,-61.28204333,-57.84743667,3.86345E-08
684,731,1,-92.268054,6.391848,-77.472313,250,125,20040202, 04:11:50.0000,-61.2813598,-57.84512596,-61.28067844,-57.84281619,-61.2813598,-57.84512596,1.48298E-07
684,732,1,-95.258278,3.210732,-82.404089,250,125,20040202, 04:12:30.0000,-61.27997927,-57.84051911,-61.27927833,-57.83821583,-61.27997927,-57.84051911,7.44924E-08
684,733,1,-92.071828,6.687273,-78.748621,250,125,20040202, 04:13:10.0000,-61.27857833,-57.83589917,-61.27857833,-57.83589917,-61.27857833,-57.83589917,1.55152E-07
684,734,1,-89.100404,13.255358,-76.562823,250,125,20040202, 04:13:30.0000,-61.277895,-57.8335825,-61.27721,-57.8312,-61.277895,-57.8335825,3.07539E-07
684,735,1,-90.821145,8.919025,-80.920551,250,125,20040202, 04:14:10.0000,-61.27652857,-57.82885952,-61.27583,-57.82652167,-61.27652857,-57.82885952,2.06931E-07
684,736,1,-88.95072,13.720183,-76.035996,250,125,20040202, 04:14:50.0000,-61.27513333,-57.82417667,-61.27442667,-57.82187,-61.27513333,-57.82417667,3.18323E-07
684,737,1,-96.387828,2.475421,-86.672305,250,125,20040202, 04:15:30.0000,-61.27372647,-57.8195593,-61.27372647,-57.8195593,-61.27372647,-57.8195593,5.74324E-08
684,738,1,-101.096577,0.837094,-87.245156,250,125,20040202, 04:15:50.0000,-61.27306,-57.81721,-61.27237653,-57.81485954,-61.27306,-57.81721,1.94215E-08
684,739,1,-89.111102,13.222744,-75.521844,250,125,20040202, 04:16:30.0000,-61.27169439,-57.81256368,-61.27103333,-57.81026,-61.27169439,-57.81256368,3.06782E-07
684,740,1,-87.031572,21.343945,-76.141524,250,125,20040202, 04:17:10.0000,-61.27037181,-57.80796846,-61.27037181,-57.80796846,-61.27037181,-57.80796846,4.95203E-07
684,741,1,-92.740409,5.733119,-80.826849,250,125,20040202, 04:17:30.0000,-61.26971105,-57.80564702,-61.26907633,-57.80329217,-61.26971105,-57.80564702,1.33015E-07
684,742,1,-95.722461,2.885265,-82.610767,250,125,20040202, 04:18:10.0000,-61.26842825,-57.80090595,-61.26777967,-57.79855383,-61.26842825,-57.80090595,6.69413E-08
684,743,1,-93.432499,4.888571,-79.00135,250,125,20040202, 04:18:50.0000,-61.26711947,-57.79621786,-61.26646242,-57.79388513,-61.26711947,-57.79621786,1.1342E-07
684,744,1,-94.539588,3.788551,-86.240302,250,125,20040202, 04:19:30.0000,-61.26577967,-57.79153717,-61.26577967,-57.79153717,-61.26577967,-57.79153717,8.78985E-08
684,745,1,-83.356141,49.752826,-66.188605,250,125,20040202, 04:19:50.0000,-61.26511242,-57.7891924,-61.26443708,-57.78684458,-61.26511242,-57.7891924,1.15432E-06
684,746,1,-87.803039,17.870138,-70.841473,250,125,20040202, 04:20:30.0000,-61.26375191,-57.78448905,-61.26307667,-57.78211,-61.26375191,-57.78448905,4.14606E-07
684,747,1,-95.7381,2.874894,-85.329315,250,125,20040202, 04:21:10.0000,-61.26239333,-57.77977667,-61.26239333,-57.77977667,-61.26239333,-57.77977667,6.67007E-08
684,748,1,-90.209287,10.26841,-77.11444,250,125,20040202, 04:21:30.0000,-61.26172667,-57.77741667,-61.26104333,-57.77505,-61.26172667,-57.77741667,2.38238E-07
684,749,1,-85.634838,29.440692,-74.422323,250,125,20040202, 04:22:10.0000,-61.26036,-57.77268333,-61.25967667,-57.77031667,-61.26036,-57.77268333,6.83056E-07
684,750,1,-86.676003,23.164958,-76.909958,250,125,20040202, 04:22:50.0000,-61.25899958,-57.76794217,-61.25899958,-57.76794217,-61.25899958,-57.76794217,5.37452E-07
684,751,1,-90.650867,9.275667,-78.137241,250,125,20040202, 04:23:10.0000,-61.2583165,-57.7655762,-61.2576598,-57.76325268,-61.2583165,-57.7655762,2.15205E-07
684,752,1,-84.33328,39.728653,-76.026915,250,125,20040202, 04:23:50.0000,-61.25700308,-57.76090883,-61.25632653,-57.75855954,-61.25700308,-57.76090883,9.21748E-07
684,753,1,-86.808685,22.467946,-74.981763,250,125,20040202, 04:24:30.0000,-61.2556598,-57.75619263,-61.254993,-57.75384217,-61.2556598,-57.75619263,5.21281E-07
684,754,1,-95.108666,3.323267,-78.781594,250,125,20040202, 04:25:10.0000,-61.2543,-57.75146,-61.2543,-57.75146,-61.2543,-57.75146,7.71034E-08
684,755,1,-82.840407,56.026191,-69.340793,250,125,20040202, 04:25:30.0000,-61.2536266,-57.74910976,-61.2529432,-57.74675954,-61.2536266,-57.74910976,1.29987E-06
684,756,1,-84.162788,41.319312,-72.086569,250,125,20040202, 04:26:10.0000,-61.25227653,-57.74440954,-61.2516098,-57.74209263,-61.25227653,-57.74440954,9.58653E-07
684,757,1,-85.077354,33.473135,-76.923544,250,125,20040202, 04:26:50.0000,-61.25090967,-57.73980225,-61.25090967,-57.73980225,-61.25090967,-57.73980225,7.76613E-07
684,758,1,-84.838981,35.36175,-77.360292,250,125,20040202, 04:27:10.0000,-61.25022653,-57.73749287,-61.24954313,-57.73514925,-61.25022653,-57.73749287,8.20431E-07
684,759,1,-85.693004,29.049016,-77.49838,250,125,20040202, 04:27:50.0000,-61.24884958,-57.73279217,-61.24815987,-57.73043284,-61.24884958,-57.73279217,6.73968E-07
684,760,1,-89.314454,12.617883,-80.902635,250,125,20040202, 04:28:30.0000,-61.24747647,-57.72807596,-61.24747647,-57.72807596,-61.24747647,-57.72807596,2.92748E-07
684,761,1,-90.982194,8.594339,-80.804904,250,125,20040202, 04:28:50.0000,-61.24680967,-57.7257255,-61.24612653,-57.72339287,-61.24680967,-57.7257255,1.99398E-07
684,762,1,-91.401978,7.802505,-74.256317,250,125,20040202, 04:29:30.0000,-61.245463,-57.72106125,-61.24477967,-57.71871125,-61.245463,-57.72106125,1.81027E-07
684,763,1,-94.674271,3.672863,-81.777343,250,125,20040202, 04:30:10.0000,-61.24409633,-57.71634458,-61.24339633,-57.71396125,-61.24409633,-57.71634458,8.52144E-08
684,764,1,-88.523676,15.13785,-77.114936,250,125,20040202, 04:30:50.0000,-61.242713,-57.71158717,-61.242713,-57.71158717,-61.242713,-57.71158717,3.51214E-07
684,765,1,-85.035899,33.794182,-74.520734,250,125,20040202, 04:31:10.0000,-61.24204633,-57.7092205,-61.241363,-57.70687975,-61.24204633,-57.7092205,7.84061E-07
684,766,1,-86.890882,22.046703,-76.824947,250,125,20040202, 04:31:50.0000,-61.24067967,-57.70453717,-61.23999538,-57.70218385,-61.24067967,-57.70453717,5.11507E-07
684,767,1,-83.251699,50.963815,-75.365218,250,125,20040202, 04:32:30.0000,-61.23932042,-57.69981125,-61.23932042,-57.69981125,-61.23932042,-57.69981125,1.18242E-06
684,768,1,-83.315753,50.217668,-76.368275,250,125,20040202, 04:32:50.0000,-61.23862967,-57.69745383,-61.23792872,-57.69513385,-61.23862967,-57.69745383,1.1651E-06
684,769,1,-85.351895,31.422617,-76.324029,250,125,20040202, 04:33:30.0000,-61.23722967,-57.69283717,-61.23653708,-57.69047792,-61.23722967,-57.69283717,7.29039E-07
684,770,1,-84.584358,37.496956,-74.577015,250,125,20040202, 04:34:10.0000,-61.23582967,-57.68812792,-61.23582967,-57.68812792,-61.23582967,-57.68812792,8.6997E-07
684,771,1,-86.254303,25.527106,-78.027649,250,125,20040202, 04:34:30.0000,-61.23512967,-57.68574458,-61.23443618,-57.68333463,-61.23512967,-57.68574458,5.92256E-07
684,772,1,-86.057141,26.712695,-78.609829,250,125,20040202, 04:35:10.0000,-61.23374633,-57.68096125,-61.233063,-57.67856125,-61.23374633,-57.68096125,6.19763E-07
684,773,1,-86.8102,22.460109,-76.77224,250,125,20040202, 04:35:50.0000,-61.23240375,-57.67617792,-61.23240375,-57.67617792,-61.23240375,-57.67617792,5.21099E-07
684,774,1,-81.679719,73.191382,-74.227092,250,125,20040202, 04:36:10.0000,-61.23172967,-57.67380383,-61.23106228,-57.67143463,-61.23172967,-57.67380383,1.69812E-06
684,775,1,-84.275667,40.259202,-73.489327,250,125,20040202, 04:36:50.0000,-61.23037933,-57.669086,-61.22968667,-57.666736,-61.23037933,-57.669086,9.34057E-07
684,776,1,-86.753791,22.75374,-77.328161,250,125,20040202, 04:37:30.0000,-61.22898667,-57.664386,-61.22898667,-57.664386,-61.22898667,-57.664386,5.27911E-07
684,777,1,-85.009641,33.999127,-74.094466,250,125,20040202, 04:37:50.0000,-61.22831267,-57.66200267,-61.22763667,-57.659636,-61.22831267,-57.66200267,7.88816E-07
684,778,1,-83.075591,53.072886,-75.32979,250,125,20040202, 04:38:30.0000,-61.22696267,-57.657286,-61.22627933,-57.654936,-61.22696267,-57.657286,1.23135E-06
684,779,1,-85.00775,34.013933,-76.251138,250,125,20040202, 04:39:10.0000,-61.22556833,-57.65258133,-61.22487933,-57.65024333,-61.22556833,-57.65258133,7.8916E-07
684,780,1,-86.846612,22.272585,-77.858915,250,125,20040202, 04:39:50.0000,-61.22417876,-57.64788399,-61.22417876,-57.64788399,-61.22417876,-57.64788399,5.16748E-07
684,781,1,-88.529832,15.116408,-76.653959,250,125,20040202, 04:40:10.0000,-61.22348667,-57.64554333,-61.22278667,-57.64316933,-61.22348667,-57.64554333,3.50717E-07
684,782,1,-82.018848,67.693507,-72.975021,250,125,20040202, 04:40:50.0000,-61.22210533,-57.64081933,-61.221446,-57.63850267,-61.22210533,-57.64081933,1.57056E-06
684,783,1,-79.940955,109.228596,-73.232942,250,125,20040202, 04:41:30.0000,-61.22077933,-57.63621933,-61.22077933,-57.63621933,-61.22077933,-57.63621933,2.53422E-06
684,784,1,-82.109313,66.298023,-73.298363,250,125,20040202, 04:41:50.0000,-61.22008667,-57.63390267,-61.219396,-57.63159333,-61.22008667,-57.63390267,1.53819E-06
684,785,1,-82.883324,55.475267,-73.873511,250,125,20040202, 04:42:30.0000,-61.21872,-57.62926933,-61.218046,-57.62696933,-61.21872,-57.62926933,1.28709E-06
684,786,1,-80.226227,102.284339,-70.791617,250,125,20040202, 04:43:10.0000,-61.21736267,-57.62467867,-61.21669528,-57.62240016,-61.21736267,-57.62467867,2.37311E-06
684,787,1,-78.585893,149.225341,-69.508141,250,125,20040202, 04:43:50.0000,-61.21602862,-57.62012634,-61.21602862,-57.62012634,-61.21602862,-57.62012634,3.46219E-06
684,788,1,-78.699432,145.374631,-69.946574,250,125,20040202, 04:44:10.0000,-61.21536267,-57.61785267,-61.214696,-57.61556933,-61.21536267,-57.61785267,3.37285E-06
684,789,1,-78.954113,137.094663,-70.887539,250,125,20040202, 04:44:50.0000,-61.213996,-57.61330267,-61.21327933,-57.611036,-61.213996,-57.61330267,3.18074E-06
684,790,1,-78.177025,163.956751,-68.254736,250,125,20040202, 04:45:30.0000,-61.21259504,-57.60874932,-61.21259504,-57.60874932,-61.21259504,-57.60874932,3.80397E-06
684,791,1,-79.206532,129.35363,-69.295829,250,125,20040202, 04:45:50.0000,-61.211896,-57.60646933,-61.211196,-57.60415267,-61.211896,-57.60646933,3.00114E-06
684,792,1,-79.204077,129.426787,-68.013603,250,125,20040202, 04:46:30.0000,-61.21049504,-57.60185889,-61.20979528,-57.59955967,-61.21049504,-57.60185889,3.00284E-06
684,793,1,-81.685192,73.099211,-70.77486,250,125,20040202, 04:47:10.0000,-61.20909524,-57.59725,-61.208396,-57.594936,-61.20909524,-57.59725,1.69598E-06
684,794,1,-83.140316,52.287789,-71.508901,250,125,20040202, 04:47:50.0000,-61.20766195,-57.5926335,-61.20766195,-57.5926335,-61.20766195,-57.5926335,1.21313E-06
684,795,1,-81.617115,74.254087,-70.749857,250,125,20040202, 04:48:10.0000,-61.20695333,-57.59031,-61.20623667,-57.58800267,-61.20695333,-57.59031,1.72277E-06
684,796,1,-82.488313,60.757594,-72.541571,250,125,20040202, 04:48:50.0000,-61.20552933,-57.58572867,-61.20482933,-57.583462,-61.20552933,-57.58572867,1.40964E-06
684,797,1,-79.726003,114.770846,-71.028929,250,125,20040202, 04:49:30.0000,-61.204146,-57.58119533,-61.204146,-57.58119533,-61.204146,-57.58119533,2.66281E-06
684,798,1,-79.095117,132.715042,-69.47845,250,125,20040202, 04:49:50.0000,-61.20346195,-57.57891683,-61.20277933,-57.57667867,-61.20346195,-57.57891683,3.07913E-06
684,799,1,-79.80728,112.642915,-69.153315,250,125,20040202, 04:50:30.0000,-61.20208867,-57.57442867,-61.201396,-57.572162,-61.20208867,-57.57442867,2.61344E-06
684,800,1,-78.517603,151.590351,-69.118933,250,125,20040202, 04:51:10.0000,-61.20067933,-57.56989533,-61.19996267,-57.567612,-61.20067933,-57.56989533,3.51706E-06
684,801,1,-78.761081,143.325576,-70.585982,250,125,20040202, 04:51:50.0000,-61.199246,-57.56534533,-61.199246,-57.56534533,-61.199246,-57.56534533,3.32531E-06
684,802,1,-79.415716,123.270799,-69.370418,250,125,20040202, 04:52:10.0000,-61.198546,-57.56307867,-61.197846,-57.56077867,-61.198546,-57.56307867,2.86002E-06
684,803,1,-81.283102,80.190272,-71.207362,250,125,20040202, 04:52:50.0000,-61.197146,-57.55850267,-61.19647933,-57.55621933,-61.197146,-57.55850267,1.8605E-06
684,804,1,-78.674447,146.21339,-68.906398,250,125,20040202, 04:53:30.0000,-61.19582767,-57.55395375,-61.19516267,-57.55169533,-61.19582767,-57.55395375,3.39231E-06
684,805,1,-79.371318,124.53747,-70.32048,250,125,20040202, 04:54:10.0000,-61.194496,-57.549462,-61.194496,-57.549462,-61.194496,-57.549462,2.8894E-06
684,806,1,-79.014367,135.205729,-70.444411,250,125,20040202, 04:54:30.0000,-61.19382613,-57.54724146,-61.19312838,-57.54499932,-61.19382613,-57.54724146,3.13692E-06
684,807,1,-79.660694,116.509792,-72.121552,250,125,20040202, 04:55:10.0000,-61.19243458,-57.54274683,-61.19173224,-57.5405005,-61.19243458,-57.54274683,2.70315E-06
684,808,1,-80.975317,86.079583,-73.885863,250,125,20040202, 04:55:50.0000,-61.191026,-57.53822433,-61.191026,-57.53822433,-61.191026,-57.53822433,1.99714E-06
684,809,1,-77.725445,181.922878,-69.809061,250,125,20040202, 04:56:10.0000,-61.19032767,-57.53593017,-61.18963333,-57.53365333,-61.19032767,-57.53593017,4.22081E-06
684,810,1,-80.251978,101.679649,-71.417784,250,125,20040202, 04:56:50.0000,-61.188911,-57.53139683,-61.188211,-57.52909683,-61.188911,-57.53139683,2.35908E-06
684,811,1,-80.629491,93.214351,-71.959432,250,125,20040202, 04:57:30.0000,-61.18749974,-57.52680928,-61.186809,-57.52455008,-61.18749974,-57.52680928,2.16267E-06
684,812,1,-81.281358,80.222471,-72.371683,250,125,20040202, 04:58:10.0000,-61.18612767,-57.52228992,-61.18612767,-57.52228992,-61.18612767,-57.52228992,1.86125E-06
684,813,1,-81.78793,71.390233,-71.877656,250,125,20040202, 04:58:30.0000,-61.18541233,-57.52003483,-61.184711,-57.51774683,-61.18541233,-57.52003483,1.65633E-06
684,814,1,-79.106898,132.355525,-70.373197,250,125,20040202, 04:59:10.0000,-61.18402587,-57.51546741,-61.1833258,-57.51316717,-61.18402587,-57.51546741,3.07079E-06
684,815,1,-80.308038,100.375565,-70.484672,250,125,20040202, 04:59:50.0000,-61.18262767,-57.51085658,-61.18262767,-57.51085658,-61.18262767,-57.51085658,2.32882E-06
684,816,1,-80.347736,99.462231,-69.334721,250,125,20040202, 05:00:10.0000,-61.1819092,-57.50854055,-61.181176,-57.50621783,-61.1819092,-57.50854055,2.30763E-06
684,817,1,-82.88534,55.449525,-70.184598,250,125,20040202, 05:00:50.0000,-61.180459,-57.50388983,-61.17974233,-57.50156675,-61.180459,-57.50388983,1.28649E-06
684,818,1,-84.679279,36.686304,-72.71961,250,125,20040202, 05:01:30.0000,-61.17904233,-57.49923342,-61.17836067,-57.4969055,-61.17904233,-57.49923342,8.51162E-07
684,819,1,-80.157461,103.916791,-71.994015,250,125,20040202, 05:02:10.0000,-61.17769429,-57.49461333,-61.17769429,-57.49461333,-61.17769429,-57.49461333,2.41098E-06
684,820,1,-80.120091,104.814832,-72.798664,250,125,20040202, 05:02:30.0000,-61.17704246,-57.49228384,-61.1763701,-57.48998709,-61.17704246,-57.49228384,2.43182E-06
684,821,1,-84.436222,38.798026,-73.157368,250,125,20040202, 05:03:10.0000,-61.17571095,-57.48768976,-61.1750536,-57.48537789,-61.17571095,-57.48768976,9.00156E-07
684,822,1,-84.768994,35.936227,-75.434703,250,125,20040202, 05:03:50.0000,-61.174359,-57.48307958,-61.174359,-57.48307958,-61.174359,-57.48307958,8.33759E-07
684,823,1,-79.582851,118.616944,-68.945154,250,125,20040202, 05:04:10.0000,-61.17367829,-57.48081569,-61.17299246,-57.47854028,-61.17367829,-57.48081569,2.75204E-06
684,824,1,-79.680241,115.986577,-71.690778,250,125,20040202, 05:04:50.0000,-61.17227567,-57.4762565,-61.17156233,-57.47396817,-61.17227567,-57.4762565,2.69101E-06
684,825,1,-78.647454,147.125,-69.603043,250,125,20040202, 05:05:30.0000,-61.17086567,-57.47169055,-61.17016542,-57.46941675,-61.17086567,-57.47169055,3.41346E-06
684,826,1,-78.69092,145.659848,-69.632474,250,125,20040202, 05:06:10.0000,-61.16946067,-57.46714567,-61.16946067,-57.46714567,-61.16946067,-57.46714567,3.37947E-06
684,827,1,-80.117557,104.875997,-68.751481,250,125,20040202, 05:06:30.0000,-61.16876,-57.46486,-61.16806163,-57.46261569,-61.16876,-57.46486,2.43324E-06
684,828,1,-76.866199,221.723622,-58.92585,250,125,20040202, 05:07:10.0000,-61.16737587,-57.46035075,-61.16671067,-57.45809867,-61.16737587,-57.46035075,5.14423E-06
684,829,1,-73.565361,474.128188,-55.187691,250,125,20040202, 05:07:50.0000,-61.16604233,-57.45583983,-61.16534496,-57.45361569,-61.16604233,-57.45583983,1.10003E-05
684,830,1,-80.877802,88.034235,-73.440398,250,125,20040202, 05:08:30.0000,-61.16466233,-57.45139425,-61.16466233,-57.45139425,-61.16466233,-57.45139425,2.04249E-06
684,831,1,-83.928065,43.613943,-70.722734,250,125,20040202, 05:08:50.0000,-61.163959,-57.44913342,-61.163244,-57.446879,-61.163959,-57.44913342,1.01189E-06
684,832,1,-80.501877,95.994007,-71.102282,250,125,20040202, 05:09:30.0000,-61.16252702,-57.44457114,-61.16182733,-57.44231233,-61.16252702,-57.44457114,2.22716E-06
684,833,1,-81.841345,70.517567,-74.306688,250,125,20040202, 05:10:10.0000,-61.161099,-57.44002388,-61.161099,-57.44002388,-61.161099,-57.44002388,1.63608E-06
684,834,1,-81.906411,69.468953,-74.00523,250,125,20040202, 05:10:30.0000,-61.16037829,-57.43774195,-61.15967567,-57.4354065,-61.16037829,-57.43774195,1.61175E-06
684,835,1,-81.757502,71.892179,-73.415052,250,125,20040202, 05:11:10.0000,-61.15897587,-57.43307388,-61.15827567,-57.43073983,-61.15897587,-57.43307388,1.66798E-06
684,836,1,-83.188248,51.713867,-74.171242,250,125,20040202, 05:11:50.0000,-61.15759233,-57.42837958,-61.15759233,-57.42837958,-61.15759233,-57.42837958,1.19982E-06
684,837,1,-81.549883,75.412532,-71.519777,250,125,20040202, 05:12:10.0000,-61.156899,-57.42604055,-61.15622702,-57.42375132,-61.156899,-57.42604055,1.74965E-06
684,838,1,-82.302284,63.416665,-71.305467,250,125,20040202, 05:12:50.0000,-61.15553417,-57.42139567,-61.15484496,-57.41908943,-61.15553417,-57.42139567,1.47134E-06
684,839,1,-83.692495,46.044982,-75.394334,250,125,20040202, 05:13:30.0000,-61.15416035,-57.41676123,-61.15346067,-57.414479,-61.15416035,-57.41676123,1.06829E-06
684,840,1,-82.912094,55.108986,-73.7852,250,125,20040202, 05:14:10.0000,-61.15276786,-57.41218,-61.15276786,-57.41218,-61.15276786,-57.41218,1.27859E-06
684,841,1,-82.253608,64.131454,-72.643531,250,125,20040202, 05:14:30.0000,-61.15206838,-57.40989812,-61.15136067,-57.40761233,-61.15206838,-57.40989812,1.48792E-06
684,842,1,-84.759626,36.013821,-74.276307,250,125,20040202, 05:15:10.0000,-61.15064233,-57.4053065,-61.14995,-57.40298333,-61.15064233,-57.4053065,8.35559E-07
684,843,1,-83.651242,46.484441,-69.860807,250,125,20040202, 05:15:50.0000,-61.14924213,-57.40063911,-61.14924213,-57.40063911,-61.14924213,-57.40063911,1.07849E-06
684,844,1,-82.714795,57.670313,-73.31287,250,125,20040202, 05:16:10.0000,-61.14854368,-57.39834456,-61.14787702,-57.39604456,-61.14854368,-57.39834456,1.33801E-06
684,845,1,-82.430774,61.567909,-73.513425,250,125,20040202, 05:16:50.0000,-61.14719233,-57.39372317,-61.14649233,-57.3914065,-61.14719233,-57.39372317,1.42844E-06
684,846,1,-83.918875,43.706327,-73.765029,250,125,20040202, 05:17:30.0000,-61.14577667,-57.38906667,-61.14509221,-57.38677272,-61.14577667,-57.38906667,1.01403E-06
684,847,1,-80.510581,95.801808,-72.608063,250,125,20040202, 05:18:10.0000,-61.14441144,-57.3844817,-61.14441144,-57.3844817,-61.14441144,-57.3844817,2.22271E-06
684,848,1,-79.71954,114.941764,-70.9857,250,125,20040202, 05:18:30.0000,-61.14372667,-57.38214333,-61.14302733,-57.3798555,-61.14372667,-57.38214333,2.66677E-06
684,849,1,-82.110735,66.276317,-73.280226,250,125,20040202, 05:19:10.0000,-61.14230945,-57.37752474,-61.14159931,-57.37520155,-61.14230945,-57.37752474,1.53768E-06
684,850,1,-77.968046,172.039131,-66.815295,250,125,20040202, 05:19:50.0000,-61.1408932,-57.37287621,-61.1408932,-57.37287621,-61.1408932,-57.37287621,3.99149E-06
684,851,1,-82.034931,67.443284,-70.786955,250,125,20040202, 05:20:10.0000,-61.14017554,-57.37053939,-61.1394675,-57.3682055,-61.14017554,-57.37053939,1.56476E-06
684,852,1,-82.018142,67.70452,-71.004997,250,125,20040202, 05:20:50.0000,-61.1387781,-57.36586503,-61.138094,-57.36354567,-61.1387781,-57.36586503,1.57082E-06
684,853,1,-83.920114,43.693858,-73.788198,250,125,20040202, 05:21:30.0000,-61.13742092,-57.36123095,-61.13742092,-57.36123095,-61.13742092,-57.36123095,1.01374E-06
684,854,1,-85.492217,30.423566,-73.99995,250,125,20040202, 05:21:50.0000,-61.13670867,-57.358922,-61.13598293,-57.3565922,-61.13670867,-57.358922,7.0586E-07
684,855,1,-82.635528,58.732575,-72.237096,250,125,20040202, 05:22:30.0000,-61.135265,-57.35430533,-61.13454436,-57.35199692,-61.135265,-57.35430533,1.36266E-06
684,856,1,-82.272008,63.860316,-73.110633,250,125,20040202, 05:23:10.0000,-61.13382647,-57.34969265,-61.13382647,-57.34969265,-61.13382647,-57.34969265,1.48163E-06
684,857,1,-87.920031,17.395173,-75.925106,250,125,20040202, 05:23:30.0000,-61.13311103,-57.34740667,-61.13239833,-57.345122,-61.13311103,-57.34740667,4.03587E-07
684,858,1,-87.266945,20.217961,-74.928858,250,125,20040202, 05:24:10.0000,-61.13170258,-57.34278983,-61.13100879,-57.34048911,-61.13170258,-57.34278983,4.69079E-07
684,859,1,-86.202777,25.831769,-74.642243,250,125,20040202, 05:24:50.0000,-61.13032533,-57.33813867,-61.129627,-57.33586117,-61.13032533,-57.33813867,5.99325E-07
684,860,1,-84.133551,41.598407,-74.223313,250,125,20040202, 05:25:30.0000,-61.12894436,-57.33356359,-61.12894436,-57.33356359,-61.12894436,-57.33356359,9.65128E-07
684,861,1,-83.613846,46.886436,-73.551355,250,125,20040202, 05:25:50.0000,-61.128242,-57.331245,-61.12756103,-57.32899,-61.128242,-57.331245,1.08782E-06
684,862,1,-80.773684,90.170291,-70.597957,250,125,20040202, 05:26:30.0000,-61.126877,-57.32676117,-61.12619463,-57.32447154,-61.126877,-57.32676117,2.09205E-06
684,863,1,-82.470632,61.005448,-73.643973,250,125,20040202, 05:27:10.0000,-61.12551047,-57.32220486,-61.12551047,-57.32220486,-61.12551047,-57.32220486,1.41539E-06
684,864,1,-84.792451,35.742648,-75.20447,250,125,20040202, 05:27:30.0000,-61.12482769,-57.31993026,-61.12413167,-57.31763867,-61.12482769,-57.31993026,8.29268E-07
684,865,1,-86.705859,23.006254,-75.194699,250,125,20040202, 05:28:10.0000,-61.123442,-57.315372,-61.12274915,-57.31312427,-61.123442,-57.315372,5.3377E-07
684,866,1,-85.104657,33.263364,-75.627267,250,125,20040202, 05:28:50.0000,-61.122062,-57.3108075,-61.121342,-57.30848867,-61.122062,-57.3108075,7.71746E-07
684,867,1,-83.311669,50.264918,-74.882981,250,125,20040202, 05:29:30.0000,-61.12067533,-57.306249,-61.12067533,-57.306249,-61.12067533,-57.306249,1.1662E-06
684,868,1,-82.77237,56.910817,-74.008949,250,125,20040202, 05:29:50.0000,-61.1199613,-57.30399089,-61.11927533,-57.30175533,-61.1199613,-57.30399089,1.32039E-06
684,869,1,-83.628321,46.730425,-74.157548,250,125,20040202, 05:30:30.0000,-61.11859333,-57.29951,-61.11789463,-57.29722423,-61.11859333,-57.29951,1.0842E-06
684,870,1,-78.383458,156.345738,-62.329724,250,125,20040202, 05:31:10.0000,-61.11718462,-57.29494692,-61.11649436,-57.29269,-61.11718462,-57.29494692,3.62739E-06
684,871,1,-85.267662,32.038016,-74.608139,250,125,20040202, 05:31:50.0000,-61.11576516,-57.29041608,-61.11576516,-57.29041608,-61.11576516,-57.29041608,7.43317E-07
684,872,1,-82.461428,61.134872,-73.357672,250,125,20040202, 05:32:10.0000,-61.11504221,-57.28811633,-61.11433125,-57.28588125,-61.11504221,-57.28811633,1.41839E-06
684,873,1,-83.501027,48.120385,-72.959213,250,125,20040202, 05:32:50.0000,-61.11362533,-57.28363867,-61.11294221,-57.281383,-61.11362533,-57.28363867,1.11644E-06
684,874,1,-82.679792,58.137004,-74.633849,250,125,20040202, 05:33:30.0000,-61.11226,-57.27912667,-61.11226,-57.27912667,-61.11226,-57.27912667,1.34884E-06
684,875,1,-87.432414,19.462131,-71.054084,250,125,20040202, 05:33:50.0000,-61.11156033,-57.276881,-61.110865,-57.27463233,-61.11156033,-57.276881,4.51542E-07
684,876,1,-86.498822,24.129572,-70.447191,250,125,20040202, 05:34:30.0000,-61.11015879,-57.27238275,-61.10947533,-57.27008867,-61.11015879,-57.27238275,5.59832E-07
684,877,1,-71.421643,776.725384,-52.115801,250,125,20040202, 05:35:10.0000,-61.1087773,-57.26784556,-61.10811103,-57.26562333,-61.1087773,-57.26784556,1.80209E-05
684,878,1,-82.022871,67.630829,-71.589053,250,125,20040202, 05:35:50.0000,-61.10739187,-57.26333192,-61.10739187,-57.26333192,-61.10739187,-57.26333192,1.56911E-06
684,879,1,-83.82568,44.654358,-69.956437,250,125,20040202, 05:36:10.0000,-61.106692,-57.261049,-61.10601103,-57.25880667,-61.106692,-57.261049,1.03603E-06
684,880,1,-77.489037,192.100348,-59.916,250,125,20040202, 05:36:50.0000,-61.10532797,-57.25655756,-61.10464463,-57.25431455,-61.10532797,-57.25655756,4.45694E-06
684,881,1,-71.020229,851.939849,-52.397621,250,125,20040202, 05:37:30.0000,-61.10392667,-57.25208667,-61.10322533,-57.24986567,-61.10392667,-57.25208667,1.97659E-05
684,882,1,-89.05456,13.39602,-75.03481,250,125,20040202, 05:38:10.0000,-61.10251777,-57.24762287,-61.10251777,-57.24762287,-61.10251777,-57.24762287,3.10802E-07
684,883,1,-72.620888,589.30893,-53.581808,250,125,20040202, 05:38:30.0000,-61.10180208,-57.24539208,-61.10110208,-57.24316583,-61.10180208,-57.24539208,1.36726E-05
684,884,1,-85.598279,29.689572,-75.243127,250,125,20040202, 05:39:10.0000,-61.10039514,-57.24091633,-61.09969444,-57.23867361,-61.10039514,-57.24091633,6.8883E-07
684,885,1,-88.143968,16.52095,-76.339436,250,125,20040202, 05:39:50.0000,-61.09897778,-57.23641389,-61.09826806,-57.23412361,-61.09897778,-57.23641389,3.83304E-07
684,886,1,-91.078538,8.40578,-80.2321,250,125,20040202, 05:40:30.0000,-61.09757833,-57.2318325,-61.09757833,-57.2318325,-61.09757833,-57.2318325,1.95023E-07
684,887,1,-90.694203,9.183569,-79.014914,250,125,20040202, 05:40:50.0000,-61.09689444,-57.22956389,-61.09621167,-57.22731583,-61.09689444,-57.22956389,2.13069E-07
684,888,1,-89.773889,11.351232,-77.812923,250,125,20040202, 05:41:30.0000,-61.09552755,-57.22504643,-61.09482735,-57.22283889,-61.09552755,-57.22504643,2.63361E-07
684,889,1,-87.040411,21.300549,-78.993316,250,125,20040202, 05:42:10.0000,-61.09412764,-57.22062317,-61.09412764,-57.22062317,-61.09412764,-57.22062317,4.94196E-07
684,890,1,-91.165047,8.239999,-80.873523,250,125,20040202, 05:42:30.0000,-61.09341167,-57.21840875,-61.09269807,-57.21615461,-61.09341167,-57.21840875,1.91177E-07
684,891,1,-71.267744,804.74351,-52.264201,250,125,20040202, 05:43:10.0000,-61.09201167,-57.2139325,-61.09131875,-57.21171583,-61.09201167,-57.2139325,1.86709E-05
684,892,1,-93.181145,5.179851,-80.065196,250,125,20040202, 05:43:50.0000,-61.09062764,-57.20949675,-61.08993125,-57.20726458,-61.09062764,-57.20949675,1.20178E-07
684,893,1,-101.24389,0.809176,-86.645842,250,125,20040202, 05:44:30.0000,-61.0892864,-57.20502544,-61.0892864,-57.20502544,-61.0892864,-57.20502544,1.87738E-08
684,894,1,-84.8418,35.338808,-73.010449,250,125,20040202, 05:44:50.0000,-61.08864333,-57.20278667,-61.08800854,-57.20056526,-61.08864333,-57.20278667,8.19898E-07
684,895,1,-91.343567,7.908154,-78.264566,250,125,20040202, 05:45:30.0000,-61.08735867,-57.19833233,-61.08666789,-57.19608984,-61.08735867,-57.19833233,1.83478E-07
684,896,1,-96.017377,2.69584,-83.643937,250,125,20040202, 05:46:10.0000,-61.08597533,-57.19384267,-61.08531167,-57.19165167,-61.08597533,-57.19384267,6.25464E-08
684,897,1,-68.159901,1646.045051,-51.17114,250,125,20040202, 05:46:50.0000,-61.08462764,-57.18942317,-61.083945,-57.18717542,-61.08462764,-57.18942317,3.819E-05
684,898,1,-99.947458,1.090652,-89.572573,250,125,20040202, 05:47:30.0000,-61.08327667,-57.18495333,-61.08327667,-57.18495333,-61.08327667,-57.18495333,2.53043E-08
684,899,1,-93.329001,5.006472,-76.461474,250,125,20040202, 05:47:50.0000,-61.08261098,-57.18272317,-61.08194231,-57.18051667,-61.08261098,-57.18272317,1.16156E-07
684,900,1,-89.03672,13.451163,-76.527845,250,125,20040202, 05:48:30.0000,-61.08127833,-57.17832542,-61.08061167,-57.17610875,-61.08127833,-57.17832542,3.12081E-07
684,901,1,-87.181296,20.620643,-75.810832,250,125,20040202, 05:49:10.0000,-61.079945,-57.17389208,-61.07928618,-57.17168455,-61.079945,-57.17389208,4.78421E-07
684,902,1,-94.792509,3.574217,-79.627122,250,125,20040202, 05:49:50.0000,-61.07862833,-57.16947542,-61.07862833,-57.16947542,-61.07862833,-57.16947542,8.29257E-08
684,903,1,-92.484856,6.080597,-78.661262,250,125,20040202, 05:50:10.0000,-61.07798681,-57.16725395,-61.07729298,-57.16504211,-61.07798681,-57.16725395,1.41076E-07
684,904,1,-80.694891,91.821143,-63.919926,250,125,20040202, 05:50:50.0000,-61.07661706,-57.1628377,-61.07594792,-57.16061458,-61.07661706,-57.1628377,2.13035E-06
684,905,1,-78.679234,146.05231,-61.027541,250,125,20040202, 05:51:30.0000,-61.07525897,-57.15838333,-61.07457488,-57.15616418,-61.07525897,-57.15838333,3.38857E-06
684,906,1,-91.248212,8.083708,-80.020673,250,125,20040202, 05:52:10.0000,-61.07389154,-57.15393085,-61.07389154,-57.15393085,-61.07389154,-57.15393085,1.87551E-07
684,907,1,-70.141141,1043.080308,-52.578844,250,125,20040202, 05:52:30.0000,-61.07324231,-57.15166667,-61.07256432,-57.14938677,-61.07324231,-57.15166667,2.42006E-05
684,908,1,-87.835518,17.736996,-77.321579,250,125,20040202, 05:53:10.0000,-61.07189333,-57.14715333,-61.07121,-57.14494333,-61.07189333,-57.14715333,4.11517E-07
684,909,1,-77.8469,176.905706,-60.911033,250,125,20040202, 05:53:50.0000,-61.07052577,-57.14275043,-61.06984352,-57.14052062,-61.07052577,-57.14275043,4.1044E-06
684,910,1,-106.939957,0.21799,-91.293461,250,125,20040202, 05:54:30.0000,-61.06915897,-57.13823974,-61.06915897,-57.13823974,-61.06915897,-57.13823974,5.0576E-09
684,911,1,-89.141985,13.129051,-74.857114,250,125,20040202, 05:54:50.0000,-61.06847564,-57.13598974,-61.06781,-57.13376,-61.06847564,-57.13598974,3.04608E-07
684,912,1,-81.529979,75.758956,-73.473412,250,125,20040202, 05:55:30.0000,-61.06712479,-57.13153057,-61.06642564,-57.12931667,-61.06712479,-57.13153057,1.75769E-06
684,913,1,-83.745244,45.489107,-74.056813,250,125,20040202, 05:56:10.0000,-61.06575922,-57.12708414,-61.06507564,-57.12486667,-61.06575922,-57.12708414,1.0554E-06
684,914,1,-64.305233,3998.604924,-50.730517,250,125,20040202, 05:56:50.0000,-61.064425,-57.12260417,-61.064425,-57.12260417,-61.064425,-57.12260417,9.27719E-05
684,915,1,-85.423564,30.908323,-76.133297,250,125,20040202, 05:57:10.0000,-61.06377667,-57.12035333,-61.06312632,-57.11810877,-61.06377667,-57.12035333,7.17106E-07
684,916,1,-91.871857,7.002387,-77.930589,250,125,20040202, 05:57:50.0000,-61.06246,-57.11587,-61.06179402,-57.11363889,-61.06246,-57.11587,1.62463E-07
684,917,1,-83.338828,49.951555,-73.662095,250,125,20040202, 05:58:30.0000,-61.06114388,-57.1114051,-61.06050275,-57.10918414,-61.06114388,-57.1114051,1.15893E-06
684,918,1,-72.98303,542.161661,-57.555481,250,125,20040202, 05:59:10.0000,-61.05986172,-57.10696601,-61.05921078,-57.10472255,-61.05986172,-57.10696601,1.25787E-05
684,919,1,-78.668305,146.4203,-69.525184,250,125,20040202, 05:59:50.0000,-61.05855821,-57.10249751,-61.05855821,-57.10249751,-61.05855821,-57.10249751,3.39711E-06
684,920,1,-72.195439,649.961945,-58.449953,250,125,20040202, 06:00:10.0000,-61.05790935,-57.10026789,-61.05724467,-57.09805767,-61.05790935,-57.10026789,1.50798E-05
684,921,1,-72.815078,563.539127,-54.990203,250,125,20040202, 06:00:50.0000,-61.05656054,-57.0958551,-61.05587543,-57.09363265,-61.05656054,-57.0958551,1.30747E-05
684,922,1,-80.959812,86.387449,-71.644172,250,125,20040202, 06:01:30.0000,-61.055228,-57.09138133,-61.05459412,-57.08913922,-61.055228,-57.09138133,2.00428E-06
684,923,1,-84.782899,35.821351,-72.564928,250,125,20040202, 06:02:10.0000,-61.05394167,-57.08687083,-61.05394167,-57.08687083,-61.05394167,-57.08687083,8.31094E-07
684,924,1,-82.33988,62.870059,-67.953572,250,125,20040202, 06:02:30.0000,-61.05331034,-57.08462786,-61.05267467,-57.08236967,-61.05331034,-57.08462786,1.45865E-06
684,925,1,-85.924286,27.542493,-73.258722,250,125,20040202, 06:03:10.0000,-61.05202633,-57.08015883,-61.05137667,-57.07794333,-61.05202633,-57.08015883,6.39016E-07
684,926,1,-84.947436,34.489606,-73.586976,250,125,20040202, 06:03:50.0000,-61.05072488,-57.0757204,-61.05008542,-57.07353125,-61.05072488,-57.0757204,8.00196E-07
684,927,1,-83.30318,50.363266,-76.387033,250,125,20040202, 06:04:30.0000,-61.049478,-57.07136467,-61.04884467,-57.069191,-61.049478,-57.07136467,1.16848E-06
684,928,1,-84.40103,39.113691,-77.245437,250,125,20040202, 06:05:10.0000,-61.04820821,-57.06700796,-61.04820821,-57.06700796,-61.04820821,-57.06700796,9.0748E-07
684,929,1,-91.426302,7.758926,-79.199687,250,125,20040202, 06:05:30.0000,-61.0475593,-57.06483439,-61.04689467,-57.06265767,-61.0475593,-57.06483439,1.80015E-07
684,930,1,-82.881363,55.500323,-75.051015,250,125,20040202, 06:06:10.0000,-61.04625359,-57.06045444,-61.045621,-57.05823133,-61.04625359,-57.06045444,1.28767E-06
684,931,1,-72.499978,605.94613,-57.422448,250,125,20040202, 06:06:50.0000,-61.04499467,-57.05598133,-61.04437521,-57.05373192,-61.04499467,-57.05598133,1.40586E-05
684,932,1,-71.780872,715.0636,-53.538717,250,125,20040202, 06:07:30.0000,-61.04377479,-57.05148677,-61.04315308,-57.04925883,-61.04377479,-57.05148677,1.65902E-05
684,933,1,-83.355033,49.765523,-73.871253,250,125,20040202, 06:08:10.0000,-61.04252467,-57.04698633,-61.04252467,-57.04698633,-61.04252467,-57.04698633,1.15461E-06
684,934,1,-82.302913,63.407487,-69.260378,250,125,20040202, 06:08:30.0000,-61.04190359,-57.04475444,-61.041278,-57.04252433,-61.04190359,-57.04475444,1.47112E-06
684,935,1,-70.8163,892.897958,-57.450666,250,125,20040202, 06:09:10.0000,-61.04064368,-57.04030444,-61.040028,-57.038091,-61.04064368,-57.04030444,2.07162E-05
684,936,1,-70.633167,931.354754,-54.193635,250,125,20040202, 06:09:50.0000,-61.03940433,-57.035841,-61.03878548,-57.03357112,-61.03940433,-57.035841,2.16084E-05
684,937,1,-80.767902,90.29042,-73.423074,250,125,20040202, 06:10:30.0000,-61.03815193,-57.0313201,-61.03751133,-57.02903133,-61.03815193,-57.0313201,2.09484E-06
684,938,1,-78.421719,154.974383,-70.222054,250,125,20040202, 06:11:10.0000,-61.03688614,-57.02674088,-61.03688614,-57.02674088,-61.03688614,-57.02674088,3.59557E-06
684,939,1,-69.841434,1117.60532,-51.801807,250,125,20040202, 06:11:30.0000,-61.03626133,-57.02447167,-61.03562732,-57.02220244,-61.03626133,-57.02447167,2.59296E-05
684,940,1,-66.430803,2451.046262,-49.697581,250,125,20040202, 06:12:10.0000,-61.03500967,-57.01993558,-61.03441133,-57.017698,-61.03500967,-57.01993558,5.68669E-05
684,941,1,-80.449175,97.165993,-73.67613,250,125,20040202, 06:12:50.0000,-61.03379368,-57.01548778,-61.03315967,-57.0132755,-61.03379368,-57.01548778,2.25436E-06
684,942,1,-80.657939,92.605753,-73.665513,250,125,20040202, 06:13:30.0000,-61.0325093,-57.01105105,-61.0325093,-57.01105105,-61.0325093,-57.01105105,2.14855E-06
684,943,1,-83.634645,46.66243,-75.593292,250,125,20040202, 06:13:50.0000,-61.0318753,-57.00878855,-61.03124112,-57.00653559,-61.0318753,-57.00878855,1.08262E-06
684,944,1,-82.580834,59.476915,-67.492649,250,125,20040202, 06:14:30.0000,-61.03062732,-57.00427894,-61.02997701,-57.00199453,-61.03062732,-57.00427894,1.37993E-06
684,945,1,-86.035637,26.845296,-71.775712,250,125,20040202, 06:15:10.0000,-61.02936975,-56.99968208,-61.02874263,-56.99739088,-61.02936975,-56.99968208,6.2284E-07
684,946,1,-78.304037,159.231191,-60.171963,250,125,20040202, 06:15:50.0000,-61.028108,-56.99511967,-61.02747454,-56.99287977,-61.028108,-56.99511967,3.69434E-06
684,947,1,-68.390911,1560.776522,-53.137986,250,125,20040202, 06:16:30.0000,-61.02684133,-56.99066967,-61.02684133,-56.99066967,-61.02684133,-56.99066967,3.62117E-05
684,948,1,-73.507763,480.458117,-55.608751,250,125,20040202, 06:16:50.0000,-61.0262026,-56.98842325,-61.02555902,-56.98615659,-61.0262026,-56.98842325,1.11471E-05
684,949,1,-83.015017,53.818327,-74.1613,250,125,20040202, 06:17:30.0000,-61.02491897,-56.98388855,-61.02427732,-56.98161228,-61.02491897,-56.98388855,1.24864E-06
684,950,1,-75.966653,272.751096,-59.146102,250,125,20040202, 06:18:10.0000,-61.02362467,-56.979353,-61.02295908,-56.97712346,-61.02362467,-56.979353,6.32812E-06
684,951,1,-86.323557,25.12327,-75.574971,250,125,20040202, 06:18:50.0000,-61.02227433,-56.97488517,-61.02227433,-56.97488517,-61.02227433,-56.97488517,5.82887E-07
684,952,1,-86.305449,25.228241,-74.710109,250,125,20040202, 06:19:10.0000,-61.02159976,-56.97265933,-61.02094433,-56.97039683,-61.02159976,-56.97265933,5.85322E-07
684,953,1,-86.634176,23.389139,-73.264429,250,125,20040202, 06:19:50.0000,-61.02026692,-56.96812066,-61.01959433,-56.96584683,-61.02026692,-56.96812066,5.42653E-07
684,954,1,-83.610857,46.918718,-72.673338,250,125,20040202, 06:20:30.0000,-61.018943,-56.96360883,-61.01829379,-56.96137149,-61.018943,-56.96360883,1.08856E-06
684,955,1,-85.446299,30.74694,-75.238519,250,125,20040202, 06:21:10.0000,-61.01760308,-56.95911892,-61.01760308,-56.95911892,-61.01760308,-56.95911892,7.13362E-07
684,956,1,-90.216346,10.251732,-80.372276,250,125,20040202, 06:21:30.0000,-61.01692561,-56.95688325,-61.016241,-56.9546685,-61.01692561,-56.95688325,2.37851E-07
684,957,1,-86.931467,21.841634,-71.945313,250,125,20040202, 06:22:10.0000,-61.01555779,-56.95242948,-61.01487467,-56.95018633,-61.01555779,-56.95242948,5.06749E-07
684,958,1,-84.014441,42.75508,-72.48455,250,125,20040202, 06:22:50.0000,-61.01421825,-56.94792908,-61.01354735,-56.9456631,-61.01421825,-56.94792908,9.91964E-07
684,959,1,-89.683978,11.588681,-81.480089,250,125,20040202, 06:23:30.0000,-61.01287446,-56.94341281,-61.01287446,-56.94341281,-61.01287446,-56.94341281,2.6887E-07
684,960,1,-89.656437,11.662407,-78.00873,250,125,20040202, 06:23:50.0000,-61.01223492,-56.94116242,-61.01156,-56.93892,-61.01223492,-56.94116242,2.7058E-07
684,961,1,-87.86686,17.609454,-75.567617,250,125,20040202, 06:24:30.0000,-61.01089162,-56.93667068,-61.01021417,-56.93441967,-61.01089162,-56.93667068,4.08558E-07
684,962,1,-92.109515,6.629494,-80.039395,250,125,20040202, 06:25:10.0000,-61.009526,-56.93217433,-61.00882699,-56.92990122,-61.009526,-56.93217433,1.53811E-07
684,963,1,-98.311124,1.589716,-87.472742,250,125,20040202, 06:25:50.0000,-61.00812454,-56.92760257,-61.00812454,-56.92760257,-61.00812454,-56.92760257,3.68831E-08
684,964,1,-79.706681,115.282591,-62.514759,250,125,20040202, 06:26:10.0000,-61.00743083,-56.92533633,-61.00676033,-56.92306114,-61.00743083,-56.92533633,2.67468E-06
684,965,1,-97.255581,2.027093,-88.785612,250,125,20040202, 06:26:50.0000,-61.00609162,-56.92076444,-61.00540788,-56.9184859,-61.00609162,-56.92076444,4.70308E-08
684,966,1,-75.090715,333.703178,-62.860661,250,125,20040202, 06:27:30.0000,-61.00472454,-56.91622977,-61.00472454,-56.91622977,-61.00472454,-56.91622977,7.74227E-06
684,967,1,-80.589467,94.077361,-63.976207,250,125,20040202, 06:27:50.0000,-61.00404121,-56.91396924,-61.00336707,-56.91174447,-61.00404121,-56.91396924,2.1827E-06
684,968,1,-97.314598,1.999733,-87.720791,250,125,20040202, 06:28:30.0000,-61.00269366,-56.90950439,-61.00202699,-56.9072778,-61.00269366,-56.90950439,4.6396E-08
684,969,1,-96.246633,2.557223,-83.201545,250,125,20040202, 06:29:10.0000,-61.00134354,-56.905054,-61.00065933,-56.9028345,-61.00134354,-56.905054,5.93303E-08
684,970,1,-95.902817,2.767898,-85.154703,250,125,20040202, 06:29:50.0000,-60.99997433,-56.9006185,-60.99997433,-56.9006185,-60.99997433,-56.9006185,6.42182E-08
684,971,1,-95.704903,2.896954,-82.238001,250,125,20040202, 06:30:10.0000,-60.99929121,-56.8983859,-60.998591,-56.89613517,-60.99929121,-56.8983859,6.72124E-08
684,972,1,-96.666287,2.321684,-85.701981,250,125,20040202, 06:30:50.0000,-60.99792767,-56.8938635,-60.997261,-56.8916135,-60.99792767,-56.8938635,5.38656E-08
684,973,1,-91.587677,7.475911,-74.85368,250,125,20040202, 06:31:30.0000,-60.99657699,-56.8893778,-60.995911,-56.88712042,-60.99657699,-56.8893778,1.73449E-07
684,974,1,-98.392088,1.560354,-88.69472,250,125,20040202, 06:32:10.0000,-60.99522767,-56.8848635,-60.99522767,-56.8848635,-60.99522767,-56.8848635,3.62019E-08
684,975,1,-97.364286,1.976984,-85.751344,250,125,20040202, 06:32:30.0000,-60.99455779,-56.88259615,-60.99387433,-56.88035183,-60.99455779,-56.88259615,4.58682E-08
684,976,1,-96.687881,2.310169,-85.984244,250,125,20040202, 06:33:10.0000,-60.99319735,-56.8780859,-60.99250779,-56.87581893,-60.99319735,-56.8780859,5.35984E-08
684,977,1,-97.752916,1.807758,-82.906402,250,125,20040202, 06:33:50.0000,-60.99182446,-56.87355226,-60.99113083,-56.87128633,-60.99182446,-56.87355226,4.19419E-08
684,978,1,-98.114634,1.663292,-87.547538,250,125,20040202, 06:34:30.0000,-60.99044133,-56.86903017,-60.99044133,-56.86903017,-60.99044133,-56.86903017,3.85902E-08
684,979,1,-98.790751,1.423498,-88.972886,250,125,20040202, 06:34:50.0000,-60.98972433,-56.86679575,-60.98905767,-56.86455183,-60.98972433,-56.86679575,3.30267E-08
684,980,1,-94.364818,3.944119,-82.10497,250,125,20040202, 06:35:30.0000,-60.98837433,-56.8623185,-60.987691,-56.86006242,-60.98837433,-56.8623185,9.15078E-08
684,981,1,-90.993398,8.572195,-78.755978,250,125,20040202, 06:36:10.0000,-60.986991,-56.85782908,-60.98630779,-56.85561281,-60.986991,-56.85782908,1.98884E-07
684,982,1,-92.311793,6.327798,-82.01287,250,125,20040202, 06:36:50.0000,-60.98562433,-56.85333517,-60.98562433,-56.85333517,-60.98562433,-56.85333517,1.46812E-07
684,983,1,-97.532192,1.902009,-87.59666,250,125,20040202, 06:37:10.0000,-60.98495788,-56.85106924,-60.98427433,-56.84880183,-60.98495788,-56.85106924,4.41287E-08
684,984,1,-95.924487,2.754122,-85.358082,250,125,20040202, 06:37:50.0000,-60.98359708,-56.8465185,-60.98292433,-56.84423517,-60.98359708,-56.8465185,6.38986E-08
684,985,1,-93.641788,4.658575,-75.35404,250,125,20040202, 06:38:30.0000,-60.982241,-56.84197908,-60.98153042,-56.83970183,-60.982241,-56.84197908,1.08084E-07
684,986,1,-94.737754,3.619565,-85.712352,250,125,20040202, 06:39:10.0000,-60.98083417,-56.83744567,-60.98083417,-56.83744567,-60.98083417,-56.83744567,8.39778E-08
684,987,1,-96.252641,2.553688,-84.452881,250,125,20040202, 06:39:30.0000,-60.98013417,-56.83517217,-60.97946067,-56.83291233,-60.98013417,-56.83517217,5.92483E-08
684,988,1,-95.461141,3.064205,-83.518828,250,125,20040202, 06:40:10.0000,-60.978794,-56.83062217,-60.978094,-56.8283555,-60.978794,-56.83062217,7.10929E-08
684,989,1,-97.093409,2.104219,-84.878989,250,125,20040202, 06:40:50.0000,-60.977394,-56.82607217,-60.977394,-56.82607217,-60.977394,-56.82607217,4.88202E-08
684,990,1,-87.202448,20.520459,-74.583614,250,125,20040202, 06:41:10.0000,-60.97671067,-56.82378883,-60.97602733,-56.8215025,-60.97671067,-56.82378883,4.76097E-07
684,991,1,-98.451021,1.539323,-86.086117,250,125,20040202, 06:41:50.0000,-60.97532733,-56.819229,-60.974644,-56.81696233,-60.97532733,-56.819229,3.5714E-08
684,992,1,-90.191707,10.310059,-79.355167,250,125,20040202, 06:42:30.0000,-60.97395083,-56.814679,-60.97326067,-56.812429,-60.97395083,-56.814679,2.39204E-07
684,993,1,-94.028988,4.261211,-84.625853,250,125,20040202, 06:43:10.0000,-60.97256067,-56.81017217,-60.97256067,-56.81017217,-60.97256067,-56.81017217,9.88647E-08
684,994,1,-98.886511,1.392453,-85.964019,250,125,20040202, 06:43:30.0000,-60.97186067,-56.80793883,-60.97117733,-56.8057055,-60.97186067,-56.80793883,3.23064E-08
684,995,1,-89.553277,11.942744,-77.935972,250,125,20040202, 06:44:10.0000,-60.97048417,-56.80344567,-60.969794,-56.80121233,-60.97048417,-56.80344567,2.77085E-07
684,996,1,-91.841463,7.051565,-80.382605,250,125,20040202, 06:44:50.0000,-60.96911,-56.79897,-60.96842632,-56.79674214,-60.96911,-56.79897,1.63604E-07
684,997,1,-91.313867,7.962421,-82.455912,250,125,20040202, 06:45:30.0000,-60.96772632,-56.79449214,-60.96772632,-56.79449214,-60.96772632,-56.79449214,1.84737E-07
684,998,1,-87.600913,18.721496,-79.70956,250,125,20040202, 06:45:50.0000,-60.96706,-56.79222667,-60.96637632,-56.78997547,-60.96706,-56.79222667,4.34359E-07
684,999,1,-86.377544,24.812897,-75.847932,250,125,20040202, 06:46:30.0000,-60.96570733,-56.78771133,-60.965024,-56.78546133,-60.96570733,-56.78771133,5.75686E-07
684,1000,1,-96.690605,2.30872,-84.482521,250,125,20040202, 06:47:10.0000,-60.96432733,-56.78326233,-60.96432733,-56.78326233,-60.96432733,-56.78326233,5.35648E-08
684,1001,1,-93.080378,5.301442,-80.719745,250,125,20040202, 06:47:30.0000,-60.96361542,-56.7810065,-60.96291,-56.77877,-60.96361542,-56.7810065,1.22999E-07
684,1002,1,-93.513843,4.79786,-84.036505,250,125,20040202, 06:48:10.0000,-60.9621927,-56.77652444,-60.96149682,-56.77430109,-60.9621927,-56.77652444,1.11316E-07
684,1003,1,-84.375919,39.340504,-74.454378,250,125,20040202, 06:48:50.0000,-60.96080733,-56.77205067,-60.96010966,-56.76979214,-60.96080733,-56.77205067,9.12742E-07
684,1004,1,-87.956796,17.248538,-78.946552,250,125,20040202, 06:49:30.0000,-60.95942733,-56.7675025,-60.95942733,-56.7675025,-60.95942733,-56.7675025,4.00185E-07
684,1005,1,-90.706395,9.157825,-78.257567,250,125,20040202, 06:49:50.0000,-60.95872567,-56.76523983,-60.958024,-56.76296133,-60.95872567,-56.76523983,2.12471E-07
684,1006,1,-88.531255,15.111457,-76.722573,250,125,20040202, 06:50:30.0000,-60.957309,-56.76071675,-60.95661542,-56.75843983,-60.957309,-56.76071675,3.50602E-07
684,1007,1,-91.368007,7.863777,-79.329296,250,125,20040202, 06:51:10.0000,-60.95592603,-56.75617444,-60.95524333,-56.75389333,-60.95592603,-56.75617444,1.82448E-07
684,1008,1,-94.478218,3.842466,-85.065737,250,125,20040202, 06:51:50.0000,-60.95454667,-56.751634,-60.95454667,-56.751634,-60.95454667,-56.751634,8.91494E-08
684,1009,1,-92.039082,6.737886,-80.203388,250,125,20040202, 06:52:10.0000,-60.95387632,-56.74935222,-60.95317567,-56.74708342,-60.95387632,-56.74935222,1.56326E-07
684,1010,1,-90.093586,10.545648,-79.672316,250,125,20040202, 06:52:50.0000,-60.952509,-56.74481675,-60.9518427,-56.74256794,-60.952509,-56.74481675,2.4467E-07
684,1011,1,-85.067027,33.552827,-76.950408,250,125,20040202, 06:53:30.0000,-60.95115937,-56.74030778,-60.95115937,-56.74030778,-60.95115937,-56.74030778,7.78462E-07
684,1012,1,-66.272738,2541.897279,-48.240142,250,125,20040202, 06:53:50.0000,-60.95049067,-56.73804467,-60.94982567,-56.73578342,-60.95049067,-56.73804467,5.89748E-05
684,1013,1,-89.646325,11.689591,-79.24238,250,125,20040202, 06:54:30.0000,-60.94915825,-56.73348719,-60.9485098,-56.73120931,-60.94915825,-56.73348719,2.71211E-07
684,1014,1,-71.622873,741.557091,-53.1072,250,125,20040202, 06:55:10.0000,-60.94785133,-56.72891133,-60.94717632,-56.72665222,-60.94785133,-56.72891133,1.72049E-05
684,1015,1,-91.701292,7.282872,-81.50868,250,125,20040202, 06:55:50.0000,-60.94650733,-56.72436733,-60.94650733,-56.72436733,-60.94650733,-56.72436733,1.6897E-07
684,1016,1,-98.236338,1.617328,-84.315061,250,125,20040202, 06:56:10.0000,-60.94584055,-56.72205025,-60.94519314,-56.71978603,-60.94584055,-56.72205025,3.75238E-08
684,1017,1,-67.803848,1786.680948,-51.536303,250,125,20040202, 06:56:50.0000,-60.94454314,-56.71753603,-60.94388458,-56.71526095,-60.94454314,-56.71753603,4.14529E-05
684,1018,1,-82.645769,58.594236,-68.652063,250,125,20040202, 06:57:30.0000,-60.94322567,-56.71298983,-60.94256067,-56.71071233,-60.94322567,-56.71298983,1.35945E-06
684,1019,1,-90.987164,8.584509,-79.068709,250,125,20040202, 06:58:10.0000,-60.94187985,-56.70841095,-60.94187985,-56.70841095,-60.94187985,-56.70841095,1.9917E-07
684,1020,1,-92.724862,5.75368,-82.688311,250,125,20040202, 06:58:30.0000,-60.94120712,-56.70613325,-60.94052379,-56.70386064,-60.94120712,-56.70613325,1.33492E-07
684,1021,1,-93.763075,4.530272,-84.737024,250,125,20040202, 06:59:10.0000,-60.939824,-56.701578,-60.93912504,-56.69930431,-60.939824,-56.701578,1.05107E-07
684,1022,1,-87.860069,17.637009,-76.618789,250,125,20040202, 06:59:50.0000,-60.9384098,-56.69702598,-60.9384098,-56.69702598,-60.9384098,-56.69702598,4.09198E-07
684,1023,1,-88.615353,14.821648,-77.169154,250,125,20040202, 07:00:10.0000,-60.93770712,-56.69468325,-60.93700867,-56.692372,-60.93770712,-56.69468325,3.43878E-07
684,1024,1,-84.827002,35.459424,-75.587322,250,125,20040202, 07:00:50.0000,-60.93632598,-56.69007427,-60.93564033,-56.68773283,-60.93632598,-56.69007427,8.22697E-07
684,1025,1,-86.586664,23.646424,-75.681263,250,125,20040202, 07:01:30.0000,-60.93494045,-56.68539992,-60.93424915,-56.68311778,-60.93494045,-56.68539992,5.48623E-07
684,1026,1,-84.741002,36.168593,-74.459355,250,125,20040202, 07:02:10.0000,-60.9335598,-56.68082598,-60.9335598,-56.68082598,-60.9335598,-56.68082598,8.3915E-07
684,1027,1,-86.771208,22.66267,-76.331938,250,125,20040202, 07:02:30.0000,-60.93287379,-56.67849992,-60.93219625,-56.6761995,-60.93287379,-56.67849992,5.25798E-07
684,1028,1,-80.821573,89.18146,-70.390231,250,125,20040202, 07:03:10.0000,-60.93150721,-56.67391692,-60.93082647,-56.67163603,-60.93150721,-56.67391692,2.06911E-06
684,1029,1,-81.429592,77.530516,-72.137299,250,125,20040202, 07:03:50.0000,-60.93014055,-56.66932289,-60.93014055,-56.66932289,-60.93014055,-56.66932289,1.79879E-06
684,1030,1,-78.267518,160.575797,-66.889904,250,125,20040202, 07:04:10.0000,-60.92944265,-56.66702427,-60.92875932,-56.66469094,-60.92944265,-56.66702427,3.72553E-06
684,1031,1,-78.410925,155.36003,-66.869782,250,125,20040202, 07:04:50.0000,-60.92809301,-56.66237553,-60.927407,-56.66006617,-60.92809301,-56.66237553,3.60452E-06
684,1032,1,-77.990226,171.162757,-68.746949,250,125,20040202, 07:05:30.0000,-60.92672598,-56.65780111,-60.92672598,-56.65780111,-60.92672598,-56.65780111,3.97116E-06
684,1033,1,-70.155277,1039.690713,-55.081675,250,125,20040202, 07:05:50.0000,-60.92604033,-56.65549358,-60.92535967,-56.65321894,-60.92604033,-56.65549358,2.41219E-05
684,1034,1,-74.145158,414.873796,-57.543337,250,125,20040202, 07:06:30.0000,-60.92467533,-56.65090533,-60.92397958,-56.6485995,-60.92467533,-56.65090533,9.62552E-06
684,1035,1,-66.723905,2291.085851,-49.684819,250,125,20040202, 07:07:10.0000,-60.92331033,-56.64631117,-60.92260932,-56.64400111,-60.92331033,-56.64631117,5.31557E-05
684,1036,1,-73.837891,445.28984,-65.675665,250,125,20040202, 07:07:50.0000,-60.92192634,-56.6416922,-60.92192634,-56.6416922,-60.92192634,-56.6416922,1.03312E-05
684,1037,1,-74.750943,360.859022,-66.154616,250,125,20040202, 07:08:10.0000,-60.92122598,-56.63935761,-60.92052367,-56.63703283,-60.92122598,-56.63935761,8.37232E-06
684,1038,1,-81.172805,82.252921,-72.145269,250,125,20040202, 07:08:50.0000,-60.91983248,-56.63472427,-60.91914367,-56.63242783,-60.91983248,-56.63472427,1.90836E-06
684,1039,1,-80.431964,97.551842,-72.713891,250,125,20040202, 07:09:30.0000,-60.91844094,-56.63012889,-60.91844094,-56.63012889,-60.91844094,-56.63012889,2.26331E-06
684,1040,1,-78.964824,136.756965,-69.728682,250,125,20040202, 07:09:50.0000,-60.91775867,-56.62780533,-60.91706292,-56.62545542,-60.91775867,-56.62780533,3.17291E-06
684,1041,1,-74.828321,354.486553,-65.318848,250,125,20040202, 07:10:30.0000,-60.91637379,-56.62310586,-60.91569367,-56.62081117,-60.91637379,-56.62310586,8.22447E-06
684,1042,1,-78.193694,163.328673,-70.845133,250,125,20040202, 07:11:10.0000,-60.91500945,-56.61850808,-60.91500945,-56.61850808,-60.91500945,-56.61850808,3.7894E-06
684,1043,1,-78.936997,137.636027,-70.473322,250,125,20040202, 07:11:30.0000,-60.91430761,-56.61618496,-60.91360867,-56.61388867,-60.91430761,-56.61618496,3.1933E-06
684,1044,1,-76.742498,228.129791,-68.180179,250,125,20040202, 07:12:10.0000,-60.91291033,-56.61158775,-60.91222472,-56.60926984,-60.91291033,-56.61158775,5.29286E-06
684,1045,1,-80.008765,107.53637,-70.251163,250,125,20040202, 07:12:50.0000,-60.911557,-56.60693283,-60.91087533,-56.60463867,-60.911557,-56.60693283,2.49496E-06
684,1046,1,-77.216441,204.544462,-69.074853,250,125,20040202, 07:13:30.0000,-60.910207,-56.60231617,-60.910207,-56.60231617,-60.910207,-56.60231617,4.74565E-06
684,1047,1,-75.411321,309.95577,-65.902962,250,125,20040202, 07:13:50.0000,-60.90951292,-56.59998283,-60.90882571,-56.59768357,-60.90951292,-56.59998283,7.19131E-06
684,1048,1,-66.192563,2589.259258,-51.403578,250,125,20040202, 07:14:30.0000,-60.90813248,-56.59538444,-60.907407,-56.59311025,-60.90813248,-56.59538444,6.00736E-05
684,1049,1,-66.440141,2445.782248,-51.830882,250,125,20040202, 07:15:10.0000,-60.90669881,-56.59085024,-60.90669881,-56.59085024,-60.90669881,-56.59085024,5.67448E-05
684,1050,1,-75.45812,306.633682,-66.568204,250,125,20040202, 07:15:30.0000,-60.90600932,-56.58855111,-60.905307,-56.5862495,-60.90600932,-56.58855111,7.11423E-06
684,1051,1,-68.708584,1450.686018,-53.749482,250,125,20040202, 07:16:10.0000,-60.90461033,-56.5839945,-60.90394367,-56.5816945,-60.90461033,-56.5839945,3.36575E-05
684,1052,1,-72.746989,572.443857,-62.465397,250,125,20040202, 07:16:50.0000,-60.90328567,-56.579372,-60.90262634,-56.57707553,-60.90328567,-56.579372,1.32813E-05
684,1053,1,-75.003358,340.483463,-66.1308,250,125,20040202, 07:17:30.0000,-60.90193248,-56.57479094,-60.90193248,-56.57479094,-60.90193248,-56.57479094,7.89958E-06
684,1054,1,-73.690719,460.638243,-64.392469,250,125,20040202, 07:17:50.0000,-60.901257,-56.5724995,-60.90055688,-56.57021575,-60.901257,-56.5724995,1.06873E-05
684,1055,1,-77.943242,173.024531,-68.212166,250,125,20040202, 07:18:30.0000,-60.89985932,-56.56794094,-60.89912944,-56.5656432,-60.89985932,-56.56794094,4.01436E-06
684,1056,1,-76.423245,245.531563,-67.575193,250,125,20040202, 07:19:10.0000,-60.89844033,-56.56337692,-60.89844033,-56.56337692,-60.89844033,-56.56337692,5.6966E-06
684,1057,1,-76.475893,242.573074,-68.382555,250,125,20040202, 07:19:30.0000,-60.89774367,-56.56107783,-60.89704353,-56.55877736,-60.89774367,-56.56107783,5.62796E-06
684,1058,1,-74.054767,423.599236,-65.476313,250,125,20040202, 07:20:10.0000,-60.89637355,-56.55643242,-60.89566265,-56.55414288,-60.89637355,-56.55643242,9.82796E-06
684,1059,1,-73.19372,516.487587,-65.408081,250,125,20040202, 07:20:50.0000,-60.89495688,-56.55187653,-60.89495688,-56.55187653,-60.89495688,-56.55187653,1.19831E-05
684,1060,1,-75.008314,340.095128,-66.091142,250,125,20040202, 07:21:10.0000,-60.89423252,-56.54959106,-60.89352564,-56.54730641,-60.89423252,-56.54959106,7.89057E-06
684,1061,1,-78.498971,152.242098,-71.388732,250,125,20040202, 07:21:50.0000,-60.89285667,-56.5449925,-60.89219033,-56.5426995,-60.89285667,-56.5449925,3.53218E-06
684,1062,1,-79.468016,121.795225,-70.471457,250,125,20040202, 07:22:30.0000,-60.89150867,-56.54041567,-60.890815,-56.53815533,-60.89150867,-56.54041567,2.82578E-06
684,1063,1,-80.257713,101.545468,-72.096747,250,125,20040202, 07:23:10.0000,-60.8901125,-56.53588167,-60.8901125,-56.53588167,-60.8901125,-56.53588167,2.35596E-06
684,1064,1,-79.313063,126.219229,-69.014287,250,125,20040202, 07:23:30.0000,-60.88942585,-56.53359048,-60.888742,-56.53128867,-60.88942585,-56.53359048,2.92842E-06
684,1065,1,-73.994185,429.549635,-64.423013,250,125,20040202, 07:24:10.0000,-60.88804583,-56.5289925,-60.88734167,-56.5266875,-60.88804583,-56.5289925,9.96601E-06
684,1066,1,-72.384783,622.233759,-63.396105,250,125,20040202, 07:24:50.0000,-60.886657,-56.52436617,-60.886657,-56.52436617,-60.886657,-56.52436617,1.44365E-05
684,1067,1,-73.04728,534.199962,-63.328124,250,125,20040202, 07:25:10.0000,-60.886007,-56.52204358,-60.885351,-56.51972653,-60.886007,-56.52204358,1.2394E-05
684,1068,1,-73.381457,494.636483,-64.622658,250,125,20040202, 07:25:50.0000,-60.88467333,-56.51740917,-60.88399,-56.51512583,-60.88467333,-56.51740917,1.14761E-05
684,1069,1,-73.777764,451.497589,-64.595843,250,125,20040202, 07:26:30.0000,-60.88333417,-56.51283167,-60.88267602,-56.51057439,-60.88333417,-56.51283167,1.04752E-05
684,1070,1,-77.016508,214.181038,-68.125401,250,125,20040202, 07:27:10.0000,-60.88197355,-56.50831575,-60.88197355,-56.50831575,-60.88197355,-56.50831575,4.96923E-06
684,1071,1,-80.697236,91.77158,-71.653687,250,125,20040202, 07:27:30.0000,-60.88125833,-56.50606458,-60.88055667,-56.50382583,-60.88125833,-56.50606458,2.1292E-06
684,1072,1,-76.962667,216.85286,-67.348435,250,125,20040202, 07:28:10.0000,-60.87985688,-56.5015432,-60.87919123,-56.49923596,-60.87985688,-56.5015432,5.03122E-06
684,1073,1,-77.904675,174.567865,-69.457451,250,125,20040202, 07:28:50.0000,-60.87852333,-56.49690917,-60.87852333,-56.49690917,-60.87852333,-56.49690917,4.05016E-06
684,1074,1,-77.84896,176.821803,-68.147862,250,125,20040202, 07:29:10.0000,-60.87784167,-56.49463125,-60.87717602,-56.49235772,-60.87784167,-56.49463125,4.10246E-06
684,1075,1,-79.469487,121.75397,-69.118249,250,125,20040202, 07:29:50.0000,-60.87649022,-56.49007653,-60.87580285,-56.48782439,-60.87649022,-56.49007653,2.82482E-06
684,1076,1,-78.752108,143.622014,-68.217015,250,125,20040202, 07:30:30.0000,-60.87514333,-56.48552,-60.87446,-56.48322667,-60.87514333,-56.48552,3.33219E-06
684,1077,1,-75.873696,278.652034,-65.848245,250,125,20040202, 07:31:10.0000,-60.87377667,-56.48092667,-60.87377667,-56.48092667,-60.87377667,-56.48092667,6.46503E-06
684,1078,1,-77.748945,180.941144,-66.741305,250,125,20040202, 07:31:30.0000,-60.87309268,-56.47862439,-60.87239,-56.476315,-60.87309268,-56.47862439,4.19803E-06
684,1079,1,-73.836486,445.433859,-58.39616,250,125,20040202, 07:32:10.0000,-60.87170667,-56.47402583,-60.87102345,-56.47173208,-60.87170667,-56.47402583,1.03345E-05
684,1080,1,-73.691946,460.50809,-65.556337,250,125,20040202, 07:32:50.0000,-60.87034268,-56.46945772,-60.87034268,-56.46945772,-60.87034268,-56.46945772,1.06843E-05
684,1081,1,-82.119798,66.138143,-71.88599,250,125,20040202, 07:33:10.0000,-60.86966,-56.46717,-60.86897667,-56.46487667,-60.86966,-56.46717,1.53448E-06
684,1082,1,-72.511833,604.29443,-57.478056,250,125,20040202, 07:33:50.0000,-60.86827667,-56.46257667,-60.86755833,-56.4602875,-60.86827667,-56.46257667,1.40203E-05
684,1083,1,-77.472074,192.852122,-67.087,250,125,20040202, 07:34:30.0000,-60.86687667,-56.45799333,-60.86619333,-56.45571,-60.86687667,-56.45799333,4.47438E-06
684,1084,1,-77.9158,174.121293,-69.298116,250,125,20040202, 07:35:10.0000,-60.86551,-56.45342667,-60.86551,-56.45342667,-60.86551,-56.45342667,4.0398E-06
684,1085,1,-73.913864,437.567861,-65.008973,250,125,20040202, 07:35:30.0000,-60.86479919,-56.45115772,-60.86410935,-56.44885772,-60.86479919,-56.45115772,1.0152E-05
684,1086,1,-80.073279,105.950725,-69.846217,250,125,20040202, 07:36:10.0000,-60.86341,-56.44657,-60.86272667,-56.44430333,-60.86341,-56.44657,2.45817E-06
684,1087,1,-80.046763,106.599582,-69.982792,250,125,20040202, 07:36:50.0000,-60.86206,-56.44203667,-60.86206,-56.44203667,-60.86206,-56.44203667,2.47323E-06
684,1088,1,-77.462612,193.272764,-67.597099,250,125,20040202, 07:37:10.0000,-60.86139333,-56.43976,-60.86071,-56.43746,-60.86139333,-56.43976,4.48414E-06
684,1089,1,-78.117672,166.212862,-67.327595,250,125,20040202, 07:37:50.0000,-60.86002667,-56.43520333,-60.85934333,-56.43292667,-60.86002667,-56.43520333,3.85632E-06
684,1090,1,-78.759457,143.379191,-68.98553,250,125,20040202, 07:38:30.0000,-60.85864333,-56.43066,-60.85792667,-56.42842,-60.85864333,-56.43066,3.32655E-06
684,1091,1,-75.009169,340.028217,-66.865583,250,125,20040202, 07:39:10.0000,-60.85722667,-56.42617667,-60.85722667,-56.42617667,-60.85722667,-56.42617667,7.88902E-06
684,1092,1,-74.104714,418.755419,-63.090278,250,125,20040202, 07:39:30.0000,-60.85653333,-56.42393667,-60.85582667,-56.42172,-60.85653333,-56.42393667,9.71558E-06
684,1093,1,-73.416377,490.675185,-64.472853,250,125,20040202, 07:40:10.0000,-60.85511,-56.41952,-60.85437667,-56.41728667,-60.85511,-56.41952,1.13842E-05
684,1094,1,-78.667125,146.46009,-69.907073,250,125,20040202, 07:40:50.0000,-60.853643,-56.41504217,-60.853643,-56.41504217,-60.853643,-56.41504217,3.39803E-06
684,1095,1,-80.559626,94.726005,-68.876419,250,125,20040202, 07:41:10.0000,-60.85293292,-56.41280883,-60.852193,-56.41055883,-60.85293292,-56.41280883,2.19775E-06
684,1096,1,-77.412328,195.523541,-67.782843,250,125,20040202, 07:41:50.0000,-60.85149313,-56.40831935,-60.85079313,-56.40607596,-60.85149313,-56.40831935,4.53636E-06
684,1097,1,-75.314165,316.967937,-66.340915,250,125,20040202, 07:42:30.0000,-60.850093,-56.40385225,-60.84938292,-56.40159217,-60.850093,-56.40385225,7.354E-06
684,1098,1,-76.44771,244.152294,-67.62111,250,125,20040202, 07:43:10.0000,-60.84865667,-56.39933167,-60.84865667,-56.39933167,-60.84865667,-56.39933167,5.6646E-06
684,1099,1,-76.598545,235.818237,-68.511636,250,125,20040202, 07:43:30.0000,-60.84794,-56.39710917,-60.84722333,-56.39487583,-60.84794,-56.39710917,5.47124E-06
684,1100,1,-75.402343,310.597184,-67.463604,250,125,20040202, 07:44:10.0000,-60.84649,-56.39264833,-60.84574,-56.39042583,-60.84649,-56.39264833,7.20619E-06
684,1101,1,-75.989907,271.294626,-68.302267,250,125,20040202, 07:44:50.0000,-60.84500667,-56.38819833,-60.84500667,-56.38819833,-60.84500667,-56.38819833,6.29433E-06
684,1102,1,-79.640497,117.052891,-70.088498,250,125,20040202, 07:45:10.0000,-60.8442625,-56.385965,-60.84354556,-56.3837309,-60.8442625,-56.385965,2.71575E-06
684,1103,1,-77.549706,189.435426,-68.953559,250,125,20040202, 07:45:50.0000,-60.84282889,-56.38149757,-60.84210902,-56.37926683,-60.84282889,-56.38149757,4.39511E-06
684,1104,1,-77.420885,195.138662,-67.792805,250,125,20040202, 07:46:30.0000,-60.841393,-56.37700883,-60.84065967,-56.3747255,-60.841393,-56.37700883,4.52743E-06
684,1105,1,-74.308427,399.56655,-67.991973,250,125,20040202, 07:47:10.0000,-60.83991625,-56.37249217,-60.83991625,-56.37249217,-60.83991625,-56.37249217,9.27037E-06
684,1106,1,-74.427762,388.736749,-68.252784,250,125,20040202, 07:47:30.0000,-60.83922917,-56.37024833,-60.838543,-56.36800883,-60.83922917,-56.37024833,9.01911E-06
684,1107,1,-73.714657,458.106173,-66.250788,250,125,20040202, 07:48:10.0000,-60.83784236,-56.36572325,-60.83714878,-56.36345659,-60.83784236,-56.36572325,1.06286E-05
684,1108,1,-75.497912,303.836991,-68.813414,250,125,20040202, 07:48:50.0000,-60.83644236,-56.3611835,-60.83644236,-56.3611835,-60.83644236,-56.3611835,7.04935E-06
684,1109,1,-78.26419,160.698889,-71.037116,250,125,20040202, 07:49:10.0000,-60.83572633,-56.35893558,-60.83502633,-56.35665883,-60.83572633,-56.35893558,3.72839E-06
684,1110,1,-77.820223,177.995723,-69.37369,250,125,20040202, 07:49:50.0000,-60.83432633,-56.3543755,-60.83363292,-56.3521255,-60.83432633,-56.3543755,4.12969E-06
684,1111,1,-79.132345,131.582251,-71.476349,250,125,20040202, 07:50:30.0000,-60.83293292,-56.34985883,-60.832223,-56.34759142,-60.83293292,-56.34985883,3.05285E-06
684,1112,1,-79.196294,129.658923,-73.185738,250,125,20040202, 07:51:10.0000,-60.83150967,-56.34530883,-60.83150967,-56.34530883,-60.83150967,-56.34530883,3.00823E-06
684,1113,1,-78.660997,146.666917,-71.243425,250,125,20040202, 07:51:30.0000,-60.83080863,-56.34300521,-60.83009542,-56.34072475,-60.83080863,-56.34300521,3.40283E-06
684,1114,1,-76.578303,236.919893,-69.860759,250,125,20040202, 07:52:10.0000,-60.82944236,-56.33843992,-60.82875967,-56.33619217,-60.82944236,-56.33843992,5.4968E-06
684,1115,1,-81.941478,68.910283,-74.642243,250,125,20040202, 07:52:50.0000,-60.82807633,-56.33395225,-60.82807633,-56.33395225,-60.82807633,-56.33395225,1.59879E-06
684,1116,1,-80.689787,91.929125,-72.508578,250,125,20040202, 07:53:10.0000,-60.82736625,-56.33171892,-60.82665967,-56.32948558,-60.82736625,-56.33171892,2.13285E-06
684,1117,1,-78.085187,167.460793,-70.289657,250,125,20040202, 07:53:50.0000,-60.82597633,-56.32726892,-60.82524958,-56.32508558,-60.82597633,-56.32726892,3.88527E-06
684,1118,1,-74.275288,402.627143,-66.48066,250,125,20040202, 07:54:30.0000,-60.824543,-56.32290225,-60.82385967,-56.32068558,-60.824543,-56.32290225,9.34138E-06
684,1119,1,-74.871886,350.94835,-68.022255,250,125,20040202, 07:55:10.0000,-60.82314958,-56.31844217,-60.82314958,-56.31844217,-60.82314958,-56.31844217,8.14238E-06
684,1120,1,-75.693658,290.446405,-68.735322,250,125,20040202, 07:55:30.0000,-60.82244313,-56.31620268,-60.82175967,-56.31398558,-60.82244313,-56.31620268,6.73867E-06
684,1121,1,-75.378838,312.282809,-66.432119,250,125,20040202, 07:56:10.0000,-60.82107633,-56.31176892,-60.82035902,-56.30952325,-60.82107633,-56.31176892,7.2453E-06
684,1122,1,-76.592796,236.130574,-69.222847,250,125,20040202, 07:56:50.0000,-60.81965967,-56.30729217,-60.818943,-56.30506892,-60.81965967,-56.30729217,5.47848E-06
684,1123,1,-74.592652,374.254127,-66.694383,250,125,20040202, 07:57:30.0000,-60.81822633,-56.30286892,-60.81822633,-56.30286892,-60.81822633,-56.30286892,8.6831E-06
684,1124,1,-76.634859,233.854633,-69.449948,250,125,20040202, 07:57:50.0000,-60.81752633,-56.30065225,-60.81681625,-56.2984255,-60.81752633,-56.30065225,5.42568E-06
684,1125,1,-76.711942,229.740532,-67.870241,250,125,20040202, 07:58:30.0000,-60.81610967,-56.29620883,-60.81540967,-56.29398558,-60.81610967,-56.29620883,5.33023E-06
684,1126,1,-75.914199,276.065404,-68.181984,250,125,20040202, 07:59:10.0000,-60.81467633,-56.29175883,-60.81467633,-56.29175883,-60.81467633,-56.29175883,6.40501E-06
684,1127,1,-74.19296,410.332406,-66.942349,250,125,20040202, 07:59:30.0000,-60.81396625,-56.28949217,-60.81325967,-56.28725883,-60.81396625,-56.28949217,9.52015E-06
684,1128,1,-76.127141,262.855915,-69.873795,250,125,20040202, 08:00:10.0000,-60.81255967,-56.28503558,-60.811893,-56.28278558,-60.81255967,-56.28503558,6.09854E-06
684,1129,1,-75.294797,318.384639,-68.375644,250,125,20040202, 08:00:50.0000,-60.81120967,-56.28055225,-60.8105262,-56.27829171,-60.81120967,-56.28055225,7.38687E-06
684,1130,1,-73.166996,519.675487,-66.869773,250,125,20040202, 08:01:30.0000,-60.80984267,-56.276041,-60.80984267,-56.276041,-60.80984267,-56.276041,1.2057E-05
684,1131,1,-75.507162,303.190553,-67.741331,250,125,20040202, 08:01:50.0000,-60.80916583,-56.273791,-60.80849267,-56.271541,-60.80916583,-56.273791,7.03435E-06
684,1132,1,-76.45194,243.914612,-68.002815,250,125,20040202, 08:02:30.0000,-60.80780933,-56.26930767,-60.807126,-56.267041,-60.80780933,-56.26930767,5.65908E-06
684,1133,1,-74.818019,355.328435,-62.629708,250,125,20040202, 08:03:10.0000,-60.80645933,-56.26476783,-60.8057825,-56.2625345,-60.80645933,-56.26476783,8.244E-06
684,1134,1,-76.120589,263.252762,-67.937964,250,125,20040202, 08:03:50.0000,-60.80509267,-56.26030767,-60.80509267,-56.26030767,-60.80509267,-56.26030767,6.10775E-06
684,1135,1,-76.116356,263.509496,-68.202244,250,125,20040202, 08:04:10.0000,-60.804426,-56.2580845,-60.80375933,-56.2558345,-60.804426,-56.2580845,6.1137E-06
684,1136,1,-75.105316,332.583119,-67.228288,250,125,20040202, 08:04:50.0000,-60.803076,-56.25360767,-60.802426,-56.25137433,-60.803076,-56.25360767,7.71629E-06
684,1137,1,-73.930643,435.880585,-63.150806,250,125,20040202, 08:05:30.0000,-60.80175933,-56.2491345,-60.80109267,-56.24687433,-60.80175933,-56.2491345,1.01129E-05
684,1138,1,-73.791412,450.080952,-65.074889,250,125,20040202, 08:06:10.0000,-60.800426,-56.24461783,-60.800426,-56.24461783,-60.800426,-56.24461783,1.04424E-05
684,1139,1,-73.931456,435.799062,-64.575823,250,125,20040202, 08:06:30.0000,-60.79975933,-56.24236783,-60.7991195,-56.240091,-60.79975933,-56.24236783,1.0111E-05
684,1140,1,-73.034008,535.834998,-62.467172,250,125,20040202, 08:07:10.0000,-60.798476,-56.2378345,-60.79784267,-56.23560117,-60.798476,-56.2378345,1.24319E-05
684,1141,1,-72.928938,548.956638,-63.871629,250,125,20040202, 08:07:50.0000,-60.7972195,-56.23335767,-60.796576,-56.23111783,-60.7972195,-56.23335767,1.27364E-05
684,1142,1,-74.126912,416.620544,-67.286542,250,125,20040202, 08:08:30.0000,-60.79592537,-56.22884911,-60.79592537,-56.22884911,-60.79592537,-56.22884911,9.66605E-06
684,1143,1,-73.863562,442.665471,-64.739389,250,125,20040202, 08:08:50.0000,-60.79525933,-56.22661783,-60.79460283,-56.22436783,-60.79525933,-56.22661783,1.02703E-05
684,1144,1,-74.656344,368.805515,-65.754963,250,125,20040202, 08:09:30.0000,-60.79395933,-56.2220845,-60.79330933,-56.219791,-60.79395933,-56.2220845,8.55669E-06
684,1145,1,-73.929329,436.012544,-61.89431,250,125,20040202, 08:10:10.0000,-60.792676,-56.21750117,-60.7920195,-56.2152345,-60.792676,-56.21750117,1.0116E-05
684,1146,1,-73.470819,484.562643,-65.371994,250,125,20040202, 08:10:50.0000,-60.79135933,-56.21292433,-60.79135933,-56.21292433,-60.79135933,-56.21292433,1.12424E-05
684,1147,1,-73.905708,438.390381,-62.960712,250,125,20040202, 08:11:10.0000,-60.790726,-56.21061783,-60.79009162,-56.20834778,-60.790726,-56.21061783,1.01711E-05
684,1148,1,-77.255335,202.720815,-67.723521,250,125,20040202, 08:11:50.0000,-60.78945283,-56.2060845,-60.78880933,-56.203791,-60.78945283,-56.2060845,4.70334E-06
684,1149,1,-74.124805,416.82265,-64.972881,250,125,20040202, 08:12:30.0000,-60.78815933,-56.201491,-60.78750933,-56.199191,-60.78815933,-56.201491,9.67073E-06
684,1150,1,-73.842813,444.785375,-66.186173,250,125,20040202, 08:13:10.0000,-60.78684267,-56.19690767,-60.78684267,-56.19690767,-60.78684267,-56.19690767,1.03195E-05
684,1151,1,-71.950456,687.679741,-61.689988,250,125,20040202, 08:13:30.0000,-60.78620236,-56.19462211,-60.78559267,-56.192341,-60.78620236,-56.19462211,1.59549E-05
684,1152,1,-72.922379,549.786396,-62.078628,250,125,20040202, 08:14:10.0000,-60.78494267,-56.19010767,-60.784276,-56.18785767,-60.78494267,-56.19010767,1.27556E-05
684,1153,1,-75.641591,293.949534,-65.503696,250,125,20040202, 08:14:50.0000,-60.783626,-56.18566783,-60.78300933,-56.18343083,-60.783626,-56.18566783,6.81995E-06
684,1154,1,-78.391349,156.061921,-67.704494,250,125,20040202, 08:15:30.0000,-60.782376,-56.181191,-60.782376,-56.181191,-60.782376,-56.181191,3.6208E-06
684,1155,1,-75.842539,280.658337,-66.995752,250,125,20040202, 08:15:50.0000,-60.78174267,-56.17897433,-60.781076,-56.17677433,-60.78174267,-56.17897433,6.51158E-06
684,1156,1,-73.142683,522.592979,-65.245304,250,125,20040202, 08:16:30.0000,-60.7804087,-56.17456577,-60.77974267,-56.17235117,-60.7804087,-56.17456577,1.21247E-05
684,1157,1,-73.185117,517.511677,-62.756751,250,125,20040202, 08:17:10.0000,-60.779076,-56.17011783,-60.77840933,-56.16790767,-60.779076,-56.17011783,1.20068E-05
684,1158,1,-77.795508,179.011563,-69.078281,250,125,20040202, 08:17:50.0000,-60.77774267,-56.16565767,-60.77774267,-56.16565767,-60.77774267,-56.16565767,4.15326E-06
684,1159,1,-78.467864,153.336466,-70.058399,250,125,20040202, 08:18:10.0000,-60.77705933,-56.1634345,-60.77640933,-56.16117433,-60.77705933,-56.1634345,3.55757E-06
684,1160,1,-80.876297,88.064751,-72.292848,250,125,20040202, 08:18:50.0000,-60.77574267,-56.1589345,-60.775076,-56.15667433,-60.77574267,-56.1589345,2.0432E-06
684,1161,1,-77.631561,185.898449,-69.478806,250,125,20040202, 08:19:30.0000,-60.774376,-56.15440767,-60.77369203,-56.15213878,-60.774376,-56.15440767,4.31304E-06
684,1162,1,-76.513421,240.485976,-69.305965,250,125,20040202, 08:20:10.0000,-60.77300933,-56.14987433,-60.77300933,-56.14987433,-60.77300933,-56.14987433,5.57953E-06
684,1163,1,-80.402373,98.218786,-71.89167,250,125,20040202, 08:20:30.0000,-60.772326,-56.1476345,-60.77164267,-56.145341,-60.772326,-56.1476345,2.27878E-06
684,1164,1,-78.591495,149.032954,-69.440722,250,125,20040202, 08:21:10.0000,-60.7709758,-56.14305695,-60.7703085,-56.14077141,-60.7709758,-56.14305695,3.45773E-06
684,1165,1,-74.683015,366.547548,-66.697371,250,125,20040202, 08:21:50.0000,-60.76964246,-56.13847362,-60.76964246,-56.13847362,-60.76964246,-56.13847362,8.5043E-06
684,1166,1,-74.699542,365.155334,-67.681032,250,125,20040202, 08:22:10.0000,-60.76894233,-56.13618983,-60.768259,-56.13388342,-60.76894233,-56.13618983,8.472E-06
684,1167,1,-72.629453,588.147901,-63.377588,250,125,20040202, 08:22:50.0000,-60.76757567,-56.13161675,-60.76689233,-56.12936675,-60.76757567,-56.13161675,1.36457E-05
684,1168,1,-67.435381,1944.884247,-54.138505,250,125,20040202, 08:23:30.0000,-60.76619233,-56.1271065,-60.76549233,-56.12483983,-60.76619233,-56.1271065,4.51234E-05
684,1169,1,-67.223175,2042.275777,-56.752046,250,125,20040202, 08:24:10.0000,-60.76482567,-56.12253983,-60.76482567,-56.12253983,-60.76482567,-56.12253983,4.7383E-05
684,1170,1,-70.40406,981.806429,-53.942367,250,125,20040202, 08:24:30.0000,-60.76417567,-56.1202565,-60.76354233,-56.11798342,-60.76417567,-56.1202565,2.2779E-05
684,1171,1,-76.118454,263.382242,-67.936456,250,125,20040202, 08:25:10.0000,-60.76289233,-56.11573342,-60.76220926,-56.11351759,-60.76289233,-56.11573342,6.11075E-06
684,1172,1,-77.555115,189.199642,-68.203581,250,125,20040202, 08:25:50.0000,-60.76152567,-56.11128342,-60.76082567,-56.10906675,-60.76152567,-56.11128342,4.38964E-06
684,1173,1,-80.240752,101.942824,-72.670364,250,125,20040202, 08:26:30.0000,-60.76012567,-56.10685008,-60.76012567,-56.10685008,-60.76012567,-56.10685008,2.36518E-06
684,1174,1,-77.675961,184.007582,-71.099997,250,125,20040202, 08:26:50.0000,-60.75942567,-56.10463342,-60.75874233,-56.10240008,-60.75942567,-56.10463342,4.26917E-06
684,1175,1,-75.590335,297.439261,-65.182586,250,125,20040202, 08:27:30.0000,-60.75804233,-56.10013983,-60.757359,-56.09787317,-60.75804233,-56.10013983,6.90091E-06
684,1176,1,-73.251774,509.629408,-62.612916,250,125,20040202, 08:28:10.0000,-60.75668208,-56.09560008,-60.75668208,-56.09560008,-60.75668208,-56.09560008,1.1824E-05
684,1177,1,-70.996231,856.660432,-61.425578,250,125,20040202, 08:28:30.0000,-60.75600913,-56.0933505,-60.75534233,-56.0911065,-60.75600913,-56.0933505,1.98754E-05
684,1178,1,-74.928566,346.39789,-63.692869,250,125,20040202, 08:29:10.0000,-60.754659,-56.08883342,-60.75397567,-56.08656675,-60.754659,-56.08883342,8.0368E-06
684,1179,1,-69.671977,1162.074979,-54.246163,250,125,20040202, 08:29:50.0000,-60.75328234,-56.08433408,-60.75259233,-56.08208342,-60.75328234,-56.08433408,2.69614E-05
684,1180,1,-67.044915,2127.846605,-51.212991,250,125,20040202, 08:30:30.0000,-60.75192567,-56.07983342,-60.75192567,-56.07983342,-60.75192567,-56.07983342,4.93683E-05
684,1181,1,-72.793344,566.366384,-63.243194,250,125,20040202, 08:30:50.0000,-60.75124233,-56.07758342,-60.75058592,-56.0753065,-60.75124233,-56.07758342,1.31403E-05
684,1182,1,-70.859316,884.097723,-58.123007,250,125,20040202, 08:31:30.0000,-60.74992567,-56.07302317,-60.74926925,-56.07076675,-60.74992567,-56.07302317,2.0512E-05
684,1183,1,-75.954361,273.524221,-67.505461,250,125,20040202, 08:32:10.0000,-60.748609,-56.0685065,-60.74794233,-56.0662065,-60.748609,-56.0685065,6.34606E-06
684,1184,1,-74.873452,350.821843,-67.257485,250,125,20040202, 08:32:50.0000,-60.74727567,-56.06393983,-60.74727567,-56.06393983,-60.74727567,-56.06393983,8.13944E-06
684,1185,1,-68.243137,1614.797896,-49.9014,250,125,20040202, 08:33:10.0000,-60.746609,-56.06167317,-60.74592567,-56.05942317,-60.746609,-56.06167317,3.74651E-05
684,1186,1,-68.912201,1384.241047,-52.570296,250,125,20040202, 08:33:50.0000,-60.7452592,-56.05715721,-60.74457567,-56.05488983,-60.7452592,-56.05715721,3.21159E-05
684,1187,1,-73.282623,506.022199,-66.1142,250,125,20040202, 08:34:30.0000,-60.74389233,-56.0526065,-60.74389233,-56.0526065,-60.74389233,-56.0526065,1.17403E-05
684,1188,1,-65.799856,2834.302969,-51.019038,250,125,20040202, 08:34:50.0000,-60.74319233,-56.05033983,-60.74252567,-56.0480565,-60.74319233,-56.05033983,6.57589E-05
684,1189,1,-74.156076,413.83217,-57.912178,250,125,20040202, 08:35:30.0000,-60.74184171,-56.04581472,-60.74119128,-56.04351949,-60.74184171,-56.04581472,9.60135E-06
684,1190,1,-71.142451,828.298332,-62.734075,250,125,20040202, 08:36:10.0000,-60.74051542,-56.04128342,-60.7398592,-56.03903408,-60.74051542,-56.04128342,1.92174E-05
684,1191,1,-71.096752,837.060197,-62.404265,250,125,20040202, 08:36:50.0000,-60.739189,-56.03674483,-60.739189,-56.03674483,-60.739189,-56.03674483,1.94207E-05
684,1192,1,-70.55666,947.907211,-55.936012,250,125,20040202, 08:37:10.0000,-60.73853922,-56.0344733,-60.73785578,-56.03220628,-60.73853922,-56.0344733,2.19925E-05
684,1193,1,-72.525754,602.36045,-58.003463,250,125,20040202, 08:37:50.0000,-60.73717233,-56.02994483,-60.736489,-56.02767817,-60.73717233,-56.02994483,1.39754E-05
684,1194,1,-73.588077,471.654651,-59.131878,250,125,20040202, 08:38:30.0000,-60.73581139,-56.02538961,-60.735139,-56.02310592,-60.73581139,-56.02538961,1.09429E-05
684,1195,1,-75.928554,275.154384,-67.329122,250,125,20040202, 08:39:10.0000,-60.73445589,-56.02079561,-60.73445589,-56.02079561,-60.73445589,-56.02079561,6.38388E-06
684,1196,1,-73.319529,501.740205,-62.650211,250,125,20040202, 08:39:30.0000,-60.73378911,-56.01850628,-60.73313592,-56.01623983,-60.73378911,-56.01850628,1.16409E-05
684,1197,1,-73.164977,519.917092,-63.707484,250,125,20040202, 08:40:10.0000,-60.73249233,-56.01398342,-60.73182567,-56.01171675,-60.73249233,-56.01398342,1.20626E-05
684,1198,1,-73.3486,498.392861,-64.907062,250,125,20040202, 08:40:50.0000,-60.73116925,-56.00946675,-60.73116925,-56.00946675,-60.73116925,-56.00946675,1.15633E-05
684,1199,1,-70.56536,946.010262,-62.830177,250,125,20040202, 08:41:10.0000,-60.730509,-56.00717317,-60.729842,-56.00488867,-60.730509,-56.00717317,2.19485E-05
684,1200,1,-71.203782,816.683201,-63.500472,250,125,20040202, 08:41:50.0000,-60.729192,-56.00260533,-60.72852533,-56.000322,-60.729192,-56.00260533,1.89479E-05
684,1201,1,-71.867668,700.914433,-63.497112,250,125,20040202, 08:42:30.0000,-60.72785867,-55.998099,-60.7271915,-55.99584739,-60.72785867,-55.998099,1.6262E-05
684,1202,1,-74.936725,345.747743,-68.990033,250,125,20040202, 08:43:10.0000,-60.72652533,-55.99355533,-60.72652533,-55.99355533,-60.72652533,-55.99355533,8.02172E-06
684,1203,1,-73.748397,454.560994,-66.234473,250,125,20040202, 08:43:30.0000,-60.72585817,-55.99128072,-60.72520233,-55.98898867,-60.72585817,-55.99128072,1.05463E-05
684,1204,1,-73.550543,475.748597,-65.026142,250,125,20040202, 08:44:10.0000,-60.72452533,-55.98668233,-60.723842,-55.984372,-60.72452533,-55.98668233,1.10379E-05
684,1205,1,-72.004631,679.154744,-64.275496,250,125,20040202, 08:44:50.0000,-60.72317533,-55.982072,-60.722492,-55.97978867,-60.72317533,-55.982072,1.57571E-05
684,1206,1,-70.188531,1031.760168,-62.794361,250,125,20040202, 08:45:30.0000,-60.72182449,-55.97746905,-60.72182449,-55.97746905,-60.72182449,-55.97746905,2.39379E-05
684,1207,1,-72.926222,549.300026,-65.166776,250,125,20040202, 08:45:50.0000,-60.721142,-55.97513867,-60.72044833,-55.97281567,-60.721142,-55.97513867,1.27444E-05
684,1208,1,-71.242797,809.379336,-62.656312,250,125,20040202, 08:46:30.0000,-60.71980187,-55.97049699,-60.71915867,-55.96818233,-60.71980187,-55.97049699,1.87785E-05
684,1209,1,-70.721375,912.62917,-61.668644,250,125,20040202, 08:47:10.0000,-60.71849094,-55.96586829,-60.71849094,-55.96586829,-60.71849094,-55.96586829,2.1174E-05
684,1210,1,-72.042733,673.222377,-64.699251,250,125,20040202, 08:47:30.0000,-60.71780867,-55.963572,-60.71712533,-55.96125533,-60.71780867,-55.963572,1.56195E-05
684,1211,1,-69.939414,1092.673641,-63.575693,250,125,20040202, 08:48:10.0000,-60.71644091,-55.95895152,-60.71575761,-55.95662436,-60.71644091,-55.95895152,2.53512E-05
684,1212,1,-68.730923,1443.243381,-62.439705,250,125,20040202, 08:48:50.0000,-60.71507427,-55.95432889,-60.71507427,-55.95432889,-60.71507427,-55.95432889,3.34848E-05
684,1213,1,-71.429099,775.393126,-62.963599,250,125,20040202, 08:49:10.0000,-60.71440556,-55.95200556,-60.71373878,-55.94964405,-60.71440556,-55.95200556,1.799E-05
684,1214,1,-73.484037,483.090091,-66.391559,250,125,20040202, 08:49:50.0000,-60.71307533,-55.94730533,-60.71240867,-55.944972,-60.71307533,-55.94730533,1.12082E-05
684,1215,1,-73.681482,461.61899,-67.826621,250,125,20040202, 08:50:30.0000,-60.71174094,-55.94263496,-60.71174094,-55.94263496,-60.71174094,-55.94263496,1.07101E-05
684,1216,1,-74.781897,358.296178,-65.433002,250,125,20040202, 08:50:50.0000,-60.71107533,-55.94030533,-60.71040556,-55.93797778,-60.71107533,-55.94030533,8.31286E-06
684,1217,1,-72.598512,592.353018,-66.160809,250,125,20040202, 08:51:30.0000,-60.70977233,-55.93564483,-60.70910533,-55.93331583,-60.70977233,-55.93564483,1.37432E-05
684,1218,1,-74.320568,398.45112,-63.461364,250,125,20040202, 08:52:10.0000,-60.70843867,-55.93099367,-60.70777211,-55.92866625,-60.70843867,-55.93099367,9.2445E-06
684,1219,1,-74.483908,383.743467,-62.114595,250,125,20040202, 08:52:50.0000,-60.70708867,-55.9263325,-60.70708867,-55.9263325,-60.70708867,-55.9263325,8.90326E-06
684,1220,1,-72.602264,591.84149,-57.559616,250,125,20040202, 08:53:10.0000,-60.70640533,-55.92399367,-60.70573878,-55.92161625,-60.70640533,-55.92399367,1.37314E-05
684,1221,1,-72.966141,544.274165,-58.719527,250,125,20040202, 08:53:50.0000,-60.70506111,-55.91924444,-60.70440556,-55.91688333,-60.70506111,-55.91924444,1.26277E-05
684,1222,1,-71.692035,729.841147,-60.443437,250,125,20040202, 08:54:30.0000,-60.70373867,-55.91454367,-60.70373867,-55.91454367,-60.70373867,-55.91454367,1.69331E-05
684,1223,1,-66.523955,2399.033765,-52.37175,250,125,20040202, 08:54:50.0000,-60.703022,-55.912277,-60.70231111,-55.91000556,-60.703022,-55.912277,5.56602E-05
684,1224,1,-74.217837,407.988715,-66.086088,250,125,20040202, 08:55:30.0000,-60.70160867,-55.90776567,-60.700915,-55.90550533,-60.70160867,-55.90776567,9.46578E-06
684,1225,1,-77.561958,188.901755,-71.047936,250,125,20040202, 08:56:10.0000,-60.70019833,-55.90323867,-60.70019833,-55.90323867,-60.70019833,-55.90323867,4.38272E-06
684,1226,1,-73.885461,440.43896,-56.592221,250,125,20040202, 08:56:30.0000,-60.69950867,-55.90095533,-60.698815,-55.898672,-60.69950867,-55.90095533,1.02187E-05
684,1227,1,-71.478989,766.53664,-53.671044,250,125,20040202, 08:57:10.0000,-60.698115,-55.89636567,-60.69740867,-55.89407833,-60.698115,-55.89636567,1.77845E-05
684,1228,1,-77.778725,179.70466,-71.722694,250,125,20040202, 08:57:50.0000,-60.69670533,-55.891777,-60.696007,-55.8894995,-60.69670533,-55.891777,4.16934E-06
684,1229,1,-75.979337,271.955671,-70.075622,250,125,20040202, 08:58:30.0000,-60.695307,-55.88723283,-60.695307,-55.88723283,-60.695307,-55.88723283,6.30966E-06
684,1230,1,-65.441247,3078.273262,-49.50491,250,125,20040202, 08:58:50.0000,-60.69462472,-55.88496366,-60.69392222,-55.88268889,-60.69462472,-55.88496366,7.14193E-05
684,1231,1,-67.918323,1740.201332,-54.501837,250,125,20040202, 08:59:30.0000,-60.693192,-55.88040533,-60.69246083,-55.878127,-60.693192,-55.88040533,4.03745E-05
684,1232,1,-84.002514,42.872666,-74.189239,250,125,20040202, 09:00:10.0000,-60.69175556,-55.87586111,-60.69175556,-55.87586111,-60.69175556,-55.87586111,9.94692E-07
684,1233,1,-78.953262,137.121521,-71.636671,250,125,20040202, 09:00:30.0000,-60.69104417,-55.87358817,-60.6903275,-55.87131033,-60.69104417,-55.87358817,3.18137E-06
684,1234,1,-79.912864,109.937399,-71.791089,250,125,20040202, 09:01:10.0000,-60.689622,-55.86905483,-60.688922,-55.8668215,-60.689622,-55.86905483,2.55067E-06
684,1235,1,-77.65782,184.777813,-66.261276,250,125,20040202, 09:01:50.0000,-60.688222,-55.86460483,-60.688222,-55.86460483,-60.688222,-55.86460483,4.28704E-06
684,1236,1,-74.104403,418.78542,-58.14725,250,125,20040202, 09:02:10.0000,-60.68750556,-55.86234444,-60.6867943,-55.86005519,-60.68750556,-55.86234444,9.71627E-06
684,1237,1,-76.310139,252.010124,-60.936056,250,125,20040202, 09:02:50.0000,-60.68608867,-55.85776033,-60.68538867,-55.8554715,-60.68608867,-55.85776033,5.84691E-06
684,1238,1,-74.893154,349.233958,-57.946043,250,125,20040202, 09:03:30.0000,-60.68471097,-55.85316072,-60.684022,-55.85088817,-60.68471097,-55.85316072,8.1026E-06
684,1239,1,-83.090782,52.887579,-67.537882,250,125,20040202, 09:04:10.0000,-60.68330533,-55.84863817,-60.68330533,-55.84863817,-60.68330533,-55.84863817,1.22705E-06
684,1240,1,-75.64372,293.80547,-56.219288,250,125,20040202, 09:04:30.0000,-60.6825943,-55.84640519,-60.68188867,-55.84411583,-60.6825943,-55.84640519,6.8166E-06
684,1241,1,-71.487504,765.035296,-54.834812,250,125,20040202, 09:05:10.0000,-60.6811775,-55.84185483,-60.68050533,-55.83956033,-60.6811775,-55.84185483,1.77496E-05
684,1242,1,-86.705724,23.00697,-73.704135,250,125,20040202, 09:05:50.0000,-60.679822,-55.8372825,-60.679822,-55.8372825,-60.679822,-55.8372825,5.33787E-07
684,1243,1,-74.771476,359.156907,-56.507368,250,125,20040202, 09:06:10.0000,-60.679122,-55.83501033,-60.67840533,-55.8327715,-60.679122,-55.83501033,8.33283E-06
684,1244,1,-78.080753,167.631866,-59.731679,250,125,20040202, 09:06:50.0000,-60.67768867,-55.83051033,-60.676972,-55.828227,-60.67768867,-55.83051033,3.88924E-06
684,1245,1,-69.603077,1180.657967,-54.235846,250,125,20040202, 09:07:30.0000,-60.67626083,-55.8259215,-60.67626083,-55.8259215,-60.67626083,-55.8259215,2.73925E-05
684,1246,1,-77.94427,172.983559,-61.836408,250,125,20040202, 09:07:50.0000,-60.675572,-55.82365483,-60.67485533,-55.82140483,-60.675572,-55.82365483,4.01341E-06
684,1247,1,-75.970537,272.50729,-59.810722,250,125,20040202, 09:08:30.0000,-60.67415772,-55.81915203,-60.67346474,-55.81685461,-60.67415772,-55.81915203,6.32246E-06
684,1248,1,-79.693792,115.625234,-68.988806,250,125,20040202, 09:09:10.0000,-60.672775,-55.81458125,-60.67209167,-55.81235417,-60.672775,-55.81458125,2.68263E-06
684,1249,1,-67.386606,1966.850157,-55.435863,250,125,20040202, 09:09:50.0000,-60.67139167,-55.81011458,-60.67139167,-55.81011458,-60.67139167,-55.81011458,4.5633E-05
684,1250,1,-76.705395,230.087119,-65.888009,250,125,20040202, 09:10:10.0000,-60.67069167,-55.80789792,-60.66999187,-55.80563823,-60.67069167,-55.80789792,5.33827E-06
684,1251,1,-73.861368,442.889157,-60.820753,250,125,20040202, 09:10:50.0000,-60.66929167,-55.80339792,-60.66861458,-55.80113125,-60.66929167,-55.80339792,1.02755E-05
684,1252,1,-74.569945,376.216071,-63.342139,250,125,20040202, 09:11:30.0000,-60.667925,-55.79885417,-60.667925,-55.79885417,-60.667925,-55.79885417,8.72862E-06
684,1253,1,-75.209453,324.703169,-68.217777,250,125,20040202, 09:11:50.0000,-60.667225,-55.79663125,-60.666525,-55.79437083,-60.667225,-55.79663125,7.53346E-06
684,1254,1,-77.013651,214.322019,-67.761658,250,125,20040202, 09:12:30.0000,-60.66584167,-55.79210417,-60.66514167,-55.78987083,-60.66584167,-55.79210417,4.9725E-06
684,1255,1,-73.582361,472.275852,-61.096592,250,125,20040202, 09:13:10.0000,-60.66445833,-55.7876375,-60.66373125,-55.7853875,-60.66445833,-55.7876375,1.09573E-05
684,1256,1,-71.600108,745.454356,-60.727142,250,125,20040202, 09:13:50.0000,-60.66310726,-55.78303376,-60.66310726,-55.78303376,-60.66310726,-55.78303376,1.72953E-05
684,1257,1,-74.825791,354.69311,-60.593509,250,125,20040202, 09:14:10.0000,-60.66262917,-55.78057708,-60.66232927,-55.77802786,-60.66262917,-55.78057708,8.22926E-06
684,1258,1,-71.20062,817.278067,-58.577869,250,125,20040202, 09:14:50.0000,-60.66209583,-55.77546667,-60.66187292,-55.77291667,-60.66209583,-55.77546667,1.89617E-05
684,1259,1,-71.075658,841.135593,-60.525994,250,125,20040202, 09:15:30.0000,-60.6616625,-55.77036042,-60.66143958,-55.76779375,-60.6616625,-55.77036042,1.95153E-05
684,1260,1,-72.286229,636.515392,-60.788889,250,125,20040202, 09:16:10.0000,-60.66120625,-55.76526042,-60.66120625,-55.76526042,-60.66120625,-55.76526042,1.47678E-05
684,1261,1,-72.222797,645.880505,-57.678223,250,125,20040202, 09:16:30.0000,-60.66103333,-55.7627,-60.66098333,-55.76008333,-60.66103333,-55.7627,1.49851E-05
684,1262,1,-69.462853,1219.400887,-57.783006,250,125,20040202, 09:17:10.0000,-60.661,-55.75746042,-60.661,-55.75483333,-60.661,-55.75746042,2.82914E-05
684,1263,1,-70.197662,1029.593217,-60.894411,250,125,20040202, 09:17:50.0000,-60.66096667,-55.75219756,-60.66095,-55.74958333,-60.66096667,-55.75219756,2.38877E-05
684,1264,1,-68.067891,1681.290344,-56.793965,250,125,20040202, 09:18:30.0000,-60.66088958,-55.74693333,-60.66088958,-55.74693333,-60.66088958,-55.74693333,3.90077E-05
684,1265,1,-67.380178,1969.763095,-57.629518,250,125,20040202, 09:18:50.0000,-60.66083958,-55.74429375,-60.66078333,-55.74163974,-60.66083958,-55.74429375,4.57006E-05
684,1266,1,-68.564182,1499.731997,-58.890158,250,125,20040202, 09:19:30.0000,-60.66073943,-55.73899756,-60.66068333,-55.73636042,-60.66073943,-55.73899756,3.47954E-05
684,1267,1,-68.114578,1663.313393,-58.876074,250,125,20040202, 09:20:10.0000,-60.66062292,-55.73371667,-60.66062292,-55.73371667,-60.66062292,-55.73371667,3.85907E-05
684,1268,1,-76.328825,250.928126,-62.588953,250,125,20040202, 09:20:30.0000,-60.66056667,-55.73106667,-60.6605,-55.72843333,-60.66056667,-55.73106667,5.8218E-06
684,1269,1,-75.829037,281.532239,-66.650719,250,125,20040202, 09:21:10.0000,-60.66045,-55.72578333,-60.6604,-55.72316239,-60.66045,-55.72578333,6.53185E-06
684,1270,1,-70.144811,1042.199269,-59.20115,250,125,20040202, 09:21:50.0000,-60.66035,-55.72054375,-60.66028333,-55.717932,-60.66035,-55.72054375,2.41801E-05
684,1271,1,-68.71517,1448.487847,-57.138733,250,125,20040202, 09:22:30.0000,-60.66023333,-55.71529867,-60.66023333,-55.71529867,-60.66023333,-55.71529867,3.36065E-05
684,1272,1,-69.805643,1126.853835,-56.816065,250,125,20040202, 09:22:50.0000,-60.66016667,-55.71264867,-60.66010617,-55.7099925,-60.66016667,-55.71264867,2.61442E-05
684,1273,1,-69.670524,1162.463837,-57.566315,250,125,20040202, 09:23:30.0000,-60.66005,-55.70734069,-60.66002271,-55.70468007,-60.66005,-55.70734069,2.69704E-05
684,1274,1,-70.412879,979.814743,-57.222582,250,125,20040202, 09:24:10.0000,-60.65998333,-55.702017,-60.65993333,-55.6994134,-60.65998333,-55.702017,2.27328E-05
684,1275,1,-74.749832,360.951331,-68.126216,250,125,20040202, 09:24:50.0000,-60.6599,-55.69680917,-60.6599,-55.69680917,-60.6599,-55.69680917,8.37446E-06
684,1276,1,-74.506195,381.779305,-67.562824,250,125,20040202, 09:25:10.0000,-60.65986667,-55.69421533,-60.65983333,-55.69161533,-60.65986667,-55.69421533,8.85769E-06
684,1277,1,-73.26712,507.8318,-66.120251,250,125,20040202, 09:25:50.0000,-60.65978333,-55.688982,-60.6597395,-55.68635917,-60.65978333,-55.688982,1.17822E-05
684,1278,1,-74.441782,387.48392,-63.205181,250,125,20040202, 09:26:30.0000,-60.65971667,-55.68367769,-60.65968333,-55.68101533,-60.65971667,-55.68367769,8.99004E-06
684,1279,1,-79.086751,132.970936,-71.919441,250,125,20040202, 09:27:10.0000,-60.65966667,-55.67836533,-60.65966667,-55.67836533,-60.65966667,-55.67836533,3.08507E-06
684,1280,1,-76.852292,222.434755,-70.817715,250,125,20040202, 09:27:30.0000,-60.65966667,-55.67570483,-60.65965,-55.673032,-60.65966667,-55.67570483,5.16073E-06
684,1281,1,-78.615809,148.200925,-71.760613,250,125,20040202, 09:28:10.0000,-60.65963333,-55.670382,-60.65958333,-55.66774867,-60.65963333,-55.670382,3.43842E-06
684,1282,1,-79.277916,127.244871,-71.617711,250,125,20040202, 09:28:50.0000,-60.65956667,-55.66510026,-60.65956667,-55.66510026,-60.65956667,-55.66510026,2.95222E-06
684,1283,1,-76.280128,253.757607,-64.078915,250,125,20040202, 09:29:10.0000,-60.65953953,-55.6624325,-60.65951667,-55.659782,-60.65953953,-55.6624325,5.88745E-06
684,1284,1,-81.434766,77.438198,-69.493635,250,125,20040202, 09:29:50.0000,-60.6595,-55.657132,-60.65946667,-55.65450917,-60.6595,-55.657132,1.79665E-06
684,1285,1,-87.403155,19.593697,-76.298965,250,125,20040202, 09:30:30.0000,-60.65946667,-55.651882,-60.65946667,-55.64924867,-60.65946667,-55.651882,4.54595E-07
684,1286,1,-86.101361,26.442085,-77.076295,250,125,20040202, 09:31:10.0000,-60.6594395,-55.6465925,-60.6594395,-55.6465925,-60.6594395,-55.6465925,6.13485E-07
684,1287,1,-79.35931,124.882297,-68.5594,250,125,20040202, 09:31:30.0000,-60.6594,-55.643932,-60.65936667,-55.64124916,-60.6594,-55.643932,2.8974E-06
684,1288,1,-82.352836,62.682774,-72.806952,250,125,20040202, 09:32:10.0000,-60.65933333,-55.6385925,-60.65935,-55.63591692,-60.65933333,-55.6385925,1.45431E-06
684,1289,1,-78.493849,152.421767,-68.997448,250,125,20040202, 09:32:50.0000,-60.65936667,-55.63324626,-60.65936667,-55.63324626,-60.65936667,-55.63324626,3.53635E-06
684,1290,1,-81.252911,80.749663,-72.618159,250,125,20040202, 09:33:10.0000,-60.65938333,-55.63062583,-60.65941667,-55.62799867,-60.65938333,-55.63062583,1.87348E-06
684,1291,1,-81.110429,83.442818,-69.382272,250,125,20040202, 09:33:50.0000,-60.65941667,-55.625352,-60.65943333,-55.62271957,-60.65941667,-55.625352,1.93596E-06
684,1292,1,-83.069151,53.151654,-72.360028,250,125,20040202, 09:34:30.0000,-60.65946131,-55.62007446,-60.65948333,-55.617424,-60.65946131,-55.62007446,1.23318E-06
684,1293,1,-82.684829,58.069618,-71.157465,250,125,20040202, 09:35:10.0000,-60.6595,-55.61478624,-60.6595,-55.61478624,-60.6595,-55.61478624,1.34728E-06
684,1294,1,-81.079554,84.038141,-69.823296,250,125,20040202, 09:35:30.0000,-60.65951667,-55.61215779,-60.65953333,-55.609532,-60.65951667,-55.61215779,1.94978E-06
684,1295,1,-87.418713,19.523629,-77.858217,250,125,20040202, 09:36:10.0000,-60.65955,-55.60689867,-60.65955,-55.60427583,-60.65955,-55.60689867,4.52969E-07
684,1296,1,-83.729816,45.650999,-72.067756,250,125,20040202, 09:36:50.0000,-60.65955,-55.60166533,-60.65956667,-55.59901533,-60.65955,-55.60166533,1.05915E-06
684,1297,1,-83.380289,49.476951,-74.833407,250,125,20040202, 09:37:30.0000,-60.65958333,-55.59636533,-60.65958333,-55.59636533,-60.65958333,-55.59636533,1.14792E-06
684,1298,1,-77.392719,196.408333,-68.973808,250,125,20040202, 09:37:50.0000,-60.6596,-55.59371293,-60.65962717,-55.59106533,-60.6596,-55.59371293,4.55689E-06
684,1299,1,-78.044223,169.047795,-70.770784,250,125,20040202, 09:38:30.0000,-60.65961667,-55.588432,-60.65961667,-55.58573359,-60.65961667,-55.588432,3.92209E-06
684,1300,1,-84.806563,35.626697,-73.370252,250,125,20040202, 09:39:10.0000,-60.65963333,-55.583082,-60.65963333,-55.583082,-60.65963333,-55.583082,8.26578E-07
684,1301,1,-84.008156,42.816999,-66.547671,250,125,20040202, 09:39:30.0000,-60.65963333,-55.58044867,-60.65963333,-55.57778108,-60.65963333,-55.58044867,9.93401E-07
684,1302,1,-80.96568,86.270799,-65.478142,250,125,20040202, 09:40:10.0000,-60.65961667,-55.57512769,-60.65961667,-55.57246533,-60.65961667,-55.57512769,2.00158E-06
684,1303,1,-80.898909,87.607431,-71.454661,250,125,20040202, 09:40:50.0000,-60.65961667,-55.56982583,-60.6596,-55.56720917,-60.65961667,-55.56982583,2.03259E-06
684,1304,1,-80.681765,92.099095,-71.139269,250,125,20040202, 09:41:30.0000,-60.6596,-55.56457179,-60.6596,-55.56457179,-60.6596,-55.56457179,2.1368E-06
684,1305,1,-85.801068,28.33512,-72.784394,250,125,20040202, 09:41:50.0000,-60.65961667,-55.56194867,-60.65961667,-55.55930917,-60.65961667,-55.56194867,6.57405E-07
684,1306,1,-94.244732,4.054699,-78.371783,250,125,20040202, 09:42:30.0000,-60.65963333,-55.55668067,-60.65963333,-55.55402008,-60.65963333,-55.55668067,9.40734E-08
684,1307,1,-80.939776,86.786914,-71.580774,250,125,20040202, 09:43:10.0000,-60.65961667,-55.55135342,-60.65958942,-55.54868067,-60.65961667,-55.55135342,2.01355E-06
684,1308,1,-84.492097,38.30206,-75.534495,250,125,20040202, 09:43:50.0000,-60.6596,-55.54603067,-60.6596,-55.54603067,-60.6596,-55.54603067,8.88649E-07
684,1309,1,-88.322793,15.854498,-74.193109,250,125,20040202, 09:44:10.0000,-60.65964392,-55.543414,-60.65968333,-55.54082458,-60.65964392,-55.543414,3.67841E-07
684,1310,1,-89.674102,11.615066,-74.043621,250,125,20040202, 09:44:50.0000,-60.6597,-55.53822876,-60.65968333,-55.53560838,-60.6597,-55.53822876,2.69482E-07
684,1311,1,-90.985356,8.588083,-77.019935,250,125,20040202, 09:45:30.0000,-60.65968333,-55.53298067,-60.65966667,-55.53034733,-60.65968333,-55.53298067,1.99253E-07
684,1312,1,-95.886783,2.778136,-84.615045,250,125,20040202, 09:46:10.0000,-60.65966667,-55.52767008,-60.65966667,-55.52767008,-60.65966667,-55.52767008,6.44558E-08
684,1313,1,-94.616574,3.721984,-81.102125,250,125,20040202, 09:46:30.0000,-60.65967275,-55.52500342,-60.65968333,-55.52235342,-60.65967275,-55.52500342,8.6354E-08
684,1314,1,-91.716507,7.257402,-76.648355,250,125,20040202, 09:47:10.0000,-60.6597,-55.51970342,-60.65973333,-55.51708675,-60.6597,-55.51970342,1.6838E-07
684,1315,1,-87.175403,20.648644,-77.327375,250,125,20040202, 09:47:50.0000,-60.65975,-55.51446824,-60.65975,-55.51446824,-60.65975,-55.51446824,4.79071E-07
684,1316,1,-82.971348,54.362197,-71.656753,250,125,20040202, 09:48:10.0000,-60.65978333,-55.5119296,-60.65983333,-55.50936163,-60.65978333,-55.5119296,1.26126E-06
684,1317,1,-88.081135,16.76171,-77.017616,250,125,20040202, 09:48:50.0000,-60.65986667,-55.50678902,-60.6599,-55.50422051,-60.65986667,-55.50678902,3.8889E-07
684,1318,1,-84.763166,35.984482,-73.489312,250,125,20040202, 09:49:30.0000,-60.65991667,-55.50165792,-60.65995,-55.49909733,-60.65991667,-55.50165792,8.34879E-07
684,1319,1,-83.948953,43.404674,-71.730792,250,125,20040202, 09:50:10.0000,-60.65996667,-55.49655569,-60.66002725,-55.493964,-60.65996667,-55.49655569,1.00704E-06
684,1320,1,-84.410405,39.02935,-72.778207,250,125,20040202, 09:50:50.0000,-60.66006667,-55.49134818,-60.66006667,-55.49134818,-60.66006667,-55.49134818,9.05523E-07
684,1321,1,-84.687914,36.613434,-74.483966,250,125,20040202, 09:51:10.0000,-60.6601274,-55.48877829,-60.66017725,-55.48618067,-60.6601274,-55.48877829,8.49471E-07
684,1322,1,-80.96663,86.251941,-66.205648,250,125,20040202, 09:51:50.0000,-60.66023333,-55.48358067,-60.66025,-55.48099733,-60.66023333,-55.48358067,2.00114E-06
684,1323,1,-78.715856,144.825916,-65.710868,250,125,20040202, 09:52:30.0000,-60.66023333,-55.47839733,-60.6602,-55.475814,-60.66023333,-55.47839733,3.36012E-06
684,1324,1,-81.75899,71.867549,-69.813031,250,125,20040202, 09:53:10.0000,-60.66018333,-55.47327458,-60.66018333,-55.47327458,-60.66018333,-55.47327458,1.6674E-06
684,1325,1,-74.585399,374.879731,-58.913011,250,125,20040202, 09:53:30.0000,-60.6602,-55.47072051,-60.6602,-55.46817387,-60.6602,-55.47072051,8.69761E-06
684,1326,1,-75.626494,294.973137,-60.000539,250,125,20040202, 09:54:10.0000,-60.66021667,-55.46563902,-60.66023333,-55.46309125,-60.66021667,-55.46563902,6.84369E-06
684,1327,1,-74.7934,357.348402,-59.931562,250,125,20040202, 09:54:50.0000,-60.66023333,-55.46052875,-60.66023333,-55.45796333,-60.66023333,-55.46052875,8.29087E-06
684,1328,1,-79.182851,130.0609,-64.023027,250,125,20040202, 09:55:30.0000,-60.66023333,-55.45539299,-60.66025,-55.45281208,-60.66023333,-55.45539299,3.01755E-06
684,1329,1,-77.560843,188.950261,-64.757337,250,125,20040202, 09:56:10.0000,-60.66023333,-55.45023902,-60.66023333,-55.45023902,-60.66023333,-55.45023902,4.38385E-06
684,1330,1,-84.917678,34.72674,-75.227867,250,125,20040202, 09:56:30.0000,-60.66023333,-55.44765792,-60.66021667,-55.44505966,-60.66023333,-55.44765792,8.05698E-07
684,1331,1,-85.636181,29.431592,-72.787946,250,125,20040202, 09:57:10.0000,-60.66021058,-55.44248067,-60.66021667,-55.43989744,-60.66021058,-55.44248067,6.82845E-07
684,1332,1,-85.354585,31.403162,-72.229071,250,125,20040202, 09:57:50.0000,-60.66021667,-55.43731733,-60.66021667,-55.43475357,-60.66021667,-55.43731733,7.28587E-07
684,1333,1,-85.483423,30.485233,-76.444828,250,125,20040202, 09:58:30.0000,-60.66021667,-55.43215067,-60.66021667,-55.43215067,-60.66021667,-55.43215067,7.0729E-07
684,1334,1,-84.449575,38.678916,-74.230797,250,125,20040202, 09:58:50.0000,-60.66020593,-55.42955569,-60.66018333,-55.42697236,-60.66020593,-55.42955569,8.97393E-07
684,1335,1,-82.620469,58.936581,-73.27691,250,125,20040202, 09:59:30.0000,-60.6602,-55.42438718,-60.6602,-55.42181208,-60.6602,-55.42438718,1.36739E-06
684,1336,1,-86.503263,24.104913,-70.59719,250,125,20040202, 10:00:10.0000,-60.6602,-55.41923491,-60.66018333,-55.41667875,-60.6602,-55.41923491,5.5926E-07
