Process_ID,Interval,Layer,Sv_mean,NASC,Sv_max,Height_mean,Depth_mean,Date_M,Time_M,Lat_S,Lon_S,Lat_E,Lon_E,Lat_M,Lon_M,ABC
697,1,1,-82.940513,54.578419,-67.582257,249.218559,124.702272,20060209, 06:43:50.0000,999,999,-62.16299833,-61.47408167,-62.162165,-61.473432,1.26628E-06
697,2,1,-86.665474,23.148603,-74.426443,249.218559,124.702272,20060209, 06:44:50.0000,-62.16384837,-61.4747317,-62.16549837,-61.47608203,-62.16466504,-61.47539902,5.37073E-07
697,3,1,-83.212396,51.266376,-68.126304,249.218559,124.702272,20060209, 06:45:30.0000,-62.16631502,-61.47673202,-62.16716502,-61.47741502,-62.16631502,-61.47673202,1.18944E-06
697,4,1,-83.140377,52.123617,-68.011161,249.218559,124.702272,20060209, 06:46:30.0000,-62.16799835,-61.47811535,-62.16968167,-61.47954867,-62.16884835,-61.47881568,1.20932E-06
697,5,1,-82.216178,64.484369,-68.759753,249.218559,124.702272,20060209, 06:47:10.0000,-62.17058167,-61.48026567,-62.17144801,-61.48099834,-62.17058167,-61.48026567,1.49611E-06
697,6,1,-85.366497,31.219257,-76.651923,249.218559,124.702272,20060209, 06:48:10.0000,-62.17233167,-61.48171467,-62.17411467,-61.48309867,-62.17321467,-61.48239867,7.2432E-07
697,7,1,-83.479621,48.207003,-70.551829,249.218559,124.702272,20060209, 06:48:50.0000,-62.17498167,-61.48381534,-62.17586423,-61.48453138,-62.17498167,-61.48381534,1.11845E-06
697,8,1,-82.740946,57.144922,-71.795405,249.218559,124.702272,20060209, 06:49:30.0000,-62.17676374,-61.48526472,-62.17766374,-61.4860309,-62.17676374,-61.48526472,1.32582E-06
697,9,1,-80.871326,87.890033,-62.363402,249.218559,124.702272,20060209, 06:50:30.0000,-62.1785309,-61.48674805,-62.18033333,-61.48813333,-62.17944828,-61.48744828,2.03914E-06
697,10,1,-84.651377,36.807348,-72.29117,249.218559,124.702272,20060209, 06:51:10.0000,-62.18125,-61.4889,-62.18216667,-61.48965,-62.18125,-61.4889,8.5397E-07
697,11,1,-84.77914,35.740304,-75.504839,249.218559,124.702272,20060209, 06:51:50.0000,-62.18308258,-61.49043273,-62.18398243,-61.49119925,-62.18308258,-61.49043273,8.29214E-07
697,12,1,-85.674045,29.084912,-75.968442,249.218559,124.702272,20060209, 06:52:30.0000,-62.1848991,-61.4918994,-62.18579925,-61.49264925,-62.1848991,-61.4918994,6.74801E-07
697,13,1,-87.128922,20.805588,-77.376009,249.218559,124.702272,20060209, 06:53:30.0000,-62.18671576,-61.49334925,-62.1885491,-61.4947994,-62.18761591,-61.4940991,4.82712E-07
697,14,1,-86.425018,24.466422,-74.9443,249.218559,124.702272,20060209, 06:54:10.0000,-62.18946591,-61.49551606,-62.19036575,-61.49626606,-62.18946591,-61.49551606,5.67647E-07
697,15,1,-87.268884,20.145765,-74.971771,249.218559,124.702272,20060209, 06:54:50.0000,-62.19128257,-61.49698272,-62.19221575,-61.49768272,-62.19128257,-61.49698272,4.67403E-07
697,16,1,-88.851884,13.99213,-81.225951,249.218559,124.702272,20060209, 06:55:50.0000,-62.19314909,-61.49841591,-62.19493257,-61.49986606,-62.19403257,-61.49914924,3.24633E-07
697,17,1,-82.294176,63.33658,-64.694122,249.218559,124.702272,20060209, 06:56:30.0000,-62.19584909,-61.50063272,-62.19676591,-61.50136606,-62.19584909,-61.50063272,1.46948E-06
697,18,1,-78.666071,146.037754,-61.422771,249.218559,124.702272,20060209, 06:57:10.0000,-62.19766591,-61.50209924,-62.19859909,-61.50283257,-62.19766591,-61.50209924,3.38823E-06
697,19,1,-86.375429,24.747384,-74.659522,249.218559,124.702272,20060209, 06:58:10.0000,-62.19951575,-61.50356621,-62.2013659,-61.5051159,-62.20044924,-61.50431591,5.74166E-07
697,20,1,-84.299352,39.915078,-70.973301,249.218559,124.702272,20060209, 06:58:50.0000,-62.20224923,-61.50598256,-62.20313256,-61.5068659,-62.20224923,-61.50598256,9.26073E-07
697,21,1,-85.871044,27.795076,-73.356429,249.218559,124.702272,20060209, 06:59:30.0000,-62.20398169,-61.50779836,-62.20486503,-61.50873104,-62.20398169,-61.50779836,6.44876E-07
697,22,1,-79.456147,121.746775,-63.714686,249.218559,124.702272,20060209, 07:00:10.0000,-62.20574803,-61.50966503,-62.20661503,-61.51059803,-62.20574803,-61.50966503,2.82466E-06
697,23,1,-79.239806,127.965114,-64.293147,249.218559,124.702272,20060209, 07:01:10.0000,-62.20749745,-61.51153027,-62.20926361,-61.51334796,-62.20838078,-61.51244694,2.96893E-06
697,24,1,-85.147677,32.832544,-73.074904,249.218559,124.702272,20060209, 07:01:50.0000,-62.21013078,-61.51424694,-62.21101412,-61.51514745,-62.21013078,-61.51424694,7.6175E-07
697,25,1,-86.493204,24.085286,-74.943728,249.218559,124.702272,20060209, 07:02:30.0000,-62.21189745,-61.51601412,-62.21276412,-61.51696361,-62.21189745,-61.51601412,5.58805E-07
697,26,1,-84.508653,38.037061,-71.051496,249.218559,124.702272,20060209, 07:03:30.0000,-62.21366412,-61.51786361,-62.21544751,-61.51969751,-62.21456361,-61.51878078,8.82501E-07
697,27,1,-83.042517,53.311453,-72.915116,249.218559,124.702272,20060209, 07:04:10.0000,-62.21633084,-61.52063034,-62.21721368,-61.52159701,-62.21633084,-61.52063034,1.23688E-06
697,28,1,-79.660378,116.154065,-63.427412,249.218559,124.702272,20060209, 07:04:50.0000,-62.21806415,-61.52254698,-62.21896415,-61.52351364,-62.21806415,-61.52254698,2.6949E-06
697,29,1,-77.768969,179.545808,-65.277051,249.218559,124.702272,20060209, 07:05:30.0000,-62.21984748,-61.52444748,-62.22076364,-61.52534748,-62.21984748,-61.52444748,4.16566E-06
697,30,1,-79.204376,129.013336,-62.240414,249.218559,124.702272,20060209, 07:06:30.0000,-62.22164748,-61.52629647,-62.22341364,-61.52816415,-62.22251415,-61.52721415,2.99325E-06
697,31,1,-82.219884,64.429353,-68.074666,249.218559,124.702272,20060209, 07:07:10.0000,-62.22431364,-61.52906364,-62.22518081,-61.52999698,-62.22431364,-61.52906364,1.49483E-06
697,32,1,-84.817049,35.429686,-77.425092,249.218559,124.702272,20060209, 07:07:50.0000,-62.22606415,-61.53096364,-62.22694698,-61.53193081,-62.22606415,-61.53096364,8.22007E-07
697,33,1,-85.710546,28.841482,-79.047458,249.218559,124.702272,20060209, 07:08:30.0000,-62.22781332,-61.53291332,-62.22869666,-61.53389599,-62.22781332,-61.53291332,6.69153E-07
697,34,1,-82.794266,56.447615,-67.213788,249.218559,124.702272,20060209, 07:09:30.0000,-62.22956667,-61.53483333,-62.23133333,-61.53661667,-62.23045,-61.53573333,1.30965E-06
697,35,1,-82.890766,55.207189,-69.579891,249.218559,124.702272,20060209, 07:10:10.0000,-62.2322,-61.53748333,-62.2331,-61.53833333,-62.2322,-61.53748333,1.28087E-06
697,36,1,-81.537708,75.387869,-68.802236,249.218559,124.702272,20060209, 07:10:50.0000,-62.23396667,-61.53925,-62.23485,-61.54016667,-62.23396667,-61.53925,1.74908E-06
697,37,1,-83.774719,45.040201,-67.623917,249.218559,124.702272,20060209, 07:11:50.0000,-62.23571667,-61.54105,-62.23748333,-61.5428,-62.2366,-61.54195,1.04498E-06
697,38,1,-87.217547,20.385318,-75.819408,249.218559,124.702272,20060209, 07:12:30.0000,-62.23835,-61.54366667,-62.2392,-61.54458333,-62.23835,-61.54366667,4.72961E-07
697,39,1,-86.013459,26.898394,-73.142476,249.218559,124.702272,20060209, 07:13:10.0000,-62.24008333,-61.5455,-62.24095,-61.5464,-62.24008333,-61.5455,6.24072E-07
697,40,1,-84.94144,34.4293,-69.151773,249.218559,124.702272,20060209, 07:14:10.0000,-62.24183333,-61.5473,-62.24358333,-61.54895,-62.2427,-61.54813333,7.98797E-07
697,41,1,-88.241815,16.102404,-79.695093,249.218559,124.702272,20060209, 07:14:50.0000,-62.24448333,-61.54978333,-62.24536667,-61.55066667,-62.24448333,-61.54978333,3.73593E-07
697,42,1,-90.059132,10.596417,-78.076828,249.218559,124.702272,20060209, 07:15:30.0000,-62.24623333,-61.5515,-62.2471,-61.55233333,-62.24623333,-61.5515,2.45848E-07
697,43,1,-86.851248,22.179277,-75.904186,249.218559,124.702272,20060209, 07:16:30.0000,-62.24793333,-61.55323333,-62.24968333,-61.55503333,-62.24881667,-61.55413333,5.14583E-07
697,44,1,-88.396746,15.538091,-73.643139,249.218559,124.702272,20060209, 07:17:10.0000,-62.25056667,-61.55595,-62.25141667,-61.55685,-62.25056667,-61.55595,3.605E-07
697,45,1,-85.870724,27.797122,-71.871243,249.218559,124.702272,20060209, 07:17:50.0000,-62.25226667,-61.55768333,-62.25313333,-61.55861667,-62.25226667,-61.55768333,6.44923E-07
697,46,1,-87.412835,19.488961,-74.543456,249.218559,124.702272,20060209, 07:18:50.0000,-62.25401667,-61.5595,-62.25571667,-61.56133333,-62.25488333,-61.56043333,4.52165E-07
697,47,1,-83.925946,43.49883,-69.844454,249.218559,124.702272,20060209, 07:19:30.0000,-62.25658333,-61.56225,-62.25743333,-61.56313333,-62.25658333,-61.56225,1.00922E-06
697,48,1,-86.785488,22.517666,-74.74546,249.218559,124.702272,20060209, 07:20:10.0000,-62.25831667,-61.56401667,-62.25918333,-61.56493333,-62.25831667,-61.56401667,5.22434E-07
697,49,1,-88.7737,14.246305,-78.91343,249.218559,124.702272,20060209, 07:21:10.0000,-62.26005,-61.56585,-62.26178333,-61.56766667,-62.26093333,-61.56676667,3.3053E-07
697,50,1,-91.185119,8.176365,-83.373515,249.218559,124.702272,20060209, 07:21:50.0000,-62.26263333,-61.56858333,-62.26349653,-61.56944722,-62.26263333,-61.56858333,1.897E-07
697,51,1,-89.4803,12.107159,-80.052729,249.218559,124.702272,20060209, 07:22:30.0000,-62.26436319,-61.57039514,-62.26522994,-61.57128062,-62.26436319,-61.57039514,2.80899E-07
697,52,1,-88.002777,17.013532,-76.200692,249.218559,124.702272,20060209, 07:23:30.0000,-62.26611327,-61.5721966,-62.26784588,-61.5740799,-62.26696327,-61.57312926,3.94732E-07
697,53,1,-87.448322,19.330364,-75.761694,249.218559,124.702272,20060209, 07:24:10.0000,-62.26871254,-61.57504588,-62.26956323,-61.57599588,-62.26871254,-61.57504588,4.48485E-07
697,54,1,-87.043764,21.217579,-76.585662,249.218559,124.702272,20060209, 07:24:50.0000,-62.2704299,-61.57694588,-62.27129663,-61.57786263,-62.2704299,-61.57694588,4.92271E-07
697,55,1,-86.629549,23.340887,-75.780468,249.218559,124.702272,20060209, 07:25:30.0000,-62.27216323,-61.57876392,-62.27304656,-61.57972921,-62.27216323,-61.57876392,5.41534E-07
697,56,1,-86.612937,23.430334,-74.262528,249.218559,124.702272,20060209, 07:26:30.0000,-62.27392997,-61.58066195,-62.27568256,-61.58254908,-62.27481323,-61.58159656,5.43609E-07
697,57,1,-87.206274,20.438304,-73.313036,249.218559,124.702272,20060209, 07:27:10.0000,-62.27656323,-61.5834799,-62.27744575,-61.58442823,-62.27656323,-61.5834799,4.74191E-07
697,58,1,-85.952496,27.278635,-72.359549,249.218559,124.702272,20060209, 07:27:50.0000,-62.27832997,-61.58536263,-62.27921156,-61.58627823,-62.27832997,-61.58536263,6.32894E-07
697,59,1,-83.333795,49.853166,-63.720098,249.218559,124.702272,20060209, 07:28:50.0000,-62.28007908,-61.58719575,-62.28184836,-61.58908137,-62.28096318,-61.58812984,1.15665E-06
697,60,1,-87.920593,17.338555,-76.681765,249.218559,124.702272,20060209, 07:29:30.0000,-62.28273169,-61.59003137,-62.28361503,-61.5909647,-62.28273169,-61.59003137,4.02273E-07
697,61,1,-89.705665,11.494915,-79.964538,249.218559,124.702272,20060209, 07:30:10.0000,-62.28448079,-61.59193028,-62.28538028,-61.59284694,-62.28448079,-61.59193028,2.66694E-07
697,62,1,-88.733781,14.377854,-79.410548,249.218559,124.702272,20060209, 07:30:50.0000,-62.28624745,-61.59379694,-62.28714745,-61.59473028,-62.28624745,-61.59379694,3.33582E-07
697,63,1,-88.714296,14.442509,-75.576973,249.218559,124.702272,20060209, 07:31:50.0000,-62.28803028,-61.59564745,-62.28978079,-61.59744745,-62.28891361,-61.59654796,3.35082E-07
697,64,1,-88.970243,13.61595,-77.107116,249.218559,124.702272,20060209, 07:32:30.0000,-62.29064745,-61.59833079,-62.29149742,-61.59923127,-62.29064745,-61.59833079,3.15905E-07
697,65,1,-86.289313,25.242999,-77.296607,249.218559,124.702272,20060209, 07:33:10.0000,-62.29238075,-61.60018024,-62.29328076,-61.60113076,-62.29238075,-61.60018024,5.85665E-07
697,66,1,-86.39414,24.640993,-75.686675,249.218559,124.702272,20060209, 07:34:10.0000,-62.29416409,-61.60206409,-62.2959642,-61.60393136,-62.29506409,-61.60298075,5.71698E-07
697,67,1,-84.650811,36.81214,-77.59858,249.218559,124.702272,20060209, 07:34:50.0000,-62.29686467,-61.60489801,-62.29774742,-61.60588024,-62.29686467,-61.60489801,8.54081E-07
697,68,1,-83.323112,49.975949,-75.7047,249.218559,124.702272,20060209, 07:35:30.0000,-62.29866667,-61.60683333,-62.29956409,-61.60773076,-62.29866667,-61.60683333,1.1595E-06
697,69,1,-84.250364,40.367873,-77.917821,249.218559,124.702272,20060209, 07:36:10.0000,-62.3004642,-61.60868037,-62.30134742,-61.60964742,-62.3004642,-61.60868037,9.36578E-07
697,70,1,-85.976729,27.126844,-75.599721,249.218559,124.702272,20060209, 07:37:10.0000,-62.30223024,-61.61058076,-62.30398087,-61.61249753,-62.30311406,-61.61152968,6.29372E-07
697,71,1,-87.756678,18.005469,-81.027439,249.218559,124.702272,20060209, 07:37:50.0000,-62.30486321,-61.61346252,-62.30576667,-61.61443333,-62.30486321,-61.61346252,4.17746E-07
697,72,1,-86.239319,25.53526,-78.821087,249.218559,124.702272,20060209, 07:38:30.0000,-62.30664654,-61.61537918,-62.30752988,-61.61629585,-62.30664654,-61.61537918,5.92446E-07
697,73,1,-85.986985,27.062861,-79.735666,249.218559,124.702272,20060209, 07:39:10.0000,-62.30841667,-61.61725,-62.3092956,-61.61821227,-62.30841667,-61.61725,6.27888E-07
697,74,1,-87.382268,19.626614,-79.576218,249.218559,124.702272,20060209, 07:40:10.0000,-62.31017893,-61.61917805,-62.31196139,-61.62111227,-62.31106227,-61.6201456,4.55359E-07
697,75,1,-89.51424,12.012911,-82.379986,249.218559,124.702272,20060209, 07:40:50.0000,-62.3128456,-61.62209384,-62.31371139,-61.62306139,-62.3128456,-61.62209384,2.78712E-07
697,76,1,-90.410623,9.772596,-81.891584,249.218559,124.702272,20060209, 07:41:30.0000,-62.31459472,-61.62404472,-62.31547805,-61.62497893,-62.31459472,-61.62404472,2.26735E-07
697,77,1,-90.929251,8.672556,-81.234047,249.218559,124.702272,20060209, 07:42:10.0000,-62.3163457,-61.62594484,-62.3172457,-61.62687903,-62.3163457,-61.62594484,2.01213E-07
697,78,1,-91.245342,8.063767,-82.174808,249.218559,124.702272,20060209, 07:43:10.0000,-62.31812903,-61.62781236,-62.31987898,-61.62971145,-62.31901145,-61.62874565,1.87088E-07
697,79,1,-89.619201,11.726059,-80.215873,249.218559,124.702272,20060209, 07:43:50.0000,-62.32076232,-61.63069478,-62.32164478,-61.63164565,-62.32076232,-61.63069478,2.72057E-07
697,80,1,-88.748232,14.330092,-79.274048,249.218559,124.702272,20060209, 07:44:30.0000,-62.32249565,-61.63267811,-62.32334565,-61.63367724,-62.32249565,-61.63267811,3.32474E-07
697,81,1,-88.931991,13.736405,-77.992354,249.218559,124.702272,20060209, 07:45:10.0000,-62.32417811,-61.63467811,-62.32506145,-61.63566232,-62.32417811,-61.63467811,3.18699E-07
697,82,1,-87.857155,17.593682,-73.648196,249.218559,124.702272,20060209, 07:46:10.0000,-62.32592898,-61.63664391,-62.32767898,-61.63857811,-62.32681232,-61.63761145,4.08192E-07
697,83,1,-86.709531,22.914961,-72.82722,249.218559,124.702272,20060209, 07:46:50.0000,-62.32856156,-61.63954388,-62.3294449,-61.64052721,-62.32856156,-61.63954388,5.31652E-07
697,84,1,-85.797219,28.271596,-71.268615,249.218559,124.702272,20060209, 07:47:30.0000,-62.33032823,-61.64147721,-62.3311949,-61.64241156,-62.33032823,-61.64147721,6.55932E-07
697,85,1,-80.168575,103.327213,-63.861021,249.218559,124.702272,20060209, 07:48:30.0000,-62.33207893,-61.64342717,-62.33383082,-61.64546364,-62.33294748,-61.64443031,2.3973E-06
697,86,1,-84.744763,36.024333,-71.057217,249.218559,124.702272,20060209, 07:49:10.0000,-62.33469748,-61.64648031,-62.33557986,-61.64749583,-62.33469748,-61.64648031,8.35803E-07
697,87,1,-86.182882,25.869261,-73.699718,249.218559,124.702272,20060209, 07:49:50.0000,-62.33647986,-61.6484625,-62.33734653,-61.6494125,-62.33647986,-61.6484625,6.00195E-07
697,88,1,-71.944698,686.439669,-57.141666,249.218559,124.702272,20060209, 07:50:30.0000,-62.33824653,-61.65037917,-62.3391125,-61.65136319,-62.33824653,-61.65037917,1.59261E-05
697,89,1,-77.69283,182.721319,-58.84135,249.218559,124.702272,20060209, 07:51:30.0000,-62.33999583,-61.65237917,-62.34173167,-61.65428167,-62.3408633,-61.65334664,4.23933E-06
697,90,1,-83.050134,53.218029,-66.896011,249.218559,124.702272,20060209, 07:52:10.0000,-62.3426293,-61.6552633,-62.34349649,-61.65621245,-62.3426293,-61.6552633,1.23472E-06
697,91,1,-84.500645,38.107255,-69.93736,249.218559,124.702272,20060209, 07:52:50.0000,-62.34437912,-61.65717912,-62.34526412,-61.65814694,-62.34437912,-61.65717912,8.84129E-07
697,92,1,-87.676853,18.339475,-73.843831,249.218559,124.702272,20060209, 07:53:30.0000,-62.3461633,-61.6590633,-62.34705,-61.66,-62.3461633,-61.6590633,4.25496E-07
697,93,1,-87.120341,20.846739,-74.147527,249.218559,124.702272,20060209, 07:54:30.0000,-62.34791667,-61.66093333,-62.34968333,-61.66285,-62.3488,-61.6619,4.83667E-07
697,94,1,-85.294207,31.743258,-73.686226,249.218559,124.702272,20060209, 07:55:10.0000,-62.35056667,-61.66378333,-62.35145,-61.66473333,-62.35056667,-61.66378333,7.36478E-07
697,95,1,-86.733625,22.788184,-77.574545,249.218559,124.702272,20060209, 07:55:50.0000,-62.35234921,-61.66568255,-62.3532124,-61.66659645,-62.35234921,-61.66568255,5.2871E-07
697,96,1,-73.852281,442.429489,-58.341706,249.218559,124.702272,20060209, 07:56:30.0000,-62.3541124,-61.66751311,-62.3549992,-61.66846571,-62.3541124,-61.66751311,1.02648E-05
697,97,1,-82.323392,62.911934,-64.828579,249.218559,124.702272,20060209, 07:57:30.0000,-62.3558956,-61.66937806,-62.35774925,-61.67129925,-62.35681587,-61.67036555,1.45962E-06
697,98,1,-83.322358,49.984622,-71.282103,249.218559,124.702272,20060209, 07:58:10.0000,-62.35866227,-61.6722456,-62.35956139,-61.67321034,-62.35866227,-61.6722456,1.1597E-06
697,99,1,-83.594171,46.952114,-73.915976,249.218559,124.702272,20060209, 07:58:50.0000,-62.36047806,-61.67416034,-62.36137828,-61.67507727,-62.36047806,-61.67416034,1.08934E-06
697,100,1,-84.993325,34.020425,-75.116618,249.218559,124.702272,20060209, 07:59:30.0000,-62.36227828,-61.67597828,-62.36316139,-61.67691139,-62.36227828,-61.67597828,7.89311E-07
697,101,1,-86.551557,23.763833,-77.699233,249.218559,124.702272,20060209, 08:00:30.0000,-62.36404367,-61.67791034,-62.36582727,-61.67981161,-62.36492701,-61.67887595,5.51347E-07
697,102,1,-87.083498,21.024344,-77.171806,249.218559,124.702272,20060209, 08:01:10.0000,-62.36672727,-61.6807606,-62.36761591,-61.68168257,-62.36672727,-61.6807606,4.87787E-07
697,103,1,-86.013273,26.899547,-79.23899,249.218559,124.702272,20060209, 08:01:50.0000,-62.36853333,-61.6826,-62.36942818,-61.68349382,-62.36853333,-61.6826,6.24098E-07
697,104,1,-85.389188,31.056568,-75.933998,249.218559,124.702272,20060209, 08:02:30.0000,-62.37034489,-61.68437823,-62.37126054,-61.68531156,-62.37034489,-61.68437823,7.20546E-07
697,105,1,-83.224632,51.122144,-75.764121,249.218559,124.702272,20060209, 08:03:30.0000,-62.37216572,-61.68619921,-62.37394832,-61.68803132,-62.37305,-61.68711667,1.18609E-06
697,106,1,-81.265657,80.261365,-71.442233,249.218559,124.702272,20060209, 08:04:10.0000,-62.37482916,-61.68897812,-62.37572812,-61.68991145,-62.37482916,-61.68897812,1.86215E-06
697,107,1,-80.91754,86.959744,-72.095859,249.218559,124.702272,20060209, 08:04:50.0000,-62.3766,-61.69086667,-62.37749745,-61.69176361,-62.3766,-61.69086667,2.01756E-06
697,108,1,-78.663174,146.13518,-68.812797,249.218559,124.702272,20060209, 08:05:30.0000,-62.3784,-61.6927,-62.37926458,-61.69358021,-62.3784,-61.6927,3.39049E-06
697,109,1,-80.143702,103.920679,-67.503995,249.218559,124.702272,20060209, 08:06:30.0000,-62.38016667,-61.69448333,-62.38196412,-61.69628078,-62.38104399,-61.69539279,2.41107E-06
697,110,1,-80.727687,90.84552,-68.163794,249.218559,124.702272,20060209, 08:07:10.0000,-62.38286035,-61.69714368,-62.38374688,-61.69803073,-62.38286035,-61.69714368,2.10771E-06
697,111,1,-78.142223,164.7593,-63.62524,249.218559,124.702272,20060209, 08:07:50.0000,-62.38463084,-61.69894751,-62.38549751,-61.69989701,-62.38463084,-61.69894751,3.82259E-06
697,112,1,-78.378928,156.019696,-63.755812,249.218559,124.702272,20060209, 08:08:50.0000,-62.38638333,-61.70081667,-62.3881456,-61.70262806,-62.38726354,-61.70169687,3.61983E-06
697,113,1,-77.059614,211.402823,-62.744271,249.218559,124.702272,20060209, 08:09:30.0000,-62.38904489,-61.70354489,-62.38993057,-61.70447988,-62.38904489,-61.70354489,4.90477E-06
697,114,1,-77.953095,172.092796,-66.224487,249.218559,124.702272,20060209, 08:10:10.0000,-62.39081321,-61.70541252,-62.3916956,-61.70636227,-62.39081321,-61.70541252,3.99274E-06
697,115,1,-78.980632,135.834178,-71.569036,249.218559,124.702272,20060209, 08:10:50.0000,-62.39254654,-61.70732988,-62.39342806,-61.70829472,-62.39254654,-61.70732988,3.1515E-06
697,116,1,-78.713617,144.447647,-69.638465,249.218559,124.702272,20060209, 08:11:50.0000,-62.3942956,-61.70927806,-62.39606133,-61.71112888,-62.39517799,-61.71021222,3.35134E-06
697,117,1,-79.641272,116.666196,-72.485196,249.218559,124.702272,20060209, 08:12:30.0000,-62.39694466,-61.71206133,-62.39782799,-61.71296222,-62.39694466,-61.71206133,2.70678E-06
697,118,1,-81.382969,78.122353,-68.272794,249.218559,124.702272,20060209, 08:13:10.0000,-62.39871222,-61.71387888,-62.39957888,-61.71482799,-62.39871222,-61.71387888,1.81252E-06
697,119,1,-81.829517,70.488863,-68.623084,249.218559,124.702272,20060209, 08:14:10.0000,-62.40044555,-61.71577799,-62.40217888,-61.71767799,-62.40132799,-61.71671222,1.63542E-06
697,120,1,-81.97945,68.096881,-69.589828,249.218559,124.702272,20060209, 08:14:50.0000,-62.40306222,-61.71866222,-62.40392888,-61.71962799,-62.40306222,-61.71866222,1.57992E-06
697,121,1,-78.9979,135.295135,-67.106078,249.218559,124.702272,20060209, 08:15:30.0000,-62.4047955,-61.7205946,-62.40567884,-61.7215446,-62.4047955,-61.7205946,3.13899E-06
697,122,1,-77.039098,212.403869,-67.122846,249.218559,124.702272,20060209, 08:16:10.0000,-62.4065455,-61.72251037,-62.40742806,-61.723427,-62.4065455,-61.72251037,4.928E-06
697,123,1,-81.112526,83.141841,-68.595829,249.218559,124.702272,20060209, 08:17:10.0000,-62.40827806,-61.72429473,-62.41002714,-61.72619132,-62.40916139,-61.725227,1.92898E-06
697,124,1,-81.404711,77.732233,-67.57233,249.218559,124.702272,20060209, 08:17:50.0000,-62.4108938,-61.72719132,-62.41176047,-61.7281259,-62.4108938,-61.72719132,1.80347E-06
697,125,1,-83.08499,52.792625,-73.211095,249.218559,124.702272,20060209, 08:18:30.0000,-62.41262714,-61.72914256,-62.41349256,-61.73005923,-62.41262714,-61.72914256,1.22485E-06
697,126,1,-86.49344,24.083979,-72.347591,249.218559,124.702272,20060209, 08:19:30.0000,-62.41436047,-61.73099256,-62.4161438,-61.73282714,-62.4152438,-61.7318938,5.58774E-07
697,127,1,-84.029788,42.471091,-72.437433,249.218559,124.702272,20060209, 08:20:10.0000,-62.41702714,-61.7337938,-62.4179094,-61.7347594,-62.41702714,-61.7337938,9.85375E-07
697,128,1,-85.431363,30.756428,-73.167394,249.218559,124.702272,20060209, 08:20:50.0000,-62.41877728,-61.73574273,-62.41964394,-61.73671061,-62.41877728,-61.73574273,7.13582E-07
697,129,1,-85.835837,28.021314,-74.467063,249.218559,124.702272,20060209, 08:21:30.0000,-62.42052598,-61.73765931,-62.42141054,-61.73861054,-62.42052598,-61.73765931,6.50125E-07
697,130,1,-84.7072,36.33726,-75.255809,249.218559,124.702272,20060209, 08:22:30.0000,-62.42229387,-61.73957475,-62.42407721,-61.74144265,-62.42317721,-61.74047721,8.43064E-07
697,131,1,-83.922046,43.537918,-73.751399,249.218559,124.702272,20060209, 08:23:10.0000,-62.42497598,-61.74237843,-62.42587598,-61.74332598,-62.42497598,-61.74237843,1.01013E-06
697,132,1,-84.632555,36.967209,-73.516559,249.218559,124.702272,20060209, 08:23:50.0000,-62.42675931,-61.74430809,-62.42766054,-61.74524387,-62.42675931,-61.74430809,8.57679E-07
697,133,1,-84.099052,41.799106,-74.144526,249.218559,124.702272,20060209, 08:24:30.0000,-62.42856054,-61.74619265,-62.42945931,-61.74717475,-62.42856054,-61.74619265,9.69784E-07
697,134,1,-84.898985,34.767523,-72.643662,249.218559,124.702272,20060209, 08:25:30.0000,-62.43032647,-61.74810843,-62.43209314,-61.7500098,-62.43120843,-61.7490598,8.06644E-07
697,135,1,-84.064679,42.131246,-71.199565,249.218559,124.702272,20060209, 08:26:10.0000,-62.43297647,-61.75100706,-62.43386227,-61.75197718,-62.43297647,-61.75100706,9.7749E-07
697,136,1,-83.230984,51.047424,-69.564423,249.218559,124.702272,20060209, 08:26:50.0000,-62.43474473,-61.7529114,-62.43562806,-61.75382806,-62.43474473,-61.7529114,1.18436E-06
697,137,1,-82.731533,57.268914,-69.437227,249.218559,124.702272,20060209, 08:27:30.0000,-62.43649561,-61.7547614,-62.43737806,-61.7556614,-62.43649561,-61.7547614,1.3287E-06
697,138,1,-83.910429,43.654526,-71.240498,249.218559,124.702272,20060209, 08:28:30.0000,-62.4382614,-61.75666034,-62.4400114,-61.75854368,-62.43912806,-61.75759368,1.01283E-06
697,139,1,-82.319223,62.972355,-68.125872,249.218559,124.702272,20060209, 08:29:10.0000,-62.44089473,-61.75949368,-62.44179368,-61.76044368,-62.44089473,-61.75949368,1.46103E-06
697,140,1,-81.362483,78.49174,-66.437301,249.218559,124.702272,20060209, 08:29:50.0000,-62.44267806,-61.76139473,-62.44356034,-61.76237701,-62.44267806,-61.76139473,1.82109E-06
697,141,1,-80.125047,104.368045,-67.282494,249.218559,124.702272,20060209, 08:30:50.0000,-62.44446027,-61.76331134,-62.44622694,-61.76519467,-62.445328,-61.76426134,2.42145E-06
697,142,1,-78.906652,138.167865,-68.768396,249.218559,124.702272,20060209, 08:31:30.0000,-62.44709467,-61.76614467,-62.447978,-61.767078,-62.44709467,-61.76614467,3.20564E-06
697,143,1,-78.565663,149.453454,-66.453255,249.218559,124.702272,20060209, 08:32:10.0000,-62.44887694,-61.76799361,-62.44974467,-61.76891027,-62.44887694,-61.76799361,3.46748E-06
697,144,1,-76.877564,220.452901,-65.73744,249.218559,124.702272,20060209, 08:32:50.0000,-62.45064361,-61.76979467,-62.45151134,-61.770678,-62.45064361,-61.76979467,5.11474E-06
697,145,1,-78.795842,141.738545,-67.47382,249.218559,124.702272,20060209, 08:33:50.0000,-62.45241027,-61.77159361,-62.45419467,-61.77334467,-62.45329467,-61.772478,3.28849E-06
697,146,1,-76.124005,262.223577,-63.017447,249.218559,124.702272,20060209, 08:34:30.0000,-62.45509461,-61.77427579,-62.45599353,-61.77519461,-62.45509461,-61.77427579,6.08387E-06
697,147,1,-77.833421,176.900947,-64.470651,249.218559,124.702272,20060209, 08:35:10.0000,-62.45686128,-61.77617687,-62.45774379,-61.77715921,-62.45686128,-61.77617687,4.10429E-06
697,148,1,-77.72434,181.400392,-63.267611,249.218559,124.702272,20060209, 08:35:50.0000,-62.45864379,-61.77810921,-62.45954379,-61.77905921,-62.45864379,-61.77810921,4.20868E-06
697,149,1,-78.049433,168.317343,-66.120298,249.218559,124.702272,20060209, 08:36:50.0000,-62.46042626,-61.77999293,-62.46222626,-61.78185818,-62.46132626,-61.78092626,3.90514E-06
697,150,1,-79.571597,118.552991,-67.347931,249.218559,124.702272,20060209, 08:37:30.0000,-62.46312485,-61.78277626,-62.4640096,-61.78372485,-62.46312485,-61.78277626,2.75056E-06
697,151,1,-76.950627,216.775184,-63.909865,249.218559,124.702272,20060209, 08:38:10.0000,-62.46489293,-61.78467485,-62.46580818,-61.78560818,-62.46489293,-61.78467485,5.02942E-06
697,152,1,-78.122368,165.514244,-69.765605,249.218559,124.702272,20060209, 08:38:50.0000,-62.46667485,-61.78654293,-62.4675596,-61.78747485,-62.46667485,-61.78654293,3.84011E-06
697,153,1,-76.547995,237.833311,-63.280861,249.218559,124.702272,20060209, 08:39:50.0000,-62.46844309,-61.78840837,-62.47024171,-61.79029171,-62.46934171,-61.78934171,5.51799E-06
697,154,1,-75.097825,332.11596,-62.396704,249.218559,124.702272,20060209, 08:40:30.0000,-62.47112635,-61.79120968,-62.47200968,-61.79214301,-62.47112635,-61.79120968,7.70545E-06
697,155,1,-76.911579,218.733016,-67.135816,249.218559,124.702272,20060209, 08:41:10.0000,-62.47289301,-61.79305968,-62.47379162,-61.79395828,-62.47289301,-61.79305968,5.07484E-06
697,156,1,-77.783284,178.955007,-68.611162,249.218559,124.702272,20060209, 08:42:10.0000,-62.47467635,-61.79487495,-62.47644301,-61.79670828,-62.47555968,-61.79580828,4.15195E-06
697,157,1,-78.68021,145.563058,-68.152618,249.218559,124.702272,20060209, 08:42:50.0000,-62.47732635,-61.79762635,-62.47822635,-61.79855828,-62.47732635,-61.79762635,3.37722E-06
697,158,1,-79.19173,129.389543,-68.840235,249.218559,124.702272,20060209, 08:43:30.0000,-62.47912495,-61.79947635,-62.48002635,-61.80035968,-62.47912495,-61.79947635,3.00198E-06
697,159,1,-78.159066,164.121566,-65.40984,249.218559,124.702272,20060209, 08:44:10.0000,-62.48090968,-61.80125968,-62.4818089,-61.80223913,-62.48090968,-61.80125968,3.8078E-06
697,160,1,-79.738445,114.084786,-66.382001,249.218559,124.702272,20060209, 08:45:10.0000,-62.48269223,-61.80317401,-62.48445963,-61.80502629,-62.48359068,-61.8041089,2.64689E-06
697,161,1,-80.776248,89.835373,-71.993763,249.218559,124.702272,20060209, 08:45:50.0000,-62.48534473,-61.80594473,-62.48622806,-61.80686245,-62.48534473,-61.80594473,2.08428E-06
697,162,1,-81.967441,68.285436,-73.135789,249.218559,124.702272,20060209, 08:46:30.0000,-62.48712701,-61.80777806,-62.48800924,-61.80869381,-62.48712701,-61.80777806,1.5843E-06
697,163,1,-84.092822,41.859114,-72.490278,249.218559,124.702272,20060209, 08:47:10.0000,-62.48891047,-61.80959257,-62.48980924,-61.81049381,-62.48891047,-61.80959257,9.71177E-07
697,164,1,-83.343194,49.745383,-71.246952,249.218559,124.702272,20060209, 08:48:10.0000,-62.49069381,-61.8114259,-62.49247714,-61.81329381,-62.49159381,-61.81236047,1.15415E-06
697,165,1,-85.524998,30.10041,-73.848765,249.218559,124.702272,20060209, 08:48:50.0000,-62.49335924,-61.81421047,-62.49424257,-61.81514381,-62.49335924,-61.81421047,6.98362E-07
697,166,1,-87.231071,20.321937,-76.633003,249.218559,124.702272,20060209, 08:49:30.0000,-62.4951104,-61.81609248,-62.49600915,-61.81699248,-62.4951104,-61.81609248,4.71491E-07
697,167,1,-84.118708,41.610354,-70.994438,249.218559,124.702272,20060209, 08:50:30.0000,-62.49689373,-61.81787581,-62.49862707,-61.81970789,-62.4977604,-61.81877581,9.65405E-07
697,168,1,-84.685162,36.522125,-74.951403,249.218559,124.702272,20060209, 08:51:10.0000,-62.49947707,-61.82062707,-62.50034373,-61.82155915,-62.49947707,-61.82062707,8.47353E-07
697,169,1,-81.939076,68.732886,-72.400715,249.218559,124.702272,20060209, 08:51:50.0000,-62.5012104,-61.82244373,-62.50207707,-61.82337832,-62.5012104,-61.82244373,1.59468E-06
697,170,1,-82.810244,56.240321,-73.242784,249.218559,124.702272,20060209, 08:52:50.0000,-62.50294373,-61.82432581,-62.50466165,-61.82609248,-62.50382707,-61.82519373,1.30484E-06
697,171,1,-81.265404,80.266032,-73.540247,249.218559,124.702272,20060209, 08:53:30.0000,-62.5055424,-61.8269924,-62.50639366,-61.82791033,-62.5055424,-61.8269924,1.86226E-06
697,172,1,-80.552594,94.582941,-70.372935,249.218559,124.702272,20060209, 08:54:10.0000,-62.50726033,-61.82880906,-62.508127,-61.82971033,-62.50726033,-61.82880906,2.19443E-06
697,173,1,-81.055301,84.24461,-70.01143,249.218559,124.702272,20060209, 08:55:10.0000,-62.5089929,-61.83062482,-62.51072624,-61.83247482,-62.50985957,-61.83154148,1.95457E-06
697,174,1,-77.771477,179.44218,-67.620058,249.218559,124.702272,20060209, 08:55:50.0000,-62.51160707,-61.83340707,-62.51247534,-61.83435707,-62.51160707,-61.83340707,4.16325E-06
697,175,1,-76.703536,229.466154,-67.137532,249.218559,124.702272,20060209, 08:56:30.0000,-62.513342,-61.8352904,-62.51420867,-61.83622534,-62.513342,-61.8352904,5.32386E-06
697,176,1,-77.538708,189.322131,-67.734165,249.218559,124.702272,20060209, 08:57:10.0000,-62.51507534,-61.83715707,-62.51595867,-61.838042,-62.51507534,-61.83715707,4.39248E-06
697,177,1,-76.731928,227.970886,-67.950612,249.218559,124.702272,20060209, 08:58:10.0000,-62.516792,-61.83897374,-62.51847552,-61.84080729,-62.5176404,-61.8398904,5.28917E-06
697,178,1,-76.375927,247.445478,-67.996696,249.218559,124.702272,20060209, 08:58:50.0000,-62.51930885,-61.84175885,-62.52014375,-61.84272552,-62.51930885,-61.84175885,5.741E-06
697,179,1,-78.126006,165.375674,-68.895683,249.218559,124.702272,20060209, 08:59:50.0000,-62.52100885,-61.84367708,-62.5226921,-61.84550876,-62.5218421,-61.84462385,3.83689E-06
697,180,1,-77.436972,193.809479,-68.938104,249.218559,124.702272,20060209, 09:00:30.0000,-62.52354052,-61.84647385,-62.52437543,-61.84742543,-62.52354052,-61.84647385,4.49659E-06
697,181,1,-75.380448,311.191304,-65.13916,249.218559,124.702272,20060209, 09:01:10.0000,-62.52522543,-61.8484056,-62.52607543,-61.84935718,-62.52522543,-61.8484056,7.21997E-06
697,182,1,-75.756233,285.396711,-66.969248,249.218559,124.702272,20060209, 09:02:10.0000,-62.52694052,-61.85027543,-62.52867543,-61.85212543,-62.5277921,-61.85122385,6.62151E-06
697,183,1,-76.37314,247.604319,-64.542628,249.218559,124.702272,20060209, 09:02:50.0000,-62.52952543,-61.8530921,-62.53037543,-61.85410718,-62.52952543,-61.8530921,5.74469E-06
697,184,1,-81.227283,80.973685,-72.006411,249.218559,124.702272,20060209, 09:03:30.0000,-62.53124133,-61.85510626,-62.53208959,-61.85613959,-62.53124133,-61.85510626,1.87868E-06
697,185,1,-78.352043,156.988542,-66.00491,249.218559,124.702272,20060209, 09:04:30.0000,-62.53292466,-61.85713959,-62.53466046,-61.8590617,-62.53380712,-61.85813886,3.6423E-06
697,186,1,-75.983835,270.824951,-63.93126,249.218559,124.702272,20060209, 09:05:10.0000,-62.53556046,-61.85999379,-62.53644379,-61.86094379,-62.53556046,-61.85999379,6.28343E-06
697,187,1,-76.5286,238.897831,-69.276519,249.218559,124.702272,20060209, 09:05:50.0000,-62.53732588,-61.86190922,-62.53817627,-61.86287627,-62.53732588,-61.86190922,5.54269E-06
697,188,1,-76.004348,269.548797,-67.217773,249.218559,124.702272,20060209, 09:06:30.0000,-62.5390596,-61.86387627,-62.53992627,-61.86482627,-62.5390596,-61.86387627,6.25382E-06
697,189,1,-75.300615,316.964543,-65.56311,249.218559,124.702272,20060209, 09:07:30.0000,-62.54077649,-61.86575983,-62.54251145,-61.86772812,-62.54164179,-61.86675846,7.35392E-06
697,190,1,-77.768038,179.584332,-64.620932,249.218559,124.702272,20060209, 09:08:10.0000,-62.54337627,-61.86874152,-62.54426041,-61.86969375,-62.54337627,-61.86874152,4.16655E-06
697,191,1,-78.652911,146.48094,-68.116138,249.218559,124.702272,20060209, 09:08:50.0000,-62.54512618,-61.87065809,-62.54599142,-61.87162475,-62.54512618,-61.87065809,3.39852E-06
697,192,1,-75.822004,281.107113,-64.316329,249.218559,124.702272,20060209, 09:09:50.0000,-62.54684285,-61.87255809,-62.54854285,-61.87443999,-62.54769142,-61.87347618,6.52199E-06
697,193,1,-76.558903,237.236728,-63.498346,249.218559,124.702272,20060209, 09:10:30.0000,-62.54939285,-61.87539142,-62.55024285,-61.87632475,-62.54939285,-61.87539142,5.50415E-06
697,194,1,-77.01299,213.684592,-64.223016,249.218559,124.702272,20060209, 09:11:10.0000,-62.55109316,-61.87729316,-62.55194285,-61.87825809,-62.55109316,-61.87729316,4.95771E-06
697,195,1,-75.79577,282.810282,-62.555802,249.218559,124.702272,20060209, 09:12:10.0000,-62.55280952,-61.87924142,-62.55452618,-61.88117618,-62.55365952,-61.88020809,6.5615E-06
697,196,1,-75.61257,294.995403,-63.095431,249.218559,124.702272,20060209, 09:12:50.0000,-62.55537611,-61.88209133,-62.55625944,-61.88299277,-62.55537611,-61.88209133,6.84421E-06
697,197,1,-75.413358,308.842065,-62.679802,249.218559,124.702272,20060209, 09:13:30.0000,-62.55711089,-61.88387466,-62.55799197,-61.8847253,-62.55711089,-61.88387466,7.16547E-06
697,198,1,-77.146318,207.224163,-64.185448,249.218559,124.702272,20060209, 09:14:30.0000,-62.5588753,-61.8855753,-62.56062263,-61.88734108,-62.55974197,-61.88645864,4.80782E-06
697,199,1,-76.418879,245.010282,-65.146592,249.218559,124.702272,20060209, 09:15:10.0000,-62.5614762,-61.8882262,-62.56237442,-61.88912442,-62.5614762,-61.8882262,5.6845E-06
697,200,1,-77.098156,209.535006,-68.309704,249.218559,124.702272,20060209, 09:15:50.0000,-62.56325775,-61.88999287,-62.56412442,-61.89087263,-62.56325775,-61.88999287,4.86144E-06
697,201,1,-74.407533,389.330927,-60.352627,249.218559,124.702272,20060209, 09:16:50.0000,-62.56500596,-61.89174108,-62.56677442,-61.8934893,-62.56589108,-61.89260596,9.0329E-06
697,202,1,-76.530381,238.799891,-67.953941,249.218559,124.702272,20060209, 09:17:30.0000,-62.56767442,-61.89437263,-62.56857462,-61.89528954,-62.56767442,-61.89437263,5.54041E-06
697,203,1,-75.605488,295.476821,-63.336779,249.218559,124.702272,20060209, 09:18:10.0000,-62.56947287,-61.89618954,-62.57037287,-61.89704303,-62.56947287,-61.89618954,6.85538E-06
697,204,1,-75.464841,305.202519,-64.692008,249.218559,124.702272,20060209, 09:18:50.0000,-62.57127287,-61.89795795,-62.57217452,-61.89885609,-62.57127287,-61.89795795,7.08103E-06
697,205,1,-74.991342,340.359638,-63.93121,249.218559,124.702272,20060209, 09:19:50.0000,-62.57305785,-61.89975785,-62.57487276,-61.90155785,-62.57397452,-61.90062452,7.89671E-06
697,206,1,-74.640626,368.985783,-61.457024,249.218559,124.702272,20060209, 09:20:30.0000,-62.57577276,-61.90242452,-62.57665785,-61.90334119,-62.57577276,-61.90242452,8.56087E-06
697,207,1,-73.288592,503.747633,-60.957772,249.218559,124.702272,20060209, 09:21:10.0000,-62.57754119,-61.90425785,-62.57842452,-61.90514295,-62.57754119,-61.90425785,1.16875E-05
697,208,1,-72.337553,627.071287,-59.649247,249.218559,124.702272,20060209, 09:21:50.0000,-62.57932452,-61.90604119,-62.58022452,-61.90690785,-62.57932452,-61.90604119,1.45487E-05
697,209,1,-71.220623,810.979543,-55.426134,249.218559,124.702272,20060209, 09:22:50.0000,-62.5811219,-61.90777381,-62.5829219,-61.90960714,-62.58202574,-61.90871034,1.88156E-05
697,210,1,-73.32806,499.190376,-55.716886,249.218559,124.702272,20060209, 09:23:30.0000,-62.58380524,-61.91053857,-62.5846915,-61.91145816,-62.58380524,-61.91053857,1.15818E-05
697,211,1,-75.298104,317.147896,-61.683753,249.218559,124.702272,20060209, 09:24:10.0000,-62.58555958,-61.91242341,-62.58644291,-61.91340816,-62.58555958,-61.91242341,7.35817E-06
697,212,1,-75.607555,295.336212,-62.35808,249.218559,124.702272,20060209, 09:24:50.0000,-62.587311,-61.91440675,-62.58819291,-61.91537483,-62.587311,-61.91440675,6.85212E-06
697,213,1,-79.541006,119.391015,-68.426332,249.218559,124.702272,20060209, 09:25:50.0000,-62.58910708,-61.91635708,-62.59089201,-61.91817535,-62.58999201,-61.91725868,2.77E-06
697,214,1,-76.574703,236.375208,-64.259157,249.218559,124.702272,20060209, 09:26:30.0000,-62.59177535,-61.91904201,-62.59265708,-61.91994042,-62.59177535,-61.91904201,5.48416E-06
697,215,1,-72.956111,543.827457,-58.900545,249.218559,124.702272,20060209, 09:27:10.0000,-62.59352535,-61.92082535,-62.59442375,-61.92174201,-62.59352535,-61.92082535,1.26174E-05
697,216,1,-72.735836,572.121986,-59.527253,249.218559,124.702272,20060209, 09:28:10.0000,-62.59529201,-61.92262535,-62.59705697,-61.92435697,-62.59615859,-61.92347525,1.32738E-05
697,217,1,-72.317222,630.013759,-57.711263,249.218559,124.702272,20060209, 09:28:50.0000,-62.59794192,-61.92525859,-62.59882525,-61.92615697,-62.59794192,-61.92525859,1.4617E-05
697,218,1,-71.740558,719.476193,-58.963604,249.218559,124.702272,20060209, 09:29:30.0000,-62.59972525,-61.92707364,-62.60060859,-61.92800697,-62.59972525,-61.92707364,1.66926E-05
697,219,1,-71.99989,677.77144,-57.786675,249.218559,124.702272,20060209, 09:30:10.0000,-62.60150697,-61.9289403,-62.60237525,-61.92982364,-62.60150697,-61.9289403,1.5725E-05
697,220,1,-70.132525,1041.884898,-55.92101,249.218559,124.702272,20060209, 09:31:10.0000,-62.60327364,-61.93072525,-62.60505697,-61.93254192,-62.60415859,-61.93162364,2.41729E-05
697,221,1,-72.07856,665.604401,-59.421886,249.218559,124.702272,20060209, 09:31:50.0000,-62.60594183,-61.93344019,-62.60684226,-61.93435738,-62.60594183,-61.93344019,1.54427E-05
697,222,1,-69.867357,1107.4817,-57.387068,249.218559,124.702272,20060209, 09:32:30.0000,-62.60774183,-61.93529183,-62.60864103,-61.93620591,-62.60774183,-61.93529183,2.56948E-05
697,223,1,-70.989562,855.29508,-58.88846,249.218559,124.702272,20060209, 09:33:10.0000,-62.60955591,-61.93710949,-62.61047257,-61.93803924,-62.60955591,-61.93710949,1.98438E-05
697,224,1,-72.398475,618.33624,-61.209501,249.218559,124.702272,20060209, 09:34:10.0000,-62.61137437,-61.93900591,-62.61317776,-61.94097664,-62.61227354,-61.93997354,1.43461E-05
697,225,1,-73.419947,488.739574,-59.168967,249.218559,124.702272,20060209, 09:34:50.0000,-62.61408825,-61.94195687,-62.61500849,-61.94297353,-62.61408825,-61.94195687,1.13393E-05
697,226,1,-76.077326,265.057217,-63.670813,249.218559,124.702272,20060209, 09:35:30.0000,-62.61592354,-61.94392354,-62.61684021,-61.94490296,-62.61592354,-61.94392354,6.14961E-06
697,227,1,-77.013461,213.661422,-65.005837,249.218559,124.702272,20060209, 09:36:10.0000,-62.61773825,-61.94592158,-62.61864021,-61.94697158,-62.61773825,-61.94592158,4.95718E-06
697,228,1,-79.764769,113.395381,-68.533531,249.218559,124.702272,20060209, 09:37:10.0000,-62.61952377,-61.94795519,-62.62134043,-61.94983852,-62.62043852,-61.94890519,2.6309E-06
697,229,1,-78.968622,136.210309,-67.140164,249.218559,124.702272,20060209, 09:37:50.0000,-62.62223852,-61.95080519,-62.62314032,-61.95183838,-62.62223852,-61.95080519,3.16023E-06
697,230,1,-81.962563,68.362182,-69.340915,249.218559,124.702272,20060209, 09:38:30.0000,-62.62403825,-61.95288825,-62.62494032,-61.95393838,-62.62403825,-61.95288825,1.58608E-06
697,231,1,-79.662052,116.109314,-67.123338,249.218559,124.702272,20060209, 09:39:10.0000,-62.62582365,-61.95503645,-62.62672172,-61.95605505,-62.62582365,-61.95503645,2.69386E-06
697,232,1,-81.394441,77.916261,-69.334293,249.218559,124.702272,20060209, 09:39:50.0000,-62.62760505,-61.95713451,-62.62850699,-61.95817365,-62.62760505,-61.95713451,1.80774E-06
697,233,1,-75.408938,309.15649,-59.996753,249.218559,124.702272,20060209, 09:40:50.0000,-62.62942365,-61.95922172,-62.63122365,-61.96127172,-62.63032365,-61.96023838,7.17276E-06
697,234,1,-77.481362,191.838587,-63.826463,249.218559,124.702272,20060209, 09:41:30.0000,-62.63214032,-61.96233645,-62.63305415,-61.96332082,-62.63214032,-61.96233645,4.45086E-06
697,235,1,-76.729483,228.099262,-61.741928,249.218559,124.702272,20060209, 09:42:10.0000,-62.63397082,-61.96433957,-62.6348729,-61.96535415,-62.63397082,-61.96433957,5.29215E-06
697,236,1,-77.702655,182.308421,-61.799156,249.218559,124.702272,20060209, 09:42:50.0000,-62.63578957,-61.96638748,-62.63669198,-61.96742371,-62.63578957,-61.96638748,4.22975E-06
697,237,1,-79.725441,114.426906,-65.550324,249.218559,124.702272,20060209, 09:43:30.0000,-62.63760864,-61.96843877,-62.63852531,-61.96944198,-62.63760864,-61.96843877,2.65483E-06
697,238,1,-81.059931,84.154844,-67.082969,249.218559,124.702272,20060209, 09:44:10.0000,-62.63944198,-61.97044037,-62.64035775,-61.97145597,-62.63944198,-61.97044037,1.95248E-06
697,239,1,-82.267537,63.726278,-69.932637,249.218559,124.702272,20060209, 09:45:10.0000,-62.64128931,-61.97248931,-62.64315597,-61.97448931,-62.64222264,-61.97348931,1.47852E-06
697,240,1,-82.62156,58.737601,-71.832084,249.218559,124.702272,20060209, 09:45:50.0000,-62.64407264,-61.97545775,-62.64499109,-61.97645597,-62.64407264,-61.97545775,1.36278E-06
697,241,1,-81.123735,82.927532,-73.160661,249.218559,124.702272,20060209, 09:46:30.0000,-62.64593931,-61.97743931,-62.64685775,-61.97842086,-62.64593931,-61.97743931,1.92401E-06
697,242,1,-82.402214,61.780414,-74.988079,249.218559,124.702272,20060209, 09:47:10.0000,-62.64778918,-61.97937251,-62.64872251,-61.98030765,-62.64778918,-61.97937251,1.43337E-06
697,243,1,-81.292405,79.768558,-69.319293,249.218559,124.702272,20060209, 09:47:50.0000,-62.64967251,-61.98125584,-62.65060584,-61.98220584,-62.64967251,-61.98125584,1.85072E-06
697,244,1,-80.766258,90.042263,-69.469114,249.218559,124.702272,20060209, 09:48:30.0000,-62.65152431,-61.98317251,-62.65247251,-61.98412431,-62.65152431,-61.98317251,2.08908E-06
697,245,1,-80.911588,87.078991,-73.037368,249.218559,124.702272,20060209, 09:49:30.0000,-62.65340584,-61.98515404,-62.65525584,-61.98705584,-62.65432431,-61.98610584,2.02033E-06
697,246,1,-81.784591,71.221832,-72.48242,249.218559,124.702272,20060209, 09:50:10.0000,-62.65620584,-61.98807251,-62.65712251,-61.98902251,-62.65620584,-61.98807251,1.65242E-06
697,247,1,-81.542925,75.297353,-73.002918,249.218559,124.702272,20060209, 09:50:50.0000,-62.65805765,-61.98998918,-62.65898906,-61.99095755,-62.65805765,-61.98998918,1.74698E-06
697,248,1,-82.492949,60.50305,-72.898964,249.218559,124.702272,20060209, 09:51:30.0000,-62.6599224,-61.99193906,-62.66084089,-61.9929224,-62.6599224,-61.99193906,1.40374E-06
697,249,1,-82.990036,53.959581,-74.320726,249.218559,124.702272,20060209, 09:52:10.0000,-62.66178819,-61.99387349,-62.66272152,-61.99483622,-62.66178819,-61.99387349,1.25192E-06
697,250,1,-79.634885,116.837886,-69.740046,249.218559,124.702272,20060209, 09:53:10.0000,-62.66365485,-61.99567743,-62.66562262,-61.99608333,-62.66463714,-61.99599786,2.71076E-06
697,251,1,-76.382678,247.061099,-63.563987,249.218559,124.702272,20060209, 09:53:50.0000,-62.66663714,-61.99616238,-62.66766833,-61.99636452,-62.66663714,-61.99616238,5.73208E-06
697,252,1,-77.380942,196.326106,-65.969873,249.218559,124.702272,20060209, 09:54:30.0000,-62.66868714,-61.99661238,-62.66970381,-61.99688119,-62.66868714,-61.99661238,4.55498E-06
697,253,1,-76.818107,223.49175,-67.798751,249.218559,124.702272,20060209, 09:55:10.0000,-62.67073714,-61.99714571,-62.67178714,-61.99741452,-62.67073714,-61.99714571,5.18525E-06
697,254,1,-74.166349,411.563966,-61.158767,249.218559,124.702272,20060209, 09:55:50.0000,-62.67282048,-61.99771238,-62.6738541,-61.99798124,-62.67282048,-61.99771238,9.54873E-06
697,255,1,-74.089259,418.934673,-60.10135,249.218559,124.702272,20060209, 09:56:30.0000,-62.67488743,-61.99826457,-62.67592077,-61.99852914,-62.67488743,-61.99826457,9.71974E-06
697,256,1,-70.469221,964.16234,-55.786151,249.218559,124.702272,20060209, 09:57:10.0000,-62.67695395,-61.99879576,-62.67798729,-61.99899576,-62.67695395,-61.99879576,2.23696E-05
697,257,1,-67.644736,1847.56012,-50.806053,249.218559,124.702272,20060209, 09:58:10.0000,-62.6790185,-61.99916455,-62.68108729,-61.9995,-62.68005395,-61.99936455,4.28654E-05
697,258,1,-77.179693,205.637763,-61.833454,249.218559,124.702272,20060209, 09:58:50.0000,-62.6821185,-61.99963333,-62.68315183,-61.99973121,-62.6821185,-61.99963333,4.77102E-06
697,259,1,-70.036951,1065.067511,-53.040824,249.218559,124.702272,20060209, 09:59:30.0000,-62.68418729,-61.99974788,-62.68520395,-61.99981455,-62.68418729,-61.99974788,2.47107E-05
697,260,1,-70.214976,1022.2911,-54.224301,249.218559,124.702272,20060209, 10:00:10.0000,-62.68623729,-61.99986667,-62.68728517,-61.99990424,-62.68623729,-61.99986667,2.37183E-05
697,261,1,-70.523263,952.238863,-55.571104,249.218559,124.702272,20060209, 10:00:50.0000,-62.68830183,-61.99998121,-62.68932353,-62.00006503,-62.68830183,-61.99998121,2.2093E-05
697,262,1,-78.989209,135.56618,-65.128237,249.218559,124.702272,20060209, 10:01:50.0000,-62.69035306,-62.00015,-62.69241873,-62.00028125,-62.69136973,-62.00021667,3.14528E-06
697,263,1,-77.369652,196.837109,-65.931362,249.218559,124.702272,20060209, 10:02:30.0000,-62.69343925,-62.00030179,-62.69447258,-62.00038333,-62.69343925,-62.00030179,4.56683E-06
697,264,1,-80.061496,105.906509,-69.287155,249.218559,124.702272,20060209, 10:03:10.0000,-62.69550306,-62.00048107,-62.69655297,-62.00049804,-62.69550306,-62.00048107,2.45715E-06
697,265,1,-83.235993,50.988584,-68.874239,249.218559,124.702272,20060209, 10:03:50.0000,-62.69758413,-62.0005,-62.69860492,-62.00043529,-62.69758413,-62.0005,1.18299E-06
697,266,1,-83.198887,51.426092,-70.194571,249.218559,124.702272,20060209, 10:04:30.0000,-62.69965297,-62.00043529,-62.70067258,-62.0004,-62.69965297,-62.00043529,1.19314E-06
697,267,1,-81.528205,75.553008,-68.870069,249.218559,124.702272,20060209, 10:05:10.0000,-62.70168925,-62.0004,-62.70272258,-62.00038154,-62.70168925,-62.0004,1.75291E-06
697,268,1,-83.674317,46.093583,-71.169936,249.218559,124.702272,20060209, 10:06:10.0000,-62.70375297,-62.00038333,-62.70580677,-62.00036865,-62.70480281,-62.00038333,1.06942E-06
697,269,1,-81.617369,74.017662,-71.027106,249.218559,124.702272,20060209, 10:06:50.0000,-62.70680677,-62.00036469,-62.70782146,-62.00036469,-62.70680677,-62.00036469,1.71729E-06
697,270,1,-82.630527,58.616451,-71.431611,249.218559,124.702272,20060209, 10:07:30.0000,-62.70883826,-62.00031667,-62.70986963,-62.00034804,-62.70883826,-62.00031667,1.35996E-06
697,271,1,-79.832062,111.651868,-68.398777,249.218559,124.702272,20060209, 10:08:10.0000,-62.71090492,-62.00036471,-62.71192146,-62.00035,-62.71090492,-62.00036471,2.59044E-06
697,272,1,-78.020463,169.44389,-66.177248,249.218559,124.702272,20060209, 10:08:50.0000,-62.71293812,-62.00035198,-62.71397146,-62.00036469,-62.71293812,-62.00035198,3.93128E-06
697,273,1,-77.09712,209.585008,-63.937712,249.218559,124.702272,20060209, 10:09:50.0000,-62.71500281,-62.00036667,-62.71703812,-62.00036865,-62.71600479,-62.00036667,4.8626E-06
697,274,1,-74.294979,399.552946,-59.800255,249.218559,124.702272,20060209, 10:10:30.0000,-62.71807146,-62.00038135,-62.71910479,-62.0004,-62.71807146,-62.00038135,9.27006E-06
697,275,1,-74.841087,352.3413,-65.547379,249.218559,124.702272,20060209, 10:11:10.0000,-62.72013811,-62.0004,-62.72117144,-62.00036667,-62.72013811,-62.0004,8.1747E-06
697,276,1,-74.130327,414.991772,-62.214192,249.218559,124.702272,20060209, 10:11:50.0000,-62.72220479,-62.00036469,-62.72323706,-62.00039784,-62.72220479,-62.00036469,9.62826E-06
697,277,1,-72.54305,598.090935,-58.134618,249.218559,124.702272,20060209, 10:12:30.0000,-62.72428603,-62.00038101,-62.7253337,-62.00040233,-62.72428603,-62.00038101,1.38764E-05
697,278,1,-72.871444,554.53354,-57.955207,249.218559,124.702272,20060209, 10:13:10.0000,-62.72640466,-62.00043333,-62.72741937,-62.00041667,-62.72640466,-62.00043333,1.28658E-05
697,279,1,-72.761091,568.804659,-59.052709,249.218559,124.702272,20060209, 10:13:50.0000,-62.72846937,-62.00043333,-62.72952039,-62.00044784,-62.72846937,-62.00043333,1.31969E-05
697,280,1,-69.553933,1190.361597,-50.115729,249.218559,124.702272,20060209, 10:14:50.0000,-62.73056704,-62.00043333,-62.73265301,-62.00036667,-62.7316027,-62.00039767,2.76177E-05
697,281,1,-75.139143,328.971207,-56.634122,249.218559,124.702272,20060209, 10:15:30.0000,-62.73368603,-62.00036899,-62.73473635,-62.00038333,-62.73368603,-62.00036899,7.63249E-06
697,282,1,-79.793552,112.646318,-70.137338,249.218559,124.702272,20060209, 10:16:10.0000,-62.73575301,-62.00039772,-62.73680286,-62.00041667,-62.73575301,-62.00039772,2.61352E-06
697,283,1,-77.146254,207.227243,-67.168245,249.218559,124.702272,20060209, 10:16:50.0000,-62.73785286,-62.0004,-62.73888389,-62.0004,-62.73785286,-62.0004,4.8079E-06
697,284,1,-77.578124,187.611658,-63.007946,249.218559,124.702272,20060209, 10:17:30.0000,-62.73991953,-62.0004,-62.74095286,-62.0004,-62.73991953,-62.0004,4.35279E-06
697,285,1,-76.564975,236.905291,-60.476099,249.218559,124.702272,20060209, 10:18:10.0000,-62.74200056,-62.0004,-62.74305286,-62.00036897,-62.74200056,-62.0004,5.49646E-06
697,286,1,-77.101856,209.3566,-61.358808,249.218559,124.702272,20060209, 10:19:10.0000,-62.7440862,-62.00036667,-62.7461862,-62.00036437,-62.74511953,-62.0003977,4.8573E-06
697,287,1,-75.615449,294.799857,-60.429315,249.218559,124.702272,20060209, 10:19:50.0000,-62.74721965,-62.00035,-62.74826884,-62.00036667,-62.74721965,-62.00035,6.83967E-06
697,288,1,-77.162116,206.471746,-60.576872,249.218559,124.702272,20060209, 10:20:30.0000,-62.74931871,-62.00036423,-62.75035204,-62.00038333,-62.74931871,-62.00036423,4.79037E-06
697,289,1,-79.707365,114.904139,-70.519174,249.218559,124.702272,20060209, 10:21:10.0000,-62.75140204,-62.00036667,-62.7524383,-62.00033333,-62.75140204,-62.00036667,2.6659E-06
697,290,1,-74.224506,406.089402,-57.183627,249.218559,124.702272,20060209, 10:21:50.0000,-62.75347163,-62.00031862,-62.75451968,-62.00031667,-62.75347163,-62.00031862,9.42171E-06
697,291,1,-74.124185,415.579154,-59.735533,249.218559,124.702272,20060209, 10:22:30.0000,-62.7555383,-62.0003,-62.7565706,-62.00029788,-62.7555383,-62.0003,9.64188E-06
697,292,1,-74.988713,340.565681,-61.604085,249.218559,124.702272,20060209, 10:23:10.0000,-62.75760217,-62.00026667,-62.75865393,-62.00024788,-62.75760217,-62.00026667,7.90149E-06
697,293,1,-76.85346,221.679833,-61.012135,249.218559,124.702272,20060209, 10:24:10.0000,-62.75968727,-62.00023333,-62.76173713,-62.00023119,-62.76072049,-62.00025,5.14321E-06
697,294,1,-74.220755,406.440254,-58.494942,249.218559,124.702272,20060209, 10:24:50.0000,-62.76276832,-62.00023333,-62.76380166,-62.00025214,-62.76276832,-62.00023333,9.42985E-06
697,295,1,-77.118376,208.561744,-61.62497,249.218559,124.702272,20060209, 10:25:30.0000,-62.76482033,-62.00029783,-62.76583917,-62.00035,-62.76482033,-62.00029783,4.83886E-06
697,296,1,-77.211035,204.159099,-63.045491,249.218559,124.702272,20060209, 10:26:10.0000,-62.76686817,-62.0003645,-62.767887,-62.00040217,-62.76686817,-62.0003645,4.73671E-06
697,297,1,-81.966783,68.295787,-71.625092,249.218559,124.702272,20060209, 10:26:50.0000,-62.76892033,-62.00041667,-62.76995367,-62.00041667,-62.76892033,-62.00041667,1.58454E-06
697,298,1,-81.029865,84.739474,-72.881734,249.218559,124.702272,20060209, 10:27:50.0000,-62.77098483,-62.00043333,-62.77301817,-62.00038333,-62.771987,-62.0004,1.96605E-06
697,299,1,-81.222734,81.058547,-74.889494,249.218559,124.702272,20060209, 10:28:30.0000,-62.77406817,-62.00035217,-62.7751015,-62.00031667,-62.77406817,-62.00035217,1.88065E-06
697,300,1,-81.004329,85.239183,-75.010415,249.218559,124.702272,20060209, 10:29:10.0000,-62.77612033,-62.0003,-62.77718483,-62.00020217,-62.77612033,-62.0003,1.97764E-06
697,301,1,-73.844212,443.252271,-60.119649,249.218559,124.702272,20060209, 10:29:50.0000,-62.77822018,-62.00018333,-62.77927018,-62.00016667,-62.77822018,-62.00018333,1.02839E-05
697,302,1,-78.035039,168.876135,-66.970826,249.218559,124.702272,20060209, 10:30:30.0000,-62.78031711,-62.00015,-62.78136799,-62.00014781,-62.78031711,-62.00015,3.91811E-06
697,303,1,-82.842524,55.823859,-70.923476,249.218559,124.702272,20060209, 10:31:10.0000,-62.78240276,-62.00011898,-62.78343685,-62.0001,-62.78240276,-62.00011898,1.29517E-06
697,304,1,-86.086102,26.452214,-74.893703,249.218559,124.702272,20060209, 10:31:50.0000,-62.78448498,-62.00011667,-62.78553248,-62.00008333,-62.78448498,-62.00011667,6.1372E-07
697,305,1,-83.098352,52.630442,-71.20268,249.218559,124.702272,20060209, 10:32:50.0000,-62.78657018,-62.00003114,-62.78864914,-61.99993834,-62.78760165,-61.99998333,1.22108E-06
697,306,1,-78.410796,154.879017,-67.060576,249.218559,124.702272,20060209, 10:33:30.0000,-62.78968498,-61.9999,-62.79073248,-61.9998475,-62.78968498,-61.9999,3.59336E-06
697,307,1,-74.561196,375.79644,-60.427173,249.218559,124.702272,20060209, 10:34:10.0000,-62.79176831,-61.99985,-62.79281831,-61.9998475,-62.79176831,-61.99985,8.71888E-06
697,308,1,-72.848887,557.421201,-59.15729,249.218559,124.702272,20060209, 10:34:50.0000,-62.79388288,-61.99981667,-62.79491866,-61.99983333,-62.79388288,-61.99981667,1.29328E-05
697,309,1,-78.060884,167.87413,-63.559521,249.218559,124.702272,20060209, 10:35:30.0000,-62.79596849,-61.99981667,-62.79701601,-61.9999,-62.79596849,-61.99981667,3.89486E-06
697,310,1,-76.276001,253.20488,-61.122375,249.218559,124.702272,20060209, 10:36:10.0000,-62.79806849,-61.9999,-62.79911849,-61.99994753,-62.79806849,-61.9999,5.87463E-06
697,311,1,-77.884104,174.848445,-68.467597,249.218559,124.702272,20060209, 10:36:50.0000,-62.80018268,-62.00001667,-62.80121849,-62.00008333,-62.80018268,-62.00001667,4.05667E-06
697,312,1,-80.180981,103.032465,-68.611796,249.218559,124.702272,20060209, 10:37:50.0000,-62.80228533,-62.00011667,-62.80441849,-62.00013581,-62.80336849,-62.00013333,2.39046E-06
697,313,1,-83.702746,45.792845,-74.17392,249.218559,124.702272,20060209, 10:38:30.0000,-62.80548268,-62.00011914,-62.80653515,-62.00013086,-62.80548268,-62.00011914,1.06244E-06
697,314,1,-85.433138,30.743858,-74.593392,249.218559,124.702272,20060209, 10:39:10.0000,-62.80759935,-62.00012162,-62.80864833,-62.00016667,-62.80759935,-62.00012162,7.13291E-07
697,315,1,-86.635055,23.311311,-78.612084,249.218559,124.702272,20060209, 10:39:50.0000,-62.809715,-62.00016667,-62.81075095,-62.0002,-62.809715,-62.00016667,5.40848E-07
697,316,1,-90.211773,10.230453,-82.239259,249.218559,124.702272,20060209, 10:40:30.0000,-62.8118019,-62.00018579,-62.81286839,-62.0002,-62.8118019,-62.00018579,2.37358E-07
697,317,1,-85.360041,31.265699,-76.023429,249.218559,124.702272,20060209, 10:41:10.0000,-62.81392053,-62.00020213,-62.8149704,-62.00021667,-62.81392053,-62.00020213,7.25398E-07
697,318,1,-84.024849,42.519419,-70.603937,249.218559,124.702272,20060209, 10:41:50.0000,-62.81601938,-62.00023333,-62.81706705,-62.00020233,-62.81601938,-62.00023333,9.86496E-07
697,319,1,-85.473534,30.459225,-74.864202,249.218559,124.702272,20060209, 10:42:30.0000,-62.81811937,-62.00025,-62.81915038,-62.00025233,-62.81811937,-62.00025,7.06687E-07
697,320,1,-82.348363,62.551232,-73.593905,249.218559,124.702272,20060209, 10:43:30.0000,-62.82018604,-62.00026667,-62.82225271,-62.00033566,-62.82121938,-62.00032868,1.45126E-06
697,321,1,-80.818354,88.968612,-71.503291,249.218559,124.702272,20060209, 10:44:10.0000,-62.82328604,-62.00033101,-62.82433587,-62.00026902,-62.82328604,-62.00033101,2.06417E-06
697,322,1,-80.789323,89.565317,-68.783915,249.218559,124.702272,20060209, 10:44:50.0000,-62.82538587,-62.00023569,-62.82641921,-62.00019765,-62.82538587,-62.00023569,2.07801E-06
697,323,1,-79.210541,128.830339,-66.652274,249.218559,124.702272,20060209, 10:45:30.0000,-62.82748587,-62.00015235,-62.82853587,-62.00016667,-62.82748587,-62.00015235,2.989E-06
697,324,1,-79.191685,129.390889,-66.037068,249.218559,124.702272,20060209, 10:46:10.0000,-62.82960254,-62.00014765,-62.83065254,-62.00008569,-62.82960254,-62.00014765,3.00201E-06
697,325,1,-81.26077,80.351724,-71.061055,249.218559,124.702272,20060209, 10:46:50.0000,-62.83170019,-62.00005,-62.83275254,-62.00003569,-62.83170019,-62.00005,1.86425E-06
697,326,1,-82.455825,61.022464,-70.321768,249.218559,124.702272,20060209, 10:47:30.0000,-62.83378352,-62.00001902,-62.83481921,-61.99993333,-62.83378352,-62.00001902,1.41579E-06
697,327,1,-80.358632,98.902896,-67.696179,249.218559,124.702272,20060209, 10:48:30.0000,-62.83585254,-61.99986902,-62.83793572,-61.99975,-62.83688572,-61.99979762,2.29465E-06
697,328,1,-79.393267,123.522337,-66.813294,249.218559,124.702272,20060209, 10:49:10.0000,-62.83898572,-61.99973571,-62.84001835,-61.9997,-62.83898572,-61.99973571,2.86585E-06
697,329,1,-81.144258,82.536569,-69.721457,249.218559,124.702272,20060209, 10:49:50.0000,-62.84106569,-61.9997,-62.84210168,-61.9996475,-62.84106569,-61.9997,1.91494E-06
697,330,1,-82.284619,63.476105,-72.480445,249.218559,124.702272,20060209, 10:50:30.0000,-62.84313502,-61.99957166,-62.84418136,-61.99953067,-62.84313502,-61.99957166,1.47271E-06
697,331,1,-79.017562,134.683999,-64.1314,249.218559,124.702272,20060209, 10:51:10.0000,-62.84521452,-61.99946935,-62.84625054,-61.99941667,-62.84521452,-61.99946935,3.12481E-06
697,332,1,-78.538719,150.383554,-66.626163,249.218559,124.702272,20060209, 10:51:50.0000,-62.84729786,-61.99938333,-62.84833388,-61.99938333,-62.84729786,-61.99938333,3.48906E-06
697,333,1,-81.868575,69.857769,-69.293323,249.218559,124.702272,20060209, 10:52:50.0000,-62.84936721,-61.99938065,-62.85143388,-61.99944731,-62.85040069,-61.9994,1.62078E-06
697,334,1,-81.504516,75.966236,-69.160433,249.218559,124.702272,20060209, 10:53:30.0000,-62.85246757,-61.99945,-62.85350091,-61.99943859,-62.85246757,-61.99945,1.7625E-06
697,335,1,-79.41659,122.860762,-64.324091,249.218559,124.702272,20060209, 10:54:10.0000,-62.85451772,-61.99943333,-62.85555087,-61.99938333,-62.85451772,-61.99943333,2.8505E-06
697,336,1,-79.805078,112.347747,-68.295599,249.218559,124.702272,20060209, 10:54:50.0000,-62.85658405,-61.99936667,-62.85760072,-61.99938333,-62.85658405,-61.99936667,2.60659E-06
697,337,1,-81.324161,79.187402,-69.578659,249.218559,124.702272,20060209, 10:55:30.0000,-62.85861739,-61.99944734,-62.85964806,-61.99953599,-62.85861739,-61.99944734,1.83723E-06
697,338,1,-80.744671,90.490948,-66.799112,249.218559,124.702272,20060209, 10:56:10.0000,-62.86065072,-61.99963333,-62.86166739,-61.99976401,-62.86065072,-61.99963333,2.09949E-06
697,339,1,-81.386282,78.062776,-68.218252,249.218559,124.702272,20060209, 10:57:10.0000,-62.86270072,-61.99983333,-62.86473405,-61.99989734,-62.86370072,-61.99988333,1.81114E-06
697,340,1,-81.123835,82.92561,-69.921032,249.218559,124.702272,20060209, 10:57:50.0000,-62.86574806,-61.99986932,-62.86678405,-61.99986667,-62.86574806,-61.99986932,1.92396E-06
697,341,1,-83.536701,47.577556,-72.720933,249.218559,124.702272,20060209, 10:58:30.0000,-62.86779992,-61.99983333,-62.86883325,-61.99985,-62.86779992,-61.99983333,1.10385E-06
697,342,1,-83.215702,51.227367,-72.678537,249.218559,124.702272,20060209, 10:59:10.0000,-62.86984992,-61.99985279,-62.87086733,-61.99988333,-62.86984992,-61.99985279,1.18853E-06
697,343,1,-83.000763,53.826478,-71.855711,249.218559,124.702272,20060209, 10:59:50.0000,-62.87186928,-61.99989766,-62.87290261,-61.99991667,-62.87186928,-61.99989766,1.24883E-06
697,344,1,-83.519372,47.767772,-72.86091,249.218559,124.702272,20060209, 11:00:50.0000,-62.87393595,-61.99994766,-62.87601832,-61.99995,-62.87496582,-61.99993584,1.10826E-06
697,345,1,-84.341729,39.527498,-76.14291,249.218559,124.702272,20060209, 11:01:30.0000,-62.87705166,-61.99998083,-62.87810166,-61.99996917,-62.87705166,-61.99998083,9.17081E-07
697,346,1,-85.013487,33.862852,-74.788428,249.218559,124.702272,20060209, 11:02:10.0000,-62.87913249,-61.99996667,-62.88015166,-61.99993333,-62.87913249,-61.99996667,7.85655E-07
697,347,1,-80.263138,101.101691,-64.768538,249.218559,124.702272,20060209, 11:02:50.0000,-62.88116832,-61.9999,-62.88220166,-61.999855,-62.88116832,-61.9999,2.34567E-06
697,348,1,-74.101246,417.779971,-55.395037,249.218559,124.702272,20060209, 11:03:30.0000,-62.88323482,-61.99983333,-62.88426815,-61.9998,-62.88323482,-61.99983333,9.69295E-06
697,349,1,-83.347152,49.700075,-72.727183,249.218559,124.702272,20060209, 11:04:10.0000,-62.88528482,-61.99976667,-62.88630149,-61.99971667,-62.88528482,-61.99976667,1.1531E-06
697,350,1,-86.28225,25.284085,-75.382317,249.218559,124.702272,20060209, 11:05:10.0000,-62.88733229,-61.9997,-62.88938229,-61.99965253,-62.88834896,-61.9997,5.86618E-07
697,351,1,-80.373379,98.567629,-63.653609,249.218559,124.702272,20060209, 11:05:50.0000,-62.89040149,-61.99963333,-62.89143482,-61.99961667,-62.89040149,-61.99963333,2.28688E-06
697,352,1,-81.170864,82.032468,-69.052137,249.218559,124.702272,20060209, 11:06:30.0000,-62.89245149,-61.9996,-62.89346815,-61.99961414,-62.89245149,-61.9996,1.90324E-06
697,353,1,-78.371244,156.295997,-66.607803,249.218559,124.702272,20060209, 11:07:10.0000,-62.89449896,-61.99958586,-62.89551815,-61.9995692,-62.89449896,-61.99958586,3.62624E-06
697,354,1,-80.357332,98.932512,-66.133751,249.218559,124.702272,20060209, 11:07:50.0000,-62.89653465,-61.99953333,-62.89756798,-61.99951667,-62.89653465,-61.99953333,2.29534E-06
697,355,1,-80.944369,86.424185,-69.22135,249.218559,124.702272,20060209, 11:08:50.0000,-62.89855131,-61.9995,-62.90061709,-61.9995,-62.89959771,-61.9995,2.00513E-06
697,356,1,-79.921524,109.375451,-68.909258,249.218559,124.702272,20060209, 11:09:30.0000,-62.90160042,-61.99948333,-62.90263282,-61.99945,-62.90160042,-61.99948333,2.53763E-06
697,357,1,-80.008966,107.195272,-67.20902,249.218559,124.702272,20060209, 11:10:10.0000,-62.90365217,-61.99945207,-62.90466616,-61.99946667,-62.90365217,-61.99945207,2.48705E-06
697,358,1,-71.080659,837.541399,-57.394201,249.218559,124.702272,20060209, 11:10:50.0000,-62.90564949,-61.99948333,-62.90666616,-61.99948333,-62.90564949,-61.99948333,1.94319E-05
697,359,1,-73.99889,427.743292,-58.529254,249.218559,124.702272,20060209, 11:11:50.0000,-62.90766616,-61.99951667,-62.90964949,-61.99959714,-62.90864949,-61.9995638,9.92411E-06
697,360,1,-78.466876,152.891948,-67.979885,249.218559,124.702272,20060209, 11:12:30.0000,-62.91064949,-61.99968333,-62.91164988,-61.99978333,-62.91064949,-61.99968333,3.54726E-06
697,361,1,-77.390785,195.881628,-67.005407,249.218559,124.702272,20060209, 11:13:10.0000,-62.91264988,-61.9998972,-62.91366654,-61.99996387,-62.91264988,-61.9998972,4.54466E-06
697,362,1,-78.280623,159.591544,-71.113978,249.218559,124.702272,20060209, 11:13:50.0000,-62.91466353,-62.00005,-62.91566636,-62.00009717,-62.91466353,-62.00005,3.7027E-06
697,363,1,-76.927307,217.94231,-66.919493,249.218559,124.702272,20060209, 11:14:30.0000,-62.91668302,-62.00016667,-62.91768302,-62.00021384,-62.91668302,-62.00016667,5.0565E-06
697,364,1,-77.666661,183.825634,-63.936823,249.218559,124.702272,20060209, 11:15:30.0000,-62.91868302,-62.00025,-62.92066636,-62.0004,-62.91968302,-62.00031667,4.26495E-06
697,365,1,-74.831156,353.147877,-61.828891,249.218559,124.702272,20060209, 11:16:10.0000,-62.92169969,-62.00046667,-62.92269969,-62.00055,-62.92169969,-62.00046667,8.19341E-06
697,366,1,-73.900946,437.499519,-61.006839,249.218559,124.702272,20060209, 11:16:50.0000,-62.92371636,-62.00064434,-62.92474686,-62.00068333,-62.92371636,-62.00064434,1.01505E-05
697,367,1,-72.825172,560.473353,-61.2058,249.218559,124.702272,20060209, 11:17:30.0000,-62.92574807,-62.00078023,-62.92676403,-62.00083333,-62.92574807,-62.00078023,1.30036E-05
697,368,1,-75.699649,289.139447,-63.936968,249.218559,124.702272,20060209, 11:18:30.0000,-62.92776473,-62.00093333,-62.92973489,-62.00108333,-62.92874736,-62.00099678,6.70835E-06
697,369,1,-74.95507,343.214185,-61.269864,249.218559,124.702272,20060209, 11:19:10.0000,-62.93070156,-62.00115,-62.93160389,-62.00125,-62.93070156,-62.00115,7.96294E-06
697,370,1,-77.41928,194.600618,-64.10748,249.218559,124.702272,20060209, 11:20:10.0000,-62.93250133,-62.00133078,-62.9342391,-62.00143333,-62.93336971,-62.00141394,4.51494E-06
697,371,1,-76.665682,231.474941,-62.859904,249.218559,124.702272,20060209, 11:20:50.0000,-62.93508638,-62.0014,-62.93588638,-62.0014,-62.93508638,-62.0014,5.37047E-06
697,372,1,-77.519509,190.160941,-64.947518,249.218559,124.702272,20060209, 11:21:50.0000,-62.93668638,-62.0014,-62.93818638,-62.0014,-62.93745304,-62.00139728,4.41194E-06
697,373,1,-77.481528,191.831289,-66.243478,249.218559,124.702272,20060209, 11:22:50.0000,-62.93890577,-62.00143333,-62.94087243,-62.00156394,-62.93957368,-62.00146667,4.45069E-06
697,374,1,-75.500893,302.679446,-58.908456,249.218559,124.702272,20060209, 11:24:10.0000,-62.94150577,-62.0016,-62.94310875,-62.00161667,-62.94207542,-62.00165,7.02249E-06
697,375,1,-81.643619,73.571618,-73.032391,249.218559,124.702272,20060209, 11:25:50.0000,-62.94362811,-62.0016,-62.94542788,-62.00138606,-62.94457515,-62.00148333,1.70694E-06
697,376,1,-80.679819,91.852359,-65.286289,249.218559,124.702272,20060209, 11:27:10.0000,-62.94582541,-62.00133069,-62.94727681,-62.00113551,-62.94625874,-62.00125,2.13107E-06
697,377,1,-78.823287,140.845662,-62.636101,249.218559,124.702272,20060209, 11:28:30.0000,-62.94777542,-62.00108333,-62.94947659,-62.00086891,-62.94831217,-62.00103333,3.26777E-06
697,378,1,-69.639819,1167.052223,-53.728478,249.218559,124.702272,20060209, 11:29:50.0000,-62.9500576,-62.00081667,-62.95194352,-62.00063333,-62.95062685,-62.00076667,2.70769E-05
697,379,1,-72.791727,564.806317,-55.846822,249.218559,124.702272,20060209, 11:31:10.0000,-62.95262496,-62.00051876,-62.95409214,-62.00025196,-62.9533089,-62.00036861,1.31041E-05
697,380,1,-75.448994,306.318213,-57.061352,249.218559,124.702272,20060209, 11:32:10.0000,-62.95482287,-62.00015,-62.9563603,-61.99998333,-62.9555905,-62.00008333,7.10691E-06
697,381,1,-73.593255,469.620146,-56.314972,249.218559,124.702272,20060209, 11:33:10.0000,-62.95719096,-61.99998514,-62.95884096,-61.99986848,-62.95800762,-61.99993152,1.08957E-05
697,382,1,-79.261248,127.3349,-71.635669,249.218559,124.702272,20060209, 11:33:50.0000,-62.95972161,-61.99986667,-62.96059018,-61.99981667,-62.95972161,-61.99986667,2.95431E-06
697,383,1,-79.266915,127.168849,-70.495144,249.218559,124.702272,20060209, 11:34:50.0000,-62.96147429,-61.99976667,-62.96330762,-61.99968333,-62.96240581,-61.99973514,2.95045E-06
697,384,1,-78.292754,159.146385,-68.261294,249.218559,124.702272,20060209, 11:35:30.0000,-62.96423918,-61.99963514,-62.96517057,-61.99961667,-62.96423918,-61.99963514,3.69237E-06
697,385,1,-78.715215,144.394514,-71.72194,249.218559,124.702272,20060209, 11:36:10.0000,-62.96610765,-61.99956667,-62.96705584,-61.9995482,-62.96610765,-61.99956667,3.35011E-06
697,386,1,-81.01057,85.116781,-71.156594,249.218559,124.702272,20060209, 11:37:10.0000,-62.96797251,-61.99948333,-62.96987251,-61.99936667,-62.96894026,-61.99943333,1.9748E-06
697,387,1,-80.379489,98.429051,-70.226663,249.218559,124.702272,20060209, 11:37:50.0000,-62.97080394,-61.99933545,-62.97174109,-61.9993,-62.97080394,-61.99933545,2.28366E-06
697,388,1,-77.109815,208.973265,-64.009334,249.218559,124.702272,20060209, 11:38:30.0000,-62.97269098,-61.99926667,-62.97363918,-61.99923514,-62.97269098,-61.99926667,4.84841E-06
697,389,1,-77.242682,202.676808,-63.573439,249.218559,124.702272,20060209, 11:39:30.0000,-62.97462432,-61.9992,-62.97662061,-61.99916667,-62.97562071,-61.99918333,4.70232E-06
697,390,1,-64.988933,3405.484283,-47.271577,249.218559,124.702272,20060209, 11:40:10.0000,-62.97763832,-61.99923333,-62.97868752,-61.99926667,-62.97763832,-61.99923333,7.90109E-05
697,391,1,-78.50395,151.592316,-69.979453,249.218559,124.702272,20060209, 11:40:50.0000,-62.97973728,-61.99926667,-62.98078714,-61.99934786,-62.97973728,-61.99926667,3.51711E-06
697,392,1,-75.105397,331.5374,-62.121392,249.218559,124.702272,20060209, 11:41:30.0000,-62.98188714,-61.99940214,-62.98300167,-61.99941667,-62.98188714,-61.99940214,7.69203E-06
697,393,1,-74.991907,340.315308,-61.569639,249.218559,124.702272,20060209, 11:42:10.0000,-62.98412057,-61.99948333,-62.98525288,-61.99951667,-62.98412057,-61.99948333,7.89568E-06
697,394,1,-79.095031,132.302823,-64.646545,249.218559,124.702272,20060209, 11:42:50.0000,-62.98637048,-61.99953333,-62.98751867,-61.99955,-62.98637048,-61.99953333,3.06957E-06
697,395,1,-78.609146,147.964534,-66.30234,249.218559,124.702272,20060209, 11:43:30.0000,-62.98865391,-61.99956667,-62.98981867,-61.99959791,-62.98865391,-61.99956667,3.43294E-06
697,396,1,-75.933121,274.006029,-61.709897,249.218559,124.702272,20060209, 11:44:10.0000,-62.99103324,-61.99964791,-62.99225404,-61.99966667,-62.99103324,-61.99964791,6.35724E-06
697,397,1,-79.0149,134.766594,-64.427599,249.218559,124.702272,20060209, 11:44:50.0000,-62.99346849,-61.99974788,-62.9947185,-61.9998,-62.99346849,-61.99974788,3.12673E-06
697,398,1,-79.68514,115.493691,-66.2676,249.218559,124.702272,20060209, 11:45:30.0000,-62.99595167,-61.99988333,-62.99595167,-61.99988333,-62.99595167,-61.99988333,2.67958E-06
697,399,1,-76.633079,233.219203,-60.845915,249.218559,124.702272,20060209, 11:45:50.0000,-62.9972175,-61.99998135,-62.99846638,-62.00001879,-62.9972175,-61.99998135,5.41094E-06
697,400,1,-76.21988,256.498154,-63.606523,249.218559,124.702272,20060209, 11:46:30.0000,-62.99967265,-61.99973868,-63.000835,-61.99897952,-62.99967265,-61.99973868,5.95103E-06
697,401,1,-74.75034,359.780979,-58.805757,249.218559,124.702272,20060209, 11:47:10.0000,-63.00175607,-61.99748786,-63.00234576,-61.99542755,-63.00175607,-61.99748786,8.34731E-06
697,402,1,-75.780579,283.80124,-64.443722,249.218559,124.702272,20060209, 11:47:50.0000,-63.00264786,-61.99306547,-63.0029291,-61.99059845,-63.00264786,-61.99306547,6.58449E-06
697,403,1,-76.896191,219.509382,-64.817302,249.218559,124.702272,20060209, 11:48:30.0000,-63.00319786,-61.98803428,-63.00349804,-61.98538328,-63.00319786,-61.98803428,5.09285E-06
697,404,1,-80.214027,102.251459,-71.470343,249.218559,124.702272,20060209, 11:49:10.0000,-63.00379788,-61.98270269,-63.00407905,-61.98001762,-63.00379788,-61.98270269,2.37234E-06
697,405,1,-80.404774,97.857651,-73.903995,249.218559,124.702272,20060209, 11:49:50.0000,-63.00429786,-61.97725309,-63.00429786,-61.97725309,-63.00429786,-61.97725309,2.2704E-06
697,406,1,-80.238428,101.678561,-73.543223,249.218559,124.702272,20060209, 11:50:10.0000,-63.00451246,-61.97443578,-63.00476238,-61.97160309,-63.00451246,-61.97443578,2.35905E-06
697,407,1,-77.817083,177.567693,-71.319576,249.218559,124.702272,20060209, 11:50:50.0000,-63.00499786,-61.96876976,-63.00526243,-61.96587148,-63.00499786,-61.96876976,4.11976E-06
697,408,1,-79.704331,114.984438,-72.61555,249.218559,124.702272,20060209, 11:51:30.0000,-63.0055291,-61.96301724,-63.0055291,-61.96301724,-63.0055291,-61.96301724,2.66776E-06
697,409,1,-79.909957,109.667138,-71.899068,249.218559,124.702272,20060209, 11:51:50.0000,-63.00582971,-61.96013081,-63.00609788,-61.95723814,-63.00582971,-61.96013081,2.5444E-06
697,410,1,-79.469905,121.361705,-71.218745,249.218559,124.702272,20060209, 11:52:30.0000,-63.00634609,-61.95433132,-63.00661238,-61.9514219,-63.00634609,-61.95433132,2.81572E-06
697,411,1,-79.020383,134.596548,-72.078972,249.218559,124.702272,20060209, 11:53:10.0000,-63.00689788,-61.94853814,-63.00689788,-61.94853814,-63.00689788,-61.94853814,3.12279E-06
697,412,1,-79.504715,120.392844,-72.249981,249.218559,124.702272,20060209, 11:53:30.0000,-63.00716243,-61.94561936,-63.00743135,-61.9427023,-63.00716243,-61.94561936,2.79324E-06
697,413,1,-78.574884,149.136447,-70.05481,249.218559,124.702272,20060209, 11:54:10.0000,-63.00771275,-61.93984994,-63.00796471,-61.93694994,-63.00771275,-61.93984994,3.46013E-06
697,414,1,-79.33785,125.108609,-72.120346,249.218559,124.702272,20060209, 11:54:50.0000,-63.00826275,-61.93406661,-63.00826275,-61.93406661,-63.00826275,-61.93406661,2.90265E-06
697,415,1,-79.616669,117.328984,-70.878996,249.218559,124.702272,20060209, 11:55:10.0000,-63.00854638,-61.93116414,-63.00881275,-61.92824994,-63.00854638,-61.93116414,2.72216E-06
697,416,1,-80.309139,100.036471,-69.98421,249.218559,124.702272,20060209, 11:55:50.0000,-63.00909642,-61.92533046,-63.00939604,-61.9224523,-63.00909642,-61.92533046,2.32095E-06
697,417,1,-80.113514,104.645558,-71.23591,249.218559,124.702272,20060209, 11:56:30.0000,-63.00967975,-61.91956559,-63.00967975,-61.91956559,-63.00967975,-61.91956559,2.42789E-06
697,418,1,-80.655799,92.361784,-71.10979,249.218559,124.702272,20060209, 11:56:50.0000,-63.00996275,-61.91669994,-63.01026304,-61.91384748,-63.00996275,-61.91669994,2.14289E-06
697,419,1,-77.742716,180.634481,-70.568291,249.218559,124.702272,20060209, 11:57:30.0000,-63.01054638,-61.91093081,-63.01084804,-61.90804994,-63.01054638,-61.91093081,4.19091E-06
697,420,1,-77.454666,193.021454,-70.137961,249.218559,124.702272,20060209, 11:58:10.0000,-63.01118133,-61.90516937,-63.01118133,-61.90516937,-63.01118133,-61.90516937,4.47831E-06
697,421,1,-75.762728,284.970193,-69.05417,249.218559,124.702272,20060209, 11:58:30.0000,-63.01154399,-61.90231737,-63.01186275,-61.89944994,-63.01154399,-61.90231737,6.61162E-06
697,422,1,-75.686326,290.027823,-67.801838,249.218559,124.702272,20060209, 11:59:10.0000,-63.01221243,-61.89661724,-63.01253121,-61.89372148,-63.01221243,-61.89661724,6.72896E-06
697,423,1,-77.523384,189.991327,-69.626041,249.218559,124.702272,20060209, 11:59:50.0000,-63.0128791,-61.89086936,-63.0128791,-61.89086936,-63.0128791,-61.89086936,4.408E-06
697,424,1,-75.618119,294.618677,-62.923992,249.218559,124.702272,20060209, 12:00:10.0000,-63.01319609,-61.88796661,-63.01349546,-61.88505748,-63.01319609,-61.88796661,6.83547E-06
697,425,1,-78.68076,145.544623,-67.333072,249.218559,124.702272,20060209, 12:00:50.0000,-63.01379609,-61.88214994,-63.01411231,-61.87925585,-63.01379609,-61.88214994,3.37679E-06
697,426,1,-81.091722,83.541073,-75.092603,249.218559,124.702272,20060209, 12:01:30.0000,-63.01441275,-61.87633328,-63.01441275,-61.87633328,-63.01441275,-61.87633328,1.93824E-06
697,427,1,-80.385032,98.303512,-74.183061,249.218559,124.702272,20060209, 12:01:50.0000,-63.01474604,-61.87345032,-63.01506469,-61.87048563,-63.01474604,-61.87345032,2.28075E-06
697,428,1,-78.128756,165.270987,-70.51024,249.218559,124.702272,20060209, 12:02:30.0000,-63.01537933,-61.8675507,-63.01569317,-61.8646531,-63.01537933,-61.8675507,3.83447E-06
697,429,1,-77.060513,211.359092,-67.170209,249.218559,124.702272,20060209, 12:03:10.0000,-63.016013,-61.86174783,-63.016013,-61.86174783,-63.016013,-61.86174783,4.90376E-06
697,430,1,-78.075099,167.325563,-65.947007,249.218559,124.702272,20060209, 12:03:30.0000,-63.01631051,-61.85885237,-63.01664384,-61.85592211,-63.01631051,-61.85885237,3.88213E-06
697,431,1,-76.424682,244.683148,-65.821958,249.218559,124.702272,20060209, 12:04:10.0000,-63.01694384,-61.85301903,-63.01726051,-61.85008878,-63.01694384,-61.85301903,5.67691E-06
697,432,1,-81.039106,84.559346,-72.32586,249.218559,124.702272,20060209, 12:04:50.0000,-63.01759384,-61.8471357,-63.01759384,-61.8471357,-63.01759384,-61.8471357,1.96187E-06
697,433,1,-80.095612,105.077817,-69.413149,249.218559,124.702272,20060209, 12:05:10.0000,-63.01789377,-61.84415296,-63.01821077,-61.84121681,-63.01789377,-61.84415296,2.43792E-06
697,434,1,-81.607705,74.182544,-70.897555,249.218559,124.702272,20060209, 12:05:50.0000,-63.01851044,-61.83828629,-63.01851044,-61.83828629,-63.01851044,-61.83828629,1.72112E-06
697,435,1,-81.46913,76.587741,-71.299934,249.218559,124.702272,20060209, 12:06:10.0000,-63.01887693,-61.83533779,-63.01919324,-61.8323775,-63.01887693,-61.83533779,1.77692E-06
697,436,1,-80.541865,94.816894,-71.139948,249.218559,124.702272,20060209, 12:06:50.0000,-63.01952657,-61.82944417,-63.01985991,-61.82652412,-63.01952657,-61.82944417,2.19985E-06
697,437,1,-82.89574,55.143988,-72.09568,249.218559,124.702272,20060209, 12:07:30.0000,-63.02019293,-61.8236101,-63.02019293,-61.8236101,-63.02019293,-61.8236101,1.2794E-06
697,438,1,-82.449991,61.104493,-75.072147,249.218559,124.702272,20060209, 12:07:50.0000,-63.02054293,-61.8207303,-63.02087626,-61.8178101,-63.02054293,-61.8207303,1.41769E-06
697,439,1,-81.412645,77.590346,-73.286027,249.218559,124.702272,20060209, 12:08:30.0000,-63.02122626,-61.81491364,-63.02153939,-61.81201364,-63.02122626,-61.81491364,1.80018E-06
697,440,1,-81.242037,80.699058,-75.161513,249.218559,124.702272,20060209, 12:09:10.0000,-63.0219096,-61.80909697,-63.0219096,-61.80909697,-63.0219096,-61.80909697,1.87231E-06
697,441,1,-79.071706,133.015296,-70.506769,249.218559,124.702272,20060209, 12:09:30.0000,-63.02224293,-61.80617677,-63.02254293,-61.80324343,-63.02224293,-61.80617677,3.0861E-06
697,442,1,-79.847783,111.248434,-70.00565,249.218559,124.702272,20060209, 12:10:10.0000,-63.02289309,-61.80032539,-63.02289309,-61.80032539,-63.02289309,-61.80032539,2.58108E-06
697,443,1,-80.707467,91.269464,-69.691707,249.218559,124.702272,20060209, 12:10:30.0000,-63.02322642,-61.79737885,-63.02357642,-61.79447539,-63.02322642,-61.79737885,2.11755E-06
697,444,1,-80.40302,97.897194,-73.664393,249.218559,124.702272,20060209, 12:11:10.0000,-63.02391321,-61.79156218,-63.02425968,-61.78865941,-63.02391321,-61.79156218,2.27132E-06
697,445,1,-80.038865,106.45982,-74.474351,249.218559,124.702272,20060209, 12:11:50.0000,-63.02460968,-61.78575941,-63.02460968,-61.78575941,-63.02460968,-61.78575941,2.46998E-06
697,446,1,-79.592714,117.97794,-69.986393,249.218559,124.702272,20060209, 12:12:10.0000,-63.02494301,-61.78289274,-63.02529301,-61.77999274,-63.02494301,-61.78289274,2.73722E-06
697,447,1,-78.469656,152.794098,-66.313938,249.218559,124.702272,20060209, 12:12:50.0000,-63.02562634,-61.77712607,-63.02598952,-61.77424623,-63.02562634,-61.77712607,3.54499E-06
697,448,1,-77.996537,170.379975,-66.344866,249.218559,124.702272,20060209, 12:13:30.0000,-63.02632648,-61.77137488,-63.02632648,-61.77137488,-63.02632648,-61.77137488,3.953E-06
697,449,1,-77.144527,207.30963,-64.278487,249.218559,124.702272,20060209, 12:13:50.0000,-63.02665943,-61.76847819,-63.02700581,-61.76561152,-63.02665943,-61.76847819,4.80981E-06
697,450,1,-73.365596,494.894499,-58.504855,249.218559,124.702272,20060209, 12:14:30.0000,-63.0273261,-61.76272819,-63.0276761,-61.75984485,-63.0273261,-61.76272819,1.14821E-05
697,451,1,-84.753296,35.953622,-78.482089,249.218559,124.702272,20060209, 12:15:10.0000,-63.02802248,-61.75697819,-63.02802248,-61.75697819,-63.02802248,-61.75697819,8.34163E-07
697,452,1,-85.266359,31.947457,-79.144204,249.218559,124.702272,20060209, 12:15:30.0000,-63.0283761,-61.75414485,-63.02872633,-61.75129289,-63.0283761,-61.75414485,7.41215E-07
697,453,1,-86.040897,26.728987,-80.372751,249.218559,124.702272,20060209, 12:16:10.0000,-63.02902971,-61.7484318,-63.02939336,-61.74554313,-63.02902971,-61.7484318,6.20141E-07
697,454,1,-84.636032,36.937631,-79.745764,249.218559,124.702272,20060209, 12:16:50.0000,-63.02972669,-61.74262646,-63.02972669,-61.74262646,-63.02972669,-61.74262646,8.56993E-07
697,455,1,-86.325736,25.032177,-79.689747,249.218559,124.702272,20060209, 12:17:10.0000,-63.03006002,-61.73970979,-63.03039305,-61.73676258,-63.03006002,-61.73970979,5.80773E-07
697,456,1,-85.268901,31.928761,-75.888019,249.218559,124.702272,20060209, 12:17:50.0000,-63.03069652,-61.73382924,-63.03104305,-61.73089591,-63.03069652,-61.73382924,7.40782E-07
697,457,1,-84.538099,37.780031,-74.632928,249.218559,124.702272,20060209, 12:18:30.0000,-63.03140624,-61.72792924,-63.03140624,-61.72792924,-63.03140624,-61.72792924,8.76537E-07
697,458,1,-87.404764,19.525215,-75.968583,249.218559,124.702272,20060209, 12:18:50.0000,-63.03172638,-61.72499243,-63.03204305,-61.7220591,-63.03172638,-61.72499243,4.53006E-07
697,459,1,-89.350424,12.474691,-78.887775,249.218559,124.702272,20060209, 12:19:30.0000,-63.03237905,-61.71913854,-63.03237905,-61.71913854,-63.03237905,-61.71913854,2.89426E-07
697,460,1,-85.226705,32.240499,-74.061493,249.218559,124.702272,20060209, 12:19:50.0000,-63.03271233,-61.71618684,-63.03302895,-61.7132083,-63.03271233,-61.71618684,7.48014E-07
697,461,1,-85.332924,31.461525,-76.066977,249.218559,124.702272,20060209, 12:20:30.0000,-63.03335963,-61.71026331,-63.03369346,-61.70729215,-63.03335963,-61.71026331,7.29941E-07
697,462,1,-83.428081,48.782504,-73.767062,249.218559,124.702272,20060209, 12:21:10.0000,-63.0340263,-61.70431331,-63.0340263,-61.70431331,-63.0340263,-61.70431331,1.13181E-06
697,463,1,-85.504167,30.245132,-78.668336,249.218559,124.702272,20060209, 12:21:30.0000,-63.03434297,-61.70134313,-63.0346763,-61.69837998,-63.03434297,-61.70134313,7.0172E-07
697,464,1,-85.834538,28.029696,-80.283257,249.218559,124.702272,20060209, 12:22:10.0000,-63.0350402,-61.69545555,-63.03537605,-61.69254526,-63.0350402,-61.69545555,6.50319E-07
697,465,1,-85.958322,27.242065,-80.990299,249.218559,124.702272,20060209, 12:22:50.0000,-63.03569271,-61.68958224,-63.03569271,-61.68958224,-63.03569271,-61.68958224,6.32045E-07
697,466,1,-88.366453,15.646848,-82.084403,249.218559,124.702272,20060209, 12:23:10.0000,-63.03602605,-61.68666193,-63.03634346,-61.68372549,-63.03602605,-61.68666193,3.63024E-07
697,467,1,-87.367601,19.693009,-81.458959,249.218559,124.702272,20060209, 12:23:50.0000,-63.03667628,-61.68079681,-63.03667628,-61.68079681,-63.03667628,-61.68079681,4.56899E-07
697,468,1,-89.113066,13.175455,-82.396875,249.218559,124.702272,20060209, 12:24:10.0000,-63.0369768,-61.67789215,-63.03729339,-61.67497611,-63.0369768,-61.67789215,3.05685E-07
697,469,1,-89.903554,10.982895,-81.27647,249.218559,124.702272,20060209, 12:24:50.0000,-63.03762621,-61.67211414,-63.03794287,-61.66924747,-63.03762621,-61.67211414,2.54815E-07
697,470,1,-85.580121,29.720771,-81.194127,249.218559,124.702272,20060209, 12:25:30.0000,-63.03830598,-61.66641057,-63.03830598,-61.66641057,-63.03830598,-61.66641057,6.89554E-07
697,471,1,-87.548018,18.891673,-79.63109,249.218559,124.702272,20060209, 12:25:50.0000,-63.03864644,-61.66356057,-63.03899295,-61.66071347,-63.03864644,-61.66356057,4.38307E-07
697,472,1,-84.23564,40.504959,-73.003716,249.218559,124.702272,20060209, 12:26:30.0000,-63.03936336,-61.65785945,-63.03970925,-61.65499636,-63.03936336,-61.65785945,9.39759E-07
697,473,1,-84.869009,35.008325,-74.713294,249.218559,124.702272,20060209, 12:27:10.0000,-63.04007221,-61.65216303,-63.04007221,-61.65216303,-63.04007221,-61.65216303,8.12231E-07
697,474,1,-87.576043,18.770158,-78.599628,249.218559,124.702272,20060209, 12:27:30.0000,-63.04039289,-61.649314,-63.04074289,-61.64649378,-63.04039289,-61.649314,4.35488E-07
697,475,1,-87.446975,19.33636,-79.379963,249.218559,124.702272,20060209, 12:28:10.0000,-63.04109432,-61.64366212,-63.04145554,-61.64082969,-63.04109432,-61.64366212,4.48624E-07
697,476,1,-87.768724,17.955597,-82.107683,249.218559,124.702272,20060209, 12:28:50.0000,-63.04181123,-61.63799619,-63.04214289,-61.63521045,-63.04181123,-61.63799619,4.16589E-07
697,477,1,-85.565826,29.818765,-77.631319,249.218559,124.702272,20060209, 12:29:30.0000,-63.04249275,-61.63241163,-63.04249275,-61.63241163,-63.04249275,-61.63241163,6.91828E-07
697,478,1,-82.859377,55.607644,-72.980649,249.218559,124.702272,20060209, 12:29:50.0000,-63.0428279,-61.62956286,-63.04314258,-61.62671303,-63.0428279,-61.62956286,1.29016E-06
697,479,1,-83.271572,50.572572,-71.571166,249.218559,124.702272,20060209, 12:30:30.0000,-63.04350942,-61.62384859,-63.04386105,-61.62098107,-63.04350942,-61.62384859,1.17334E-06
697,480,1,-83.339387,49.789014,-72.6287,249.218559,124.702272,20060209, 12:31:10.0000,-63.044163,-61.61812901,-63.044163,-61.61812901,-63.044163,-61.61812901,1.15516E-06
697,481,1,-82.531617,59.966749,-69.933244,249.218559,124.702272,20060209, 12:31:30.0000,-63.04449281,-61.61527776,-63.04480933,-61.61244567,-63.04449281,-61.61527776,1.39129E-06
697,482,1,-81.993647,67.874642,-71.68123,249.218559,124.702272,20060209, 12:32:10.0000,-63.04512744,-61.60958049,-63.04544423,-61.6067186,-63.04512744,-61.60958049,1.57476E-06
697,483,1,-82.014144,67.555052,-73.453602,249.218559,124.702272,20060209, 12:32:50.0000,-63.04575907,-61.60386837,-63.04575907,-61.60386837,-63.04575907,-61.60386837,1.56735E-06
697,484,1,-80.154759,103.656453,-70.119883,249.218559,124.702272,20060209, 12:33:10.0000,-63.04606044,-61.60099981,-63.04645907,-61.59816458,-63.04606044,-61.60099981,2.40494E-06
697,485,1,-80.032624,106.612912,-69.20548,249.218559,124.702272,20060209, 12:33:50.0000,-63.04682233,-61.59534201,-63.047239,-61.59251234,-63.04682233,-61.59534201,2.47353E-06
697,486,1,-78.361052,156.663219,-66.289128,249.218559,124.702272,20060209, 12:34:30.0000,-63.04759263,-61.58964966,-63.04759263,-61.58964966,-63.04759263,-61.58964966,3.63476E-06
697,487,1,-77.848078,176.30492,-64.582496,249.218559,124.702272,20060209, 12:34:50.0000,-63.04797972,-61.58678167,-63.04835583,-61.58396139,-63.04797972,-61.58678167,4.09046E-06
697,488,1,-79.684632,115.50719,-67.573685,249.218559,124.702272,20060209, 12:35:30.0000,-63.0487386,-61.58111837,-63.04910991,-61.57825742,-63.0487386,-61.58111837,2.67989E-06
697,489,1,-80.987107,85.577876,-73.039752,249.218559,124.702272,20060209, 12:36:10.0000,-63.04947711,-61.57538626,-63.04947711,-61.57538626,-63.04947711,-61.57538626,1.9855E-06
697,490,1,-79.097397,132.230752,-69.713203,249.218559,124.702272,20060209, 12:36:30.0000,-63.04985907,-61.57258124,-63.05027627,-61.56976006,-63.04985907,-61.57258124,3.0679E-06
697,491,1,-79.780996,112.972455,-70.082728,249.218559,124.702272,20060209, 12:37:10.0000,-63.05064319,-61.56691129,-63.05100561,-61.56407931,-63.05064319,-61.56691129,2.62108E-06
697,492,1,-74.585494,373.699759,-62.086974,249.218559,124.702272,20060209, 12:37:50.0000,-63.05137627,-61.56124339,-63.05137627,-61.56124339,-63.05137627,-61.56124339,8.67024E-06
697,493,1,-77.914672,173.622105,-63.880182,249.218559,124.702272,20060209, 12:38:10.0000,-63.05173022,-61.55838626,-63.0521064,-61.55554151,-63.05173022,-61.55838626,4.02822E-06
697,494,1,-83.301535,50.224863,-74.379668,249.218559,124.702272,20060209, 12:38:50.0000,-63.05244293,-61.55269339,-63.05279377,-61.54984981,-63.05244293,-61.55269339,1.16527E-06
697,495,1,-86.593729,23.534192,-80.128984,249.218559,124.702272,20060209, 12:39:30.0000,-63.05317649,-61.54697827,-63.05317649,-61.54697827,-63.05317649,-61.54697827,5.46019E-07
697,496,1,-85.180764,32.583353,-76.330885,249.218559,124.702272,20060209, 12:39:50.0000,-63.05350952,-61.54414406,-63.05385952,-61.54128097,-63.05350952,-61.54414406,7.55969E-07
697,497,1,-87.010588,21.38028,-78.810903,249.218559,124.702272,20060209, 12:40:30.0000,-63.05419286,-61.5384274,-63.05451309,-61.5355774,-63.05419286,-61.5384274,4.96046E-07
697,498,1,-90.666071,9.214358,-84.800057,249.218559,124.702272,20060209, 12:41:10.0000,-63.05486013,-61.5327056,-63.05486013,-61.5327056,-63.05486013,-61.5327056,2.13783E-07
697,499,1,-91.594231,7.441305,-86.193038,249.218559,124.702272,20060209, 12:41:30.0000,-63.05519293,-61.52981359,-63.05555978,-61.52694532,-63.05519293,-61.52981359,1.72646E-07
697,500,1,-89.308826,12.594751,-81.098352,249.218559,124.702272,20060209, 12:42:10.0000,-63.05587619,-61.52406073,-63.05620952,-61.5211643,-63.05587619,-61.52406073,2.92212E-07
697,501,1,-88.45319,15.337451,-82.319834,249.218559,124.702272,20060209, 12:42:50.0000,-63.05654286,-61.51829049,-63.05654286,-61.51829049,-63.05654286,-61.51829049,3.55845E-07
697,502,1,-88.71637,14.435611,-80.848864,249.218559,124.702272,20060209, 12:43:10.0000,-63.0568926,-61.51539991,-63.05722585,-61.51253024,-63.0568926,-61.51539991,3.34922E-07
697,503,1,-91.152127,8.238715,-84.920385,249.218559,124.702272,20060209, 12:43:50.0000,-63.05756061,-61.50963782,-63.05789291,-61.50680672,-63.05756061,-61.50963782,1.91147E-07
697,504,1,-89.341663,12.499883,-81.811917,249.218559,124.702272,20060209, 12:44:30.0000,-63.05824252,-61.50393024,-63.05824252,-61.50393024,-63.05824252,-61.50393024,2.90011E-07
697,505,1,-86.965881,21.601509,-78.264918,249.218559,124.702272,20060209, 12:44:50.0000,-63.05855919,-61.50103024,-63.05890545,-61.49816358,-63.05855919,-61.50103024,5.01178E-07
697,506,1,-86.366817,24.796506,-79.194364,249.218559,124.702272,20060209, 12:45:30.0000,-63.05924252,-61.49526358,-63.05957646,-61.49239174,-63.05924252,-61.49526358,5.75306E-07
697,507,1,-89.336426,12.514963,-83.096413,249.218559,124.702272,20060209, 12:46:10.0000,-63.05989245,-61.48949752,-63.05989245,-61.48949752,-63.05989245,-61.48949752,2.90361E-07
697,508,1,-88.78242,14.217729,-80.109083,249.218559,124.702272,20060209, 12:46:30.0000,-63.06021293,-61.48661358,-63.06053044,-61.48373255,-63.06021293,-61.48661358,3.29867E-07
697,509,1,-89.11015,13.184303,-79.525,249.218559,124.702272,20060209, 12:47:10.0000,-63.06089252,-61.48086358,-63.06124281,-61.47799443,-63.06089252,-61.48086358,3.0589E-07
697,510,1,-89.182492,12.966507,-83.126712,249.218559,124.702272,20060209, 12:47:50.0000,-63.06154395,-61.47505449,-63.06154395,-61.47505449,-63.06154395,-61.47505449,3.00837E-07
697,511,1,-90.079484,10.546877,-83.499752,249.218559,124.702272,20060209, 12:48:10.0000,-63.06189281,-61.47219443,-63.06222645,-61.46932521,-63.06189281,-61.47219443,2.44699E-07
697,512,1,-91.524216,7.562243,-80.912776,249.218559,124.702272,20060209, 12:48:50.0000,-63.06254704,-61.46646691,-63.06287863,-61.46360901,-63.06254704,-61.46646691,1.75452E-07
697,513,1,-89.435734,12.232038,-81.54157,249.218559,124.702272,20060209, 12:49:30.0000,-63.06318087,-61.46074187,-63.06318087,-61.46074187,-63.06318087,-61.46074187,2.83796E-07
697,514,1,-87.626402,18.553764,-80.307252,249.218559,124.702272,20060209, 12:49:50.0000,-63.06352527,-61.45791235,-63.06386135,-61.45507851,-63.06352527,-61.45791235,4.30467E-07
697,515,1,-86.338923,24.956282,-76.490702,249.218559,124.702272,20060209, 12:50:30.0000,-63.06417268,-61.45225682,-63.06447623,-61.44939371,-63.06417268,-61.45225682,5.79013E-07
697,516,1,-86.938407,21.738597,-78.376464,249.218559,124.702272,20060209, 12:51:10.0000,-63.06479239,-61.44653135,-63.06479239,-61.44653135,-63.06479239,-61.44653135,5.04359E-07
697,517,1,-87.872312,17.532384,-77.45367,249.218559,124.702272,20060209, 12:51:30.0000,-63.06507572,-61.44364801,-63.06539264,-61.44079586,-63.06507572,-61.44364801,4.0677E-07
697,518,1,-87.057886,21.148695,-80.792859,249.218559,124.702272,20060209, 12:52:10.0000,-63.0656929,-61.43796038,-63.06602598,-61.43511253,-63.0656929,-61.43796038,4.90673E-07
697,519,1,-87.154809,20.681942,-81.332454,249.218559,124.702272,20060209, 12:52:50.0000,-63.06635563,-61.4322792,-63.06635563,-61.4322792,-63.06635563,-61.4322792,4.79843E-07
697,520,1,-88.20532,16.238289,-78.947035,249.218559,124.702272,20060209, 12:53:10.0000,-63.06666299,-61.42944586,-63.06700896,-61.42661939,-63.06666299,-61.42944586,3.76746E-07
697,521,1,-88.221361,16.178422,-78.939598,249.218559,124.702272,20060209, 12:53:50.0000,-63.06732564,-61.42381154,-63.06763003,-61.42098944,-63.06732564,-61.42381154,3.75357E-07
697,522,1,-85.231239,32.206858,-74.455216,249.218559,124.702272,20060209, 12:54:30.0000,-63.06795533,-61.41817711,-63.06795533,-61.41817711,-63.06795533,-61.41817711,7.47234E-07
697,523,1,-86.122528,26.231279,-76.434082,249.218559,124.702272,20060209, 12:54:50.0000,-63.06825872,-61.41535092,-63.06857621,-61.41249386,-63.06825872,-61.41535092,6.08594E-07
697,524,1,-87.504441,19.082184,-77.506133,249.218559,124.702272,20060209, 12:55:30.0000,-63.06889288,-61.40963076,-63.06920955,-61.40676053,-63.06889288,-61.40963076,4.42727E-07
697,525,1,-88.7841,14.212231,-78.868179,249.218559,124.702272,20060209, 12:56:10.0000,-63.06950955,-61.40388076,-63.06950955,-61.40388076,-63.06950955,-61.40388076,3.29739E-07
697,526,1,-89.733417,11.421695,-79.038556,249.218559,124.702272,20060209, 12:56:30.0000,-63.06981281,-61.40101939,-63.07014259,-61.39816298,-63.06981281,-61.40101939,2.64996E-07
697,527,1,-89.361616,12.442584,-79.866081,249.218559,124.702272,20060209, 12:57:10.0000,-63.07045926,-61.39529632,-63.07077592,-61.39241298,-63.07045926,-61.39529632,2.88681E-07
697,528,1,-89.474376,12.123684,-80.942075,249.218559,124.702272,20060209, 12:57:50.0000,-63.07109259,-61.38956298,-63.07109259,-61.38956298,-63.07109259,-61.38956298,2.81283E-07
697,529,1,-89.451216,12.188511,-82.190401,249.218559,124.702272,20060209, 12:58:10.0000,-63.07142592,-61.38667965,-63.07175926,-61.38379632,-63.07142592,-61.38667965,2.82787E-07
697,530,1,-90.321414,9.97541,-83.726572,249.218559,124.702272,20060209, 12:58:50.0000,-63.0720925,-61.38091748,-63.07242599,-61.37804209,-63.0720925,-61.38091748,2.3144E-07
697,531,1,-89.664068,11.605541,-83.874926,249.218559,124.702272,20060209, 12:59:30.0000,-63.07274249,-61.37518424,-63.07274249,-61.37518424,-63.07274249,-61.37518424,2.69261E-07
697,532,1,-90.489495,9.596717,-84.370958,249.218559,124.702272,20060209, 12:59:50.0000,-63.07307583,-61.37230091,-63.07340916,-61.36939715,-63.07307583,-61.37230091,2.22654E-07
697,533,1,-89.591271,11.801715,-82.732304,249.218559,124.702272,20060209, 13:00:30.0000,-63.07374249,-61.36649715,-63.07405916,-61.36359715,-63.07374249,-61.36649715,2.73813E-07
697,534,1,-89.817483,11.202731,-82.430543,249.218559,124.702272,20060209, 13:01:10.0000,-63.07439625,-61.36070081,-63.07439625,-61.36070081,-63.07439625,-61.36070081,2.59915E-07
697,535,1,-87.949223,17.22463,-80.349866,249.218559,124.702272,20060209, 13:01:30.0000,-63.07470949,-61.35781101,-63.0750425,-61.35496373,-63.07470949,-61.35781101,3.9963E-07
697,536,1,-88.863355,13.955222,-80.230875,249.218559,124.702272,20060209, 13:02:10.0000,-63.07537945,-61.352116,-63.07572548,-61.34926674,-63.07537945,-61.352116,3.23776E-07
697,537,1,-88.374763,15.616939,-80.314242,249.218559,124.702272,20060209, 13:02:50.0000,-63.07605882,-61.3463834,-63.07605882,-61.3463834,-63.07605882,-61.3463834,3.6233E-07
697,538,1,-89.814273,11.211014,-81.886353,249.218559,124.702272,20060209, 13:03:10.0000,-63.07637218,-61.34347988,-63.07670905,-61.34059809,-63.07637218,-61.34347988,2.60108E-07
697,539,1,-75.575002,297.558245,-58.768052,249.218559,124.702272,20060209, 13:03:50.0000,-63.07702571,-61.33768523,-63.07734619,-61.33476857,-63.07702571,-61.33768523,6.90367E-06
697,540,1,-80.648546,92.516166,-72.405669,249.218559,124.702272,20060209, 13:04:30.0000,-63.07767571,-61.33184809,-63.07767571,-61.33184809,-63.07767571,-61.33184809,2.14647E-06
697,541,1,-75.455505,305.859292,-59.46237,249.218559,124.702272,20060209, 13:04:50.0000,-63.07800968,-61.32889623,-63.07832634,-61.32597607,-63.07800968,-61.32889623,7.09627E-06
697,542,1,-86.795878,22.463862,-79.669156,249.218559,124.702272,20060209, 13:05:30.0000,-63.07867634,-61.3230629,-63.07903952,-61.32017607,-63.07867634,-61.3230629,5.21186E-07
697,543,1,-87.973783,17.127497,-77.576842,249.218559,124.702272,20060209, 13:06:10.0000,-63.07942331,-61.31729346,-63.07942331,-61.31729346,-63.07942331,-61.31729346,3.97376E-07
697,544,1,-88.189686,16.29685,-78.966034,249.218559,124.702272,20060209, 13:06:30.0000,-63.07979269,-61.31441211,-63.08017603,-61.31152878,-63.07979269,-61.31441211,3.78104E-07
697,545,1,-89.067394,13.314743,-79.159508,249.218559,124.702272,20060209, 13:07:10.0000,-63.08055936,-61.30864544,-63.08089287,-61.30574754,-63.08055936,-61.30864544,3.08916E-07
697,546,1,-87.170724,20.606292,-78.614678,249.218559,124.702272,20060209, 13:07:50.0000,-63.0812762,-61.30284754,-63.0812762,-61.30284754,-63.0812762,-61.30284754,4.78088E-07
697,547,1,-88.600519,14.825873,-81.119795,249.218559,124.702272,20060209, 13:08:10.0000,-63.08167263,-61.29997731,-63.0820393,-61.29708088,-63.08167263,-61.29997731,3.43976E-07
697,548,1,-88.155188,16.426817,-81.876131,249.218559,124.702272,20060209, 13:08:50.0000,-63.08238917,-61.29422804,-63.08272611,-61.29136137,-63.08238917,-61.29422804,3.8112E-07
697,549,1,-89.771545,11.321857,-83.200862,249.218559,124.702272,20060209, 13:09:30.0000,-63.08308917,-61.28851137,-63.08308917,-61.28851137,-63.08308917,-61.28851137,2.62679E-07
697,550,1,-88.175736,16.34928,-80.52499,249.218559,124.702272,20060209, 13:09:50.0000,-63.08345945,-61.2856947,-63.0838225,-61.28286137,-63.08345945,-61.2856947,3.79321E-07
697,551,1,-89.914781,10.954539,-83.437738,249.218559,124.702272,20060209, 13:10:30.0000,-63.08417611,-61.28001137,-63.08454278,-61.27717804,-63.08417611,-61.28001137,2.54157E-07
697,552,1,-90.768761,8.999039,-82.221828,249.218559,124.702272,20060209, 13:11:10.0000,-63.08489278,-61.27435776,-63.08489278,-61.27435776,-63.08489278,-61.27435776,2.08787E-07
697,553,1,-89.696653,11.518793,-80.658603,249.218559,124.702272,20060209, 13:11:30.0000,-63.08524639,-61.27151137,-63.08560945,-61.26867443,-63.08524639,-61.27151137,2.67248E-07
697,554,1,-87.757232,18.00317,-78.999665,249.218559,124.702272,20060209, 13:12:10.0000,-63.08597611,-61.26581137,-63.08630919,-61.26296353,-63.08597611,-61.26581137,4.17693E-07
697,555,1,-87.299068,20.006237,-77.825678,249.218559,124.702272,20060209, 13:12:50.0000,-63.08667212,-61.26009687,-63.08667212,-61.26009687,-63.08667212,-61.26009687,4.64166E-07
697,556,1,-87.974674,17.123983,-79.087425,249.218559,124.702272,20060209, 13:13:10.0000,-63.08702586,-61.25724687,-63.08739253,-61.25439687,-63.08702586,-61.25724687,3.97295E-07
697,557,1,-90.314353,9.991644,-82.54236,249.218559,124.702272,20060209, 13:13:50.0000,-63.0877261,-61.25151152,-63.08807586,-61.2486506,-63.0877261,-61.25151152,2.31817E-07
697,558,1,-89.990887,10.764243,-80.828175,249.218559,124.702272,20060209, 13:14:30.0000,-63.08839626,-61.24581353,-63.08839626,-61.24581353,-63.08839626,-61.24581353,2.49742E-07
697,559,1,-89.34846,12.480335,-79.915338,249.218559,124.702272,20060209, 13:14:50.0000,-63.08875919,-61.2429802,-63.0890598,-61.2401118,-63.08875919,-61.2429802,2.89557E-07
697,560,1,-89.166822,13.013378,-82.211283,249.218559,124.702272,20060209, 13:15:30.0000,-63.0893799,-61.23725836,-63.08969338,-61.23440626,-63.0893799,-61.23725836,3.01924E-07
697,561,1,-90.063275,10.586313,-81.985405,249.218559,124.702272,20060209, 13:16:10.0000,-63.08999657,-61.23155493,-63.08999657,-61.23155493,-63.08999657,-61.23155493,2.45614E-07
697,562,1,-89.927873,10.921566,-81.756299,249.218559,124.702272,20060209, 13:16:30.0000,-63.09029282,-61.22869439,-63.09059282,-61.22586106,-63.09029282,-61.22869439,2.53392E-07
697,563,1,-89.655786,11.627694,-80.854689,249.218559,124.702272,20060209, 13:17:10.0000,-63.09087974,-61.22299439,-63.09118923,-61.22014439,-63.09087974,-61.22299439,2.69775E-07
697,564,1,-91.528038,7.55559,-83.115218,249.218559,124.702272,20060209, 13:17:50.0000,-63.09146303,-61.21727846,-63.09146303,-61.21727846,-63.09146303,-61.21727846,1.75298E-07
697,565,1,-91.304439,7.954783,-82.22699,249.218559,124.702272,20060209, 13:18:10.0000,-63.09177606,-61.21444513,-63.09209273,-61.21159513,-63.09177606,-61.21444513,1.8456E-07
697,566,1,-89.328407,12.538094,-78.991217,249.218559,124.702272,20060209, 13:18:50.0000,-63.09242606,-61.2087618,-63.09274273,-61.20594513,-63.09242606,-61.2087618,2.90897E-07
697,567,1,-88.632983,14.715462,-80.453914,249.218559,124.702272,20060209, 13:19:30.0000,-63.09304273,-61.20309513,-63.09304273,-61.20309513,-63.09304273,-61.20309513,3.41415E-07
697,568,1,-89.793235,11.265456,-81.022189,249.218559,124.702272,20060209, 13:19:50.0000,-63.09334273,-61.20022846,-63.09364273,-61.19739876,-63.09334273,-61.20022846,2.61371E-07
697,569,1,-89.592407,11.798629,-80.711079,249.218559,124.702272,20060209, 13:20:30.0000,-63.09397606,-61.1945618,-63.09427606,-61.19172483,-63.09397606,-61.1945618,2.73741E-07
697,570,1,-89.230855,12.822914,-79.544865,249.218559,124.702272,20060209, 13:21:10.0000,-63.09459607,-61.18887962,-63.09489624,-61.18604732,-63.09459607,-61.18887962,2.97505E-07
697,571,1,-88.369188,15.636999,-78.911073,249.218559,124.702272,20060209, 13:21:50.0000,-63.09522573,-61.183248,-63.09522573,-61.183248,-63.09522573,-61.183248,3.62795E-07
697,572,1,-89.213168,12.875242,-80.304765,249.218559,124.702272,20060209, 13:22:10.0000,-63.09555845,-61.18044907,-63.09587573,-61.17763134,-63.09555845,-61.18044907,2.98719E-07
697,573,1,-90.708337,9.125119,-80.897953,249.218559,124.702272,20060209, 13:22:50.0000,-63.0961593,-61.17481262,-63.09648805,-61.17201774,-63.0961593,-61.17481262,2.11713E-07
697,574,1,-91.049522,8.435678,-82.291723,249.218559,124.702272,20060209, 13:23:30.0000,-63.09682536,-61.16917173,-63.09682536,-61.16917173,-63.09682536,-61.16917173,1.95717E-07
697,575,1,-91.947273,6.860329,-81.187921,249.218559,124.702272,20060209, 13:23:50.0000,-63.09714203,-61.16635108,-63.09744263,-61.16347929,-63.09714203,-61.16635108,1.59167E-07
697,576,1,-90.746186,9.045938,-81.303025,249.218559,124.702272,20060209, 13:24:30.0000,-63.0977593,-61.16061262,-63.09809263,-61.15779227,-63.0977593,-61.16061262,2.09876E-07
697,577,1,-89.896164,11.0016,-81.028473,249.218559,124.702272,20060209, 13:25:10.0000,-63.09839263,-61.15496262,-63.09839263,-61.15496262,-63.09839263,-61.15496262,2.55249E-07
697,578,1,-86.806162,22.410733,-70.767335,249.218559,124.702272,20060209, 13:25:30.0000,-63.09872567,-61.1520818,-63.099059,-61.14921514,-63.09872567,-61.1520818,5.19953E-07
697,579,1,-87.641173,18.490767,-72.923116,249.218559,124.702272,20060209, 13:26:10.0000,-63.09937567,-61.14639464,-63.09969234,-61.14354847,-63.09937567,-61.14639464,4.29006E-07
697,580,1,-89.946564,10.874663,-86.128013,249.218559,124.702272,20060209, 13:26:50.0000,-63.10002585,-61.14068405,-63.10002585,-61.14068405,-63.10002585,-61.14068405,2.52304E-07
697,581,1,-91.517058,7.574718,-83.420508,249.218559,124.702272,20060209, 13:27:10.0000,-63.10034251,-61.13781739,-63.10065918,-61.13495072,-63.10034251,-61.13781739,1.75742E-07
697,582,1,-91.598384,7.434193,-82.443047,249.218559,124.702272,20060209, 13:27:50.0000,-63.10099251,-61.13211364,-63.10130909,-61.12926819,-63.10099251,-61.13211364,1.72481E-07
697,583,1,-93.389878,4.921352,-84.648309,249.218559,124.702272,20060209, 13:28:30.0000,-63.10164242,-61.12638107,-63.10164242,-61.12638107,-63.10164242,-61.12638107,1.14181E-07
697,584,1,-89.443222,12.210965,-78.421589,249.218559,124.702272,20060209, 13:28:50.0000,-63.10195909,-61.12350152,-63.1023053,-61.12064774,-63.10195909,-61.12350152,2.83308E-07
697,585,1,-90.765345,9.006121,-84.241174,249.218559,124.702272,20060209, 13:29:30.0000,-63.10262576,-61.11778107,-63.10295909,-61.11494774,-63.10262576,-61.11778107,2.08952E-07
697,586,1,-91.22892,8.094316,-84.537296,249.218559,124.702272,20060209, 13:30:10.0000,-63.10329242,-61.11209774,-63.10362576,-61.1092644,-63.10329242,-61.11209774,1.87797E-07
697,587,1,-91.240746,8.072305,-82.443376,249.218559,124.702272,20060209, 13:30:50.0000,-63.10395909,-61.1064144,-63.10395909,-61.1064144,-63.10395909,-61.1064144,1.87286E-07
697,588,1,-90.323534,9.970543,-81.767076,249.218559,124.702272,20060209, 13:31:10.0000,-63.10429242,-61.1035644,-63.10462197,-61.10073107,-63.10429242,-61.1035644,2.31327E-07
697,589,1,-90.751146,9.035614,-83.699697,249.218559,124.702272,20060209, 13:31:50.0000,-63.10495882,-61.09785395,-63.10529215,-61.09498728,-63.10495882,-61.09785395,2.09636E-07
697,590,1,-89.981435,10.787697,-81.749503,249.218559,124.702272,20060209, 13:32:30.0000,-63.10562549,-61.09208728,-63.10562549,-61.09208728,-63.10562549,-61.09208728,2.50286E-07
697,591,1,-91.244028,8.066209,-81.573221,249.218559,124.702272,20060209, 13:32:50.0000,-63.10594608,-61.08921669,-63.10625905,-61.08634804,-63.10594608,-61.08921669,1.87145E-07
697,592,1,-90.646595,9.255774,-81.970988,249.218559,124.702272,20060209, 13:33:30.0000,-63.10659239,-61.08345185,-63.10694239,-61.08056471,-63.10659239,-61.08345185,2.14744E-07
697,593,1,-90.70695,9.128034,-82.899325,249.218559,124.702272,20060209, 13:34:10.0000,-63.10728858,-61.07771471,-63.10728858,-61.07771471,-63.10728858,-61.07771471,2.1178E-07
697,594,1,-88.671883,14.584243,-78.967348,249.218559,124.702272,20060209, 13:34:30.0000,-63.10762635,-61.07487253,-63.10797286,-61.07200936,-63.10762635,-61.07487253,3.3837E-07
697,595,1,-90.223869,10.202,-82.056279,249.218559,124.702272,20060209, 13:35:10.0000,-63.10830968,-61.06912952,-63.10864302,-61.06626285,-63.10830968,-61.06912952,2.36697E-07
697,596,1,-87.625555,18.557382,-79.913424,249.218559,124.702272,20060209, 13:35:50.0000,-63.10895936,-61.06337873,-63.10895936,-61.06337873,-63.10895936,-61.06337873,4.30551E-07
697,597,1,-79.754284,113.669477,-65.641453,249.218559,124.702272,20060209, 13:36:10.0000,-63.10927603,-61.0604954,-63.10960936,-61.05757873,-63.10927603,-61.0604954,2.63725E-06
697,598,1,-85.637673,29.32952,-69.166071,249.218559,124.702272,20060209, 13:36:50.0000,-63.1099427,-61.05468239,-63.11027225,-61.05179981,-63.1099427,-61.05468239,6.80476E-07
697,599,1,-90.01367,10.707924,-83.18273,249.218559,124.702272,20060209, 13:37:30.0000,-63.11060928,-61.04892945,-63.11060928,-61.04892945,-63.11060928,-61.04892945,2.48435E-07
697,600,1,-90.859183,8.813611,-83.055688,249.218559,124.702272,20060209, 13:37:50.0000,-63.11094261,-61.04607576,-63.11129261,-61.04324242,-63.11094261,-61.04607576,2.04485E-07
697,601,1,-88.040554,16.866185,-72.692337,249.218559,124.702272,20060209, 13:38:30.0000,-63.11162595,-61.04039981,-63.11195928,-61.03754612,-63.11162595,-61.04039981,3.91314E-07
697,602,1,-87.513169,19.043873,-74.268385,249.218559,124.702272,20060209, 13:39:10.0000,-63.11230559,-61.03468314,-63.11230559,-61.03468314,-63.11230559,-61.03468314,4.41838E-07
697,603,1,-88.790795,14.190338,-81.348207,249.218559,124.702272,20060209, 13:39:30.0000,-63.11264261,-61.03183314,-63.11297595,-61.02897945,-63.11264261,-61.03183314,3.29231E-07
697,604,1,-86.985072,21.506268,-77.376449,249.218559,124.702272,20060209, 13:40:10.0000,-63.11329261,-61.02609612,-63.11360928,-61.02321647,-63.11329261,-61.02609612,4.98969E-07
697,605,1,-86.938871,21.736276,-80.462982,249.218559,124.702272,20060209, 13:40:50.0000,-63.11395919,-61.02030058,-63.11395919,-61.02030058,-63.11395919,-61.02030058,5.04305E-07
697,606,1,-88.455269,15.330111,-81.203566,249.218559,124.702272,20060209, 13:41:10.0000,-63.11430919,-61.01739685,-63.11464253,-61.01449685,-63.11430919,-61.01739685,3.55675E-07
697,607,1,-89.73544,11.416374,-83.519115,249.218559,124.702272,20060209, 13:41:50.0000,-63.11494613,-61.01159906,-63.1152756,-61.00869906,-63.11494613,-61.01159906,2.64872E-07
697,608,1,-90.189934,10.282029,-83.764254,249.218559,124.702272,20060209, 13:42:30.0000,-63.1155628,-61.0057696,-63.1155628,-61.0057696,-63.1155628,-61.0057696,2.38554E-07
697,609,1,-89.468932,12.138892,-80.962265,249.218559,124.702272,20060209, 13:42:50.0000,-63.1156,-61.00281915,-63.11552095,-60.99992713,-63.1156,-61.00281915,2.81635E-07
697,610,1,-88.157021,16.419886,-79.176452,249.218559,124.702272,20060209, 13:43:30.0000,-63.11540384,-60.99700248,-63.11532051,-60.99405248,-63.11540384,-60.99700248,3.80959E-07
697,611,1,-87.622285,18.57136,-79.204409,249.218559,124.702272,20060209, 13:44:10.0000,-63.11523705,-60.99110023,-63.11523705,-60.99110023,-63.11523705,-60.99110023,4.30876E-07
697,612,1,-87.608552,18.63018,-78.334401,249.218559,124.702272,20060209, 13:44:30.0000,-63.11511667,-60.98820126,-63.11498703,-60.98528314,-63.11511667,-60.98820126,4.3224E-07
697,613,1,-88.410895,15.487551,-80.407253,249.218559,124.702272,20060209, 13:45:10.0000,-63.11488762,-60.98235617,-63.11478333,-60.97943197,-63.11488762,-60.98235617,3.59328E-07
697,614,1,-89.079201,13.278595,-79.819326,249.218559,124.702272,20060209, 13:45:50.0000,-63.11467027,-60.97646488,-63.11467027,-60.97646488,-63.11467027,-60.97646488,3.08078E-07
697,615,1,-89.412581,12.297423,-79.160869,249.218559,124.702272,20060209, 13:46:10.0000,-63.11453694,-60.97356127,-63.11443708,-60.97064709,-63.11453694,-60.97356127,2.85313E-07
697,616,1,-88.672833,14.581053,-80.146859,249.218559,124.702272,20060209, 13:46:50.0000,-63.11427024,-60.96771429,-63.11417061,-60.96477107,-63.11427024,-60.96771429,3.38296E-07
697,617,1,-88.221455,16.17807,-81.092068,249.218559,124.702272,20060209, 13:47:30.0000,-63.11404063,-60.961849,-63.11404063,-60.961849,-63.11404063,-60.961849,3.75349E-07
697,618,1,-88.034048,16.891468,-76.668775,249.218559,124.702272,20060209, 13:47:50.0000,-63.11394049,-60.95894776,-63.11377031,-60.95600265,-63.11394049,-60.95894776,3.919E-07
697,619,1,-88.527229,15.078195,-77.930047,249.218559,124.702272,20060209, 13:48:30.0000,-63.1137,-60.95303233,-63.11357031,-60.95014535,-63.1137,-60.95303233,3.4983E-07
697,620,1,-87.907729,17.38999,-79.051496,249.218559,124.702272,20060209, 13:49:10.0000,-63.11340365,-60.94722868,-63.11340365,-60.94722868,-63.11340365,-60.94722868,4.03467E-07
697,621,1,-89.628386,11.701287,-79.998313,249.218559,124.702272,20060209, 13:49:30.0000,-63.11323698,-60.94433233,-63.11304063,-60.94141567,-63.11323698,-60.94433233,2.71482E-07
697,622,1,-90.35461,9.899453,-80.351269,249.218559,124.702272,20060209, 13:50:10.0000,-63.11288728,-60.93848774,-63.11270387,-60.93553241,-63.11288728,-60.93848774,2.29678E-07
697,623,1,-87.879501,17.503387,-78.949833,249.218559,124.702272,20060209, 13:50:50.0000,-63.11255378,-60.93258088,-63.11255378,-60.93258088,-63.11255378,-60.93258088,4.06097E-07
697,624,1,-86.619312,23.395966,-74.151769,249.218559,124.702272,20060209, 13:51:10.0000,-63.11235755,-60.92963088,-63.11217044,-60.92673088,-63.11235755,-60.92963088,5.42812E-07
697,625,1,-88.202186,16.25001,-75.521389,249.218559,124.702272,20060209, 13:51:50.0000,-63.11199107,-60.92383241,-63.1118,-60.92091798,-63.11199107,-60.92383241,3.77018E-07
697,626,1,-87.914633,17.362366,-75.962115,249.218559,124.702272,20060209, 13:52:30.0000,-63.11162036,-60.91796655,-63.11162036,-60.91796655,-63.11162036,-60.91796655,4.02826E-07
697,627,1,-86.967005,21.595919,-78.136362,249.218559,124.702272,20060209, 13:52:50.0000,-63.11143733,-60.91503865,-63.11125405,-60.91210214,-63.11143733,-60.91503865,5.01049E-07
697,628,1,-88.93399,13.730086,-79.237724,249.218559,124.702272,20060209, 13:53:30.0000,-63.11105374,-60.90916363,-63.11085366,-60.90619917,-63.11105374,-60.90916363,3.18553E-07
697,629,1,-89.254078,12.75453,-81.318565,249.218559,124.702272,20060209, 13:54:10.0000,-63.11067041,-60.90323404,-63.11067041,-60.90323404,-63.11067041,-60.90323404,2.95919E-07
697,630,1,-88.564001,14.951066,-79.296343,249.218559,124.702272,20060209, 13:54:30.0000,-63.11047041,-60.90030071,-63.11025389,-60.89737007,-63.11047041,-60.90030071,3.46881E-07
697,631,1,-86.642605,23.27082,-75.864914,249.218559,124.702272,20060209, 13:55:10.0000,-63.11005389,-60.89447007,-63.10984112,-60.89153673,-63.11005389,-60.89447007,5.39908E-07
697,632,1,-88.402661,15.516939,-79.996728,249.218559,124.702272,20060209, 13:55:50.0000,-63.10965389,-60.88862007,-63.10965389,-60.88862007,-63.10965389,-60.88862007,3.6001E-07
697,633,1,-85.912571,27.530565,-78.723355,249.218559,124.702272,20060209, 13:56:10.0000,-63.10947056,-60.8857034,-63.10925389,-60.88283284,-63.10947056,-60.8857034,6.38739E-07
697,634,1,-85.330362,31.48009,-78.567777,249.218559,124.702272,20060209, 13:56:50.0000,-63.10903723,-60.87991617,-63.10883723,-60.87701617,-63.10903723,-60.87991617,7.30372E-07
697,635,1,-85.21138,32.354463,-78.260842,249.218559,124.702272,20060209, 13:57:30.0000,-63.10862445,-60.87408284,-63.10862445,-60.87408284,-63.10862445,-60.87408284,7.50658E-07
697,636,1,-85.344263,31.379489,-79.057808,249.218559,124.702272,20060209, 13:57:50.0000,-63.10842056,-60.87113673,-63.10823723,-60.86821617,-63.10842056,-60.87113673,7.28038E-07
697,637,1,-85.515811,30.164149,-79.127538,249.218559,124.702272,20060209, 13:58:30.0000,-63.10802445,-60.86529951,-63.10785389,-60.86238284,-63.10802445,-60.86529951,6.99841E-07
697,638,1,-85.744014,28.620076,-80.07193,249.218559,124.702272,20060209, 13:59:10.0000,-63.10765779,-60.85942007,-63.10765779,-60.85942007,-63.10765779,-60.85942007,6.64017E-07
697,639,1,-86.355236,24.86272,-80.554834,249.218559,124.702272,20060209, 13:59:30.0000,-63.10743723,-60.85647007,-63.10723723,-60.85352007,-63.10743723,-60.85647007,5.76842E-07
697,640,1,-85.936278,27.380694,-74.718615,249.218559,124.702272,20060209, 14:00:10.0000,-63.10705389,-60.8506034,-63.10683723,-60.8476534,-63.10705389,-60.8506034,6.35262E-07
697,641,1,-85.936585,27.378753,-78.918786,249.218559,124.702272,20060209, 14:00:50.0000,-63.10665389,-60.84473673,-63.10665389,-60.84473673,-63.10665389,-60.84473673,6.35217E-07
697,642,1,-85.170128,32.663248,-76.525066,249.218559,124.702272,20060209, 14:01:10.0000,-63.10644139,-60.84177656,-63.10622473,-60.83884323,-63.10644139,-60.84177656,7.57823E-07
697,643,1,-86.015779,26.884024,-76.076411,249.218559,124.702272,20060209, 14:01:50.0000,-63.10603736,-60.83590184,-63.10585447,-60.83299259,-63.10603736,-60.83590184,6.23738E-07
697,644,1,-86.066541,26.571624,-80.649416,249.218559,124.702272,20060209, 14:02:30.0000,-63.10565893,-60.83007592,-63.10565893,-60.83007592,-63.10565893,-60.83007592,6.1649E-07
697,645,1,-86.4856,24.127496,-78.758053,249.218559,124.702272,20060209, 14:02:50.0000,-63.1054756,-60.82716372,-63.10527113,-60.82425479,-63.1054756,-60.82716372,5.59784E-07
697,646,1,-86.14219,26.112789,-79.895771,249.218559,124.702272,20060209, 14:03:30.0000,-63.10506667,-60.82132145,-63.10487113,-60.81838039,-63.10506667,-60.82132145,6.05845E-07
697,647,1,-86.76321,22.633473,-79.023357,249.218559,124.702272,20060209, 14:04:10.0000,-63.10468736,-60.81548517,-63.10448736,-60.8125392,-63.10468736,-60.81548517,5.25121E-07
697,648,1,-86.11697,26.264867,-80.427795,249.218559,124.702272,20060209, 14:04:50.0000,-63.10425893,-60.80960925,-63.10425893,-60.80960925,-63.10425893,-60.80960925,6.09373E-07
697,649,1,-86.496135,24.069035,-79.161989,249.218559,124.702272,20060209, 14:05:10.0000,-63.10407103,-60.80667423,-63.10385437,-60.80374526,-63.10407103,-60.80667423,5.58428E-07
697,650,1,-88.191923,16.288456,-82.160687,249.218559,124.702272,20060209, 14:05:50.0000,-63.1036254,-60.8008286,-63.10342113,-60.79789705,-63.1036254,-60.8008286,3.7791E-07
697,651,1,-90.069955,10.570042,-86.353535,249.218559,124.702272,20060209, 14:06:30.0000,-63.10322108,-60.79499171,-63.10322108,-60.79499171,-63.10322108,-60.79499171,2.45236E-07
697,652,1,-71.902461,693.14818,-55.967945,249.218559,124.702272,20060209, 14:06:50.0000,-63.10303736,-60.79207253,-63.10282108,-60.78915837,-63.10303736,-60.79207253,1.60818E-05
697,653,1,-85.597098,29.604816,-76.745484,249.218559,124.702272,20060209, 14:07:30.0000,-63.10260873,-60.78622423,-63.10239216,-60.78327945,-63.10260873,-60.78622423,6.86864E-07
697,654,1,-86.843439,22.219192,-77.698839,249.218559,124.702272,20060209, 14:08:10.0000,-63.10217549,-60.78036279,-63.10217549,-60.78036279,-63.10217549,-60.78036279,5.15509E-07
697,655,1,-86.798839,22.448551,-79.517546,249.218559,124.702272,20060209, 14:08:30.0000,-63.10194207,-60.7774409,-63.10170441,-60.77454171,-63.10194207,-60.7774409,5.20831E-07
697,656,1,-77.995877,170.40584,-60.350987,249.218559,124.702272,20060209, 14:09:10.0000,-63.10149216,-60.77162945,-63.10125441,-60.76871279,-63.10149216,-60.77162945,3.9536E-06
697,657,1,-70.652645,924.288773,-55.051263,249.218559,124.702272,20060209, 14:09:50.0000,-63.1010212,-60.76584382,-63.1010212,-60.76584382,-63.1010212,-60.76584382,2.14445E-05
697,658,1,-85.347566,31.355636,-77.19724,249.218559,124.702272,20060209, 14:10:10.0000,-63.10080908,-60.76294382,-63.10059241,-60.76006048,-63.10080908,-60.76294382,7.27485E-07
697,659,1,-86.191989,25.815073,-78.954082,249.218559,124.702272,20060209, 14:10:50.0000,-63.1003712,-60.75719382,-63.10012443,-60.75428263,-63.1003712,-60.75719382,5.98938E-07
697,660,1,-86.91437,21.859249,-79.447685,249.218559,124.702272,20060209, 14:11:30.0000,-63.09992055,-60.75135318,-63.09992055,-60.75135318,-63.09992055,-60.75135318,5.07158E-07
697,661,1,-79.259713,127.379914,-60.686096,249.218559,124.702272,20060209, 14:11:50.0000,-63.09968721,-60.74843651,-63.09945393,-60.74553346,-63.09968721,-60.74843651,2.95535E-06
697,662,1,-83.541342,47.526736,-71.035658,249.218559,124.702272,20060209, 14:12:30.0000,-63.09924209,-60.74261215,-63.09905393,-60.73968738,-63.09924209,-60.74261215,1.10267E-06
697,663,1,-85.896412,27.633187,-78.622969,249.218559,124.702272,20060209, 14:13:10.0000,-63.0988206,-60.73675405,-63.0988206,-60.73675405,-63.0988206,-60.73675405,6.4112E-07
697,664,1,-85.542755,29.977589,-75.743432,249.218559,124.702272,20060209, 14:13:30.0000,-63.09859119,-60.73380405,-63.0983706,-60.73087072,-63.09859119,-60.73380405,6.95512E-07
697,665,1,-86.017896,26.870923,-78.172597,249.218559,124.702272,20060209, 14:14:10.0000,-63.09815393,-60.72792072,-63.0979706,-60.72500012,-63.09815393,-60.72792072,6.23434E-07
697,666,1,-72.990868,539.492566,-63.242676,249.218559,124.702272,20060209, 14:14:50.0000,-63.09776667,-60.72203346,-63.09776667,-60.72203346,-63.09776667,-60.72203346,1.25168E-05
697,667,1,-82.260358,63.831706,-69.93512,249.218559,124.702272,20060209, 14:15:10.0000,-63.09760438,-60.71910777,-63.09740393,-60.71612072,-63.09760438,-60.71910777,1.48096E-06
697,668,1,-88.598413,14.833065,-80.871223,249.218559,124.702272,20060209, 14:15:50.0000,-63.09723333,-60.71316679,-63.09705393,-60.71023738,-63.09723333,-60.71316679,3.44143E-07
697,669,1,-86.165605,25.972381,-78.42175,249.218559,124.702272,20060209, 14:16:30.0000,-63.09687075,-60.70727354,-63.09687075,-60.70727354,-63.09687075,-60.70727354,6.02587E-07
697,670,1,-89.008745,13.495772,-80.586037,249.218559,124.702272,20060209, 14:16:50.0000,-63.09670393,-60.70428738,-63.0965206,-60.70130798,-63.09670393,-60.70428738,3.13116E-07
697,671,1,-88.076033,16.728958,-80.473144,249.218559,124.702272,20060209, 14:17:30.0000,-63.09635393,-60.69833738,-63.09618726,-60.69535405,-63.09635393,-60.69833738,3.8813E-07
697,672,1,-90.693328,9.15671,-82.459312,249.218559,124.702272,20060209, 14:18:10.0000,-63.09600393,-60.69237072,-63.09600393,-60.69237072,-63.09600393,-60.69237072,2.12446E-07
697,673,1,-88.065185,16.770797,-79.339374,249.218559,124.702272,20060209, 14:18:30.0000,-63.09579119,-60.68935405,-63.09560393,-60.68635405,-63.09579119,-60.68935405,3.89101E-07
697,674,1,-88.854172,13.984761,-80.769812,249.218559,124.702272,20060209, 14:19:10.0000,-63.09542452,-60.68337072,-63.09542452,-60.68337072,-63.09542452,-60.68337072,3.24462E-07
697,675,1,-84.919989,34.599778,-75.595414,249.218559,124.702272,20060209, 14:19:30.0000,-63.09523726,-60.68037072,-63.09504119,-60.67738738,-63.09523726,-60.68037072,8.02752E-07
697,676,1,-88.016899,16.958301,-79.180239,249.218559,124.702272,20060209, 14:20:10.0000,-63.09485422,-60.67439685,-63.0946374,-60.67138987,-63.09485422,-60.67439685,3.93451E-07
697,677,1,-89.334976,12.519143,-80.722307,249.218559,124.702272,20060209, 14:20:50.0000,-63.09445422,-60.6684093,-63.09445422,-60.6684093,-63.09445422,-60.6684093,2.90458E-07
697,678,1,-88.916068,13.786863,-79.357857,249.218559,124.702272,20060209, 14:21:10.0000,-63.09423755,-60.66539685,-63.09403798,-60.6623837,-63.09423755,-60.66539685,3.1987E-07
697,679,1,-86.110876,26.301747,-75.436973,249.218559,124.702272,20060209, 14:21:50.0000,-63.09385465,-60.6593837,-63.09362132,-60.65635037,-63.09385465,-60.6593837,6.10229E-07
697,680,1,-85.441385,30.685533,-77.840731,249.218559,124.702272,20060209, 14:22:30.0000,-63.0934593,-60.65332169,-63.0934593,-60.65332169,-63.0934593,-60.65332169,7.11937E-07
697,681,1,-87.445782,19.341673,-79.233746,249.218559,124.702272,20060209, 14:22:50.0000,-63.09327132,-60.65030037,-63.09307132,-60.64726703,-63.09327132,-60.65030037,4.48748E-07
697,682,1,-85.729727,28.714387,-71.585485,249.218559,124.702272,20060209, 14:23:30.0000,-63.09287597,-60.6442337,-63.09287597,-60.6442337,-63.09287597,-60.6442337,6.66205E-07
697,683,1,-90.128563,10.428358,-80.104604,249.218559,124.702272,20060209, 14:23:50.0000,-63.09265465,-60.64119572,-63.09247121,-60.63813178,-63.09265465,-60.64119572,2.41949E-07
697,684,1,-88.57985,14.896602,-79.552564,249.218559,124.702272,20060209, 14:24:30.0000,-63.09225454,-60.63510299,-63.09205454,-60.63203632,-63.09225454,-60.63510299,3.45617E-07
697,685,1,-90.023841,10.682874,-80.767757,249.218559,124.702272,20060209, 14:25:10.0000,-63.09183788,-60.62901966,-63.09183788,-60.62901966,-63.09183788,-60.62901966,2.47854E-07
697,686,1,-88.529518,15.070249,-80.7499,249.218559,124.702272,20060209, 14:25:30.0000,-63.09163793,-60.62601147,-63.09143793,-60.62298273,-63.09163793,-60.62601147,3.49646E-07
697,687,1,-87.047874,21.197508,-77.839562,249.218559,124.702272,20060209, 14:26:10.0000,-63.0912046,-60.6199494,-63.0912046,-60.6199494,-63.0912046,-60.6199494,4.91805E-07
697,688,1,-77.705194,182.201882,-59.734702,249.218559,124.702272,20060209, 14:26:30.0000,-63.09097567,-60.61689008,-63.09077126,-60.61385399,-63.09097567,-60.61689008,4.22728E-06
697,689,1,-88.698735,14.494348,-80.415903,249.218559,124.702272,20060209, 14:27:10.0000,-63.0905546,-60.6107994,-63.09032126,-60.6077494,-63.0905546,-60.6107994,3.36285E-07
697,690,1,-88.646453,14.669893,-81.904873,249.218559,124.702272,20060209, 14:27:50.0000,-63.09010919,-60.60471606,-63.09010919,-60.60471606,-63.09010919,-60.60471606,3.40357E-07
697,691,1,-89.797873,11.253429,-82.793138,249.218559,124.702272,20060209, 14:28:10.0000,-63.08987586,-60.6016494,-63.0896545,-60.59858107,-63.08987586,-60.6016494,2.61092E-07
697,692,1,-92.261852,6.380974,-83.132827,249.218559,124.702272,20060209, 14:28:50.0000,-63.08942138,-60.59551812,-63.08942138,-60.59551812,-63.08942138,-60.59551812,1.48045E-07
697,693,1,-92.374996,6.216882,-81.701954,249.218559,124.702272,20060209, 14:29:10.0000,-63.08921667,-60.59251341,-63.0890045,-60.58946891,-63.08921667,-60.59251341,1.44238E-07
697,694,1,-82.545897,59.769902,-64.517442,249.218559,124.702272,20060209, 14:29:50.0000,-63.08879111,-60.5864739,-63.08855931,-60.58345046,-63.08879111,-60.5864739,1.38673E-06
697,695,1,-90.835642,8.861515,-82.420466,249.218559,124.702272,20060209, 14:30:30.0000,-63.08833741,-60.58046925,-63.08833741,-60.58046925,-63.08833741,-60.58046925,2.05597E-07
697,696,1,-87.638509,18.502113,-80.691167,249.218559,124.702272,20060209, 14:30:50.0000,-63.08812481,-60.57745665,-63.0878957,-60.57448242,-63.08812481,-60.57745665,4.29269E-07
697,697,1,-89.801293,11.244572,-81.470322,249.218559,124.702272,20060209, 14:31:30.0000,-63.08764198,-60.57146114,-63.08742148,-60.56844851,-63.08764198,-60.57146114,2.60886E-07
697,698,1,-90.875298,8.780968,-78.680333,249.218559,124.702272,20060209, 14:32:10.0000,-63.08722026,-60.56543128,-63.08722026,-60.56543128,-63.08722026,-60.56543128,2.03728E-07
697,699,1,-90.519765,9.530062,-79.729435,249.218559,124.702272,20060209, 14:32:30.0000,-63.08699088,-60.56242169,-63.08675359,-60.55939795,-63.08699088,-60.56242169,2.21108E-07
697,700,1,-89.072936,13.297763,-81.497744,249.218559,124.702272,20060209, 14:33:10.0000,-63.08652034,-60.55638279,-63.08652034,-60.55638279,-63.08652034,-60.55638279,3.08522E-07
697,701,1,-87.347498,19.784379,-78.939223,249.218559,124.702272,20060209, 14:33:30.0000,-63.08627026,-60.55338128,-63.08604077,-60.55040023,-63.08627026,-60.55338128,4.59019E-07
697,702,1,-88.363578,15.657212,-79.654183,249.218559,124.702272,20060209, 14:34:10.0000,-63.08582026,-60.54738487,-63.08557411,-60.54436699,-63.08582026,-60.54738487,3.63264E-07
697,703,1,-86.006123,26.943863,-78.369772,249.218559,124.702272,20060209, 14:34:50.0000,-63.08535699,-60.54136292,-63.08535699,-60.54136292,-63.08535699,-60.54136292,6.25127E-07
697,704,1,-86.163703,25.983755,-76.269486,249.218559,124.702272,20060209, 14:35:10.0000,-63.08512411,-60.53833366,-63.08487411,-60.53530032,-63.08512411,-60.53833366,6.02851E-07
697,705,1,-86.229674,25.592036,-79.202196,249.218559,124.702272,20060209, 14:35:50.0000,-63.08462326,-60.53227598,-63.08462326,-60.53227598,-63.08462326,-60.53227598,5.93763E-07
697,706,1,-88.73521,14.373125,-80.894197,249.218559,124.702272,20060209, 14:36:10.0000,-63.08437018,-60.52925005,-63.08412026,-60.52624804,-63.08437018,-60.52925005,3.33472E-07
697,707,1,-72.04633,670.562377,-56.260238,249.218559,124.702272,20060209, 14:36:50.0000,-63.08390388,-60.52320708,-63.08365342,-60.52013173,-63.08390388,-60.52320708,1.55578E-05
697,708,1,-87.151407,20.698151,-75.859049,249.218559,124.702272,20060209, 14:37:30.0000,-63.08342441,-60.51710691,-63.08342441,-60.51710691,-63.08342441,-60.51710691,4.80219E-07
697,709,1,-87.241343,20.273929,-78.412635,249.218559,124.702272,20060209, 14:37:50.0000,-63.08320746,-60.51405422,-63.08297034,-60.51101621,-63.08320746,-60.51405422,4.70377E-07
697,710,1,-77.39411,195.731743,-62.128712,249.218559,124.702272,20060209, 14:38:30.0000,-63.08273678,-60.50796549,-63.08273678,-60.50796549,-63.08273678,-60.50796549,4.54119E-06
697,711,1,-77.153246,206.893876,-60.442212,249.218559,124.702272,20060209, 14:38:50.0000,-63.08250358,-60.50491795,-63.08227008,-60.50191145,-63.08250358,-60.50491795,4.80016E-06
697,712,1,-86.183173,25.867528,-75.590952,249.218559,124.702272,20060209, 14:39:30.0000,-63.08196071,-60.49891786,-63.08151073,-60.49602747,-63.08196071,-60.49891786,6.00155E-07
697,713,1,-84.400012,39.000575,-78.720383,249.218559,124.702272,20060209, 14:40:10.0000,-63.08093078,-60.49335294,-63.08093078,-60.49335294,-63.08093078,-60.49335294,9.04855E-07
697,714,1,-86.963549,21.613113,-80.303657,249.218559,124.702272,20060209, 14:40:30.0000,-63.08023027,-60.49085101,-63.07946828,-60.48838817,-63.08023027,-60.49085101,5.01448E-07
697,715,1,-84.58697,37.357279,-70.185429,249.218559,124.702272,20060209, 14:41:10.0000,-63.07868062,-60.48596899,-63.07788333,-60.48363,-63.07868062,-60.48596899,8.66729E-07
697,716,1,-79.278827,126.820515,-63.727965,249.218559,124.702272,20060209, 14:41:50.0000,-63.07703452,-60.48128333,-63.07703452,-60.48128333,-63.07703452,-60.48128333,2.94237E-06
697,717,1,-80.959717,86.119308,-65.415623,249.218559,124.702272,20060209, 14:42:10.0000,-63.07618925,-60.47890647,-63.07538578,-60.47652018,-63.07618925,-60.47890647,1.99806E-06
697,718,1,-83.25379,50.780063,-70.132319,249.218559,124.702272,20060209, 14:42:50.0000,-63.07451786,-60.4741369,-63.07366765,-60.47176608,-63.07451786,-60.4741369,1.17815E-06
697,719,1,-82.421347,61.508835,-71.579791,249.218559,124.702272,20060209, 14:43:30.0000,-63.07281786,-60.4693631,-63.07281786,-60.4693631,-63.07281786,-60.4693631,1.42707E-06
697,720,1,-82.684711,57.889674,-70.39123,249.218559,124.702272,20060209, 14:43:50.0000,-63.07196769,-60.46698641,-63.07108625,-60.46462149,-63.07196769,-60.46698641,1.3431E-06
697,721,1,-84.154089,41.272743,-72.768292,249.218559,124.702272,20060209, 14:44:30.0000,-63.07025161,-60.46218451,-63.07025161,-60.46218451,-63.07025161,-60.46218451,9.57572E-07
697,722,1,-84.764055,35.864661,-74.712199,249.218559,124.702272,20060209, 14:44:50.0000,-63.06938508,-60.45978857,-63.06853476,-60.45740066,-63.06938508,-60.45978857,8.32099E-07
697,723,1,-81.118689,83.023931,-69.850838,249.218559,124.702272,20060209, 14:45:30.0000,-63.06771765,-60.45493627,-63.06688508,-60.45248857,-63.06771765,-60.45493627,1.92624E-06
697,724,1,-81.213682,81.227682,-71.463241,249.218559,124.702272,20060209, 14:46:10.0000,-63.06606412,-60.45004941,-63.06606412,-60.45004941,-63.06606412,-60.45004941,1.88457E-06
697,725,1,-78.883823,138.896061,-63.814716,249.218559,124.702272,20060209, 14:46:30.0000,-63.06523549,-60.44756937,-63.06441814,-60.44508775,-63.06523549,-60.44756937,3.22254E-06
697,726,1,-80.740732,90.573056,-64.757686,249.218559,124.702272,20060209, 14:47:10.0000,-63.06361566,-60.44261266,-63.06278431,-60.44015294,-63.06361566,-60.44261266,2.10139E-06
697,727,1,-78.671247,145.863805,-66.007936,249.218559,124.702272,20060209, 14:47:50.0000,-63.06195592,-60.4376898,-63.06195592,-60.4376898,-63.06195592,-60.4376898,3.3842E-06
697,728,1,-84.094147,41.846348,-68.573,249.218559,124.702272,20060209, 14:48:10.0000,-63.06115216,-60.43523604,-63.06035177,-60.43273864,-63.06115216,-60.43523604,9.7088E-07
697,729,1,-86.639018,23.290049,-80.65003,249.218559,124.702272,20060209, 14:48:50.0000,-63.05958228,-60.43022523,-63.05958228,-60.43022523,-63.05958228,-60.43022523,5.40354E-07
697,730,1,-80.897599,87.359931,-64.643965,249.218559,124.702272,20060209, 14:49:10.0000,-63.05878509,-60.42775527,-63.05800216,-60.42527314,-63.05878509,-60.42775527,2.02684E-06
697,731,1,-77.810634,177.831571,-61.657634,249.218559,124.702272,20060209, 14:49:50.0000,-63.05721453,-60.42273783,-63.05643619,-60.42020856,-63.05721453,-60.42273783,4.12588E-06
697,732,1,-81.182871,81.805991,-69.444963,249.218559,124.702272,20060209, 14:50:30.0000,-63.05566885,-60.41765655,-63.05566885,-60.41765655,-63.05566885,-60.41765655,1.89799E-06
697,733,1,-79.753062,113.701451,-69.855111,249.218559,124.702272,20060209, 14:50:50.0000,-63.05489787,-60.41512116,-63.05408619,-60.41260856,-63.05489787,-60.41512116,2.638E-06
697,734,1,-75.329602,314.856027,-67.207327,249.218559,124.702272,20060209, 14:51:30.0000,-63.05325186,-60.41012224,-63.05325186,-60.41012224,-63.05325186,-60.41012224,7.305E-06
697,735,1,-72.985655,540.140507,-60.312679,249.218559,124.702272,20060209, 14:51:50.0000,-63.05240407,-60.40763171,-63.0515854,-60.40515619,-63.05240407,-60.40763171,1.25318E-05
697,736,1,-77.196338,204.851171,-65.359014,249.218559,124.702272,20060209, 14:52:30.0000,-63.05078616,-60.40266238,-63.04995147,-60.40016746,-63.05078616,-60.40266238,4.75277E-06
697,737,1,-78.644412,146.767872,-70.56295,249.218559,124.702272,20060209, 14:53:10.0000,-63.04911928,-60.39765784,-63.04911928,-60.39765784,-63.04911928,-60.39765784,3.40517E-06
697,738,1,-68.407239,1550.059294,-52.388861,249.218559,124.702272,20060209, 14:53:30.0000,-63.04828483,-60.39515449,-63.0474688,-60.39263975,-63.04828483,-60.39515449,3.5963E-05
697,739,1,-67.978163,1711.02331,-53.19795,249.218559,124.702272,20060209, 14:54:10.0000,-63.04665218,-60.39015655,-63.04665218,-60.39015655,-63.04665218,-60.39015655,3.96976E-05
697,740,1,-72.668684,581.036975,-60.930658,249.218559,124.702272,20060209, 14:54:30.0000,-63.04580108,-60.38765325,-63.04496949,-60.38526735,-63.04580108,-60.38765325,1.34807E-05
697,741,1,-73.715957,456.537582,-58.960614,249.218559,124.702272,20060209, 14:55:10.0000,-63.04411733,-60.382852,-63.04326861,-60.38037251,-63.04411733,-60.382852,1.05922E-05
697,742,1,-71.85509,700.750249,-60.4108,249.218559,124.702272,20060209, 14:55:50.0000,-63.04241816,-60.37790086,-63.04241816,-60.37790086,-63.04241816,-60.37790086,1.62582E-05
697,743,1,-70.22398,1020.174016,-55.958922,249.218559,124.702272,20060209, 14:56:10.0000,-63.04156796,-60.37545029,-63.04071796,-60.37301696,-63.04156796,-60.37545029,2.36691E-05
697,744,1,-74.23002,405.574086,-62.921402,249.218559,124.702272,20060209, 14:56:50.0000,-63.03988483,-60.37057116,-63.03988483,-60.37057116,-63.03988483,-60.37057116,9.40976E-06
697,745,1,-75.932614,274.037992,-60.551099,249.218559,124.702272,20060209, 14:57:10.0000,-63.03906796,-60.36810029,-63.0382346,-60.36562048,-63.03906796,-60.36810029,6.35798E-06
697,746,1,-76.213088,256.899604,-64.454992,249.218559,124.702272,20060209, 14:57:50.0000,-63.03738481,-60.36312471,-63.03655195,-60.3606429,-63.03738481,-60.36312471,5.96035E-06
697,747,1,-74.681239,365.551321,-64.433921,249.218559,124.702272,20060209, 14:58:30.0000,-63.0357187,-60.35813945,-63.0357187,-60.35813945,-63.0357187,-60.35813945,8.48118E-06
697,748,1,-68.234267,1613.041441,-52.802396,249.218559,124.702272,20060209, 14:58:50.0000,-63.03486794,-60.35565381,-63.03401899,-60.35320697,-63.03486794,-60.35565381,3.74243E-05
697,749,1,-67.530442,1896.828409,-54.19006,249.218559,124.702272,20060209, 14:59:30.0000,-63.03316794,-60.35068714,-63.03316794,-60.35068714,-63.03316794,-60.35068714,4.40085E-05
697,750,1,-74.164721,411.718225,-59.908095,249.218559,124.702272,20060209, 14:59:50.0000,-63.03233451,-60.34818687,-63.03150232,-60.34570697,-63.03233451,-60.34818687,9.55231E-06
697,751,1,-70.868614,879.449291,-57.928474,249.218559,124.702272,20060209, 15:00:30.0000,-63.03065274,-60.34319156,-63.02981857,-60.34068904,-63.03065274,-60.34319156,2.04042E-05
697,752,1,-70.178061,1031.017679,-55.865845,249.218559,124.702272,20060209, 15:01:10.0000,-63.02896835,-60.33818837,-63.02896835,-60.33818837,-63.02896835,-60.33818837,2.39207E-05
697,753,1,-72.06336,667.938083,-54.585928,249.218559,124.702272,20060209, 15:01:30.0000,-63.02810535,-60.33570504,-63.02723884,-60.33320544,-63.02810535,-60.33570504,1.54969E-05
697,754,1,-73.859719,441.672477,-57.833437,249.218559,124.702272,20060209, 15:02:10.0000,-63.02640168,-60.33072171,-63.02640168,-60.33072171,-63.02640168,-60.33072171,1.02473E-05
697,755,1,-77.530612,189.675405,-61.730638,249.218559,124.702272,20060209, 15:02:30.0000,-63.02555079,-60.32820585,-63.02468451,-60.32573687,-63.02555079,-60.32820585,4.40067E-06
697,756,1,-82.467346,60.860801,-73.369837,249.218559,124.702272,20060209, 15:03:10.0000,-63.02383501,-60.32325504,-63.02296683,-60.32079711,-63.02383501,-60.32325504,1.41204E-06
697,757,1,-84.056238,42.213218,-76.101582,249.218559,124.702272,20060209, 15:03:50.0000,-63.02211759,-60.31831593,-63.02211759,-60.31831593,-63.02211759,-60.31831593,9.79392E-07
697,758,1,-76.607997,234.570015,-62.420306,249.218559,124.702272,20060209, 15:04:10.0000,-63.02126825,-60.31579174,-63.02043454,-60.31332028,-63.02126825,-60.31579174,5.44228E-06
697,759,1,-69.928766,1091.932154,-56.943491,249.218559,124.702272,20060209, 15:04:50.0000,-63.01958492,-60.31083444,-63.01958492,-60.31083444,-63.01958492,-60.31083444,2.5334E-05
697,760,1,-74.570085,375.02804,-57.988608,249.218559,124.702272,20060209, 15:05:10.0000,-63.01872094,-60.30833569,-63.01788412,-60.30578569,-63.01872094,-60.30833569,8.70105E-06
697,761,1,-72.418805,615.448429,-58.498893,249.218559,124.702272,20060209, 15:05:50.0000,-63.01705125,-60.303224,-63.01705125,-60.303224,-63.01705125,-60.303224,1.42791E-05
697,762,1,-76.797316,224.564266,-62.919163,249.218559,124.702272,20060209, 15:06:10.0000,-63.01621748,-60.30068576,-63.01538454,-60.29810718,-63.01621748,-60.30068576,5.21013E-06
697,763,1,-80.757404,90.226019,-66.360161,249.218559,124.702272,20060209, 15:06:50.0000,-63.01456433,-60.29556683,-63.01371978,-60.29299268,-63.01456433,-60.29556683,2.09334E-06
697,764,1,-85.446385,30.65023,-79.311013,249.218559,124.702272,20060209, 15:07:30.0000,-63.01288645,-60.29044268,-63.01288645,-60.29044268,-63.01288645,-60.29044268,7.11118E-07
697,765,1,-85.746454,28.604002,-77.418848,249.218559,124.702272,20060209, 15:07:50.0000,-63.01205166,-60.28788831,-63.01121462,-60.28532151,-63.01205166,-60.28788831,6.63644E-07
697,766,1,-84.260387,40.274813,-77.875882,249.218559,124.702272,20060209, 15:08:30.0000,-63.01038587,-60.28279477,-63.01038587,-60.28279477,-63.01038587,-60.28279477,9.34419E-07
697,767,1,-84.024447,42.523351,-72.989897,249.218559,124.702272,20060209, 15:08:50.0000,-63.00955166,-60.28027165,-63.00871959,-60.27774604,-63.00955166,-60.28027165,9.86588E-07
697,768,1,-76.729325,228.107595,-68.01322,249.218559,124.702272,20060209, 15:09:30.0000,-63.00786828,-60.27521785,-63.00786828,-60.27521785,-63.00786828,-60.27521785,5.29234E-06
697,769,1,-75.722311,287.634587,-65.796497,249.218559,124.702272,20060209, 15:09:50.0000,-63.00701904,-60.27270711,-63.00618475,-60.27017452,-63.00701904,-60.27270711,6.67343E-06
697,770,1,-60.270827,10092.28619,-48.772422,249.218559,124.702272,20060209, 15:10:30.0000,-63.00535163,-60.26766791,-63.00450163,-60.26512157,-63.00535163,-60.26766791,0.000234152
697,771,1,-62.219954,6442.83263,-51.157705,249.218559,124.702272,20060209, 15:11:10.0000,-63.00368131,-60.26258823,-63.00368131,-60.26258823,-63.00368131,-60.26258823,0.000149481
697,772,1,-66.043291,2671.425988,-51.873954,249.218559,124.702272,20060209, 15:11:30.0000,-63.00285237,-60.26007377,-63.00200304,-60.2575758,-63.00285237,-60.26007377,6.198E-05
697,773,1,-65.812599,2817.165289,-55.454392,249.218559,124.702272,20060209, 15:12:10.0000,-63.0011357,-60.25507377,-63.0011357,-60.25507377,-63.0011357,-60.25507377,6.53613E-05
697,774,1,-68.662139,1461.700175,-58.012738,249.218559,124.702272,20060209, 15:12:30.0000,-63.00028497,-60.25258823,-62.9994357,-60.25005711,-63.00028497,-60.25258823,3.3913E-05
697,775,1,-76.767178,226.128049,-68.212203,249.218559,124.702272,20060209, 15:13:10.0000,-62.99858207,-60.24754109,-62.99858207,-60.24754109,-62.99858207,-60.24754109,5.24641E-06
697,776,1,-81.880729,69.662548,-70.997905,249.218559,124.702272,20060209, 15:13:30.0000,-62.99770271,-60.24500814,-62.99683536,-60.24248941,-62.99770271,-60.24500814,1.61625E-06
697,777,1,-78.691979,145.169131,-66.85437,249.218559,124.702272,20060209, 15:14:10.0000,-62.99595141,-60.23998396,-62.99511446,-60.23742452,-62.99595141,-60.23998396,3.36808E-06
697,778,1,-75.683415,290.222228,-63.132146,249.218559,124.702272,20060209, 15:14:50.0000,-62.99423772,-60.23485264,-62.99423772,-60.23485264,-62.99423772,-60.23485264,6.73347E-06
697,779,1,-78.041645,168.619457,-65.671004,249.218559,124.702272,20060209, 15:15:10.0000,-62.99340367,-60.232311,-62.99257055,-60.2297783,-62.99340367,-60.232311,3.91215E-06
697,780,1,-76.637415,232.986471,-67.560774,249.218559,124.702272,20060209, 15:15:50.0000,-62.99171755,-60.22723597,-62.99171755,-60.22723597,-62.99171755,-60.22723597,5.40554E-06
697,781,1,-74.555426,376.296049,-59.007378,249.218559,124.702272,20060209, 15:16:10.0000,-62.99088548,-60.22472686,-62.99003477,-60.22222098,-62.99088548,-60.22472686,8.73047E-06
697,782,1,-79.333483,125.234468,-66.992722,249.218559,124.702272,20060209, 15:16:50.0000,-62.989184,-60.21972213,-62.989184,-60.21972213,-62.989184,-60.21972213,2.90557E-06
697,783,1,-79.058354,133.424877,-67.38608,249.218559,124.702272,20060209, 15:17:10.0000,-62.98833548,-60.2172231,-62.98751808,-60.21470424,-62.98833548,-60.2172231,3.0956E-06
697,784,1,-80.45725,96.682355,-69.420369,249.218559,124.702272,20060209, 15:17:50.0000,-62.9866857,-60.21219044,-62.98583615,-60.20966233,-62.9866857,-60.21219044,2.24313E-06
697,785,1,-82.891421,55.19886,-76.176061,249.218559,124.702272,20060209, 15:18:30.0000,-62.98497284,-60.20712758,-62.98497284,-60.20712758,-62.98497284,-60.20712758,1.28067E-06
697,786,1,-78.145887,164.620348,-62.090393,249.218559,124.702272,20060209, 15:18:50.0000,-62.98415146,-60.20462467,-62.98328592,-60.20207828,-62.98415146,-60.20462467,3.81937E-06
697,787,1,-86.611959,23.435611,-77.743752,249.218559,124.702272,20060209, 15:19:30.0000,-62.98242294,-60.19954067,-62.98242294,-60.19954067,-62.98242294,-60.19954067,5.43731E-07
697,788,1,-86.465295,24.240565,-78.010061,249.218559,124.702272,20060209, 15:19:50.0000,-62.98161904,-60.19703663,-62.98076851,-60.1945685,-62.98161904,-60.19703663,5.62407E-07
697,789,1,-79.673871,115.793746,-68.664776,249.218559,124.702272,20060209, 15:20:30.0000,-62.97990364,-60.19210686,-62.97990364,-60.19210686,-62.97990364,-60.19210686,2.68654E-06
697,790,1,-85.302275,31.684344,-78.089545,249.218559,124.702272,20060209, 15:20:50.0000,-62.97901813,-60.18962467,-62.97817508,-60.18717938,-62.97901813,-60.18962467,7.35111E-07
697,791,1,-86.621579,23.383756,-80.232346,249.218559,124.702272,20060209, 15:21:30.0000,-62.9773372,-60.18466159,-62.97648721,-60.18209497,-62.9773372,-60.18466159,5.42528E-07
697,792,1,-78.453145,153.376099,-66.002358,249.218559,124.702272,20060209, 15:22:10.0000,-62.97566935,-60.17959137,-62.97566935,-60.17959137,-62.97566935,-60.17959137,3.55849E-06
697,793,1,-83.070604,52.967788,-72.485172,249.218559,124.702272,20060209, 15:22:30.0000,-62.97485364,-60.17711092,-62.97399224,-60.17463059,-62.97485364,-60.17711092,1.22891E-06
697,794,1,-79.868997,110.706354,-69.405706,249.218559,124.702272,20060209, 15:23:10.0000,-62.97314075,-60.17214354,-62.97314075,-60.17214354,-62.97314075,-60.17214354,2.56851E-06
697,795,1,-79.45024,121.912495,-65.453369,249.218559,124.702272,20060209, 15:23:30.0000,-62.97235,-60.16985,-62.97144291,-60.1672156,-62.97235,-60.16985,2.8285E-06
697,796,1,-71.863492,699.395825,-56.518739,249.218559,124.702272,20060209, 15:24:10.0000,-62.97059308,-60.1647073,-62.96975214,-60.16216931,-62.97059308,-60.1647073,1.62267E-05
697,797,1,-69.851868,1111.438527,-58.249472,249.218559,124.702272,20060209, 15:24:50.0000,-62.96890129,-60.15965388,-62.96890129,-60.15965388,-62.96890129,-60.15965388,2.57866E-05
697,798,1,-79.25287,127.58077,-62.67399,249.218559,124.702272,20060209, 15:25:10.0000,-62.96806602,-60.15721473,-62.96719103,-60.15460643,-62.96806602,-60.15721473,2.96001E-06
697,799,1,-78.239478,161.110694,-64.999766,249.218559,124.702272,20060209, 15:25:50.0000,-62.96633736,-60.15206209,-62.96633736,-60.15206209,-62.96633736,-60.15206209,3.73794E-06
697,800,1,-72.040737,671.426583,-56.009311,249.218559,124.702272,20060209, 15:26:10.0000,-62.96546597,-60.1495479,-62.96459628,-60.14698885,-62.96546597,-60.1495479,1.55778E-05
697,801,1,-76.07193,265.386755,-60.463659,249.218559,124.702272,20060209, 15:26:50.0000,-62.96377118,-60.14454462,-62.96377118,-60.14454462,-62.96377118,-60.14454462,6.15726E-06
697,802,1,-74.171128,411.111317,-58.796929,249.218559,124.702272,20060209, 15:27:10.0000,-62.96287493,-60.14187899,-62.96204868,-60.13935372,-62.96287493,-60.14187899,9.53823E-06
697,803,1,-78.144294,164.680731,-68.891924,249.218559,124.702272,20060209, 15:27:50.0000,-62.96124092,-60.13695095,-62.96124092,-60.13695095,-62.96124092,-60.13695095,3.82077E-06
697,804,1,-61.545218,7525.760424,-48.765995,249.218559,124.702272,20060209, 15:28:10.0000,-62.96034139,-60.13427913,-62.95945343,-60.13169764,-62.96034139,-60.13427913,0.000174606
697,805,1,-65.170428,3266.099897,-49.696218,249.218559,124.702272,20060209, 15:28:50.0000,-62.95858673,-60.12914354,-62.95767132,-60.12656397,-62.95858673,-60.12914354,7.5777E-05
697,806,1,-65.000781,3396.207027,-54.810338,249.218559,124.702272,20060209, 15:29:30.0000,-62.95681924,-60.12402437,-62.95681924,-60.12402437,-62.95681924,-60.12402437,7.87957E-05
697,807,1,-63.822876,4454.352774,-54.088624,249.218559,124.702272,20060209, 15:29:50.0000,-62.95597007,-60.12148952,-62.95515357,-60.11897083,-62.95597007,-60.12148952,0.000103346
697,808,1,-63.795529,4482.489608,-51.63037,249.218559,124.702272,20060209, 15:30:30.0000,-62.95431,-60.1164211,-62.95431,-60.1164211,-62.95431,-60.1164211,0.000103999
697,809,1,-64.655391,3677.333927,-51.236487,249.218559,124.702272,20060209, 15:30:50.0000,-62.95348505,-60.11384768,-62.95262915,-60.11128954,-62.95348505,-60.11384768,8.53181E-05
697,810,1,-71.23037,809.161595,-58.677449,249.218559,124.702272,20060209, 15:31:30.0000,-62.95176961,-60.10864609,-62.95176961,-60.10864609,-62.95176961,-60.10864609,1.87734E-05
697,811,1,-71.917319,690.78097,-58.132159,249.218559,124.702272,20060209, 15:31:50.0000,-62.95095246,-60.1060317,-62.95012138,-60.10336842,-62.95095246,-60.1060317,1.60269E-05
697,812,1,-79.831908,111.655823,-74.852167,249.218559,124.702272,20060209, 15:32:30.0000,-62.94929172,-60.10074182,-62.94929172,-60.10074182,-62.94929172,-60.10074182,2.59054E-06
697,813,1,-81.580721,74.644902,-75.178787,249.218559,124.702272,20060209, 15:32:50.0000,-62.94845769,-60.09811128,-62.94760821,-60.09542962,-62.94845769,-60.09811128,1.73184E-06
697,814,1,-76.443541,243.622903,-67.746967,249.218559,124.702272,20060209, 15:33:30.0000,-62.94676273,-60.09282838,-62.94676273,-60.09282838,-62.94676273,-60.09282838,5.65231E-06
697,815,1,-78.918842,137.780567,-66.54739,249.218559,124.702272,20060209, 15:33:50.0000,-62.94598713,-60.09029341,-62.94517474,-60.08772918,-62.94598713,-60.09029341,3.19666E-06
697,816,1,-72.276546,635.942147,-58.056853,249.218559,124.702272,20060209, 15:34:30.0000,-62.94435895,-60.08513198,-62.94352562,-60.08250377,-62.94435895,-60.08513198,1.47545E-05
697,817,1,-74.23972,404.669243,-61.374125,249.218559,124.702272,20060209, 15:35:10.0000,-62.94270892,-60.07993698,-62.94270892,-60.07993698,-62.94270892,-60.07993698,9.38876E-06
697,818,1,-71.03848,845.715349,-54.517268,249.218559,124.702272,20060209, 15:35:30.0000,-62.94189143,-60.07736257,-62.94104027,-60.07474219,-62.94189143,-60.07736257,1.96215E-05
697,819,1,-75.944323,273.300166,-62.549173,249.218559,124.702272,20060209, 15:36:10.0000,-62.94024143,-60.07214095,-62.94024143,-60.07214095,-62.94024143,-60.07214095,6.34086E-06
697,820,1,-82.9734,54.166684,-70.865163,249.218559,124.702272,20060209, 15:36:30.0000,-62.93942476,-60.06952923,-62.93860892,-60.06693186,-62.93942476,-60.06952923,1.25673E-06
697,821,1,-84.907659,34.698149,-78.427916,249.218559,124.702272,20060209, 15:37:10.0000,-62.93780809,-60.06436257,-62.93780809,-60.06436257,-62.93780809,-60.06436257,8.05034E-07
697,822,1,-83.770228,45.086802,-73.957517,249.218559,124.702272,20060209, 15:37:30.0000,-62.93700809,-60.06171257,-62.93622047,-60.05904853,-62.93700809,-60.06171257,1.04606E-06
697,823,1,-82.650832,58.343028,-75.557764,249.218559,124.702272,20060209, 15:38:10.0000,-62.93542145,-60.05639712,-62.93542145,-60.05639712,-62.93542145,-60.05639712,1.35362E-06
697,824,1,-83.372668,49.40893,-75.848974,249.218559,124.702272,20060209, 15:38:30.0000,-62.93462007,-60.05371422,-62.9338171,-60.05108507,-62.93462007,-60.05371422,1.14634E-06
697,825,1,-70.954177,862.292367,-55.178781,249.218559,124.702272,20060209, 15:39:10.0000,-62.9330145,-60.04845498,-62.93219349,-60.04578046,-62.9330145,-60.04845498,2.00061E-05
697,826,1,-76.545285,237.981777,-64.494256,249.218559,124.702272,20060209, 15:39:50.0000,-62.93137213,-60.04310414,-62.93137213,-60.04310414,-62.93137213,-60.04310414,5.52143E-06
697,827,1,-66.215526,2567.554256,-51.096054,249.218559,124.702272,20060209, 15:40:10.0000,-62.93056005,-60.0404555,-62.92974414,-60.03776575,-62.93056005,-60.0404555,5.957E-05
697,828,1,-70.721057,909.843127,-59.456239,249.218559,124.702272,20060209, 15:40:50.0000,-62.92895634,-60.03518569,-62.92895634,-60.03518569,-62.92895634,-60.03518569,2.11093E-05
697,829,1,-69.456576,1217.347732,-53.889591,249.218559,124.702272,20060209, 15:41:10.0000,-62.92803948,-60.03229425,-62.92717598,-60.02958312,-62.92803948,-60.03229425,2.82438E-05
697,830,1,-78.812148,141.207386,-71.75969,249.218559,124.702272,20060209, 15:41:50.0000,-62.92629264,-60.02683312,-62.92629264,-60.02683312,-62.92629264,-60.02683312,3.27616E-06
697,831,1,-73.485475,481.420619,-56.823816,249.218559,124.702272,20060209, 15:42:10.0000,-62.9255236,-60.02415886,-62.92469264,-60.02140498,-62.9255236,-60.02415886,1.11695E-05
697,832,1,-80.826702,88.797762,-71.915644,249.218559,124.702272,20060209, 15:42:50.0000,-62.92387653,-60.01876821,-62.92387653,-60.01876821,-62.92387653,-60.01876821,2.0602E-06
697,833,1,-76.827132,223.027788,-62.63624,249.218559,124.702272,20060209, 15:43:10.0000,-62.92300955,-60.01608915,-62.92213183,-60.01340685,-62.92300955,-60.01608915,5.17449E-06
697,834,1,-81.896546,69.409295,-75.854729,249.218559,124.702272,20060209, 15:43:50.0000,-62.92124319,-60.01070685,-62.92124319,-60.01070685,-62.92124319,-60.01070685,1.61037E-06
697,835,1,-72.695116,577.51153,-58.436262,249.218559,124.702272,20060209, 15:44:10.0000,-62.92042464,-60.00800726,-62.91960745,-60.0053105,-62.92042464,-60.00800726,1.33989E-05
697,836,1,-66.075534,2651.665751,-52.952105,249.218559,124.702272,20060209, 15:44:50.0000,-62.91879562,-60.00269265,-62.91879562,-60.00269265,-62.91879562,-60.00269265,6.15215E-05
697,837,1,-78.291785,159.181899,-67.760761,249.218559,124.702272,20060209, 15:45:10.0000,-62.91791784,-60.00004375,-62.91701227,-59.99740349,-62.91791784,-60.00004375,3.69319E-06
697,838,1,-75.16929,326.695577,-60.988644,249.218559,124.702272,20060209, 15:45:50.0000,-62.91614202,-59.99479781,-62.91614202,-59.99479781,-62.91614202,-59.99479781,7.57969E-06
697,839,1,-78.200338,162.569241,-70.061148,249.218559,124.702272,20060209, 15:46:10.0000,-62.9152627,-59.99217731,-62.91437884,-59.98957562,-62.9152627,-59.99217731,3.77178E-06
697,840,1,-79.147208,130.722821,-68.735146,249.218559,124.702272,20060209, 15:46:50.0000,-62.91348771,-59.98694557,-62.91348771,-59.98694557,-62.91348771,-59.98694557,3.03291E-06
697,841,1,-80.687063,91.699269,-71.317163,249.218559,124.702272,20060209, 15:47:10.0000,-62.91259589,-59.98431127,-62.91172694,-59.9816385,-62.91259589,-59.98431127,2.12752E-06
697,842,1,-80.08842,105.251955,-69.106012,249.218559,124.702272,20060209, 15:47:50.0000,-62.91085289,-59.97899984,-62.91085289,-59.97899984,-62.91085289,-59.97899984,2.44196E-06
697,843,1,-80.272649,100.880532,-68.246689,249.218559,124.702272,20060209, 15:48:10.0000,-62.90999123,-59.97642369,-62.90910347,-59.97374776,-62.90999123,-59.97642369,2.34054E-06
697,844,1,-76.359027,248.41023,-63.008836,249.218559,124.702272,20060209, 15:48:50.0000,-62.90822406,-59.97112698,-62.90822406,-59.97112698,-62.90822406,-59.97112698,5.76339E-06
697,845,1,-78.488607,152.128842,-64.360002,249.218559,124.702272,20060209, 15:49:10.0000,-62.9073735,-59.96860156,-62.90650359,-59.96599906,-62.9073735,-59.96860156,3.52955E-06
697,846,1,-77.275099,201.1696,-63.378634,249.218559,124.702272,20060209, 15:49:50.0000,-62.90564048,-59.96340619,-62.90564048,-59.96340619,-62.90564048,-59.96340619,4.66735E-06
697,847,1,-84.256205,40.313608,-73.835249,249.218559,124.702272,20060209, 15:50:10.0000,-62.90472968,-59.96057421,-62.90392665,-59.95811327,-62.90472968,-59.96057421,9.35319E-07
697,848,1,-87.030962,21.280214,-79.506927,249.218559,124.702272,20060209, 15:50:50.0000,-62.90297416,-59.9553558,-62.90297416,-59.9553558,-62.90297416,-59.9553558,4.93724E-07
697,849,1,-82.140108,65.6238,-69.375758,249.218559,124.702272,20060209, 15:51:10.0000,-62.9020455,-59.9528221,-62.90111704,-59.95026761,-62.9020455,-59.9528221,1.52254E-06
697,850,1,-81.476739,76.453665,-70.32781,249.218559,124.702272,20060209, 15:51:50.0000,-62.90019304,-59.94771244,-62.90019304,-59.94771244,-62.90019304,-59.94771244,1.77381E-06
697,851,1,-74.69504,364.391485,-55.862478,249.218559,124.702272,20060209, 15:52:10.0000,-62.8992783,-59.94517547,-62.89833964,-59.94265226,-62.8992783,-59.94517547,8.45428E-06
697,852,1,-79.826248,111.801449,-71.961291,249.218559,124.702272,20060209, 15:52:50.0000,-62.89742886,-59.94013659,-62.89742886,-59.94013659,-62.89742886,-59.94013659,2.59391E-06
697,853,1,-82.083093,66.491013,-74.048976,249.218559,124.702272,20060209, 15:53:10.0000,-62.89658333,-59.93776667,-62.89559042,-59.93505778,-62.89658333,-59.93776667,1.54266E-06
697,854,1,-84.282787,40.067621,-75.08518,249.218559,124.702272,20060209, 15:53:50.0000,-62.89466251,-59.93252085,-62.89466251,-59.93252085,-62.89466251,-59.93252085,9.29612E-07
697,855,1,-86.823762,22.320091,-78.369709,249.218559,124.702272,20060209, 15:54:10.0000,-62.89370667,-59.92986533,-62.89278626,-59.92729213,-62.89370667,-59.92986533,5.1785E-07
697,856,1,-82.342704,62.632794,-76.15695,249.218559,124.702272,20060209, 15:54:50.0000,-62.89186574,-59.92480308,-62.89186574,-59.92480308,-62.89186574,-59.92480308,1.45315E-06
697,857,1,-78.899744,138.387799,-65.101666,249.218559,124.702272,20060209, 15:55:10.0000,-62.8909451,-59.92229628,-62.8900065,-59.9197408,-62.8909451,-59.92229628,3.21075E-06
697,858,1,-82.212043,64.545793,-77.390082,249.218559,124.702272,20060209, 15:55:50.0000,-62.88911427,-59.91727615,-62.88911427,-59.91727615,-62.88911427,-59.91727615,1.49753E-06
697,859,1,-87.246712,20.248882,-81.317293,249.218559,124.702272,20060209, 15:56:10.0000,-62.88817689,-59.91470057,-62.88730386,-59.91221158,-62.88817689,-59.91470057,4.69796E-07
697,860,1,-87.047959,21.197093,-82.115247,249.218559,124.702272,20060209, 15:56:50.0000,-62.88643311,-59.90973267,-62.88643311,-59.90973267,-62.88643311,-59.90973267,4.91795E-07
697,861,1,-90.410091,9.773793,-82.68258,249.218559,124.702272,20060209, 15:57:10.0000,-62.88558243,-59.90733064,-62.88469474,-59.90491244,-62.88558243,-59.90733064,2.26763E-07
697,862,1,-91.267662,8.022431,-85.669284,249.218559,124.702272,20060209, 15:57:50.0000,-62.88386213,-59.90259528,-62.88292621,-59.89990114,-62.88386213,-59.90259528,1.86129E-07
697,863,1,-88.727886,14.397384,-81.389496,249.218559,124.702272,20060209, 15:58:30.0000,-62.88193015,-59.8969998,-62.88193015,-59.8969998,-62.88193015,-59.8969998,3.34035E-07
697,864,1,-87.619691,18.582455,-76.889596,249.218559,124.702272,20060209, 15:58:50.0000,-62.88103089,-59.89440223,-62.88020177,-59.89200901,-62.88103089,-59.89440223,4.31133E-07
697,865,1,-80.61325,93.271118,-68.040607,249.218559,124.702272,20060209, 15:59:30.0000,-62.87928303,-59.88936586,-62.87928303,-59.88936586,-62.87928303,-59.88936586,2.16399E-06
697,866,1,-82.528596,60.008483,-67.619513,249.218559,124.702272,20060209, 15:59:50.0000,-62.87830454,-59.88661363,-62.87740345,-59.88412587,-62.87830454,-59.88661363,1.39226E-06
697,867,1,-81.206463,81.362811,-67.657819,249.218559,124.702272,20060209, 16:00:30.0000,-62.8764602,-59.88150264,-62.8764602,-59.88150264,-62.8764602,-59.88150264,1.8877E-06
697,868,1,-90.5233,9.522307,-79.470173,249.218559,124.702272,20060209, 16:00:50.0000,-62.87559077,-59.8790223,-62.87559077,-59.8790223,-62.87559077,-59.8790223,2.20928E-07
697,869,1,-84.387267,39.115198,-67.257314,249.218559,124.702272,20060209, 16:01:10.0000,-62.8746482,-59.87626126,-62.87373898,-59.87360028,-62.8746482,-59.87626126,9.07515E-07
697,870,1,-84.24241,40.441867,-79.791638,249.218559,124.702272,20060209, 16:01:50.0000,-62.8728393,-59.87096791,-62.8728393,-59.87096791,-62.8728393,-59.87096791,9.38295E-07
697,871,1,-75.436812,307.178611,-59.374759,249.218559,124.702272,20060209, 16:02:10.0000,-62.87195109,-59.8683866,-62.87109199,-59.86597164,-62.87195109,-59.8683866,7.12687E-06
697,872,1,-69.829157,1117.265835,-56.748114,249.218559,124.702272,20060209, 16:02:50.0000,-62.8701302,-59.86328384,-62.8701302,-59.86328384,-62.8701302,-59.86328384,2.59218E-05
697,873,1,-84.513238,37.996925,-74.757078,249.218559,124.702272,20060209, 16:03:10.0000,-62.86917666,-59.86052109,-62.86835301,-59.85802298,-62.86917666,-59.86052109,8.8157E-07
697,874,1,-78.808316,141.332039,-63.99237,249.218559,124.702272,20060209, 16:03:50.0000,-62.86743175,-59.85532937,-62.86743175,-59.85532937,-62.86743175,-59.85532937,3.27906E-06
697,875,1,-78.18631,163.095216,-62.229708,249.218559,124.702272,20060209, 16:04:10.0000,-62.86650968,-59.85263138,-62.86563699,-59.85000169,-62.86650968,-59.85263138,3.78398E-06
697,876,1,-84.276018,40.130119,-72.033869,249.218559,124.702272,20060209, 16:04:50.0000,-62.8647562,-59.84741859,-62.8647562,-59.84741859,-62.8647562,-59.84741859,9.31062E-07
697,877,1,-90.069229,10.57181,-80.363394,249.218559,124.702272,20060209, 16:05:10.0000,-62.86384586,-59.84476118,-62.86293,-59.84219,-62.86384586,-59.84476118,2.45277E-07
697,878,1,-89.441497,12.215817,-79.743691,249.218559,124.702272,20060209, 16:05:50.0000,-62.86203123,-59.83967703,-62.86203123,-59.83967703,-62.86203123,-59.83967703,2.8342E-07
697,879,1,-89.680231,11.562429,-79.384897,249.218559,124.702272,20060209, 16:06:10.0000,-62.861161,-59.83707932,-62.86026823,-59.83442082,-62.861161,-59.83707932,2.68261E-07
697,880,1,-85.852204,27.915911,-78.689494,249.218559,124.702272,20060209, 16:06:50.0000,-62.8593938,-59.83173682,-62.8593938,-59.83173682,-62.8593938,-59.83173682,6.47679E-07
697,881,1,-68.065005,1677.149387,-52.077697,249.218559,124.702272,20060209, 16:07:10.0000,-62.85854847,-59.82911842,-62.85767944,-59.82653193,-62.85854847,-59.82911842,3.89117E-05
697,882,1,-64.390549,3908.564787,-50.50046,249.218559,124.702272,20060209, 16:07:50.0000,-62.85679627,-59.823974,-62.85588151,-59.82135084,-62.85679627,-59.823974,9.06829E-05
697,883,1,-73.621801,466.54352,-64.106703,249.218559,124.702272,20060209, 16:08:30.0000,-62.85502108,-59.81887992,-62.85502108,-59.81887992,-62.85502108,-59.81887992,1.08243E-05
697,884,1,-74.451029,385.451145,-61.706951,249.218559,124.702272,20060209, 16:08:50.0000,-62.85413198,-59.81627926,-62.85328892,-59.81383343,-62.85413198,-59.81627926,8.94288E-06
697,885,1,-78.310529,158.49638,-66.607765,249.218559,124.702272,20060209, 16:09:30.0000,-62.85241667,-59.81131667,-62.85241667,-59.81131667,-62.85241667,-59.81131667,3.67729E-06
697,886,1,-70.714548,911.207735,-56.602554,249.218559,124.702272,20060209, 16:09:50.0000,-62.85148779,-59.80864521,-62.85060522,-59.80609551,-62.85148779,-59.80864521,2.1141E-05
697,887,1,-70.250441,1013.977043,-58.534622,249.218559,124.702272,20060209, 16:10:30.0000,-62.84971942,-59.80353216,-62.84971942,-59.80353216,-62.84971942,-59.80353216,2.35254E-05
697,888,1,-74.180705,410.205749,-61.527888,249.218559,124.702272,20060209, 16:10:50.0000,-62.84888111,-59.80106945,-62.84795886,-59.79844715,-62.84888111,-59.80106945,9.51722E-06
697,889,1,-81.228772,80.945935,-74.62846,249.218559,124.702272,20060209, 16:11:30.0000,-62.84708306,-59.79597911,-62.84708306,-59.79597911,-62.84708306,-59.79597911,1.87803E-06
697,890,1,-80.647949,92.528893,-68.089343,249.218559,124.702272,20060209, 16:11:50.0000,-62.84612978,-59.793356,-62.84523824,-59.79078572,-62.84612978,-59.793356,2.14677E-06
697,891,1,-82.078476,66.561728,-71.622587,249.218559,124.702272,20060209, 16:12:30.0000,-62.84443321,-59.78835633,-62.84443321,-59.78835633,-62.84443321,-59.78835633,1.5443E-06
697,892,1,-86.404268,24.583598,-75.389545,249.218559,124.702272,20060209, 16:12:50.0000,-62.84360835,-59.78587339,-62.84271225,-59.78317586,-62.84360835,-59.78587339,5.70366E-07
697,893,1,-86.45784,24.28221,-77.188613,249.218559,124.702272,20060209, 16:13:30.0000,-62.84182593,-59.78064963,-62.84182593,-59.78064963,-62.84182593,-59.78064963,5.63373E-07
697,894,1,-81.668518,73.151031,-72.711692,249.218559,124.702272,20060209, 16:13:50.0000,-62.84093139,-59.77814515,-62.84009769,-59.77578021,-62.84093139,-59.77814515,1.69718E-06
697,895,1,-77.612346,186.139112,-60.962332,249.218559,124.702272,20060209, 16:14:30.0000,-62.8391826,-59.77320432,-62.83836259,-59.77075027,-62.8391826,-59.77320432,4.31863E-06
697,896,1,-76.081636,264.794318,-61.546485,249.218559,124.702272,20060209, 16:15:10.0000,-62.83746106,-59.76816098,-62.83746106,-59.76816098,-62.83746106,-59.76816098,6.14351E-06
697,897,1,-77.448546,193.293675,-67.594861,249.218559,124.702272,20060209, 16:15:30.0000,-62.83661708,-59.7658045,-62.83572239,-59.76318385,-62.83661708,-59.7658045,4.48462E-06
697,898,1,-78.615519,147.747553,-68.625175,249.218559,124.702272,20060209, 16:16:10.0000,-62.83490875,-59.76065958,-62.83490875,-59.76065958,-62.83490875,-59.76065958,3.4279E-06
697,899,1,-83.114813,52.431335,-71.933834,249.218559,124.702272,20060209, 16:16:30.0000,-62.83409854,-59.7581623,-62.83327602,-59.75561659,-62.83409854,-59.7581623,1.21646E-06
697,900,1,-79.281768,126.734671,-65.999282,249.218559,124.702272,20060209, 16:17:10.0000,-62.8324987,-59.75320917,-62.8324987,-59.75320917,-62.8324987,-59.75320917,2.94038E-06
697,901,1,-75.054733,335.427676,-60.773844,249.218559,124.702272,20060209, 16:17:30.0000,-62.83166546,-59.75061304,-62.83087919,-59.74801678,-62.83166546,-59.75061304,7.78228E-06
697,902,1,-69.035113,1341.408202,-55.983075,249.218559,124.702272,20060209, 16:18:10.0000,-62.83010349,-59.74557713,-62.82929587,-59.74312093,-62.83010349,-59.74557713,3.11221E-05
697,903,1,-71.159699,822.436437,-59.644986,249.218559,124.702272,20060209, 16:18:50.0000,-62.82839135,-59.74035739,-62.82839135,-59.74035739,-62.82839135,-59.74035739,1.90814E-05
697,904,1,-74.932307,345.017798,-59.214943,249.218559,124.702272,20060209, 16:19:10.0000,-62.82757257,-59.73796477,-62.82669375,-59.73538124,-62.82757257,-59.73796477,8.00478E-06
697,905,1,-80.826651,88.798802,-73.925257,249.218559,124.702272,20060209, 16:19:50.0000,-62.82586504,-59.73284511,-62.82586504,-59.73284511,-62.82586504,-59.73284511,2.06023E-06
697,906,1,-80.794927,89.449836,-71.416595,249.218559,124.702272,20060209, 16:20:10.0000,-62.82508176,-59.73052862,-62.82415664,-59.72772459,-62.82508176,-59.73052862,2.07533E-06
697,907,1,-76.135238,261.546228,-67.120711,249.218559,124.702272,20060209, 16:20:50.0000,-62.82342973,-59.72541182,-62.82342973,-59.72541182,-62.82342973,-59.72541182,6.06815E-06
697,908,1,-77.123162,208.332017,-67.894074,249.218559,124.702272,20060209, 16:21:10.0000,-62.82252727,-59.72253725,-62.82169477,-59.72005098,-62.82252727,-59.72253725,4.83353E-06
697,909,1,-76.09549,263.950939,-67.921758,249.218559,124.702272,20060209, 16:21:50.0000,-62.82086511,-59.717485,-62.82002326,-59.71492444,-62.82086511,-59.717485,6.12395E-06
697,910,1,-75.235774,321.732443,-63.961159,249.218559,124.702272,20060209, 16:22:30.0000,-62.81925,-59.71256667,-62.81925,-59.71256667,-62.81925,-59.71256667,7.46454E-06
697,911,1,-75.906685,275.679046,-63.49205,249.218559,124.702272,20060209, 16:22:50.0000,-62.81839493,-59.7099848,-62.8175481,-59.70740954,-62.81839493,-59.7099848,6.39605E-06
697,912,1,-75.478513,304.243251,-66.280208,249.218559,124.702272,20060209, 16:23:30.0000,-62.81671054,-59.70489828,-62.81671054,-59.70489828,-62.81671054,-59.70489828,7.05877E-06
697,913,1,-76.702523,229.519699,-65.170305,249.218559,124.702272,20060209, 16:23:50.0000,-62.81578492,-59.70215476,-62.81497798,-59.69968643,-62.81578492,-59.70215476,5.3251E-06
697,914,1,-79.540776,119.39732,-70.346382,249.218559,124.702272,20060209, 16:24:30.0000,-62.81413361,-59.69713417,-62.81413361,-59.69713417,-62.81413361,-59.69713417,2.77015E-06
697,915,1,-79.626721,117.057723,-68.179096,249.218559,124.702272,20060209, 16:24:50.0000,-62.81328662,-59.69466655,-62.81240272,-59.69210202,-62.81328662,-59.69466655,2.71587E-06
697,916,1,-80.569046,94.22531,-68.083041,249.218559,124.702272,20060209, 16:25:30.0000,-62.8115449,-59.68948469,-62.81073465,-59.68710089,-62.8115449,-59.68948469,2.18613E-06
697,917,1,-82.514955,60.197257,-72.489406,249.218559,124.702272,20060209, 16:26:10.0000,-62.80984739,-59.68445883,-62.80984739,-59.68445883,-62.80984739,-59.68445883,1.39664E-06
697,918,1,-77.946364,172.359738,-66.631127,249.218559,124.702272,20060209, 16:26:30.0000,-62.80905,-59.6821,-62.80818208,-59.67959625,-62.80905,-59.6821,3.99893E-06
697,919,1,-75.598101,295.979856,-60.855136,249.218559,124.702272,20060209, 16:27:10.0000,-62.80728246,-59.67693072,-62.80728246,-59.67693072,-62.80728246,-59.67693072,6.86705E-06
697,920,1,-70.034394,1065.694789,-55.462473,249.218559,124.702272,20060209, 16:27:30.0000,-62.80646052,-59.67447698,-62.8056061,-59.67190164,-62.80646052,-59.67447698,2.47253E-05
697,921,1,-72.274692,636.213717,-57.644077,249.218559,124.702272,20060209, 16:28:10.0000,-62.80478242,-59.66944708,-62.80478242,-59.66944708,-62.80478242,-59.66944708,1.47608E-05
697,922,1,-79.931181,109.132492,-67.96061,249.218559,124.702272,20060209, 16:28:30.0000,-62.80392521,-59.66683733,-62.803079,-59.66414279,-62.80392521,-59.66683733,2.53199E-06
697,923,1,-72.888636,552.342738,-58.07769,249.218559,124.702272,20060209, 16:29:10.0000,-62.80226792,-59.66157042,-62.80226792,-59.66157042,-62.80226792,-59.66157042,1.28149E-05
697,924,1,-74.920232,345.97841,-60.772846,249.218559,124.702272,20060209, 16:29:30.0000,-62.80144495,-59.65897385,-62.80064795,-59.65640776,-62.80144495,-59.65897385,8.02707E-06
697,925,1,-78.222498,161.741868,-65.019271,249.218559,124.702272,20060209, 16:30:10.0000,-62.79989966,-59.65389557,-62.79906484,-59.65123414,-62.79989966,-59.65389557,3.75259E-06
697,926,1,-74.677223,365.889439,-61.863328,249.218559,124.702272,20060209, 16:30:50.0000,-62.7982471,-59.64867462,-62.7982471,-59.64867462,-62.7982471,-59.64867462,8.48903E-06
697,927,1,-73.263431,506.674544,-57.504605,249.218559,124.702272,20060209, 16:31:10.0000,-62.79743162,-59.64619486,-62.79664704,-59.6438078,-62.79743162,-59.64619486,1.17554E-05
697,928,1,-89.611786,11.746097,-82.374303,249.218559,124.702272,20060209, 16:31:50.0000,-62.79581886,-59.6411537,-62.79581886,-59.6411537,-62.79581886,-59.6411537,2.72522E-07
697,929,1,-89.59563,11.789874,-80.314259,249.218559,124.702272,20060209, 16:32:10.0000,-62.79500946,-59.63849798,-62.79419523,-59.6359357,-62.79500946,-59.63849798,2.73538E-07
697,930,1,-89.480119,12.107663,-79.78201,249.218559,124.702272,20060209, 16:32:50.0000,-62.79340802,-59.63336543,-62.79340802,-59.63336543,-62.79340802,-59.63336543,2.80911E-07
697,931,1,-87.456568,19.293696,-79.388743,249.218559,124.702272,20060209, 16:33:10.0000,-62.79263173,-59.63084519,-62.79182174,-59.62839857,-62.79263173,-59.63084519,4.47635E-07
697,932,1,-84.730818,36.140186,-78.570573,249.218559,124.702272,20060209, 16:33:50.0000,-62.79096921,-59.6259338,-62.79015593,-59.62358445,-62.79096921,-59.6259338,8.38491E-07
697,933,1,-82.693008,57.779192,-78.244251,249.218559,124.702272,20060209, 16:34:30.0000,-62.78925413,-59.62101989,-62.78925413,-59.62101989,-62.78925413,-59.62101989,1.34054E-06
697,934,1,-83.631613,46.549056,-71.76001,249.218559,124.702272,20060209, 16:34:50.0000,-62.78862402,-59.61903872,-62.78758764,-59.61602206,-62.78862402,-59.61903872,1.07999E-06
697,935,1,-81.542204,75.309853,-69.612473,249.218559,124.702272,20060209, 16:35:30.0000,-62.78677616,-59.61366181,-62.78677616,-59.61366181,-62.78677616,-59.61366181,1.74727E-06
697,936,1,-86.632286,23.32618,-77.606538,249.218559,124.702272,20060209, 16:35:50.0000,-62.78590695,-59.6110719,-62.78507952,-59.60858857,-62.78590695,-59.6110719,5.41193E-07
697,937,1,-85.619592,29.451881,-75.493181,249.218559,124.702272,20060209, 16:36:30.0000,-62.78425837,-59.60611056,-62.7835,-59.60376667,-62.78425837,-59.60611056,6.83315E-07
697,938,1,-73.951451,432.441224,-58.645479,249.218559,124.702272,20060209, 16:37:10.0000,-62.78263116,-59.60111638,-62.78263116,-59.60111638,-62.78263116,-59.60111638,1.00331E-05
697,939,1,-85.363921,31.237773,-79.664279,249.218559,124.702272,20060209, 16:37:30.0000,-62.781811,-59.59864968,-62.7809659,-59.59608103,-62.781811,-59.59864968,7.2475E-07
697,940,1,-77.398522,195.532971,-63.39825,249.218559,124.702272,20060209, 16:38:10.0000,-62.7801122,-59.59355326,-62.7801122,-59.59355326,-62.7801122,-59.59355326,4.53658E-06
697,941,1,-83.154099,51.959181,-73.658866,249.218559,124.702272,20060209, 16:38:30.0000,-62.77928298,-59.59103226,-62.77846251,-59.58845421,-62.77928298,-59.59103226,1.20551E-06
697,942,1,-84.349352,39.458177,-79.49173,249.218559,124.702272,20060209, 16:39:10.0000,-62.77762334,-59.58592088,-62.77762334,-59.58592088,-62.77762334,-59.58592088,9.15472E-07
697,943,1,-84.773078,35.790226,-77.413312,249.218559,124.702272,20060209, 16:39:30.0000,-62.77678502,-59.58340421,-62.77591251,-59.58090421,-62.77678502,-59.58340421,8.30372E-07
697,944,1,-78.115044,165.793629,-60.185729,249.218559,124.702272,20060209, 16:40:10.0000,-62.77506251,-59.57837088,-62.77422918,-59.57582088,-62.77506251,-59.57837088,3.84659E-06
697,945,1,-83.86524,44.111134,-77.230992,249.218559,124.702272,20060209, 16:40:50.0000,-62.77339585,-59.57330421,-62.77339585,-59.57330421,-62.77339585,-59.57330421,1.02343E-06
697,946,1,-85.075412,33.383438,-79.0433,249.218559,124.702272,20060209, 16:41:10.0000,-62.77255668,-59.57080421,-62.77170168,-59.56827088,-62.77255668,-59.57080421,7.74532E-07
697,947,1,-86.375264,24.748328,-76.862641,249.218559,124.702272,20060209, 16:41:50.0000,-62.77084585,-59.56577088,-62.77084585,-59.56577088,-62.77084585,-59.56577088,5.74188E-07
697,948,1,-85.59847,29.595469,-75.32946,249.218559,124.702272,20060209, 16:42:10.0000,-62.76995168,-59.56325421,-62.76907973,-59.56075586,-62.76995168,-59.56325421,6.86647E-07
697,949,1,-84.099449,41.795287,-76.128082,249.218559,124.702272,20060209, 16:42:50.0000,-62.76822973,-59.55820586,-62.76822973,-59.55820586,-62.76822973,-59.55820586,9.69696E-07
697,950,1,-82.517638,60.160076,-71.326084,249.218559,124.702272,20060209, 16:43:10.0000,-62.7673694,-59.5556735,-62.76652829,-59.55313486,-62.7673694,-59.5556735,1.39578E-06
697,951,1,-77.715068,181.788094,-66.437267,249.218559,124.702272,20060209, 16:43:50.0000,-62.76567829,-59.55060719,-62.76567829,-59.55060719,-62.76567829,-59.55060719,4.21768E-06
697,952,1,-76.446081,243.480451,-61.056014,249.218559,124.702272,20060209, 16:44:10.0000,-62.76481162,-59.54808486,-62.7639453,-59.54558589,-62.76481162,-59.54808486,5.64901E-06
697,953,1,-85.993441,27.022664,-77.722714,249.218559,124.702272,20060209, 16:44:50.0000,-62.76307925,-59.54305441,-62.76224592,-59.54054856,-62.76307925,-59.54305441,6.26955E-07
697,954,1,-85.971307,27.160737,-78.308645,249.218559,124.702272,20060209, 16:45:30.0000,-62.76139592,-59.53806523,-62.76139592,-59.53806523,-62.76139592,-59.53806523,6.30158E-07
697,955,1,-85.671242,29.103688,-75.939406,249.218559,124.702272,20060209, 16:45:50.0000,-62.76054592,-59.53556523,-62.75971258,-59.53307693,-62.76054592,-59.53556523,6.75237E-07
697,956,1,-85.859989,27.865918,-78.952804,249.218559,124.702272,20060209, 16:46:30.0000,-62.75884592,-59.53063775,-62.75884592,-59.53063775,-62.75884592,-59.53063775,6.46519E-07
697,957,1,-84.207531,40.767974,-77.481473,249.218559,124.702272,20060209, 16:46:50.0000,-62.75802925,-59.52817108,-62.75722925,-59.52568775,-62.75802925,-59.52817108,9.45861E-07
697,958,1,-76.543665,238.070579,-58.486297,249.218559,124.702272,20060209, 16:47:30.0000,-62.75637925,-59.52322108,-62.75554592,-59.52073775,-62.75637925,-59.52322108,5.52349E-06
697,959,1,-84.668094,36.665939,-79.70741,249.218559,124.702272,20060209, 16:48:10.0000,-62.75471258,-59.51825441,-62.75471258,-59.51825441,-62.75471258,-59.51825441,8.50689E-07
697,960,1,-79.684388,115.513672,-63.21452,249.218559,124.702272,20060209, 16:48:30.0000,-62.75386258,-59.51579856,-62.75300177,-59.51335441,-62.75386258,-59.51579856,2.68004E-06
697,961,1,-85.326065,31.511259,-78.443658,249.218559,124.702272,20060209, 16:49:10.0000,-62.75214592,-59.51090441,-62.75214592,-59.51090441,-62.75214592,-59.51090441,7.31095E-07
697,962,1,-84.23095,40.548729,-78.114473,249.218559,124.702272,20060209, 16:49:30.0000,-62.75130177,-59.5084819,-62.7504734,-59.50600441,-62.75130177,-59.5084819,9.40774E-07
697,963,1,-84.196211,40.874377,-77.195669,249.218559,124.702272,20060209, 16:50:10.0000,-62.74961843,-59.50358775,-62.74961843,-59.50358775,-62.74961843,-59.50358775,9.4833E-07
697,964,1,-85.517913,30.149557,-77.533066,249.218559,124.702272,20060209, 16:50:30.0000,-62.74872925,-59.50117108,-62.74789592,-59.49875441,-62.74872925,-59.50117108,6.99502E-07
697,965,1,-86.839581,22.238941,-77.442643,249.218559,124.702272,20060209, 16:51:10.0000,-62.74702925,-59.49630441,-62.74617925,-59.49389856,-62.74702925,-59.49630441,5.15967E-07
697,966,1,-87.687672,18.293846,-78.161735,249.218559,124.702272,20060209, 16:51:50.0000,-62.74532925,-59.49147108,-62.74532925,-59.49147108,-62.74532925,-59.49147108,4.24437E-07
697,967,1,-79.590839,118.02889,-61.661916,249.218559,124.702272,20060209, 16:52:10.0000,-62.74450719,-59.48903945,-62.74363578,-59.48658348,-62.74450719,-59.48903945,2.7384E-06
697,968,1,-85.22278,32.269647,-77.545081,249.218559,124.702272,20060209, 16:52:50.0000,-62.74279052,-59.48412278,-62.74279052,-59.48412278,-62.74279052,-59.48412278,7.48691E-07
697,969,1,-83.386391,49.253048,-75.375629,249.218559,124.702272,20060209, 16:53:10.0000,-62.74194648,-59.48170015,-62.74108653,-59.47928524,-62.74194648,-59.48170015,1.14272E-06
697,970,1,-84.745508,36.018149,-75.167991,249.218559,124.702272,20060209, 16:53:50.0000,-62.74021378,-59.47684133,-62.73932949,-59.47443846,-62.74021378,-59.47684133,8.3566E-07
697,971,1,-85.030228,33.73257,-74.454888,249.218559,124.702272,20060209, 16:54:30.0000,-62.7384532,-59.47207916,-62.7384532,-59.47207916,-62.7384532,-59.47207916,7.82632E-07
697,972,1,-85.114995,33.08055,-70.724915,249.218559,124.702272,20060209, 16:54:50.0000,-62.73754648,-59.46968348,-62.73668653,-59.46725191,-62.73754648,-59.46968348,7.67504E-07
697,973,1,-84.777925,35.7503,-72.130519,249.218559,124.702272,20060209, 16:55:30.0000,-62.73582949,-59.46480513,-62.73582949,-59.46480513,-62.73582949,-59.46480513,8.29446E-07
697,974,1,-87.899369,17.423498,-79.015411,249.218559,124.702272,20060209, 16:55:50.0000,-62.73496378,-59.46240191,-62.73406903,-59.4600059,-62.73496378,-59.46240191,4.04244E-07
697,975,1,-87.702148,18.23297,-77.437677,249.218559,124.702272,20060209, 16:56:30.0000,-62.7331857,-59.45758924,-62.73229641,-59.45519996,-62.7331857,-59.45758924,4.23025E-07
697,976,1,-86.554209,23.749327,-76.691984,249.218559,124.702272,20060209, 16:57:10.0000,-62.73144641,-59.45272257,-62.73144641,-59.45272257,-62.73144641,-59.45272257,5.5101E-07
697,977,1,-87.874555,17.523333,-77.698187,249.218559,124.702272,20060209, 16:57:30.0000,-62.73061342,-59.45026759,-62.72976342,-59.44785092,-62.73061342,-59.45026759,4.0656E-07
697,978,1,-90.375581,9.851766,-81.519751,249.218559,124.702272,20060209, 16:58:10.0000,-62.72894676,-59.44542361,-62.72894676,-59.44542361,-62.72894676,-59.44542361,2.28572E-07
697,979,1,-84.445505,38.594175,-68.029365,249.218559,124.702272,20060209, 16:58:30.0000,-62.72813009,-59.44295694,-62.72731342,-59.44049027,-62.72813009,-59.44295694,8.95426E-07
697,980,1,-84.358337,39.376629,-66.856278,249.218559,124.702272,20060209, 16:59:10.0000,-62.72651342,-59.43797962,-62.72573009,-59.43545092,-62.72651342,-59.43797962,9.1358E-07
697,981,1,-76.043277,267.143464,-60.730073,249.218559,124.702272,20060209, 16:59:50.0000,-62.72494676,-59.43290694,-62.72494676,-59.43290694,-62.72494676,-59.43290694,6.19802E-06
697,982,1,-85.357097,31.286902,-71.457095,249.218559,124.702272,20060209, 17:00:10.0000,-62.72414676,-59.43040694,-62.72333009,-59.42792361,-62.72414676,-59.43040694,7.2589E-07
697,983,1,-82.9399,54.586124,-71.306328,249.218559,124.702272,20060209, 17:00:50.0000,-62.72251166,-59.42542931,-62.72251166,-59.42542931,-62.72251166,-59.42542931,1.26646E-06
697,984,1,-84.006091,42.703463,-73.655969,249.218559,124.702272,20060209, 17:01:10.0000,-62.72169726,-59.42295845,-62.72089726,-59.42045845,-62.72169726,-59.42295845,9.90766E-07
697,985,1,-80.523425,95.220338,-66.838992,249.218559,124.702272,20060209, 17:01:50.0000,-62.72009726,-59.41794178,-62.71928093,-59.41544279,-62.72009726,-59.41794178,2.20921E-06
697,986,1,-87.36206,19.718153,-78.666517,249.218559,124.702272,20060209, 17:02:30.0000,-62.71848009,-59.41296296,-62.71848009,-59.41296296,-62.71848009,-59.41296296,4.57482E-07
697,987,1,-87.56293,18.826918,-76.880467,249.218559,124.702272,20060209, 17:02:50.0000,-62.71765669,-59.41048757,-62.71685695,-59.40799933,-62.71765669,-59.41048757,4.36805E-07
697,988,1,-84.286785,40.030749,-74.899448,249.218559,124.702272,20060209, 17:03:30.0000,-62.71602952,-59.4055219,-62.71602952,-59.4055219,-62.71602952,-59.4055219,9.28757E-07
697,989,1,-77.392861,195.788032,-63.189013,249.218559,124.702272,20060209, 17:03:50.0000,-62.7152135,-59.40302384,-62.71439617,-59.40053851,-62.7152135,-59.40302384,4.54249E-06
697,990,1,-69.681529,1155.897606,-52.489483,249.218559,124.702272,20060209, 17:04:30.0000,-62.7136135,-59.39805717,-62.71279684,-59.39555717,-62.7136135,-59.39805717,2.68181E-05
697,991,1,-77.998629,170.297913,-63.895766,249.218559,124.702272,20060209, 17:05:10.0000,-62.7119635,-59.39306321,-62.7119635,-59.39306321,-62.7119635,-59.39306321,3.9511E-06
697,992,1,-79.138676,130.9799,-66.786926,249.218559,124.702272,20060209, 17:05:30.0000,-62.7111635,-59.39055717,-62.7103635,-59.38805717,-62.7111635,-59.39055717,3.03887E-06
697,993,1,-76.856649,221.517114,-66.051696,249.218559,124.702272,20060209, 17:06:10.0000,-62.70958017,-59.38550717,-62.70958017,-59.38550717,-62.70958017,-59.38550717,5.13944E-06
697,994,1,-79.658949,116.192278,-67.337964,249.218559,124.702272,20060209, 17:06:30.0000,-62.7087635,-59.38302384,-62.7079408,-59.38052384,-62.7087635,-59.38302384,2.69579E-06
697,995,1,-79.204393,129.012839,-67.102005,249.218559,124.702272,20060209, 17:07:10.0000,-62.7071635,-59.37804654,-62.70634684,-59.37554051,-62.7071635,-59.37804654,2.99324E-06
697,996,1,-80.213457,102.26487,-71.288576,249.218559,124.702272,20060209, 17:07:50.0000,-62.70553017,-59.37306321,-62.70553017,-59.37306321,-62.70553017,-59.37306321,2.37266E-06
697,997,1,-76.112883,262.895974,-63.805085,249.218559,124.702272,20060209, 17:08:10.0000,-62.70469684,-59.37059051,-62.70389684,-59.36810717,-62.70469684,-59.37059051,6.09947E-06
697,998,1,-76.106093,263.307285,-61.115073,249.218559,124.702272,20060209, 17:08:50.0000,-62.70309684,-59.36564051,-62.70309684,-59.36564051,-62.70309684,-59.36564051,6.10901E-06
697,999,1,-73.128486,522.665269,-57.214177,249.218559,124.702272,20060209, 17:09:10.0000,-62.70229684,-59.36312384,-62.70147414,-59.36064051,-62.70229684,-59.36312384,1.21264E-05
697,1000,1,-69.953833,1085.647648,-54.434783,249.218559,124.702272,20060209, 17:09:50.0000,-62.7006635,-59.35813447,-62.69985747,-59.35561781,-62.7006635,-59.35813447,2.51882E-05
697,1001,1,-81.567055,74.880151,-68.069332,249.218559,124.702272,20060209, 17:10:30.0000,-62.6990635,-59.35312384,-62.6990635,-59.35312384,-62.6990635,-59.35312384,1.7373E-06
697,1002,1,-82.784847,56.570178,-71.821057,249.218559,124.702272,20060209, 17:10:50.0000,-62.69824684,-59.35062384,-62.69743073,-59.34812551,-62.69824684,-59.35062384,1.31249E-06
697,1003,1,-82.144704,65.554392,-72.519431,249.218559,124.702272,20060209, 17:11:30.0000,-62.69659739,-59.34565885,-62.69659739,-59.34565885,-62.69659739,-59.34565885,1.52093E-06
697,1004,1,-83.707277,45.745092,-73.864205,249.218559,124.702272,20060209, 17:11:50.0000,-62.69579125,-59.34317551,-62.69497458,-59.34069218,-62.69579125,-59.34317551,1.06134E-06
697,1005,1,-85.817462,28.140122,-76.442552,249.218559,124.702272,20060209, 17:12:30.0000,-62.69418131,-59.33818352,-62.69338131,-59.33566059,-62.69418131,-59.33818352,6.52881E-07
697,1006,1,-87.021393,21.327155,-75.772398,249.218559,124.702272,20060209, 17:13:10.0000,-62.69259797,-59.33315018,-62.69259797,-59.33315018,-62.69259797,-59.33315018,4.94813E-07
697,1007,1,-85.750567,28.576927,-74.45758,249.218559,124.702272,20060209, 17:13:30.0000,-62.69179797,-59.33068352,-62.69099171,-59.32817099,-62.69179797,-59.33068352,6.63016E-07
697,1008,1,-86.014288,26.893255,-80.129715,249.218559,124.702272,20060209, 17:14:10.0000,-62.69019739,-59.32565885,-62.69019739,-59.32565885,-62.69019739,-59.32565885,6.23953E-07
697,1009,1,-82.568394,59.461077,-65.736627,249.218559,124.702272,20060209, 17:14:30.0000,-62.68939797,-59.32312726,-62.68859797,-59.32061059,-62.68939797,-59.32312726,1.37956E-06
697,1010,1,-78.832857,140.535643,-65.703665,249.218559,124.702272,20060209, 17:15:10.0000,-62.68779728,-59.31812516,-62.68699115,-59.31563571,-62.68779728,-59.31812516,3.26058E-06
697,1011,1,-77.341098,198.135539,-61.459479,249.218559,124.702272,20060209, 17:15:50.0000,-62.68619115,-59.31314183,-62.68619115,-59.31314183,-62.68619115,-59.31314183,4.59696E-06
697,1012,1,-81.291692,79.781646,-62.615359,249.218559,124.702272,20060209, 17:16:10.0000,-62.68538061,-59.31062516,-62.68457477,-59.3081429,-62.68538061,-59.31062516,1.85102E-06
697,1013,1,-85.973647,27.146104,-78.40914,249.218559,124.702272,20060209, 17:16:50.0000,-62.68377477,-59.3056367,-62.68377477,-59.3056367,-62.68377477,-59.3056367,6.29819E-07
697,1014,1,-84.566609,37.532831,-68.884061,249.218559,124.702272,20060209, 17:17:10.0000,-62.6829643,-59.3031929,-62.68214763,-59.30070956,-62.6829643,-59.3031929,8.70802E-07
697,1015,1,-85.671442,29.102345,-73.249211,249.218559,124.702272,20060209, 17:17:50.0000,-62.68133097,-59.29825956,-62.68049763,-59.29582623,-62.68133097,-59.29825956,6.75206E-07
697,1016,1,-78.737089,143.669078,-67.693851,249.218559,124.702272,20060209, 17:18:30.0000,-62.67967427,-59.2934077,-62.67967427,-59.2934077,-62.67967427,-59.2934077,3.33328E-06
697,1017,1,-87.711764,18.192642,-76.103502,249.218559,124.702272,20060209, 17:18:50.0000,-62.67884661,-59.29095649,-62.67804763,-59.28852623,-62.67884661,-59.29095649,4.22089E-07
697,1018,1,-86.755963,22.671271,-78.354248,249.218559,124.702272,20060209, 17:19:30.0000,-62.67724701,-59.2860683,-62.67724701,-59.2860683,-62.67724701,-59.2860683,5.25998E-07
697,1019,1,-84.87607,34.951454,-73.421136,249.218559,124.702272,20060209, 17:19:50.0000,-62.67644763,-59.28360956,-62.6756315,-59.28117782,-62.67644763,-59.28360956,8.10911E-07
697,1020,1,-82.198795,64.742981,-70.908526,249.218559,124.702272,20060209, 17:20:30.0000,-62.67481483,-59.27872152,-62.67400853,-59.27626746,-62.67481483,-59.27872152,1.50211E-06
697,1021,1,-86.076954,26.507992,-79.1285,249.218559,124.702272,20060209, 17:21:10.0000,-62.67320811,-59.27385337,-62.67320811,-59.27385337,-62.67320811,-59.27385337,6.15014E-07
697,1022,1,-83.647202,46.382276,-75.757502,249.218559,124.702272,20060209, 17:21:30.0000,-62.67239763,-59.27142623,-62.67157923,-59.26900435,-62.67239763,-59.27142623,1.07612E-06
697,1023,1,-82.848171,55.751315,-74.099612,249.218559,124.702272,20060209, 17:22:10.0000,-62.6707643,-59.2665929,-62.66994816,-59.26415486,-62.6707643,-59.2665929,1.29349E-06
697,1024,1,-82.784307,56.577205,-75.917761,249.218559,124.702272,20060209, 17:22:50.0000,-62.66914186,-59.26175486,-62.66914186,-59.26175486,-62.66914186,-59.26175486,1.31265E-06
697,1025,1,-72.879676,553.483483,-56.336625,249.218559,124.702272,20060209, 17:23:10.0000,-62.66834816,-59.25931116,-62.66753182,-59.25686212,-62.66834816,-59.25931116,1.28414E-05
697,1026,1,-74.988001,340.621544,-63.564856,249.218559,124.702272,20060209, 17:23:50.0000,-62.66672409,-59.25442367,-62.66672409,-59.25442367,-62.66672409,-59.25442367,7.90279E-06
697,1027,1,-82.434345,61.325019,-68.751281,249.218559,124.702272,20060209, 17:24:10.0000,-62.66592409,-59.252007,-62.66509551,-59.24950898,-62.66592409,-59.252007,1.42281E-06
697,1028,1,-85.947231,27.311725,-77.934331,249.218559,124.702272,20060209, 17:24:50.0000,-62.66434076,-59.247107,-62.66358111,-59.24472044,-62.66434076,-59.247107,6.33661E-07
697,1029,1,-73.125322,523.046156,-59.335249,249.218559,124.702272,20060209, 17:25:30.0000,-62.66281444,-59.24229333,-62.66281444,-59.24229333,-62.66281444,-59.24229333,1.21352E-05
697,1030,1,-85.461946,30.540603,-74.968511,249.218559,124.702272,20060209, 17:25:50.0000,-62.66203111,-59.23988289,-62.66123111,-59.23744333,-62.66203111,-59.23988289,7.08575E-07
697,1031,1,-86.049225,26.67778,-78.536142,249.218559,124.702272,20060209, 17:26:30.0000,-62.66045822,-59.23503711,-62.65968111,-59.23257666,-62.66045822,-59.23503711,6.18953E-07
697,1032,1,-85.12177,33.028983,-74.55003,249.218559,124.702272,20060209, 17:27:10.0000,-62.65889778,-59.23013711,-62.65889778,-59.23013711,-62.65889778,-59.23013711,7.66308E-07
697,1033,1,-88.106532,16.61189,-78.489779,249.218559,124.702272,20060209, 17:27:30.0000,-62.65813111,-59.22769333,-62.65734778,-59.22522666,-62.65813111,-59.22769333,3.85414E-07
697,1034,1,-81.769793,71.464918,-67.011502,249.218559,124.702272,20060209, 17:28:10.0000,-62.65659155,-59.22279333,-62.65582489,-59.22034333,-62.65659155,-59.22279333,1.65806E-06
697,1035,1,-80.630538,92.900569,-68.700142,249.218559,124.702272,20060209, 17:28:50.0000,-62.65505822,-59.21789333,-62.65505822,-59.21789333,-62.65505822,-59.21789333,2.15539E-06
697,1036,1,-81.367733,78.396903,-65.539737,249.218559,124.702272,20060209, 17:29:10.0000,-62.65427489,-59.21544333,-62.65350822,-59.21300378,-62.65427489,-59.21544333,1.81889E-06
697,1037,1,-81.929362,68.886796,-68.207621,249.218559,124.702272,20060209, 17:29:50.0000,-62.65274778,-59.21054333,-62.65274778,-59.21054333,-62.65274778,-59.21054333,1.59825E-06
697,1038,1,-84.659332,36.739988,-74.544885,249.218559,124.702272,20060209, 17:30:10.0000,-62.65198111,-59.20810378,-62.65121444,-59.20566,-62.65198111,-59.20810378,8.52407E-07
697,1039,1,-83.448667,48.551825,-73.713438,249.218559,124.702272,20060209, 17:30:50.0000,-62.65046444,-59.20318289,-62.64971265,-59.20072129,-62.65046444,-59.20318289,1.12645E-06
697,1040,1,-83.742523,45.375338,-75.545046,249.218559,124.702272,20060209, 17:31:30.0000,-62.64896444,-59.19827666,-62.64896444,-59.19827666,-62.64896444,-59.19827666,1.05276E-06
697,1041,1,-86.4419,24.371496,-77.175382,249.218559,124.702272,20060209, 17:31:50.0000,-62.64820822,-59.19582666,-62.64746538,-59.19337949,-62.64820822,-59.19582666,5.65445E-07
697,1042,1,-87.808296,17.79273,-78.810906,249.218559,124.702272,20060209, 17:32:30.0000,-62.64668147,-59.19097773,-62.64586491,-59.18858842,-62.64668147,-59.19097773,4.12811E-07
697,1043,1,-87.010687,21.379796,-76.572789,249.218559,124.702272,20060209, 17:33:10.0000,-62.64504845,-59.18624536,-62.64504845,-59.18624536,-62.64504845,-59.18624536,4.96034E-07
697,1044,1,-87.030913,21.280457,-76.032425,249.218559,124.702272,20060209, 17:33:30.0000,-62.64421495,-59.18390521,-62.6433989,-59.18154024,-62.64421495,-59.18390521,4.9373E-07
697,1045,1,-86.386165,24.686282,-76.497893,249.218559,124.702272,20060209, 17:34:10.0000,-62.6425804,-59.17915179,-62.64174993,-59.17682647,-62.6425804,-59.17915179,5.72748E-07
697,1046,1,-87.891218,17.456228,-76.825933,249.218559,124.702272,20060209, 17:34:50.0000,-62.64093151,-59.1744549,-62.64093151,-59.1744549,-62.64093151,-59.1744549,4.05003E-07
697,1047,1,-87.587019,18.72278,-75.46941,249.218559,124.702272,20060209, 17:35:10.0000,-62.6401424,-59.17214871,-62.6392989,-59.16974024,-62.6401424,-59.17214871,4.34389E-07
697,1048,1,-86.068413,26.560174,-74.377039,249.218559,124.702272,20060209, 17:35:50.0000,-62.63849215,-59.16733919,-62.6376989,-59.16493002,-62.63849215,-59.16733919,6.16225E-07
697,1049,1,-88.201973,16.250805,-76.670389,249.218559,124.702272,20060209, 17:36:30.0000,-62.63691519,-59.16251223,-62.63691519,-59.16251223,-62.63691519,-59.16251223,3.77036E-07
697,1050,1,-88.85838,13.971216,-77.62533,249.218559,124.702272,20060209, 17:36:50.0000,-62.63611519,-59.16013919,-62.63532575,-59.15776876,-62.63611519,-59.16013919,3.24147E-07
697,1051,1,-87.947652,17.230862,-73.643051,249.218559,124.702272,20060209, 17:37:30.0000,-62.63452521,-59.1553549,-62.63373185,-59.15295586,-62.63452521,-59.1553549,3.99775E-07
697,1052,1,-84.106743,41.725148,-72.482853,249.218559,124.702272,20060209, 17:38:10.0000,-62.63293632,-59.15060169,-62.63293632,-59.15060169,-62.63293632,-59.15060169,9.68068E-07
697,1053,1,-70.161044,1035.065398,-55.342186,249.218559,124.702272,20060209, 17:38:30.0000,-62.63209852,-59.14822253,-62.63126476,-59.14587134,-62.63209852,-59.14822253,2.40146E-05
697,1054,1,-86.871296,22.077129,-74.816303,249.218559,124.702272,20060209, 17:39:10.0000,-62.63041564,-59.14355713,-62.63041564,-59.14355713,-62.63041564,-59.14355713,5.12213E-07
697,1055,1,-86.508762,23.999161,-74.583375,249.218559,124.702272,20060209, 17:39:30.0000,-62.62957759,-59.14124392,-62.62875882,-59.13893282,-62.62957759,-59.14124392,5.56806E-07
697,1056,1,-86.394812,24.637184,-74.895052,249.218559,124.702272,20060209, 17:40:10.0000,-62.62791843,-59.13662458,-62.6270807,-59.13428597,-62.62791843,-59.13662458,5.71609E-07
697,1057,1,-85.771491,28.439575,-75.583142,249.218559,124.702272,20060209, 17:40:50.0000,-62.62623777,-59.13197243,-62.62623777,-59.13197243,-62.62623777,-59.13197243,6.59829E-07
697,1058,1,-86.409351,24.554839,-75.035356,249.218559,124.702272,20060209, 17:41:10.0000,-62.62539737,-59.12961931,-62.6245481,-59.127288,-62.62539737,-59.12961931,5.69699E-07
697,1059,1,-85.379293,31.127403,-72.60588,249.218559,124.702272,20060209, 17:41:50.0000,-62.62370007,-59.12493353,-62.62286276,-59.12258239,-62.62370007,-59.12493353,7.22189E-07
697,1060,1,-74.834198,352.900581,-60.683998,249.218559,124.702272,20060209, 17:42:30.0000,-62.62203311,-59.12029272,-62.62203311,-59.12029272,-62.62203311,-59.12029272,8.18767E-06
697,1061,1,-78.85725,139.748524,-62.314869,249.218559,124.702272,20060209, 17:42:50.0000,-62.62118164,-59.11795525,-62.62035274,-59.11564156,-62.62118164,-59.11795525,3.24232E-06
697,1062,1,-87.865935,17.558147,-75.047062,249.218559,124.702272,20060209, 17:43:30.0000,-62.6194894,-59.11327527,-62.61862977,-59.11090597,-62.6194894,-59.11327527,4.07368E-07
697,1063,1,-86.35005,24.892428,-75.399213,249.218559,124.702272,20060209, 17:44:10.0000,-62.61779228,-59.10857298,-62.61779228,-59.10857298,-62.61779228,-59.10857298,5.77531E-07
697,1064,1,-86.680194,23.070277,-76.001223,249.218559,124.702272,20060209, 17:44:30.0000,-62.61693764,-59.10625538,-62.6160789,-59.10391424,-62.61693764,-59.10625538,5.35255E-07
697,1065,1,-86.704644,22.940759,-75.044659,249.218559,124.702272,20060209, 17:45:10.0000,-62.61521898,-59.10158315,-62.61436465,-59.09922101,-62.61521898,-59.10158315,5.3225E-07
697,1066,1,-87.650967,18.449115,-76.912506,249.218559,124.702272,20060209, 17:45:50.0000,-62.61351535,-59.09686271,-62.61351535,-59.09686271,-62.61351535,-59.09686271,4.28039E-07
697,1067,1,-85.598858,29.592825,-74.352432,249.218559,124.702272,20060209, 17:46:10.0000,-62.61264888,-59.0944902,-62.61179721,-59.09215691,-62.61264888,-59.0944902,6.86585E-07
697,1068,1,-86.018721,26.865818,-77.056049,249.218559,124.702272,20060209, 17:46:50.0000,-62.61094868,-59.08980631,-62.61094868,-59.08980631,-62.61094868,-59.08980631,6.23316E-07
697,1069,1,-85.387009,31.072152,-73.495541,249.218559,124.702272,20060209, 17:47:10.0000,-62.61009913,-59.08747423,-62.60925389,-59.08513686,-62.61009913,-59.08747423,7.20907E-07
697,1070,1,-85.904694,27.580543,-74.292851,249.218559,124.702272,20060209, 17:47:50.0000,-62.60839976,-59.08282599,-62.60755263,-59.08048403,-62.60839976,-59.08282599,6.39898E-07
697,1071,1,-83.301387,50.226565,-72.52974,249.218559,124.702272,20060209, 17:48:30.0000,-62.60670274,-59.07815099,-62.60670274,-59.07815099,-62.60670274,-59.07815099,1.16531E-06
697,1072,1,-81.97075,68.233433,-70.158959,249.218559,124.702272,20060209, 17:48:50.0000,-62.60586696,-59.0758342,-62.60505003,-59.07346009,-62.60586696,-59.0758342,1.58309E-06
697,1073,1,-82.99515,53.896087,-74.674364,249.218559,124.702272,20060209, 17:49:30.0000,-62.60425993,-59.07107979,-62.603453,-59.06862567,-62.60425993,-59.07107979,1.25045E-06
697,1074,1,-82.431185,61.369658,-73.613368,249.218559,124.702272,20060209, 17:50:10.0000,-62.60265289,-59.06619199,-62.60265289,-59.06619199,-62.60265289,-59.06619199,1.42384E-06
697,1075,1,-83.014185,53.660377,-71.42939,249.218559,124.702272,20060209, 17:50:30.0000,-62.60183531,-59.06376553,-62.60102445,-59.06135279,-62.60183531,-59.06376553,1.24498E-06
697,1076,1,-82.19234,64.839286,-72.123184,249.218559,124.702272,20060209, 17:51:10.0000,-62.60021514,-59.05890573,-62.60021514,-59.05890573,-62.60021514,-59.05890573,1.50434E-06
697,1077,1,-83.033482,53.422471,-71.628754,249.218559,124.702272,20060209, 17:51:30.0000,-62.59941309,-59.05649998,-62.59861811,-59.05413766,-62.59941309,-59.05649998,1.23946E-06
697,1078,1,-78.873178,139.23693,-63.364506,249.218559,124.702272,20060209, 17:52:10.0000,-62.59782803,-59.0517481,-62.59701455,-59.04933739,-62.59782803,-59.0517481,3.23045E-06
697,1079,1,-84.045521,42.31751,-77.546409,249.218559,124.702272,20060209, 17:52:50.0000,-62.59621467,-59.04693775,-62.59621467,-59.04693775,-62.59621467,-59.04693775,9.81812E-07
697,1080,1,-85.349617,31.340828,-75.328989,249.218559,124.702272,20060209, 17:53:10.0000,-62.59539625,-59.04452207,-62.59458429,-59.04213621,-62.59539625,-59.04452207,7.27141E-07
697,1081,1,-83.38172,49.306053,-73.260205,249.218559,124.702272,20060209, 17:53:50.0000,-62.5937738,-59.03969998,-62.59294998,-59.03728326,-62.5937738,-59.03969998,1.14395E-06
697,1082,1,-82.679668,57.95694,-70.67001,249.218559,124.702272,20060209, 17:54:30.0000,-62.59213358,-59.0348607,-62.59213358,-59.0348607,-62.59213358,-59.0348607,1.34466E-06
697,1083,1,-87.671319,18.362859,-75.857122,249.218559,124.702272,20060209, 17:54:50.0000,-62.59132146,-59.03245564,-62.59049816,-59.03004449,-62.59132146,-59.03245564,4.26038E-07
697,1084,1,-87.220302,20.372391,-75.281931,249.218559,124.702272,20060209, 17:55:30.0000,-62.58968056,-59.02765223,-62.58888162,-59.02529401,-62.58968056,-59.02765223,4.72661E-07
697,1085,1,-85.585891,29.681316,-72.51088,249.218559,124.702272,20060209, 17:56:10.0000,-62.58806434,-59.02287636,-62.58806434,-59.02287636,-62.58806434,-59.02287636,6.88639E-07
697,1086,1,-82.685071,57.884882,-65.460525,249.218559,124.702272,20060209, 17:56:30.0000,-62.58724778,-59.0204871,-62.5864441,-59.0181127,-62.58724778,-59.0204871,1.34299E-06
697,1087,1,-88.515692,15.118302,-78.543594,249.218559,124.702272,20060209, 17:57:10.0000,-62.58564943,-59.01570841,-62.58564943,-59.01570841,-62.58564943,-59.01570841,3.50761E-07
697,1088,1,-89.439851,12.220448,-79.570753,249.218559,124.702272,20060209, 17:57:30.0000,-62.58481563,-59.01330709,-62.58401646,-59.01089938,-62.58481563,-59.01330709,2.83528E-07
697,1089,1,-76.034553,267.680611,-59.725782,249.218559,124.702272,20060209, 17:58:10.0000,-62.58319139,-59.00851589,-62.58236658,-59.00608306,-62.58319139,-59.00851589,6.21048E-06
697,1090,1,-77.122515,208.363044,-64.470076,249.218559,124.702272,20060209, 17:58:50.0000,-62.58155341,-59.00367691,-62.58155341,-59.00367691,-62.58155341,-59.00367691,4.83425E-06
697,1091,1,-78.674029,145.770388,-60.651213,249.218559,124.702272,20060209, 17:59:10.0000,-62.58073361,-59.00126749,-62.57991348,-58.99885711,-62.58073361,-59.00126749,3.38203E-06
697,1092,1,-80.661803,92.23419,-67.218762,249.218559,124.702272,20060209, 17:59:50.0000,-62.57909891,-58.9964634,-62.57827656,-58.99402628,-62.57909891,-58.9964634,2.13993E-06
697,1093,1,-83.374891,49.383644,-71.704189,249.218559,124.702272,20060209, 18:00:30.0000,-62.57746551,-58.99162342,-62.57746551,-58.99162342,-62.57746551,-58.99162342,1.14575E-06
697,1094,1,-78.936706,137.215023,-63.758666,249.218559,124.702272,20060209, 18:00:50.0000,-62.57667139,-58.98923988,-62.57583368,-58.98683438,-62.57667139,-58.98923988,3.18354E-06
697,1095,1,-69.806296,1123.162483,-56.052194,249.218559,124.702272,20060209, 18:01:30.0000,-62.57500124,-58.98444681,-62.57500124,-58.98444681,-62.57500124,-58.98444681,2.60586E-05
697,1096,1,-88.60991,14.793849,-79.567904,249.218559,124.702272,20060209, 18:01:50.0000,-62.5741876,-58.98203863,-62.57333258,-58.97962456,-62.5741876,-58.98203863,3.43233E-07
697,1097,1,-76.062139,265.9857,-61.293209,249.218559,124.702272,20060209, 18:02:30.0000,-62.57250985,-58.97719944,-62.57170027,-58.97477741,-62.57250985,-58.97719944,6.17115E-06
697,1098,1,-82.502749,60.366677,-69.932629,249.218559,124.702272,20060209, 18:03:10.0000,-62.57086687,-58.97238394,-62.57086687,-58.97238394,-62.57086687,-58.97238394,1.40057E-06
697,1099,1,-80.269301,100.958313,-64.561929,249.218559,124.702272,20060209, 18:03:30.0000,-62.57005885,-58.96993932,-62.56923312,-58.96753271,-62.57005885,-58.96993932,2.34234E-06
697,1100,1,-83.536306,47.58188,-71.510269,249.218559,124.702272,20060209, 18:04:10.0000,-62.5684158,-58.96511407,-62.56759714,-58.96271867,-62.5684158,-58.96511407,1.10395E-06
697,1101,1,-86.616831,23.409335,-79.727094,249.218559,124.702272,20060209, 18:04:50.0000,-62.56678394,-58.96029503,-62.56678394,-58.96029503,-62.56678394,-58.96029503,5.43122E-07
697,1102,1,-85.531309,30.056705,-76.659593,249.218559,124.702272,20060209, 18:05:10.0000,-62.56594729,-58.95788573,-62.56511312,-58.95548341,-62.56594729,-58.95788573,6.97348E-07
697,1103,1,-87.630747,18.535211,-79.259036,249.218559,124.702272,20060209, 18:05:50.0000,-62.56428329,-58.9531432,-62.56428329,-58.9531432,-62.56428329,-58.9531432,4.30037E-07
697,1104,1,-85.623084,29.428208,-77.330672,249.218559,124.702272,20060209, 18:06:10.0000,-62.56343318,-58.95073289,-62.56260034,-58.94836096,-62.56343318,-58.95073289,6.82766E-07
697,1105,1,-86.104411,26.34093,-75.557098,249.218559,124.702272,20060209, 18:06:50.0000,-62.56176559,-58.94597366,-62.56095317,-58.94358555,-62.56176559,-58.94597366,6.11138E-07
697,1106,1,-84.2591,40.28675,-75.13424,249.218559,124.702272,20060209, 18:07:30.0000,-62.56013378,-58.94117793,-62.56013378,-58.94117793,-62.56013378,-58.94117793,9.34696E-07
697,1107,1,-81.029408,84.748373,-67.998918,249.218559,124.702272,20060209, 18:07:50.0000,-62.55933707,-58.93882045,-62.55851825,-58.9364311,-62.55933707,-58.93882045,1.96625E-06
697,1108,1,-77.167358,206.222674,-64.901747,249.218559,124.702272,20060209, 18:08:30.0000,-62.55768388,-58.93404486,-62.55686683,-58.93166716,-62.55768388,-58.93404486,4.78459E-06
697,1109,1,-79.116381,131.654014,-66.468066,249.218559,124.702272,20060209, 18:09:10.0000,-62.55604546,-58.92926971,-62.55604546,-58.92926971,-62.55604546,-58.92926971,3.05452E-06
697,1110,1,-82.379577,62.10327,-71.518814,249.218559,124.702272,20060209, 18:09:30.0000,-62.55523171,-58.92692847,-62.55440771,-58.92451865,-62.55523171,-58.92692847,1.44086E-06
697,1111,1,-83.2609,50.696998,-76.928153,249.218559,124.702272,20060209, 18:10:10.0000,-62.55359623,-58.92213277,-62.55359623,-58.92213277,-62.55359623,-58.92213277,1.17623E-06
697,1112,1,-81.736249,72.019031,-67.352742,249.218559,124.702272,20060209, 18:10:30.0000,-62.5527562,-58.91975891,-62.5519138,-58.91736865,-62.5527562,-58.91975891,1.67092E-06
697,1113,1,-74.989733,340.485745,-60.414855,249.218559,124.702272,20060209, 18:11:10.0000,-62.55107956,-58.91497202,-62.55024592,-58.9125819,-62.55107956,-58.91497202,7.89964E-06
697,1114,1,-84.497437,38.135421,-73.358174,249.218559,124.702272,20060209, 18:11:50.0000,-62.54941595,-58.91019785,-62.54941595,-58.91019785,-62.54941595,-58.91019785,8.84783E-07
697,1115,1,-82.505848,60.323618,-70.808833,249.218559,124.702272,20060209, 18:12:10.0000,-62.54859623,-58.90776611,-62.54779592,-58.9053819,-62.54859623,-58.90776611,1.39957E-06
697,1116,1,-69.959228,1084.299845,-55.144346,249.218559,124.702272,20060209, 18:12:50.0000,-62.54696843,-58.90299856,-62.54614592,-58.90062108,-62.54696843,-58.90299856,2.51569E-05
697,1117,1,-69.767751,1133.175309,-61.440866,249.218559,124.702272,20060209, 18:13:30.0000,-62.54533262,-58.89822466,-62.54533262,-58.89822466,-62.54533262,-58.89822466,2.62909E-05
697,1118,1,-83.207195,51.327802,-68.867001,249.218559,124.702272,20060209, 18:13:50.0000,-62.5445138,-58.89580808,-62.54371347,-58.8933904,-62.5445138,-58.89580808,1.19086E-06
697,1119,1,-75.201956,324.247471,-61.682589,249.218559,124.702272,20060209, 18:14:30.0000,-62.54289648,-58.89095611,-62.54289648,-58.89095611,-62.54289648,-58.89095611,7.52289E-06
697,1120,1,-74.363038,393.340264,-57.394666,249.218559,124.702272,20060209, 18:14:50.0000,-62.54208262,-58.88855799,-62.54128066,-58.88615252,-62.54208262,-58.88855799,9.12592E-06
697,1121,1,-78.604139,148.135226,-66.239185,249.218559,124.702272,20060209, 18:15:30.0000,-62.54045943,-58.88378118,-62.53964711,-58.88138524,-62.54045943,-58.88378118,3.4369E-06
697,1122,1,-84.217347,40.675931,-77.659711,249.218559,124.702272,20060209, 18:16:10.0000,-62.53883009,-58.87900092,-62.53883009,-58.87900092,-62.53883009,-58.87900092,9.43725E-07
697,1123,1,-83.533175,47.616197,-75.549297,249.218559,124.702272,20060209, 18:16:30.0000,-62.53801378,-58.87660191,-62.53721595,-58.87424132,-62.53801378,-58.87660191,1.10475E-06
697,1124,1,-82.361171,62.367038,-68.750257,249.218559,124.702272,20060209, 18:17:10.0000,-62.53639557,-58.87184759,-62.53558311,-58.86945939,-62.53639557,-58.87184759,1.44698E-06
697,1125,1,-69.537454,1194.886809,-56.395605,249.218559,124.702272,20060209, 18:17:50.0000,-62.53476645,-58.86707605,-62.53476645,-58.86707605,-62.53476645,-58.86707605,2.77227E-05
697,1126,1,-82.601493,59.009637,-75.821835,249.218559,124.702272,20060209, 18:18:10.0000,-62.53396458,-58.86469373,-62.5331738,-58.86231662,-62.53396458,-58.86469373,1.36909E-06
697,1127,1,-82.688314,57.841664,-75.960256,249.218559,124.702272,20060209, 18:18:50.0000,-62.53238152,-58.85994455,-62.53158159,-58.85753846,-62.53238152,-58.85994455,1.34199E-06
697,1128,1,-80.917195,86.966645,-73.87637,249.218559,124.702272,20060209, 18:19:30.0000,-62.53077436,-58.855158,-62.53077436,-58.855158,-62.53077436,-58.855158,2.01772E-06
697,1129,1,-79.348946,124.789391,-65.855154,249.218559,124.702272,20060209, 18:19:50.0000,-62.52996606,-58.85279819,-62.52918273,-58.85040832,-62.52996606,-58.85279819,2.89525E-06
697,1130,1,-82.415189,61.596116,-74.876677,249.218559,124.702272,20060209, 18:20:30.0000,-62.52837567,-58.84805651,-62.52759285,-58.84567498,-62.52837567,-58.84805651,1.4291E-06
697,1131,1,-81.378049,78.210897,-72.742914,249.218559,124.702272,20060209, 18:21:10.0000,-62.52678042,-58.84330185,-62.52678042,-58.84330185,-62.52678042,-58.84330185,1.81458E-06
697,1132,1,-71.47739,764.422099,-54.813613,249.218559,124.702272,20060209, 18:21:30.0000,-62.52598139,-58.84090457,-62.52520666,-58.83848165,-62.52598139,-58.84090457,1.77354E-05
697,1133,1,-84.657404,36.7563,-79.500243,249.218559,124.702272,20060209, 18:22:10.0000,-62.52443074,-58.83605889,-62.52443074,-58.83605889,-62.52443074,-58.83605889,8.52786E-07
697,1134,1,-86.528024,23.892954,-80.203477,249.218559,124.702272,20060209, 18:22:30.0000,-62.52364676,-58.83362361,-62.52284826,-58.83120512,-62.52364676,-58.83362361,5.54342E-07
697,1135,1,-85.655453,29.20969,-78.463759,249.218559,124.702272,20060209, 18:23:10.0000,-62.52204741,-58.82880274,-62.52126393,-58.82638567,-62.52204741,-58.82880274,6.77696E-07
697,1136,1,-81.219453,81.119816,-69.717331,249.218559,124.702272,20060209, 18:23:50.0000,-62.52049617,-58.82393851,-62.52049617,-58.82393851,-62.52049617,-58.82393851,1.88207E-06
697,1137,1,-84.965307,34.240615,-77.45003,249.218559,124.702272,20060209, 18:24:10.0000,-62.51971407,-58.82150889,-62.5189295,-58.81904927,-62.51971407,-58.82150889,7.94419E-07
697,1138,1,-83.743458,45.365575,-75.53966,249.218559,124.702272,20060209, 18:24:50.0000,-62.51818464,-58.81657989,-62.51742461,-58.81399842,-62.51818464,-58.81657989,1.05253E-06
697,1139,1,-84.384969,39.135898,-79.873214,249.218559,124.702272,20060209, 18:25:30.0000,-62.51666455,-58.81146031,-62.51666455,-58.81146031,-62.51666455,-58.81146031,9.07995E-07
697,1140,1,-85.195355,32.474069,-75.696911,249.218559,124.702272,20060209, 18:25:50.0000,-62.51588117,-58.80898356,-62.5151179,-58.80649631,-62.51588117,-58.80898356,7.53433E-07
697,1141,1,-84.319513,39.730214,-77.351944,249.218559,124.702272,20060209, 18:26:30.0000,-62.51431737,-58.80393544,-62.51431737,-58.80393544,-62.51431737,-58.80393544,9.21784E-07
697,1142,1,-86.11045,26.304328,-79.322982,249.218559,124.702272,20060209, 18:26:50.0000,-62.5135293,-58.80141043,-62.51271297,-58.79890556,-62.5135293,-58.80141043,6.10289E-07
697,1143,1,-71.350999,786.99563,-54.72188,249.218559,124.702272,20060209, 18:27:30.0000,-62.51187399,-58.79643395,-62.51104809,-58.79398798,-62.51187399,-58.79643395,1.82591E-05
697,1144,1,-84.629773,36.990903,-79.190007,249.218559,124.702272,20060209, 18:28:10.0000,-62.51020881,-58.7915622,-62.51020881,-58.7915622,-62.51020881,-58.7915622,8.58229E-07
697,1145,1,-84.436003,38.678703,-80.21381,249.218559,124.702272,20060209, 18:28:30.0000,-62.50939394,-58.78913183,-62.50857228,-58.78672796,-62.50939394,-58.78913183,8.97388E-07
697,1146,1,-80.520705,95.279991,-67.507343,249.218559,124.702272,20060209, 18:29:10.0000,-62.50773218,-58.78420676,-62.50773218,-58.78420676,-62.50773218,-58.78420676,2.2106E-06
697,1147,1,-83.885233,43.908529,-78.383624,249.218559,124.702272,20060209, 18:29:30.0000,-62.50689684,-58.78174051,-62.50605714,-58.77926784,-62.50689684,-58.78174051,1.01873E-06
697,1148,1,-75.748941,285.876247,-59.997927,249.218559,124.702272,20060209, 18:30:10.0000,-62.50522192,-58.77679908,-62.50438384,-58.77428484,-62.50522192,-58.77679908,6.63264E-06
697,1149,1,-82.50253,60.369731,-74.541788,249.218559,124.702272,20060209, 18:30:50.0000,-62.50355012,-58.77180036,-62.50355012,-58.77180036,-62.50355012,-58.77180036,1.40064E-06
697,1150,1,-74.104306,417.485749,-59.020174,249.218559,124.702272,20060209, 18:31:10.0000,-62.50272389,-58.7692896,-62.50189844,-58.76680564,-62.50272389,-58.7692896,9.68612E-06
697,1151,1,-84.970166,34.202324,-80.768013,249.218559,124.702272,20060209, 18:31:50.0000,-62.50106475,-58.7643276,-62.50106475,-58.7643276,-62.50106475,-58.7643276,7.93531E-07
697,1152,1,-78.390375,155.608999,-61.657295,249.218559,124.702272,20060209, 18:32:10.0000,-62.50022225,-58.76184728,-62.49938017,-58.75939051,-62.50022225,-58.76184728,3.6103E-06
697,1153,1,-84.754297,35.945331,-79.330561,249.218559,124.702272,20060209, 18:32:50.0000,-62.49855518,-58.75693991,-62.49855518,-58.75693991,-62.49855518,-58.75693991,8.3397E-07
697,1154,1,-84.580283,37.41484,-78.289875,249.218559,124.702272,20060209, 18:33:10.0000,-62.4977153,-58.75444591,-62.49686681,-58.75198376,-62.4977153,-58.75444591,8.68065E-07
697,1155,1,-83.134384,52.195588,-71.487066,249.218559,124.702272,20060209, 18:33:50.0000,-62.4960408,-58.74956425,-62.49518316,-58.74704947,-62.4960408,-58.74956425,1.21099E-06
697,1156,1,-85.837199,28.01253,-82.112604,249.218559,124.702272,20060209, 18:34:30.0000,-62.4943362,-58.74455717,-62.4943362,-58.74455717,-62.4943362,-58.74455717,6.49921E-07
697,1157,1,-84.353674,39.418931,-72.203865,249.218559,124.702272,20060209, 18:34:50.0000,-62.49349897,-58.74206356,-62.4926465,-58.73956686,-62.49349897,-58.74206356,9.14562E-07
697,1158,1,-82.027855,67.342112,-69.98818,249.218559,124.702272,20060209, 18:35:30.0000,-62.49178657,-58.73708573,-62.49178657,-58.73708573,-62.49178657,-58.73708573,1.56241E-06
697,1159,1,-84.089323,41.892848,-70.52906,249.218559,124.702272,20060209, 18:35:50.0000,-62.49091999,-58.73460997,-62.49005002,-58.73210674,-62.49091999,-58.73460997,9.71959E-07
697,1160,1,-85.038026,33.672055,-74.067865,249.218559,124.702272,20060209, 18:36:30.0000,-62.48919702,-58.72959107,-62.48919702,-58.72959107,-62.48919702,-58.72959107,7.81228E-07
697,1161,1,-81.711062,72.437932,-68.357394,249.218559,124.702272,20060209, 18:36:50.0000,-62.4883627,-58.72707732,-62.48753577,-58.72459064,-62.4883627,-58.72707732,1.68064E-06
697,1162,1,-81.377563,78.219661,-69.734181,249.218559,124.702272,20060209, 18:37:30.0000,-62.48671824,-58.72208106,-62.48588203,-58.71955634,-62.48671824,-58.72208106,1.81478E-06
697,1163,1,-81.708223,72.4853,-70.473156,249.218559,124.702272,20060209, 18:38:10.0000,-62.4850499,-58.71708303,-62.4850499,-58.71708303,-62.4850499,-58.71708303,1.68174E-06
697,1164,1,-83.185587,51.583822,-72.221936,249.218559,124.702272,20060209, 18:38:30.0000,-62.48418825,-58.71457896,-62.48332879,-58.71211395,-62.48418825,-58.71457896,1.1968E-06
697,1165,1,-83.242652,50.910458,-78.145222,249.218559,124.702272,20060209, 18:39:10.0000,-62.48250274,-58.70965821,-62.48250274,-58.70965821,-62.48250274,-58.70965821,1.18118E-06
697,1166,1,-79.455321,121.769959,-63.802451,249.218559,124.702272,20060209, 18:39:30.0000,-62.4816311,-58.70715376,-62.48076803,-58.70468741,-62.4816311,-58.70715376,2.82519E-06
697,1167,1,-84.910325,34.676854,-77.441128,249.218559,124.702272,20060209, 18:40:10.0000,-62.4799178,-58.70222984,-62.4799178,-58.70222984,-62.4799178,-58.70222984,8.0454E-07
697,1168,1,-85.085997,33.302172,-74.462609,249.218559,124.702272,20060209, 18:40:30.0000,-62.47907668,-58.69976337,-62.47821375,-58.69719124,-62.47907668,-58.69976337,7.72646E-07
697,1169,1,-86.476671,24.177148,-77.977934,249.218559,124.702272,20060209, 18:41:10.0000,-62.47739224,-58.69470184,-62.47739224,-58.69470184,-62.47739224,-58.69470184,5.60936E-07
697,1170,1,-84.537181,37.788018,-76.088702,249.218559,124.702272,20060209, 18:41:30.0000,-62.47652001,-58.6921417,-62.47570025,-58.68964228,-62.47652001,-58.6921417,8.76723E-07
697,1171,1,-82.165495,65.24132,-74.03419,249.218559,124.702272,20060209, 18:42:10.0000,-62.47483612,-58.68709169,-62.4739605,-58.68456485,-62.47483612,-58.68709169,1.51367E-06
697,1172,1,-81.490804,76.206463,-74.317373,249.218559,124.702272,20060209, 18:42:50.0000,-62.47310365,-58.68207761,-62.47310365,-58.68207761,-62.47310365,-58.68207761,1.76807E-06
697,1173,1,-81.281239,79.9739,-73.347683,249.218559,124.702272,20060209, 18:43:10.0000,-62.47225351,-58.67954826,-62.47139007,-58.67703352,-62.47225351,-58.67954826,1.85548E-06
697,1174,1,-82.510232,60.262765,-76.596459,249.218559,124.702272,20060209, 18:43:50.0000,-62.47049968,-58.67454904,-62.47049968,-58.67454904,-62.47049968,-58.67454904,1.39816E-06
697,1175,1,-82.461119,60.94812,-74.804101,249.218559,124.702272,20060209, 18:44:10.0000,-62.46961559,-58.6720301,-62.46873036,-58.66951833,-62.46961559,-58.6720301,1.41406E-06
697,1176,1,-81.905157,69.271805,-74.70382,249.218559,124.702272,20060209, 18:44:50.0000,-62.46786515,-58.66701211,-62.46786515,-58.66701211,-62.46786515,-58.66701211,1.60718E-06
697,1177,1,-81.891723,69.486423,-70.897344,249.218559,124.702272,20060209, 18:45:10.0000,-62.46701199,-58.66453596,-62.46614277,-58.66195691,-62.46701199,-58.66453596,1.61216E-06
697,1178,1,-81.173287,81.986718,-72.05587,249.218559,124.702272,20060209, 18:45:50.0000,-62.46526932,-58.65942461,-62.46526932,-58.65942461,-62.46526932,-58.65942461,1.90218E-06
697,1179,1,-82.063612,66.789937,-74.585983,249.218559,124.702272,20060209, 18:46:10.0000,-62.46440889,-58.65689333,-62.46351339,-58.65435684,-62.46440889,-58.65689333,1.5496E-06
697,1180,1,-81.574647,74.749365,-73.905519,249.218559,124.702272,20060209, 18:46:50.0000,-62.46263948,-58.65185177,-62.46263948,-58.65185177,-62.46263948,-58.65185177,1.73427E-06
697,1181,1,-81.658349,73.322506,-73.497462,249.218559,124.702272,20060209, 18:47:10.0000,-62.4617519,-58.6493057,-62.46086028,-58.64678085,-62.4617519,-58.6493057,1.70116E-06
697,1182,1,-81.211333,81.271628,-72.657979,249.218559,124.702272,20060209, 18:47:50.0000,-62.45996444,-58.64421,-62.45996444,-58.64421,-62.45996444,-58.64421,1.88559E-06
697,1183,1,-80.718859,91.030372,-72.215936,249.218559,124.702272,20060209, 18:48:10.0000,-62.45908096,-58.64170954,-62.45820449,-58.63919681,-62.45908096,-58.64170954,2.112E-06
697,1184,1,-81.27248,80.135356,-72.538229,249.218559,124.702272,20060209, 18:48:50.0000,-62.45730253,-58.63663966,-62.45641732,-58.63411862,-62.45730253,-58.63663966,1.85923E-06
697,1185,1,-79.557547,118.937151,-68.998124,249.218559,124.702272,20060209, 18:49:30.0000,-62.45552504,-58.63157094,-62.45552504,-58.63157094,-62.45552504,-58.63157094,2.75947E-06
697,1186,1,-79.65675,116.25114,-70.64888,249.218559,124.702272,20060209, 18:49:50.0000,-62.45465936,-58.6290533,-62.45374587,-58.62647093,-62.45465936,-58.6290533,2.69715E-06
697,1187,1,-80.30119,100.219728,-70.312154,249.218559,124.702272,20060209, 18:50:30.0000,-62.45288461,-58.62398673,-62.45288461,-58.62398673,-62.45288461,-58.62398673,2.32521E-06
697,1188,1,-80.369689,98.651423,-72.194963,249.218559,124.702272,20060209, 18:50:50.0000,-62.45199948,-58.62138178,-62.45112034,-58.61887769,-62.45199948,-58.62138178,2.28882E-06
697,1189,1,-80.988002,85.560238,-73.845019,249.218559,124.702272,20060209, 18:51:30.0000,-62.45023707,-58.61632045,-62.45023707,-58.61632045,-62.45023707,-58.61632045,1.98509E-06
697,1190,1,-83.641873,46.439225,-76.2208,249.218559,124.702272,20060209, 18:51:50.0000,-62.4493563,-58.61374908,-62.44848078,-58.61119233,-62.4493563,-58.61374908,1.07744E-06
697,1191,1,-85.556559,29.882455,-77.742176,249.218559,124.702272,20060209, 18:52:30.0000,-62.44759623,-58.60860535,-62.44759623,-58.60860535,-62.44759623,-58.60860535,6.93305E-07
697,1192,1,-83.548898,47.444127,-73.058993,249.218559,124.702272,20060209, 18:52:50.0000,-62.44673346,-58.60601704,-62.44585369,-58.60347033,-62.44673346,-58.60601704,1.10075E-06
697,1193,1,-80.798923,89.367554,-71.647293,249.218559,124.702272,20060209, 18:53:30.0000,-62.44495094,-58.600943,-62.44495094,-58.600943,-62.44495094,-58.600943,2.07342E-06
697,1194,1,-82.823507,56.068832,-71.584298,249.218559,124.702272,20060209, 18:53:50.0000,-62.44402811,-58.59844528,-62.44313949,-58.59591538,-62.44402811,-58.59844528,1.30086E-06
697,1195,1,-86.889774,21.983396,-80.26878,249.218559,124.702272,20060209, 18:54:30.0000,-62.44224404,-58.59346009,-62.44224404,-58.59346009,-62.44224404,-58.59346009,5.10038E-07
697,1196,1,-85.823716,28.099631,-79.019826,249.218559,124.702272,20060209, 18:54:50.0000,-62.4413896,-58.59095213,-62.44049091,-58.58841894,-62.4413896,-58.59095213,6.51942E-07
697,1197,1,-85.388454,31.061817,-79.230788,249.218559,124.702272,20060209, 18:55:30.0000,-62.43961956,-58.58584924,-62.43961956,-58.58584924,-62.43961956,-58.58584924,7.20668E-07
697,1198,1,-85.823874,28.098611,-72.922006,249.218559,124.702272,20060209, 18:55:50.0000,-62.43873771,-58.58325402,-62.43787104,-58.58066093,-62.43873771,-58.58325402,6.51918E-07
697,1199,1,-86.176219,25.908979,-77.463735,249.218559,124.702272,20060209, 18:56:30.0000,-62.4369813,-58.57807722,-62.4369813,-58.57807722,-62.4369813,-58.57807722,6.01116E-07
697,1200,1,-81.452542,76.880818,-69.126324,249.218559,124.702272,20060209, 18:56:50.0000,-62.43607676,-58.57557524,-62.43516,-58.57305834,-62.43607676,-58.57557524,1.78372E-06
697,1201,1,-80.445615,96.941712,-68.99857,249.218559,124.702272,20060209, 18:57:30.0000,-62.43425917,-58.57057294,-62.43425917,-58.57057294,-62.43425917,-58.57057294,2.24915E-06
697,1202,1,-81.708227,72.485237,-70.880401,249.218559,124.702272,20060209, 18:57:50.0000,-62.4333774,-58.56806948,-62.43249998,-58.56552326,-62.4333774,-58.56806948,1.68174E-06
697,1203,1,-80.696693,91.49616,-70.648554,249.218559,124.702272,20060209, 18:58:30.0000,-62.43161787,-58.56302026,-62.43161787,-58.56302026,-62.43161787,-58.56302026,2.12281E-06
697,1204,1,-83.195034,51.471737,-72.102632,249.218559,124.702272,20060209, 18:58:50.0000,-62.43072526,-58.56049784,-62.42983878,-58.55798028,-62.43072526,-58.56049784,1.1942E-06
697,1205,1,-85.138078,32.905194,-78.370192,249.218559,124.702272,20060209, 18:59:30.0000,-62.42895146,-58.5554877,-62.42895146,-58.5554877,-62.42895146,-58.5554877,7.63436E-07
697,1206,1,-83.926343,43.494855,-76.818596,249.218559,124.702272,20060209, 18:59:50.0000,-62.4280516,-58.55297147,-62.42719733,-58.550442,-62.4280516,-58.55297147,1.00913E-06
697,1207,1,-84.779034,35.741171,-77.536265,249.218559,124.702272,20060209, 19:00:30.0000,-62.42633169,-58.5479014,-62.42546374,-58.54536767,-62.42633169,-58.5479014,8.29234E-07
697,1208,1,-83.979115,42.969537,-77.086963,249.218559,124.702272,20060209, 19:01:10.0000,-62.42459873,-58.54279619,-62.42459873,-58.54279619,-62.42459873,-58.54279619,9.9694E-07
697,1209,1,-84.440316,38.640313,-79.400001,249.218559,124.702272,20060209, 19:01:30.0000,-62.42373588,-58.54021482,-62.42286938,-58.53764148,-62.42373588,-58.54021482,8.96497E-07
697,1210,1,-85.402215,30.96355,-79.042451,249.218559,124.702272,20060209, 19:02:10.0000,-62.42200463,-58.5350679,-62.42200463,-58.5350679,-62.42200463,-58.5350679,7.18388E-07
697,1211,1,-84.975595,34.159595,-79.650264,249.218559,124.702272,20060209, 19:02:30.0000,-62.42113978,-58.53251611,-62.42026886,-58.52998991,-62.42113978,-58.53251611,7.92539E-07
697,1212,1,-84.210897,40.736388,-78.705641,249.218559,124.702272,20060209, 19:03:10.0000,-62.41939926,-58.52745428,-62.41939926,-58.52745428,-62.41939926,-58.52745428,9.45128E-07
697,1213,1,-83.811159,44.663865,-76.810155,249.218559,124.702272,20060209, 19:03:30.0000,-62.41851404,-58.52488159,-62.41764013,-58.52235033,-62.41851404,-58.52488159,1.03625E-06
697,1214,1,-84.428135,38.748838,-78.340976,249.218559,124.702272,20060209, 19:04:10.0000,-62.41673883,-58.51981374,-62.41673883,-58.51981374,-62.41673883,-58.51981374,8.99015E-07
697,1215,1,-83.525116,47.704643,-76.932638,249.218559,124.702272,20060209, 19:04:30.0000,-62.41586788,-58.51730365,-62.41500754,-58.51483552,-62.41586788,-58.51730365,1.1068E-06
697,1216,1,-84.077726,42.004868,-79.074194,249.218559,124.702272,20060209, 19:05:10.0000,-62.4141674,-58.51239538,-62.4141674,-58.51239538,-62.4141674,-58.51239538,9.74558E-07
697,1217,1,-84.761473,35.885988,-78.760923,249.218559,124.702272,20060209, 19:05:30.0000,-62.41333202,-58.50994605,-62.41253427,-58.50751263,-62.41333202,-58.50994605,8.32594E-07
697,1218,1,-84.424419,38.782015,-78.787938,249.218559,124.702272,20060209, 19:06:10.0000,-62.41172542,-58.50509531,-62.410918,-58.50273039,-62.41172542,-58.50509531,8.99785E-07
697,1219,1,-85.57235,29.774005,-81.144677,249.218559,124.702272,20060209, 19:06:50.0000,-62.41012561,-58.50038964,-62.41012561,-58.50038964,-62.41012561,-58.50038964,6.90789E-07
697,1220,1,-86.072068,26.537833,-78.033769,249.218559,124.702272,20060209, 19:07:10.0000,-62.40933236,-58.4980406,-62.40854868,-58.49568964,-62.40933236,-58.4980406,6.15706E-07
697,1221,1,-86.413114,24.533571,-80.786734,249.218559,124.702272,20060209, 19:07:50.0000,-62.40778315,-58.49337615,-62.40700922,-58.49107394,-62.40778315,-58.49337615,5.69205E-07
697,1222,1,-85.446957,30.646191,-80.741977,249.218559,124.702272,20060209, 19:08:30.0000,-62.40626854,-58.48880821,-62.40626854,-58.48880821,-62.40626854,-58.48880821,7.11025E-07
697,1223,1,-86.076312,26.511912,-80.462431,249.218559,124.702272,20060209, 19:08:50.0000,-62.4055174,-58.48651204,-62.40477589,-58.4842406,-62.4055174,-58.48651204,6.15105E-07
697,1224,1,-85.955776,27.258039,-78.257072,249.218559,124.702272,20060209, 19:09:30.0000,-62.40403521,-58.48200821,-62.40331023,-58.47978742,-62.40403521,-58.48200821,6.32416E-07
697,1225,1,-86.631313,23.331404,-79.933327,249.218559,124.702272,20060209, 19:10:10.0000,-62.40259356,-58.47754414,-62.40189483,-58.47537488,-62.40259356,-58.47754414,5.41314E-07
697,1226,1,-86.410304,24.54945,-81.160898,249.218559,124.702272,20060209, 19:10:50.0000,-62.40117723,-58.47320517,-62.40046013,-58.47105376,-62.40117723,-58.47320517,5.69574E-07
697,1227,1,-85.850857,27.924571,-80.862789,249.218559,124.702272,20060209, 19:11:30.0000,-62.39973236,-58.46891746,-62.39973236,-58.46891746,-62.39973236,-58.46891746,6.4788E-07
697,1228,1,-85.181011,32.581502,-76.782696,249.218559,124.702272,20060209, 19:11:50.0000,-62.39902723,-58.46682183,-62.39834432,-58.46474964,-62.39902723,-58.46682183,7.55926E-07
697,1229,1,-85.860821,27.860581,-78.455491,249.218559,124.702272,20060209, 19:12:30.0000,-62.3976615,-58.46271784,-62.39697734,-58.46066536,-62.3976615,-58.46271784,6.46396E-07
697,1230,1,-83.849748,44.268771,-73.20026,249.218559,124.702272,20060209, 19:13:10.0000,-62.39629445,-58.45870974,-62.3954689,-58.45718068,-62.39629445,-58.45870974,1.02708E-06
697,1231,1,-82.188723,64.893311,-71.409642,249.218559,124.702272,20060209, 19:14:10.0000,-62.39465223,-58.4557069,-62.39307883,-58.45294099,-62.39384847,-58.45427392,1.50559E-06
697,1232,1,-80.336514,99.407874,-66.536413,249.218559,124.702272,20060209, 19:14:50.0000,-62.39221937,-58.45164099,-62.3913955,-58.45041712,-62.39221937,-58.45164099,2.30637E-06
697,1233,1,-79.659348,116.181626,-68.463823,249.218559,124.702272,20060209, 19:15:30.0000,-62.3906027,-58.44920045,-62.38981709,-58.44798059,-62.3906027,-58.44920045,2.69554E-06
697,1234,1,-81.58132,74.634607,-72.514854,249.218559,124.702272,20060209, 19:16:30.0000,-62.38905042,-58.44689051,-62.38752791,-58.4448252,-62.38828385,-58.44585728,1.7316E-06
697,1235,1,-83.612176,46.757855,-74.529226,249.218559,124.702272,20060209, 19:17:10.0000,-62.38680943,-58.44382248,-62.38606114,-58.44280838,-62.38680943,-58.44382248,1.08483E-06
697,1236,1,-83.567723,47.238917,-73.626638,249.218559,124.702272,20060209, 19:18:10.0000,-62.38542781,-58.44187505,-62.38414309,-58.44003303,-62.38476152,-58.44097561,1.09599E-06
697,1237,1,-83.649759,46.354974,-72.374101,249.218559,124.702272,20060209, 19:19:10.0000,-62.38355447,-58.43916856,-62.38238615,-58.43755931,-62.38294295,-58.43834952,1.07549E-06
697,1238,1,-81.502394,76.003367,-68.625182,249.218559,124.702272,20060209, 19:20:10.0000,-62.38185375,-58.43678404,-62.3804473,-58.43456826,-62.38137022,-58.43601029,1.76336E-06
697,1239,1,-82.756432,56.941519,-68.10921,249.218559,124.702272,20060209, 19:21:50.0000,-62.38004638,-58.43384929,-62.37851391,-58.43103476,-62.3792808,-58.4324616,1.3211E-06
697,1240,1,-83.110494,52.483508,-67.777391,249.218559,124.702272,20060209, 19:23:10.0000,-62.37816879,-58.43028131,-62.37692059,-58.42805098,-62.37777949,-58.42951538,1.21767E-06
697,1241,1,-83.342865,49.749154,-70.208309,249.218559,124.702272,20060209, 19:24:30.0000,-62.37643626,-58.42730946,-62.37536144,-58.42578514,-62.37591993,-58.42655991,1.15423E-06
697,1242,1,-83.837794,44.390786,-74.051903,249.218559,124.702272,20060209, 19:25:30.0000,-62.37479324,-58.42503322,-62.37357745,-58.42348431,-62.37421064,-58.42426064,1.02991E-06
697,1243,1,-84.800029,35.568808,-77.044097,249.218559,124.702272,20060209, 19:26:30.0000,-62.37292745,-58.42263431,-62.371621,-58.42095167,-62.372278,-58.42176834,8.25235E-07
697,1244,1,-84.251025,40.361729,-73.813709,249.218559,124.702272,20060209, 19:27:30.0000,-62.37094219,-58.42008828,-62.36945972,-58.41835625,-62.37020915,-58.41923227,9.36436E-07
697,1245,1,-85.742486,28.630148,-74.321472,249.218559,124.702272,20060209, 19:28:30.0000,-62.36863514,-58.41748514,-62.36705206,-58.41570913,-62.36788541,-58.41658541,6.6425E-07
697,1246,1,-86.133771,26.163458,-78.320725,249.218559,124.702272,20060209, 19:29:10.0000,-62.36621597,-58.4148493,-62.36539301,-58.41397285,-62.36621597,-58.4148493,6.0702E-07
697,1247,1,-83.570075,47.213335,-72.077921,249.218559,124.702272,20060209, 19:29:50.0000,-62.36455274,-58.41305274,-62.36365664,-58.41216664,-62.36455274,-58.41305274,1.0954E-06
697,1248,1,-85.396272,31.005949,-78.430994,249.218559,124.702272,20060209, 19:30:30.0000,-62.36275274,-58.4112694,-62.36185068,-58.41034081,-62.36275274,-58.4112694,7.19371E-07
697,1249,1,-83.221984,51.153318,-71.7477,249.218559,124.702272,20060209, 19:31:30.0000,-62.36096717,-58.40939061,-62.35918401,-58.40753401,-62.3600694,-58.40845274,1.18681E-06
697,1250,1,-82.706707,57.597214,-70.822467,249.218559,124.702272,20060209, 19:32:10.0000,-62.3582733,-58.40661664,-62.3573694,-58.40570995,-62.3582733,-58.40661664,1.33632E-06
697,1251,1,-83.508821,47.883961,-71.852032,249.218559,124.702272,20060209, 19:32:50.0000,-62.35643608,-58.40480996,-62.3554733,-58.40390664,-62.35643608,-58.40480996,1.11096E-06
697,1252,1,-84.388029,39.108335,-77.127838,249.218559,124.702272,20060209, 19:33:30.0000,-62.35451679,-58.40300682,-62.35354427,-58.40211093,-62.35451679,-58.40300682,9.07356E-07
697,1253,1,-86.969746,21.582296,-81.06648,249.218559,124.702272,20060209, 19:34:10.0000,-62.35256941,-58.40118608,-62.35160813,-58.40025813,-62.35256941,-58.40118608,5.00733E-07
697,1254,1,-83.494097,48.046587,-74.673075,249.218559,124.702272,20060209, 19:34:50.0000,-62.35063608,-58.3993433,-62.34968905,-58.39837238,-62.35063608,-58.3993433,1.11473E-06
697,1255,1,-73.092698,526.990043,-56.282663,249.218559,124.702272,20060209, 19:35:50.0000,-62.34876835,-58.39737535,-62.34690066,-58.39516425,-62.34782663,-58.39631718,1.22267E-05
697,1256,1,-85.046723,33.604695,-77.287076,249.218559,124.702272,20060209, 19:36:30.0000,-62.34600122,-58.39399146,-62.34510275,-58.39281718,-62.34600122,-58.39399146,7.79665E-07
697,1257,1,-85.59505,29.618781,-79.025977,249.218559,124.702272,20060209, 19:37:10.0000,-62.34421732,-58.39168092,-62.34330889,-58.39053259,-62.34421732,-58.39168092,6.87188E-07
697,1258,1,-83.365456,49.491041,-74.212515,249.218559,124.702272,20060209, 19:37:50.0000,-62.34240996,-58.38943384,-62.34151983,-58.38825109,-62.34240996,-58.38943384,1.14825E-06
697,1259,1,-80.804014,89.262866,-69.953948,249.218559,124.702272,20060209, 19:38:30.0000,-62.34061697,-58.3870471,-62.33975996,-58.38584106,-62.34061697,-58.3870471,2.07099E-06
697,1260,1,-83.031375,53.448402,-72.645125,249.218559,124.702272,20060209, 19:39:10.0000,-62.33887412,-58.38460438,-62.33801697,-58.38337049,-62.33887412,-58.38460438,1.24006E-06
697,1261,1,-82.88738,55.250244,-69.666635,249.218559,124.702272,20060209, 19:39:50.0000,-62.33714979,-58.38209638,-62.33628399,-58.38081425,-62.33714979,-58.38209638,1.28187E-06
697,1262,1,-68.762545,1428.294233,-51.954803,249.218559,124.702272,20060209, 19:40:50.0000,-62.33540185,-58.37958259,-62.33368539,-58.37708288,-62.33453519,-58.37833259,3.3138E-05
697,1263,1,-81.220557,81.099181,-69.736242,249.218559,124.702272,20060209, 19:41:30.0000,-62.33283595,-58.37586699,-62.33196872,-58.37461621,-62.33283595,-58.37586699,1.88159E-06
697,1264,1,-78.124955,165.415713,-61.756362,249.218559,124.702272,20060209, 19:42:10.0000,-62.33110162,-58.37335592,-62.33026028,-58.37211754,-62.33110162,-58.37335592,3.83782E-06
697,1265,1,-81.817134,70.690131,-68.638442,249.218559,124.702272,20060209, 19:42:50.0000,-62.32940177,-58.37085617,-62.32855901,-58.3695398,-62.32940177,-58.37085617,1.64009E-06
697,1266,1,-86.859797,22.13566,-77.745781,249.218559,124.702272,20060209, 19:43:30.0000,-62.32771823,-58.36820584,-62.32686884,-58.36692348,-62.32771823,-58.36820584,5.13571E-07
697,1267,1,-85.147395,32.834677,-75.757372,249.218559,124.702272,20060209, 19:44:10.0000,-62.32599994,-58.36564658,-62.32515054,-58.36442087,-62.32599994,-58.36564658,7.618E-07
697,1268,1,-84.589472,37.335765,-74.075298,249.218559,124.702272,20060209, 19:45:10.0000,-62.3242851,-58.3631895,-62.32256759,-58.3608313,-62.32342445,-58.36199797,8.6623E-07
697,1269,1,-84.719389,36.235423,-76.735011,249.218559,124.702272,20060209, 19:45:50.0000,-62.32169261,-58.35968304,-62.32080778,-58.35851463,-62.32169261,-58.35968304,8.40701E-07
697,1270,1,-86.740501,22.752133,-78.74047,249.218559,124.702272,20060209, 19:46:30.0000,-62.31992764,-58.35735169,-62.31903692,-58.35618502,-62.31992764,-58.35735169,5.27874E-07
697,1271,1,-82.997728,53.864104,-72.17245,249.218559,124.702272,20060209, 19:47:10.0000,-62.31813426,-58.35499797,-62.31725398,-58.35380224,-62.31813426,-58.35499797,1.24971E-06
697,1272,1,-79.522343,119.905167,-69.618082,249.218559,124.702272,20060209, 19:47:50.0000,-62.31635177,-58.35259914,-62.31545217,-58.35138304,-62.31635177,-58.35259914,2.78193E-06
697,1273,1,-78.704158,144.762608,-64.755765,249.218559,124.702272,20060209, 19:48:30.0000,-62.31455732,-58.35018076,-62.31364261,-58.34896638,-62.31455732,-58.35018076,3.35865E-06
697,1274,1,-76.761449,226.426558,-61.257362,249.218559,124.702272,20060209, 19:49:10.0000,-62.31271759,-58.3477813,-62.31180732,-58.34661409,-62.31271759,-58.3477813,5.25334E-06
697,1275,1,-77.547264,188.949543,-63.020115,249.218559,124.702272,20060209, 19:49:50.0000,-62.31090096,-58.34544802,-62.30998475,-58.34426531,-62.31090096,-58.34544802,4.38383E-06
697,1276,1,-76.167327,259.620792,-60.739282,249.218559,124.702272,20060209, 19:50:50.0000,-62.30907811,-58.34308558,-62.30723347,-58.3407302,-62.30816039,-58.34190101,6.02348E-06
697,1277,1,-78.235517,161.257735,-66.200754,249.218559,124.702272,20060209, 19:51:30.0000,-62.30630732,-58.33954742,-62.30539437,-58.33838509,-62.30630732,-58.33954742,3.74135E-06
697,1278,1,-76.576666,236.268388,-63.079944,249.218559,124.702272,20060209, 19:52:10.0000,-62.30447445,-58.33721463,-62.30355859,-58.33601557,-62.30447445,-58.33721463,5.48168E-06
697,1279,1,-78.680458,145.55477,-65.983905,249.218559,124.702272,20060209, 19:52:50.0000,-62.30265404,-58.33481899,-62.30173532,-58.33358985,-62.30265404,-58.33481899,3.37703E-06
697,1280,1,-83.318234,50.032106,-76.308616,249.218559,124.702272,20060209, 19:53:30.0000,-62.30082819,-58.33237647,-62.2999203,-58.33112582,-62.30082819,-58.33237647,1.1608E-06
697,1281,1,-84.745131,36.021276,-76.07126,249.218559,124.702272,20060209, 19:54:10.0000,-62.29901786,-58.32987191,-62.29815258,-58.3285908,-62.29901786,-58.32987191,8.35732E-07
697,1282,1,-84.973004,34.179985,-78.82696,249.218559,124.702272,20060209, 19:54:50.0000,-62.29726925,-58.32730028,-62.29641824,-58.32602252,-62.29726925,-58.32730028,7.93012E-07
697,1283,1,-85.739242,28.651544,-78.064285,249.218559,124.702272,20060209, 19:55:30.0000,-62.29556976,-58.32481767,-62.2947203,-58.32365176,-62.29556976,-58.32481767,6.64747E-07
697,1284,1,-79.395193,123.467565,-65.282668,249.218559,124.702272,20060209, 19:56:30.0000,-62.29386824,-58.32249887,-62.2921203,-58.3201777,-62.29300765,-58.32131448,2.86458E-06
697,1285,1,-73.639725,464.621943,-61.650205,249.218559,124.702272,20060209, 19:57:10.0000,-62.29126824,-58.31901554,-62.2903928,-58.3178666,-62.29126824,-58.31901554,1.07797E-05
697,1286,1,-81.110456,83.181472,-67.816277,249.218559,124.702272,20060209, 19:57:50.0000,-62.2895203,-58.31671843,-62.28866718,-58.31559739,-62.2895203,-58.31671843,1.9299E-06
697,1287,1,-81.086346,83.644547,-66.502446,249.218559,124.702272,20060209, 19:58:30.0000,-62.28780119,-58.31439834,-62.28696994,-58.31318459,-62.28780119,-58.31439834,1.94064E-06
697,1288,1,-79.351722,124.709639,-65.343251,249.218559,124.702272,20060209, 19:59:10.0000,-62.28608491,-58.31198221,-62.28522477,-58.31078858,-62.28608491,-58.31198221,2.8934E-06
697,1289,1,-70.156954,1036.040729,-55.11651,249.218559,124.702272,20060209, 20:00:10.0000,-62.28435371,-58.30963519,-62.28254325,-58.30726713,-62.28345325,-58.30845122,2.40373E-05
697,1290,1,-67.357949,1973.682706,-52.145628,249.218559,124.702272,20060209, 20:00:50.0000,-62.28163547,-58.306083,-62.28071866,-58.30488279,-62.28163547,-58.306083,4.57916E-05
697,1291,1,-86.053395,26.652176,-78.775265,249.218559,124.702272,20060209, 20:01:30.0000,-62.27981976,-58.30364162,-62.27890993,-58.30239102,-62.27981976,-58.30364162,6.18359E-07
697,1292,1,-86.70623,22.932385,-80.330912,249.218559,124.702272,20060209, 20:02:10.0000,-62.27800182,-58.30118255,-62.27710352,-58.29998492,-62.27800182,-58.30118255,5.32056E-07
697,1293,1,-86.302128,25.168623,-76.488484,249.218559,124.702272,20060209, 20:02:50.0000,-62.27621141,-58.29877632,-62.27531829,-58.29755593,-62.27621141,-58.29877632,5.83939E-07
697,1294,1,-87.641793,18.488129,-78.556337,249.218559,124.702272,20060209, 20:03:30.0000,-62.27445015,-58.29634688,-62.27356944,-58.29516721,-62.27445015,-58.29634688,4.28945E-07
697,1295,1,-85.597842,29.59975,-74.093377,249.218559,124.702272,20060209, 20:04:10.0000,-62.27270182,-58.29396588,-62.27182114,-58.29277715,-62.27270182,-58.29396588,6.86746E-07
697,1296,1,-87.025031,21.309295,-76.123706,249.218559,124.702272,20060209, 20:04:50.0000,-62.27095272,-58.29156714,-62.27008605,-58.29038381,-62.27095272,-58.29156714,4.94399E-07
697,1297,1,-87.006515,21.400341,-75.375432,249.218559,124.702272,20060209, 20:05:50.0000,-62.26922114,-58.28931203,-62.26738511,-58.28815702,-62.26830993,-58.28852884,4.96511E-07
697,1298,1,-87.681728,18.318903,-75.33633,249.218559,124.702272,20060209, 20:06:30.0000,-62.2665044,-58.28823491,-62.2656544,-58.28875315,-62.2665044,-58.28823491,4.25018E-07
697,1299,1,-85.646782,29.268063,-74.338814,249.218559,124.702272,20060209, 20:07:30.0000,-62.26485177,-58.28950525,-62.263236,-58.29113066,-62.2640475,-58.29026146,6.79051E-07
697,1300,1,-84.573864,37.470184,-72.99138,249.218559,124.702272,20060209, 20:08:10.0000,-62.26240207,-58.29198834,-62.26156925,-58.29281408,-62.26240207,-58.29198834,8.69349E-07
697,1301,1,-81.252208,80.5103,-66.163239,249.218559,124.702272,20060209, 20:09:10.0000,-62.26073545,-58.29368122,-62.25907096,-58.29542904,-62.25991207,-58.2945569,1.86793E-06
697,1302,1,-82.991588,53.940302,-68.862669,249.218559,124.702272,20060209, 20:09:50.0000,-62.25821938,-58.29628062,-62.25736874,-58.29713126,-62.25821938,-58.29628062,1.25147E-06
697,1303,1,-83.980832,42.952557,-71.646819,249.218559,124.702272,20060209, 20:10:50.0000,-62.25652177,-58.29792823,-62.25485354,-58.2996298,-62.2556702,-58.29878909,9.96546E-07
697,1304,1,-86.116793,26.265935,-77.147313,249.218559,124.702272,20060209, 20:11:30.0000,-62.25399564,-58.30042864,-62.25315241,-58.30125474,-62.25399564,-58.30042864,6.09398E-07
697,1305,1,-86.344406,24.924796,-76.618007,249.218559,124.702272,20060209, 20:12:10.0000,-62.25233655,-58.30215614,-62.25151829,-58.30302204,-62.25233655,-58.30215614,5.78282E-07
697,1306,1,-88.477621,15.251416,-78.140945,249.218559,124.702272,20060209, 20:13:10.0000,-62.25070362,-58.30392232,-62.24908674,-58.30575591,-62.24990183,-58.3048315,3.53849E-07
697,1307,1,-89.479712,12.108798,-80.87922,249.218559,124.702272,20060209, 20:13:50.0000,-62.24828067,-58.30667833,-62.24748833,-58.30757833,-62.24828067,-58.30667833,2.80937E-07
697,1308,1,-87.953143,17.209089,-80.006344,249.218559,124.702272,20060209, 20:14:50.0000,-62.24668572,-58.3085238,-62.24508572,-58.31038094,-62.24588685,-58.30944649,3.99269E-07
697,1309,1,-86.652461,23.218072,-76.296807,249.218559,124.702272,20060209, 20:15:30.0000,-62.24429614,-58.31132245,-62.243505,-58.31227067,-62.24429614,-58.31132245,5.38684E-07
697,1310,1,-86.645286,23.256461,-75.700227,249.218559,124.702272,20060209, 20:16:30.0000,-62.24268776,-58.31320469,-62.24106175,-58.31512404,-62.24187085,-58.31415498,5.39575E-07
697,1311,1,-89.605488,11.763144,-79.774456,249.218559,124.702272,20060209, 20:17:10.0000,-62.24025356,-58.31607978,-62.23943752,-58.31704582,-62.24025356,-58.31607978,2.72918E-07
697,1312,1,-89.985345,10.777989,-78.807993,249.218559,124.702272,20060209, 20:17:50.0000,-62.23862068,-58.31797185,-62.23780402,-58.31892185,-62.23862068,-58.31797185,2.50061E-07
697,1313,1,-90.86085,8.810229,-79.958377,249.218559,124.702272,20060209, 20:18:50.0000,-62.23695229,-58.31985725,-62.2352864,-58.32183965,-62.23611985,-58.32085617,2.04407E-07
697,1314,1,-89.790786,11.271808,-79.361234,249.218559,124.702272,20060209, 20:19:30.0000,-62.23447045,-58.32282213,-62.23366335,-58.32377165,-62.23447045,-58.32282213,2.61518E-07
697,1315,1,-89.213974,12.872854,-78.711981,249.218559,124.702272,20060209, 20:20:30.0000,-62.23285257,-58.32475692,-62.23130356,-58.32667977,-62.23206378,-58.32573767,2.98664E-07
697,1316,1,-90.412339,9.768734,-79.527975,249.218559,124.702272,20060209, 20:21:10.0000,-62.23048744,-58.32762174,-62.22970174,-58.32855792,-62.23048744,-58.32762174,2.26645E-07
697,1317,1,-93.139618,5.213273,-83.413332,249.218559,124.702272,20060209, 20:22:10.0000,-62.22891358,-58.32948796,-62.22735174,-58.3313316,-62.22812884,-58.33038061,1.20954E-07
697,1318,1,-91.992501,6.789254,-80.582359,249.218559,124.702272,20060209, 20:22:50.0000,-62.22656939,-58.33225674,-62.22580356,-58.33321311,-62.22656939,-58.33225674,1.57518E-07
697,1319,1,-91.897904,6.938759,-79.571939,249.218559,124.702272,20060209, 20:23:50.0000,-62.22506422,-58.33415367,-62.22354622,-58.33589639,-62.22429524,-58.33503809,1.60987E-07
697,1320,1,-93.453534,4.849744,-81.710589,249.218559,124.702272,20060209, 20:24:30.0000,-62.22278644,-58.33678022,-62.22199755,-58.33759472,-62.22278644,-58.33678022,1.12519E-07
697,1321,1,-92.35642,6.24353,-79.969812,249.218559,124.702272,20060209, 20:25:30.0000,-62.22126217,-58.33846395,-62.21977951,-58.34005382,-62.22051487,-58.3392518,1.44857E-07
697,1322,1,-90.544701,9.475499,-78.350205,249.218559,124.702272,20060209, 20:26:30.0000,-62.21905356,-58.34086311,-62.217696,-58.34253,-62.21838122,-58.34171098,2.19842E-07
697,1323,1,-93.602772,4.685922,-83.167978,249.218559,124.702272,20060209, 20:27:30.0000,-62.2169955,-58.34333783,-62.21568122,-58.34494431,-62.21632915,-58.34414689,1.08718E-07
697,1324,1,-93.480678,4.819527,-83.706504,249.218559,124.702272,20060209, 20:28:30.0000,-62.21502915,-58.34573022,-62.21369655,-58.34732931,-62.21436422,-58.34651139,1.11818E-07
697,1325,1,-92.996628,5.387775,-82.394124,249.218559,124.702272,20060209, 20:29:30.0000,-62.21306249,-58.34811356,-62.21176475,-58.34965192,-62.21241487,-58.3489018,1.25002E-07
697,1326,1,-93.009543,5.371776,-83.785292,249.218559,124.702272,20060209, 20:30:30.0000,-62.21111286,-58.35042976,-62.2098152,-58.35190944,-62.21049808,-58.3512274,1.24631E-07
697,1327,1,-92.513627,6.021567,-83.52532,249.218559,124.702272,20060209, 20:31:30.0000,-62.20920689,-58.35258525,-62.20797137,-58.35410484,-62.20857933,-58.353354,1.39707E-07
697,1328,1,-92.523827,6.007441,-84.1364,249.218559,124.702272,20060209, 20:32:30.0000,-62.20734514,-58.35488819,-62.2061134,-58.35641993,-62.20672818,-58.35567182,1.39379E-07
697,1329,1,-92.116977,6.597426,-83.953514,249.218559,124.702272,20060209, 20:33:30.0000,-62.20548141,-58.35719407,-62.20424023,-58.35853525,-62.20485269,-58.35787838,1.53067E-07
697,1330,1,-91.576027,7.472562,-84.024151,249.218559,124.702272,20060209, 20:34:30.0000,-62.20362356,-58.35920192,-62.20176297,-58.36092777,-62.20298084,-58.35982687,1.73372E-07
697,1331,1,-91.33045,7.907282,-83.301563,249.218559,124.702272,20060209, 20:35:50.0000,-62.20120646,-58.36152687,-62.2001389,-58.36272036,-62.20065689,-58.36209311,1.83457E-07
697,1332,1,-92.053527,6.694522,-84.878229,249.218559,124.702272,20060209, 20:36:50.0000,-62.19962255,-58.36331078,999,999,-62.19911571,-58.36384311,1.5532E-07
