Process_ID,Interval,Layer,Sv_mean,NASC,Sv_max,Height_mean,Depth_mean,Date_M,Time_M,Lat_S,Lon_S,Lat_E,Lon_E,Lat_M,Lon_M,ABC
677,1,1,-93.632744,4.694989,-83.908257,251.43,125.715,20030113, 03:34:30.0000,-62.41100547,-60.72210771,-62.41015583,-60.7213225,-62.41100547,-60.72210771,1.08929E-07
677,2,1,-97.954914,1.735472,-87.157706,251.43,125.715,20030113, 03:35:30.0000,-62.40932467,-60.72052467,-62.40760583,-60.7189725,-62.4084725,-60.71975583,4.02648E-08
677,3,1,-102.226654,0.648998,-87.175155,251.43,125.715,20030113, 03:36:10.0000,-62.40675556,-60.71815556,-62.40585407,-60.7173374,-62.40675556,-60.71815556,1.50575E-08
677,4,1,-103.2315,0.514943,-89.050883,251.43,125.715,20030113, 03:36:50.0000,-62.40496783,-60.71648708,-62.40405583,-60.71565583,-62.40496783,-60.71648708,1.19472E-08
677,5,1,-113.702814,0.046198,-100.898653,251.43,125.715,20030113, 03:37:50.0000,-62.40315367,-60.7148225,-62.40128488,-60.71310154,-62.40222033,-60.713958,1.07185E-09
677,6,1,-113.836192,0.044801,-100.415108,251.43,125.715,20030113, 03:38:30.0000,-62.4003225,-60.71225583,-62.399387,-60.71138917,-62.4003225,-60.71225583,1.03944E-09
677,7,1,-103.122759,0.527999,-91.119126,251.43,125.715,20030113, 03:39:10.0000,-62.39842033,-60.71053917,-62.39747033,-60.70965583,-62.39842033,-60.71053917,1.22501E-08
677,8,1,-107.779412,0.180704,-93.510718,251.43,125.715,20030113, 03:39:50.0000,-62.3965225,-60.70878917,-62.39557033,-60.70795367,-62.3965225,-60.70878917,4.19253E-09
677,9,1,-115.077938,0.03366,-102.847913,251.43,125.715,20030113, 03:40:30.0000,-62.39460367,-60.70708917,-62.39365367,-60.70622033,-62.39460367,-60.70708917,7.8095E-10
677,10,1,-104.199131,0.412094,-92.799686,251.43,125.715,20030113, 03:41:10.0000,-62.39272033,-60.70535583,-62.39175367,-60.7044725,-62.39272033,-60.70535583,9.56101E-09
677,11,1,-99.514886,1.21177,-87.695834,251.43,125.715,20030113, 03:42:10.0000,-62.39078917,-60.70360367,-62.38887033,-60.70183917,-62.389837,-60.70268917,2.81144E-08
677,12,1,-100.622306,0.939028,-85.861433,251.43,125.715,20030113, 03:42:50.0000,-62.38790367,-60.70097033,-62.38695367,-60.70005583,-62.38790367,-60.70097033,2.17865E-08
677,13,1,-88.583704,15.015454,-72.914575,251.43,125.715,20030113, 03:43:30.0000,-62.385987,-60.6992225,-62.38502033,-60.6983225,-62.385987,-60.6992225,3.48375E-07
677,14,1,-110.024184,0.107768,-97.469917,251.43,125.715,20030113, 03:44:10.0000,-62.38405367,-60.697437,-62.383087,-60.69655583,-62.38405367,-60.697437,2.50034E-09
677,15,1,-104.232283,0.40896,-91.463573,251.43,125.715,20030113, 03:44:50.0000,-62.38212033,-60.69565367,-62.38117033,-60.69475583,-62.38212033,-60.69565367,9.48831E-09
677,16,1,-76.816318,225.567838,-60.860993,251.43,125.715,20030113, 03:45:30.0000,-62.38020367,-60.69387467,-62.379237,-60.69300583,-62.38020367,-60.69387467,5.23342E-06
677,17,1,-72.378321,626.724675,-56.119757,251.43,125.715,20030113, 03:46:10.0000,-62.37827033,-60.69210583,-62.37730578,-60.69123911,-62.37827033,-60.69210583,1.45407E-05
677,18,1,-106.128563,0.264273,-92.084711,251.43,125.715,20030113, 03:47:10.0000,-62.37635583,-60.69035583,-62.37445367,-60.68862467,-62.37540583,-60.68948917,6.13142E-09
677,19,1,-103.296184,0.50733,-90.504827,251.43,125.715,20030113, 03:47:50.0000,-62.37350367,-60.68773917,-62.372537,-60.6869225,-62.37350367,-60.68773917,1.17706E-08
677,20,1,-103.837036,0.447925,-92.81781,251.43,125.715,20030113, 03:48:30.0000,-62.37157033,-60.68603917,-62.37058917,-60.68517033,-62.37157033,-60.68603917,1.03923E-08
677,21,1,-104.675911,0.369248,-90.898516,251.43,125.715,20030113, 03:49:10.0000,-62.3696225,-60.68427033,-62.36865367,-60.68340367,-62.3696225,-60.68427033,8.56695E-09
677,22,1,-103.041258,0.538001,-90.693935,251.43,125.715,20030113, 03:49:50.0000,-62.36767033,-60.6825225,-62.366687,-60.68165583,-62.36767033,-60.6825225,1.24822E-08
677,23,1,-101.089588,0.843238,-92.40427,251.43,125.715,20030113, 03:50:30.0000,-62.36572027,-60.68078911,-62.36473917,-60.679937,-62.36572027,-60.68078911,1.9564E-08
677,24,1,-100.342168,1.001595,-90.99564,251.43,125.715,20030113, 03:51:10.0000,-62.36376983,-60.67907433,-62.3627865,-60.67830542,-62.36376983,-60.67907433,2.32381E-08
677,25,1,-99.933163,1.100507,-88.166393,251.43,125.715,20030113, 03:52:10.0000,-62.36185317,-60.67742208,-62.3599365,-60.67572208,-62.36090317,-60.67655542,2.55329E-08
677,26,1,-99.285972,1.277355,-86.410919,251.43,125.715,20030113, 03:52:50.0000,-62.3589865,-60.67483875,-62.35800317,-60.67400542,-62.3589865,-60.67483875,2.9636E-08
677,27,1,-98.532375,1.519398,-86.32414,251.43,125.715,20030113, 03:53:30.0000,-62.35700317,-60.67315542,-62.3560365,-60.67230317,-62.35700317,-60.67315542,3.52517E-08
677,28,1,-99.138023,1.32162,-86.327361,251.43,125.715,20030113, 03:54:10.0000,-62.35506983,-60.67140767,-62.3540865,-60.67053875,-62.35506983,-60.67140767,3.0663E-08
677,29,1,-99.255823,1.286254,-89.170592,251.43,125.715,20030113, 03:54:50.0000,-62.35311983,-60.66965542,-62.35215317,-60.66883875,-62.35311983,-60.66965542,2.98425E-08
677,30,1,-99.73521,1.151829,-89.310211,251.43,125.715,20030113, 03:55:30.0000,-62.35116983,-60.66800767,-62.35020317,-60.66711983,-62.35116983,-60.66800767,2.67237E-08
677,31,1,-100.096687,1.05984,-90.263123,251.43,125.715,20030113, 03:56:10.0000,-62.34925317,-60.6662365,-62.34830317,-60.66540542,-62.34925317,-60.6662365,2.45894E-08
677,32,1,-99.977684,1.089282,-90.203388,251.43,125.715,20030113, 03:57:10.0000,-62.3473365,-60.66453875,-62.34541983,-60.66288875,-62.34637208,-60.66370767,2.52725E-08
677,33,1,-88.075546,16.879297,-69.654204,251.43,125.715,20030113, 03:57:50.0000,-62.34445317,-60.66205542,-62.3434865,-60.66120542,-62.34445317,-60.66205542,3.91618E-07
677,34,1,-99.206819,1.30085,-90.029083,251.43,125.715,20030113, 03:58:30.0000,-62.34252208,-60.66037208,-62.34157208,-60.6595365,-62.34252208,-60.66037208,3.01811E-08
677,35,1,-99.455388,1.228486,-87.560558,251.43,125.715,20030113, 03:59:10.0000,-62.34063875,-60.65870542,-62.33970317,-60.65785542,-62.34063875,-60.65870542,2.85022E-08
677,36,1,-101.982072,0.686597,-88.552693,251.43,125.715,20030113, 03:59:50.0000,-62.3387365,-60.65702208,-62.3377865,-60.65618875,-62.3387365,-60.65702208,1.59298E-08
677,37,1,-102.007063,0.682657,-88.970286,251.43,125.715,20030113, 04:00:30.0000,-62.33681983,-60.65535542,-62.33583875,-60.65450542,-62.33681983,-60.65535542,1.58384E-08
677,38,1,-104.158797,0.415939,-91.274036,251.43,125.715,20030113, 04:01:30.0000,-62.33490542,-60.65351758,-62.33313875,-60.65116533,-62.33400542,-60.65238425,9.65022E-09
677,39,1,-104.841335,0.355447,-92.182733,251.43,125.715,20030113, 04:02:10.0000,-62.33228875,-60.64986308,-62.33147208,-60.648482,-62.33228875,-60.64986308,8.24676E-09
677,40,1,-104.052652,0.42623,-91.451105,251.43,125.715,20030113, 04:02:50.0000,-62.33063875,-60.64709867,-62.32980542,-60.64571533,-62.33063875,-60.64709867,9.88899E-09
677,41,1,-104.246685,0.407606,-91.967842,251.43,125.715,20030113, 04:03:30.0000,-62.32897433,-60.64436533,-62.32817033,-60.64299585,-62.32897433,-60.64436533,9.45689E-09
677,42,1,-101.950206,0.691653,-91.040883,251.43,125.715,20030113, 04:04:10.0000,-62.32733875,-60.64164867,-62.32648875,-60.64034867,-62.32733875,-60.64164867,1.60471E-08
677,43,1,-101.092567,0.84266,-89.624008,251.43,125.715,20030113, 04:04:50.0000,-62.32563875,-60.639082,-62.32477433,-60.637832,-62.32563875,-60.639082,1.95506E-08
677,44,1,-100.268168,1.018808,-88.942111,251.43,125.715,20030113, 04:05:50.0000,-62.32392208,-60.63658425,-62.32220542,-60.63409867,-62.32307208,-60.63534867,2.36374E-08
677,45,1,-99.787908,1.137937,-88.940717,251.43,125.715,20030113, 04:06:30.0000,-62.32133875,-60.63281758,-62.32047208,-60.63156533,-62.32133875,-60.63281758,2.64014E-08
677,46,1,-99.163162,1.313992,-88.723959,251.43,125.715,20030113, 04:07:10.0000,-62.31958875,-60.63030092,-62.31870292,-60.62901133,-62.31958875,-60.63030092,3.0486E-08
677,47,1,-99.846632,1.122653,-88.120674,251.43,125.715,20030113, 04:07:50.0000,-62.3178365,-60.62769867,-62.31697172,-60.62638143,-62.3178365,-60.62769867,2.60468E-08
677,48,1,-96.386889,2.490118,-81.976816,251.43,125.715,20030113, 04:08:30.0000,-62.31610542,-60.62504867,-62.31522203,-60.62373417,-62.31610542,-60.62504867,5.77734E-08
677,49,1,-99.830258,1.126894,-89.213149,251.43,125.715,20030113, 04:09:10.0000,-62.31435317,-60.62246533,-62.31346983,-60.62118425,-62.31435317,-60.62246533,2.61452E-08
677,50,1,-98.722287,1.454388,-89.350768,251.43,125.715,20030113, 04:09:50.0000,-62.31258665,-60.61993131,-62.31171998,-60.61867864,-62.31258665,-60.61993131,3.37434E-08
677,51,1,-99.744623,1.149335,-90.851383,251.43,125.715,20030113, 04:10:30.0000,-62.31087208,-60.61738425,-62.31001983,-60.61611533,-62.31087208,-60.61738425,2.66658E-08
677,52,1,-102.18056,0.655923,-90.454351,251.43,125.715,20030113, 04:11:30.0000,-62.309155,-60.61483367,-62.30745325,-60.61239789,-62.30830506,-60.61360041,1.52181E-08
677,53,1,-101.951276,0.691483,-89.686016,251.43,125.715,20030113, 04:12:10.0000,-62.30658607,-60.61120041,-62.3057194,-60.61000041,-62.30658607,-60.61120041,1.60432E-08
677,54,1,-102.068063,0.673136,-89.552109,251.43,125.715,20030113, 04:12:50.0000,-62.30483803,-60.60878085,-62.303974,-60.607548,-62.30483803,-60.60878085,1.56175E-08
677,55,1,-102.028709,0.679263,-86.602222,251.43,125.715,20030113, 04:13:30.0000,-62.303155,-60.60631467,-62.302305,-60.60508133,-62.303155,-60.60631467,1.57596E-08
677,56,1,-101.463506,0.773675,-90.368632,251.43,125.715,20030113, 04:14:10.0000,-62.301455,-60.60381467,-62.300605,-60.60256467,-62.301455,-60.60381467,1.79501E-08
677,57,1,-101.982081,0.686595,-90.794318,251.43,125.715,20030113, 04:14:50.0000,-62.29973833,-60.60133367,-62.29887167,-60.600117,-62.29973833,-60.60133367,1.59298E-08
677,58,1,-98.87177,1.40518,-88.001084,251.43,125.715,20030113, 04:15:50.0000,-62.29798833,-60.59893367,-62.29622167,-60.59655033,-62.297105,-60.597767,3.26017E-08
677,59,1,-99.846904,1.122583,-89.341873,251.43,125.715,20030113, 04:16:30.0000,-62.29537167,-60.595317,-62.294505,-60.59405033,-62.29537167,-60.595317,2.60451E-08
677,60,1,-97.290941,2.022157,-87.771523,251.43,125.715,20030113, 04:17:10.0000,-62.29362167,-60.592798,-62.29275267,-60.59155033,-62.29362167,-60.592798,4.69162E-08
677,61,1,-94.538734,3.81097,-79.8104,251.43,125.715,20030113, 04:17:50.0000,-62.29186933,-60.590317,-62.29096933,-60.589117,-62.29186933,-60.590317,8.84186E-08
677,62,1,-96.633304,2.352765,-85.52282,251.43,125.715,20030113, 04:18:30.0000,-62.29007167,-60.587917,-62.289186,-60.58671467,-62.29007167,-60.587917,5.45867E-08
677,63,1,-98.672041,1.471312,-86.769495,251.43,125.715,20030113, 04:19:10.0000,-62.28828833,-60.58546467,-62.287405,-60.58421467,-62.28828833,-60.58546467,3.4136E-08
677,64,1,-87.333842,20.022797,-70.039167,251.43,125.715,20030113, 04:19:50.0000,-62.28652167,-60.58296467,-62.285655,-60.58173133,-62.28652167,-60.58296467,4.6455E-07
677,65,1,-98.78598,1.433214,-87.730739,251.43,125.715,20030113, 04:20:50.0000,-62.28477167,-60.580517,-62.28302167,-60.578098,-62.28388833,-60.579317,3.32521E-08
677,66,1,-98.243672,1.623834,-88.180095,251.43,125.715,20030113, 04:21:30.0000,-62.28213833,-60.576867,-62.28126933,-60.575598,-62.28213833,-60.576867,3.76747E-08
677,67,1,-99.788513,1.137778,-88.712934,251.43,125.715,20030113, 04:22:10.0000,-62.28038833,-60.57433133,-62.27951933,-60.573098,-62.28038833,-60.57433133,2.63977E-08
677,68,1,-101.787606,0.71804,-90.044613,251.43,125.715,20030113, 04:22:50.0000,-62.27862167,-60.57186467,-62.27773833,-60.57063133,-62.27862167,-60.57186467,1.66593E-08
677,69,1,-81.624388,74.553859,-65.89275,251.43,125.715,20030113, 04:23:30.0000,-62.276855,-60.569367,-62.27597167,-60.56813367,-62.276855,-60.569367,1.72973E-06
677,70,1,-95.652242,2.949068,-84.210815,251.43,125.715,20030113, 04:24:10.0000,-62.275086,-60.566898,-62.27418833,-60.565648,-62.275086,-60.566898,6.84216E-08
677,71,1,-98.440356,1.551934,-87.795952,251.43,125.715,20030113, 04:24:50.0000,-62.27332167,-60.56438133,-62.27245267,-60.563167,-62.27332167,-60.56438133,3.60066E-08
677,72,1,-101.686649,0.734927,-89.606422,251.43,125.715,20030113, 04:25:30.0000,-62.27157167,-60.56193133,-62.270705,-60.56068367,-62.27157167,-60.56193133,1.70511E-08
677,73,1,-109.467633,0.122503,-96.74369,251.43,125.715,20030113, 04:26:30.0000,-62.269855,-60.55941467,-62.26813833,-60.55693133,-62.269005,-60.558198,2.84219E-09
677,74,1,-102.113394,0.666146,-91.244884,251.43,125.715,20030113, 04:27:10.0000,-62.26728833,-60.55568133,-62.266455,-60.55445033,-62.26728833,-60.55568133,1.54553E-08
677,75,1,-102.256043,0.644621,-92.280363,251.43,125.715,20030113, 04:27:50.0000,-62.265605,-60.55321467,-62.264755,-60.55195033,-62.265605,-60.55321467,1.49559E-08
677,76,1,-84.049825,42.650731,-68.386971,251.43,125.715,20030113, 04:28:30.0000,-62.263905,-60.550698,-62.263055,-60.549417,-62.263905,-60.550698,9.89543E-07
677,77,1,-86.098894,26.608446,-69.533198,251.43,125.715,20030113, 04:29:10.0000,-62.26218833,-60.548148,-62.26132172,-60.54685041,-62.26218833,-60.548148,6.17345E-07
677,78,1,-95.964264,2.744622,-81.377831,251.43,125.715,20030113, 04:29:50.0000,-62.26047208,-60.54561758,-62.25960542,-60.54438425,-62.26047208,-60.54561758,6.36782E-08
677,79,1,-103.591764,0.47395,-90.673546,251.43,125.715,20030113, 04:30:50.0000,-62.25875542,-60.54316533,-62.25703875,-60.54068425,-62.25790542,-60.541932,1.09962E-08
677,80,1,-104.48913,0.385475,-93.999051,251.43,125.715,20030113, 04:31:30.0000,-62.25617208,-60.53944867,-62.25531983,-60.53818425,-62.25617208,-60.53944867,8.94343E-09
677,81,1,-103.499022,0.48418,-92.149366,251.43,125.715,20030113, 04:32:10.0000,-62.25443864,-60.53693182,-62.25358875,-60.535632,-62.25443864,-60.53693182,1.12335E-08
677,82,1,-105.508779,0.304811,-94.552235,251.43,125.715,20030113, 04:32:50.0000,-62.25272208,-60.53435092,-62.25187137,-60.53306419,-62.25272208,-60.53435092,7.07195E-09
677,83,1,-104.457661,0.388278,-92.905666,251.43,125.715,20030113, 04:33:30.0000,-62.25100542,-60.53179867,-62.25013875,-60.53053425,-62.25100542,-60.53179867,9.00847E-09
677,84,1,-101.412166,0.782875,-91.141712,251.43,125.715,20030113, 04:34:10.0000,-62.24927208,-60.529282,-62.24841983,-60.527982,-62.24927208,-60.529282,1.81635E-08
677,85,1,-99.885929,1.112541,-88.850645,251.43,125.715,20030113, 04:34:50.0000,-62.24755542,-60.52669867,-62.24667208,-60.52542975,-62.24755542,-60.52669867,2.58122E-08
677,86,1,-103.649843,0.467654,-91.064498,251.43,125.715,20030113, 04:35:50.0000,-62.24580542,-60.52411758,-62.24408875,-60.521582,-62.24493875,-60.52284867,1.08501E-08
677,87,1,-103.446828,0.490034,-91.4942,251.43,125.715,20030113, 04:36:30.0000,-62.24321983,-60.52030092,-62.24233875,-60.519032,-62.24321983,-60.52030092,1.13693E-08
677,88,1,-103.615659,0.471349,-93.769797,251.43,125.715,20030113, 04:37:10.0000,-62.24147208,-60.51776533,-62.24061983,-60.516482,-62.24147208,-60.51776533,1.09358E-08
677,89,1,-103.243331,0.513542,-93.652497,251.43,125.715,20030113, 04:37:50.0000,-62.23973875,-60.51521533,-62.23885317,-60.51393425,-62.23973875,-60.51521533,1.19147E-08
677,90,1,-76.464682,244.591161,-62.582366,251.43,125.715,20030113, 04:38:30.0000,-62.23796983,-60.512682,-62.23708875,-60.51139867,-62.23796983,-60.512682,5.67478E-06
677,91,1,-104.538103,0.381152,-92.843027,251.43,125.715,20030113, 04:39:10.0000,-62.23622208,-60.51014867,-62.2353365,-60.50889867,-62.23622208,-60.51014867,8.84315E-09
677,92,1,-104.574204,0.377997,-88.779598,251.43,125.715,20030113, 04:39:50.0000,-62.23447172,-60.50768143,-62.233605,-60.50646467,-62.23447172,-60.50768143,8.76994E-09
677,93,1,-107.822488,0.178921,-94.209696,251.43,125.715,20030113, 04:40:50.0000,-62.232755,-60.505198,-62.23106933,-60.50263133,-62.23191933,-60.503917,4.15115E-09
677,94,1,-118.176984,0.01649,-103.591908,251.43,125.715,20030113, 04:41:30.0000,-62.23020267,-60.50138133,-62.229336,-60.50013133,-62.23020267,-60.50138133,3.8258E-10
677,95,1,-100.864792,0.888034,-86.052422,251.43,125.715,20030113, 04:42:10.0000,-62.228455,-60.49891467,-62.22758833,-60.49768133,-62.228455,-60.49891467,2.06034E-08
677,96,1,-102.735138,0.577292,-89.619099,251.43,125.715,20030113, 04:42:50.0000,-62.226705,-60.49640033,-62.22582167,-60.49515033,-62.226705,-60.49640033,1.33938E-08
677,97,1,-80.593035,94.537782,-63.835188,251.43,125.715,20030113, 04:43:30.0000,-62.22493833,-60.493867,-62.22408833,-60.492598,-62.22493833,-60.493867,2.19338E-06
677,98,1,-106.492094,0.243052,-96.071914,251.43,125.715,20030113, 04:44:10.0000,-62.22322167,-60.49131467,-62.22232167,-60.490048,-62.22322167,-60.49131467,5.63907E-09
677,99,1,-106.508334,0.242145,-93.696221,251.43,125.715,20030113, 04:44:50.0000,-62.22143833,-60.48876467,-62.220555,-60.487517,-62.22143833,-60.48876467,5.61803E-09
677,100,1,-103.73288,0.458797,-89.991989,251.43,125.715,20030113, 04:45:30.0000,-62.21967167,-60.48623367,-62.21878833,-60.48496467,-62.21967167,-60.48623367,1.06446E-08
677,101,1,-102.087529,0.670125,-90.595084,251.43,125.715,20030113, 04:46:10.0000,-62.21791933,-60.48371467,-62.21702167,-60.482467,-62.21791933,-60.48371467,1.55476E-08
677,102,1,-95.157615,3.304817,-79.50517,251.43,125.715,20030113, 04:47:10.0000,-62.21610267,-60.48130033,-62.214186,-60.479186,-62.21515267,-60.48021933,7.66753E-08
677,103,1,-96.423525,2.469201,-84.592453,251.43,125.715,20030113, 04:47:50.0000,-62.21322167,-60.47816933,-62.212255,-60.477136,-62.21322167,-60.47816933,5.72881E-08
677,104,1,-98.501727,1.530158,-87.263862,251.43,125.715,20030113, 04:48:30.0000,-62.21126933,-60.476086,-62.210286,-60.475036,-62.21126933,-60.476086,3.55013E-08
677,105,1,-100.354093,0.998849,-88.718406,251.43,125.715,20030113, 04:49:10.0000,-62.20930267,-60.473936,-62.20831933,-60.472836,-62.20930267,-60.473936,2.31744E-08
677,106,1,-103.850666,0.446521,-92.188142,251.43,125.715,20030113, 04:49:50.0000,-62.207336,-60.471717,-62.20635267,-60.47060033,-62.207336,-60.471717,1.03598E-08
677,107,1,-105.905121,0.278225,-94.21435,251.43,125.715,20030113, 04:50:30.0000,-62.20536883,-60.46944975,-62.20437125,-60.46830217,-62.20536883,-60.46944975,6.45513E-09
677,108,1,-105.388013,0.313406,-93.650101,251.43,125.715,20030113, 04:51:10.0000,-62.20340217,-60.46716883,-62.20241883,-60.46603308,-62.20340217,-60.46716883,7.27136E-09
677,109,1,-115.80225,0.028489,-103.330743,251.43,125.715,20030113, 04:51:50.0000,-62.20140217,-60.46491642,-62.2003855,-60.46379975,-62.20140217,-60.46491642,6.6099E-10
677,110,1,-108.765255,0.144007,-94.352653,251.43,125.715,20030113, 04:52:30.0000,-62.19936883,-60.46268308,-62.19834975,-60.46154733,-62.19936883,-60.46268308,3.34112E-09
677,111,1,-104.951468,0.346547,-96.451206,251.43,125.715,20030113, 04:53:10.0000,-62.19731883,-60.46038308,-62.1962855,-60.45916642,-62.19731883,-60.46038308,8.04026E-09
677,112,1,-105.454757,0.308627,-94.561426,251.43,125.715,20030113, 04:53:50.0000,-62.19524975,-60.45798067,-62.19524975,-60.45798067,-62.19524975,-60.45798067,7.16047E-09
677,113,1,-110.278639,0.101635,-95.196737,251.43,125.715,20030113, 04:54:10.0000,-62.19420217,-60.45679975,-62.19315217,-60.45561642,-62.19420217,-60.45679975,2.35805E-09
677,114,1,-105.363745,0.315162,-88.382491,251.43,125.715,20030113, 04:54:50.0000,-62.19210217,-60.45444975,-62.1910855,-60.45324975,-62.19210217,-60.45444975,7.31211E-09
677,115,1,-112.1631,0.065857,-98.459557,251.43,125.715,20030113, 04:55:30.0000,-62.19005217,-60.45208308,-62.1889855,-60.45095217,-62.19005217,-60.45208308,1.52794E-09
677,116,1,-109.928256,0.110175,-97.030907,251.43,125.715,20030113, 04:56:10.0000,-62.18790217,-60.44985217,-62.18685217,-60.44876642,-62.18790217,-60.44985217,2.55618E-09
677,117,1,-97.680529,1.848656,-80.668236,251.43,125.715,20030113, 04:56:50.0000,-62.18579975,-60.44768308,-62.18473308,-60.44656883,-62.18579975,-60.44768308,4.28908E-08
677,118,1,-97.341633,1.998691,-85.294665,251.43,125.715,20030113, 04:57:30.0000,-62.18365217,-60.44548308,-62.18258308,-60.44435217,-62.18365217,-60.44548308,4.63718E-08
677,119,1,-100.214981,1.031361,-90.842729,251.43,125.715,20030113, 04:58:10.0000,-62.1815026,-60.44325025,-62.18046883,-60.44216642,-62.1815026,-60.44325025,2.39287E-08
677,120,1,-103.167488,0.522589,-89.33388,251.43,125.715,20030113, 04:58:50.0000,-62.1794355,-60.4410855,-62.17836883,-60.44001642,-62.1794355,-60.4410855,1.21246E-08
677,121,1,-106.158218,0.262475,-94.353339,251.43,125.715,20030113, 04:59:30.0000,-62.17730217,-60.43889975,-62.1762355,-60.43779975,-62.17730217,-60.43889975,6.08969E-09
677,122,1,-119.446679,0.01231,-107.240145,251.43,125.715,20030113, 05:00:10.0000,-62.17515217,-60.43671642,-62.17515217,-60.43671642,-62.17515217,-60.43671642,2.8559E-10
677,123,1,-111.207342,0.082068,-96.414742,251.43,125.715,20030113, 05:00:30.0000,-62.1740855,-60.43561642,-62.17301883,-60.43448308,-62.1740855,-60.43561642,1.90407E-09
677,124,1,-110.968949,0.086699,-97.924314,251.43,125.715,20030113, 05:01:10.0000,-62.17196876,-60.43336633,-62.17090167,-60.43230167,-62.17196876,-60.43336633,2.01151E-09
677,125,1,-107.768539,0.181157,-95.523802,251.43,125.715,20030113, 05:01:50.0000,-62.16985174,-60.43119925,-62.168785,-60.43008,-62.16985174,-60.43119925,4.20304E-09
677,126,1,-108.318255,0.159619,-94.980208,251.43,125.715,20030113, 05:02:30.0000,-62.167735,-60.4289325,-62.16666833,-60.42781583,-62.167735,-60.4289325,3.70332E-09
677,127,1,-72.139431,662.164386,-55.449606,251.43,125.715,20030113, 05:03:10.0000,-62.165585,-60.42671583,-62.1645325,-60.42554917,-62.165585,-60.42671583,1.53629E-05
677,128,1,-101.045872,0.851769,-90.962823,251.43,125.715,20030113, 05:03:50.0000,-62.16349917,-60.42436583,-62.16246833,-60.42321583,-62.16349917,-60.42436583,1.9762E-08
677,129,1,-103.372916,0.498445,-92.470936,251.43,125.715,20030113, 05:04:30.0000,-62.16141833,-60.42210167,-62.16036833,-60.42101583,-62.16141833,-60.42210167,1.15645E-08
677,130,1,-106.711072,0.231101,-94.395171,251.43,125.715,20030113, 05:05:10.0000,-62.15931795,-60.41989872,-62.1582825,-60.41876833,-62.15931795,-60.41989872,5.36179E-09
677,131,1,-103.556012,0.477868,-92.007945,251.43,125.715,20030113, 05:05:50.0000,-62.157235,-60.41759917,-62.15616833,-60.41643,-62.157235,-60.41759917,1.10871E-08
677,132,1,-71.459402,774.406099,-58.564531,251.43,125.715,20030113, 05:06:30.0000,-62.15511833,-60.4152325,-62.15511833,-60.4152325,-62.15511833,-60.4152325,1.79671E-05
677,133,1,-83.442649,49.050567,-65.814487,251.43,125.715,20030113, 05:06:50.0000,-62.15406833,-60.4140325,-62.153035,-60.41289917,-62.15406833,-60.4140325,1.13803E-06
677,134,1,-73.32737,503.699972,-56.393303,251.43,125.715,20030113, 05:07:30.0000,-62.15199917,-60.41174917,-62.1509325,-60.41061333,-62.15199917,-60.41174917,1.16864E-05
677,135,1,-72.078521,671.516777,-54.189639,251.43,125.715,20030113, 05:08:10.0000,-62.1498825,-60.40944667,-62.148835,-60.40824917,-62.1498825,-60.40944667,1.55799E-05
677,136,1,-70.490514,967.960171,-54.900661,251.43,125.715,20030113, 05:08:50.0000,-62.14778252,-60.40701003,-62.146785,-60.40564667,-62.14778252,-60.40701003,2.24577E-05
677,137,1,-87.770069,18.109317,-71.739609,251.43,125.715,20030113, 05:09:30.0000,-62.14580167,-60.40421083,-62.14486833,-60.40266083,-62.14580167,-60.40421083,4.20156E-07
677,138,1,-104.817235,0.357425,-91.647277,251.43,125.715,20030113, 05:10:10.0000,-62.14395167,-60.401025,-62.14302083,-60.39939417,-62.14395167,-60.401025,8.29265E-09
677,139,1,-104.82134,0.357088,-93.991177,251.43,125.715,20030113, 05:10:50.0000,-62.14211833,-60.39775833,-62.14121833,-60.39614167,-62.14211833,-60.39775833,8.28482E-09
677,140,1,-101.129984,0.835431,-88.053351,251.43,125.715,20030113, 05:11:30.0000,-62.14030167,-60.39451083,-62.13940167,-60.392925,-62.14030167,-60.39451083,1.93829E-08
677,141,1,-105.075872,0.336761,-94.207618,251.43,125.715,20030113, 05:12:10.0000,-62.13846833,-60.391325,-62.13846833,-60.391325,-62.13846833,-60.391325,7.81322E-09
677,142,1,-80.99927,86.095794,-64.953634,251.43,125.715,20030113, 05:12:30.0000,-62.13753715,-60.38970763,-62.13663744,-60.38805821,-62.13753715,-60.38970763,1.99752E-06
677,143,1,-72.8736,559.17656,-54.686811,251.43,125.715,20030113, 05:13:10.0000,-62.13575375,-60.38644083,-62.13483708,-60.38480492,-62.13575375,-60.38644083,1.29735E-05
677,144,1,-109.174898,0.131045,-96.333202,251.43,125.715,20030113, 05:13:50.0000,-62.13390375,-60.38317417,-62.13296783,-60.38154083,-62.13390375,-60.38317417,3.04038E-09
677,145,1,-108.141353,0.166255,-95.126599,251.43,125.715,20030113, 05:14:30.0000,-62.13205375,-60.37989083,-62.1311345,-60.37827417,-62.13205375,-60.37989083,3.85729E-09
677,146,1,-93.015276,5.412293,-75.401561,251.43,125.715,20030113, 05:15:10.0000,-62.13021783,-60.37664083,-62.12932042,-60.37504083,-62.13021783,-60.37664083,1.25571E-07
677,147,1,-99.889383,1.111657,-88.557217,251.43,125.715,20030113, 05:15:50.0000,-62.12842042,-60.3734075,-62.12753708,-60.37174342,-62.12842042,-60.3734075,2.57916E-08
677,148,1,-95.708219,2.911301,-84.275641,251.43,125.715,20030113, 05:16:30.0000,-62.12667042,-60.37014083,-62.12578708,-60.36856008,-62.12667042,-60.37014083,6.75453E-08
677,149,1,-98.691794,1.464635,-89.377911,251.43,125.715,20030113, 05:17:10.0000,-62.12490375,-60.3670075,-62.12401783,-60.36541008,-62.12490375,-60.3670075,3.39811E-08
677,150,1,-98.805697,1.426722,-86.694074,251.43,125.715,20030113, 05:17:50.0000,-62.123135,-60.36382,-62.12223708,-60.36224342,-62.123135,-60.36382,3.31015E-08
677,151,1,-98.263407,1.616472,-87.400725,251.43,125.715,20030113, 05:18:30.0000,-62.12135375,-60.3606575,-62.12135375,-60.3606575,-62.12135375,-60.3606575,3.75039E-08
677,152,1,-100.00712,1.081925,-88.955145,251.43,125.715,20030113, 05:18:50.0000,-62.12046783,-60.35909083,-62.11956783,-60.3575075,-62.12046783,-60.35909083,2.51018E-08
677,153,1,-98.960241,1.376844,-88.932191,251.43,125.715,20030113, 05:19:30.0000,-62.11865375,-60.3559075,-62.11772042,-60.35432417,-62.11865375,-60.3559075,3.19443E-08
677,154,1,-97.482501,1.934901,-87.718639,251.43,125.715,20030113, 05:20:10.0000,-62.11683708,-60.35269342,-62.11593537,-60.35110407,-62.11683708,-60.35269342,4.48918E-08
677,155,1,-95.97725,2.736428,-85.520517,251.43,125.715,20030113, 05:20:50.0000,-62.1150345,-60.34949083,-62.11411533,-60.34788367,-62.1150345,-60.34949083,6.34881E-08
677,156,1,-94.321865,4.006106,-82.831566,251.43,125.715,20030113, 05:21:30.0000,-62.11321787,-60.34625756,-62.11230117,-60.3446575,-62.11321787,-60.34625756,9.2946E-08
677,157,1,-95.593051,2.989536,-84.335827,251.43,125.715,20030113, 05:22:10.0000,-62.1113795,-60.34310258,-62.11048,-60.34155,-62.1113795,-60.34310258,6.93605E-08
677,158,1,-96.978419,2.173036,-86.899583,251.43,125.715,20030113, 05:22:50.0000,-62.10956658,-60.33998652,-62.10865203,-60.33840699,-62.10956658,-60.33998652,5.04168E-08
677,159,1,-96.390561,2.488014,-86.475835,251.43,125.715,20030113, 05:23:30.0000,-62.1077296,-60.33683267,-62.10681323,-60.33528652,-62.1077296,-60.33683267,5.77246E-08
677,160,1,-94.520602,3.826914,-84.193577,251.43,125.715,20030113, 05:24:10.0000,-62.10591283,-60.33370258,-62.104983,-60.33208607,-62.10591283,-60.33370258,8.87885E-08
677,161,1,-94.89909,3.507518,-86.317915,251.43,125.715,20030113, 05:24:50.0000,-62.10406625,-60.33050258,-62.10316625,-60.32893592,-62.10406625,-60.33050258,8.13782E-08
677,162,1,-94.214876,4.106022,-85.21573,251.43,125.715,20030113, 05:25:30.0000,-62.10223373,-60.32737071,-62.10223373,-60.32737071,-62.10223373,-60.32737071,9.52641E-08
677,163,1,-93.851324,4.464538,-84.320553,251.43,125.715,20030113, 05:25:50.0000,-62.10131744,-60.32579017,-62.10039911,-60.32420699,-62.10131744,-60.32579017,1.03582E-07
677,164,1,-94.279543,4.045337,-84.595329,251.43,125.715,20030113, 05:26:30.0000,-62.09948708,-60.3226075,-62.0985845,-60.32102933,-62.09948708,-60.3226075,9.38562E-08
677,165,1,-95.086763,3.359175,-85.603288,251.43,125.715,20030113, 05:27:10.0000,-62.0976845,-60.3194575,-62.09677042,-60.31787417,-62.0976845,-60.3194575,7.79365E-08
677,166,1,-94.853156,3.544813,-83.03953,251.43,125.715,20030113, 05:27:50.0000,-62.0958845,-60.31631008,-62.09499617,-60.31471583,-62.0958845,-60.31631008,8.22435E-08
677,167,1,-96.118293,2.648986,-86.143995,251.43,125.715,20030113, 05:28:30.0000,-62.09409657,-60.31318652,-62.09318333,-60.31162,-62.09409657,-60.31318652,6.14593E-08
677,168,1,-96.025696,2.706072,-85.771638,251.43,125.715,20030113, 05:29:10.0000,-62.0922795,-60.31005258,-62.091383,-60.30848267,-62.0922795,-60.31005258,6.27838E-08
677,169,1,-95.246528,3.237845,-83.898481,251.43,125.715,20030113, 05:29:50.0000,-62.09051528,-60.30690626,-62.08962035,-60.30532663,-62.09051528,-60.30690626,7.51215E-08
677,170,1,-93.342149,5.019888,-83.044601,251.43,125.715,20030113, 05:30:30.0000,-62.08873668,-60.3037567,-62.08783325,-60.30220318,-62.08873668,-60.3037567,1.16467E-07
677,171,1,-93.303329,5.06496,-84.112796,251.43,125.715,20030113, 05:31:10.0000,-62.08693292,-60.3006325,-62.08604958,-60.2990825,-62.08693292,-60.3006325,1.17513E-07
677,172,1,-93.710458,4.611723,-83.789865,251.43,125.715,20030113, 05:31:50.0000,-62.08516625,-60.29748592,-62.08428292,-60.29591925,-62.08516625,-60.29748592,1.06997E-07
677,173,1,-94.01769,4.296748,-83.753235,251.43,125.715,20030113, 05:32:30.0000,-62.08340335,-60.29435936,-62.08251783,-60.29284342,-62.08340335,-60.29435936,9.96892E-08
677,174,1,-92.567715,5.999809,-82.148258,251.43,125.715,20030113, 05:33:10.0000,-62.08159862,-60.29132293,-62.08068496,-60.28978959,-62.08159862,-60.29132293,1.39202E-07
677,175,1,-94.704922,3.667893,-82.202264,251.43,125.715,20030113, 05:33:50.0000,-62.07978667,-60.28825667,-62.07890026,-60.28669205,-62.07978667,-60.28825667,8.50991E-08
677,176,1,-94.513722,3.832981,-82.878372,251.43,125.715,20030113, 05:34:30.0000,-62.07798667,-60.28515667,-62.07707,-60.28359267,-62.07798667,-60.28515667,8.89293E-08
677,177,1,-93.653146,4.672984,-82.307063,251.43,125.715,20030113, 05:35:10.0000,-62.07615067,-60.282026,-62.07615067,-60.282026,-62.07615067,-60.282026,1.08418E-07
677,178,1,-95.512235,3.045688,-83.159889,251.43,125.715,20030113, 05:35:30.0000,-62.07522,-60.28049267,-62.07430333,-60.27890667,-62.07522,-60.28049267,7.06633E-08
677,179,1,-99.319487,1.267536,-89.604647,251.43,125.715,20030113, 05:36:10.0000,-62.073384,-60.27732333,-62.07247,-60.27574,-62.073384,-60.27732333,2.94082E-08
677,180,1,-100.176345,1.040578,-91.44663,251.43,125.715,20030113, 05:36:50.0000,-62.07156733,-60.27417333,-62.07065067,-60.27255667,-62.07156733,-60.27417333,2.41425E-08
677,181,1,-82.857006,56.131719,-64.647799,251.43,125.715,20030113, 05:37:30.0000,-62.06972,-60.27097333,-62.06881733,-60.26939267,-62.06972,-60.27097333,1.30232E-06
677,182,1,-90.768172,9.080123,-71.545161,251.43,125.715,20030113, 05:38:10.0000,-62.06790067,-60.26780667,-62.06695067,-60.26625667,-62.06790067,-60.26780667,2.10669E-07
677,183,1,-67.610589,1878.668145,-49.426045,251.43,125.715,20030113, 05:38:50.0000,-62.06603667,-60.264726,-62.065134,-60.263226,-62.06603667,-60.264726,4.35871E-05
677,184,1,-79.44096,123.257365,-61.413768,251.43,125.715,20030113, 05:39:30.0000,-62.06420333,-60.26170933,-62.063284,-60.26020933,-62.06420333,-60.26170933,2.8597E-06
677,185,1,-99.956676,1.094565,-91.228841,251.43,125.715,20030113, 05:40:10.0000,-62.06235067,-60.25869533,-62.061434,-60.257226,-62.06235067,-60.25869533,2.53951E-08
677,186,1,-98.699401,1.462072,-88.777331,251.43,125.715,20030113, 05:40:50.0000,-62.060484,-60.25574267,-62.05955067,-60.25425933,-62.060484,-60.25574267,3.39217E-08
677,187,1,-96.656638,2.340158,-84.466204,251.43,125.715,20030113, 05:41:30.0000,-62.05861966,-60.25275872,-62.05771733,-60.25122867,-62.05861966,-60.25275872,5.42942E-08
677,188,1,-95.876938,2.800368,-85.596204,251.43,125.715,20030113, 05:42:10.0000,-62.05678667,-60.24975933,-62.05678667,-60.24975933,-62.05678667,-60.24975933,6.49716E-08
677,189,1,-79.956413,109.463069,-60.948806,251.43,125.715,20030113, 05:42:30.0000,-62.05586733,-60.248276,-62.054934,-60.24680933,-62.05586733,-60.248276,2.53966E-06
677,190,1,-96.067465,2.680171,-86.244867,251.43,125.715,20030113, 05:43:10.0000,-62.053984,-60.24532867,-62.05303667,-60.24384533,-62.053984,-60.24532867,6.21829E-08
677,191,1,-94.307996,4.01892,-83.214444,251.43,125.715,20030113, 05:43:50.0000,-62.05210333,-60.242376,-62.05116733,-60.240876,-62.05210333,-60.242376,9.32433E-08
677,192,1,-95.87763,2.799922,-84.093518,251.43,125.715,20030113, 05:44:30.0000,-62.05021733,-60.23939,-62.04926733,-60.23790933,-62.05021733,-60.23939,6.49612E-08
677,193,1,-96.871351,2.227275,-85.936546,251.43,125.715,20030113, 05:45:10.0000,-62.04831733,-60.236376,-62.04735067,-60.23489,-62.04831733,-60.236376,5.16752E-08
677,194,1,-96.789904,2.269439,-85.392752,251.43,125.715,20030113, 05:45:50.0000,-62.04640333,-60.23339267,-62.04546733,-60.23189267,-62.04640333,-60.23339267,5.26534E-08
677,195,1,-97.253359,2.039731,-86.848654,251.43,125.715,20030113, 05:46:30.0000,-62.04450067,-60.23039267,-62.04355067,-60.22894267,-62.04450067,-60.23039267,4.7324E-08
677,196,1,-96.501974,2.424999,-85.19124,251.43,125.715,20030113, 05:47:10.0000,-62.04256733,-60.227562,-62.04156733,-60.22619533,-62.04256733,-60.227562,5.62626E-08
677,197,1,-74.186404,413.302927,-56.149517,251.43,125.715,20030113, 05:47:50.0000,-62.04056733,-60.22479533,-62.03956733,-60.223462,-62.04056733,-60.22479533,9.58907E-06
677,198,1,-97.028215,2.148263,-87.08678,251.43,125.715,20030113, 05:48:30.0000,-62.03856733,-60.222112,-62.03856733,-60.222112,-62.03856733,-60.222112,4.9842E-08
677,199,1,-97.020236,2.152214,-85.805199,251.43,125.715,20030113, 05:48:50.0000,-62.03755067,-60.220762,-62.03655067,-60.21939533,-62.03755067,-60.220762,4.99337E-08
677,200,1,-96.58845,2.37719,-85.7087,251.43,125.715,20030113, 05:49:30.0000,-62.03556733,-60.218012,-62.03460067,-60.216612,-62.03556733,-60.218012,5.51534E-08
677,201,1,-95.916144,2.775201,-84.756573,251.43,125.715,20030113, 05:50:10.0000,-62.033634,-60.21522867,-62.03265067,-60.213876,-62.033634,-60.21522867,6.43877E-08
677,202,1,-94.950718,3.466068,-82.810597,251.43,125.715,20030113, 05:50:50.0000,-62.03167,-60.21249267,-62.03068667,-60.21109533,-62.03167,-60.21249267,8.04165E-08
677,203,1,-95.170165,3.295281,-83.940827,251.43,125.715,20030113, 05:51:30.0000,-62.02970067,-60.20974533,-62.02871733,-60.20839533,-62.02970067,-60.20974533,7.64541E-08
677,204,1,-94.57054,3.783162,-82.238104,251.43,125.715,20030113, 05:52:10.0000,-62.027734,-60.20702867,-62.026734,-60.20567867,-62.027734,-60.20702867,8.77734E-08
677,205,1,-94.556226,3.795651,-84.511949,251.43,125.715,20030113, 05:52:50.0000,-62.025734,-60.20434267,-62.02475067,-60.20294533,-62.025734,-60.20434267,8.80632E-08
677,206,1,-95.807721,2.845357,-85.33338,251.43,125.715,20030113, 05:53:30.0000,-62.0237866,-60.20154523,-62.02280017,-60.20017525,-62.0237866,-60.20154523,6.60154E-08
677,207,1,-96.260927,2.563399,-85.3295,251.43,125.715,20030113, 05:54:10.0000,-62.02180017,-60.198778,-62.02080017,-60.19741133,-62.02180017,-60.198778,5.94736E-08
677,208,1,-96.532455,2.408038,-85.085036,251.43,125.715,20030113, 05:54:50.0000,-62.01979742,-60.196028,-62.01979742,-60.196028,-62.01979742,-60.196028,5.58691E-08
677,209,1,-98.236459,1.626533,-86.388813,251.43,125.715,20030113, 05:55:10.0000,-62.01880017,-60.19462525,-62.01780059,-60.19322856,-62.01880017,-60.19462525,3.77373E-08
677,210,1,-98.560534,1.509578,-86.473813,251.43,125.715,20030113, 05:55:50.0000,-62.0167835,-60.19184467,-62.0157835,-60.190428,-62.0167835,-60.19184467,3.50238E-08
677,211,1,-96.969841,2.177333,-84.438151,251.43,125.715,20030113, 05:56:30.0000,-62.01480017,-60.18901133,-62.01381408,-60.18761133,-62.01480017,-60.18901133,5.05165E-08
677,212,1,-96.641902,2.348112,-83.544494,251.43,125.715,20030113, 05:57:10.0000,-62.01280017,-60.18624192,-62.01179742,-60.18486133,-62.01280017,-60.18624192,5.44787E-08
677,213,1,-96.135068,2.638774,-85.419824,251.43,125.715,20030113, 05:57:50.0000,-62.01079742,-60.18352525,-62.0097835,-60.18214467,-62.01079742,-60.18352525,6.12224E-08
677,214,1,-92.950188,5.494019,-81.531858,251.43,125.715,20030113, 05:58:30.0000,-62.0087835,-60.18079192,-62.0077835,-60.17939467,-62.0087835,-60.18079192,1.27467E-07
677,215,1,-94.509323,3.836866,-82.556962,251.43,125.715,20030113, 05:59:10.0000,-62.00680017,-60.17799467,-62.00581683,-60.17659192,-62.00680017,-60.17799467,8.90194E-08
677,216,1,-95.805689,2.846689,-86.17238,251.43,125.715,20030113, 05:59:50.0000,-62.00480017,-60.175178,-62.00480017,-60.175178,-62.00480017,-60.175178,6.60463E-08
677,217,1,-94.080432,4.23512,-83.35035,251.43,125.715,20030113, 06:00:10.0000,-62.00380017,-60.17379192,-62.0028335,-60.17239192,-62.00380017,-60.17379192,9.82594E-08
677,218,1,-94.995024,3.430888,-84.673367,251.43,125.715,20030113, 06:00:50.0000,-62.00185017,-60.17099467,-62.00086683,-60.16960858,-62.00185017,-60.17099467,7.96003E-08
677,219,1,-94.740803,3.637714,-84.543664,251.43,125.715,20030113, 06:01:30.0000,-61.99988358,-60.16822811,-61.9988835,-60.16684467,-61.99988358,-60.16822811,8.43989E-08
677,220,1,-94.798742,3.589507,-84.260083,251.43,125.715,20030113, 06:02:10.0000,-61.99790017,-60.165428,-61.99691958,-60.16400858,-61.99790017,-60.165428,8.32804E-08
677,221,1,-95.870388,2.804595,-85.527019,251.43,125.715,20030113, 06:02:50.0000,-61.99595017,-60.16255858,-61.99496683,-60.16112525,-61.99595017,-60.16255858,6.50696E-08
677,222,1,-95.847679,2.819298,-86.760953,251.43,125.715,20030113, 06:03:30.0000,-61.99396683,-60.15970858,-61.9929835,-60.15827525,-61.99396683,-60.15970858,6.54108E-08
677,223,1,-96.575376,2.384357,-86.717122,251.43,125.715,20030113, 06:04:10.0000,-61.99200017,-60.15684192,-61.99100292,-60.15544192,-61.99200017,-60.15684192,5.53197E-08
677,224,1,-96.59584,2.373148,-85.491521,251.43,125.715,20030113, 06:04:50.0000,-61.99000017,-60.15400858,-61.98901683,-60.15255858,-61.99000017,-60.15400858,5.50596E-08
677,225,1,-97.518361,1.91899,-87.378167,251.43,125.715,20030113, 06:05:30.0000,-61.9880335,-60.15111133,-61.9880335,-60.15111133,-61.9880335,-60.15111133,4.45226E-08
677,226,1,-96.950061,2.187272,-85.12514,251.43,125.715,20030113, 06:05:50.0000,-61.98705292,-60.14967525,-61.98608358,-60.14822537,-61.98705292,-60.14967525,5.07471E-08
677,227,1,-97.971931,1.728685,-85.147144,251.43,125.715,20030113, 06:06:30.0000,-61.98511683,-60.14676133,-61.98415017,-60.14534192,-61.98511683,-60.14676133,4.01074E-08
677,228,1,-97.717099,1.833154,-85.138367,251.43,125.715,20030113, 06:07:10.0000,-61.98316683,-60.14392525,-61.98220017,-60.14252525,-61.98316683,-60.14392525,4.25312E-08
677,229,1,-101.589408,0.751568,-87.532718,251.43,125.715,20030113, 06:07:50.0000,-61.9812335,-60.141128,-61.98025017,-60.13970858,-61.9812335,-60.141128,1.74372E-08
677,230,1,-101.724595,0.728533,-86.89467,251.43,125.715,20030113, 06:08:30.0000,-61.9792835,-60.13830858,-61.97831683,-60.136928,-61.9792835,-60.13830858,1.69028E-08
677,231,1,-102.729418,0.578052,-87.015566,251.43,125.715,20030113, 06:09:10.0000,-61.97735292,-60.13552525,-61.9763835,-60.13412525,-61.97735292,-60.13552525,1.34114E-08
677,232,1,-101.477763,0.771139,-85.712753,251.43,125.715,20030113, 06:09:50.0000,-61.97540292,-60.13272525,-61.9744335,-60.13129467,-61.97540292,-60.13272525,1.78913E-08
677,233,1,-104.1481,0.416964,-89.09495,251.43,125.715,20030113, 06:10:30.0000,-61.97346683,-60.129878,-61.97246683,-60.128478,-61.97346683,-60.129878,9.67402E-09
677,234,1,-106.914863,0.220507,-91.323458,251.43,125.715,20030113, 06:11:10.0000,-61.97146683,-60.12705858,-61.9704835,-60.12564467,-61.97146683,-60.12705858,5.116E-09
677,235,1,-108.894242,0.139793,-96.304784,251.43,125.715,20030113, 06:11:50.0000,-61.96950017,-60.12421133,-61.96950017,-60.12421133,-61.96950017,-60.12421133,3.24334E-09
677,236,1,-101.174095,0.826988,-84.154484,251.43,125.715,20030113, 06:12:10.0000,-61.96850017,-60.12279192,-61.96751683,-60.121378,-61.96850017,-60.12279192,1.9187E-08
677,237,1,-101.605023,0.74887,-87.815791,251.43,125.715,20030113, 06:12:50.0000,-61.96651683,-60.119978,-61.9655335,-60.11855858,-61.96651683,-60.119978,1.73746E-08
677,238,1,-105.335265,0.317236,-89.534127,251.43,125.715,20030113, 06:13:30.0000,-61.96455008,-60.11712789,-61.963583,-60.11574117,-61.96455008,-60.11712789,7.36022E-09
677,239,1,-105.75298,0.288145,-90.202456,251.43,125.715,20030113, 06:14:10.0000,-61.96259967,-60.11431067,-61.96159967,-60.1129245,-61.96259967,-60.11431067,6.68527E-09
677,240,1,-101.25995,0.8108,-86.397699,251.43,125.715,20030113, 06:14:50.0000,-61.96061633,-60.11155783,-61.959633,-60.11017733,-61.96061633,-60.11155783,1.88114E-08
677,241,1,-79.791279,113.705393,-62.896603,251.43,125.715,20030113, 06:15:30.0000,-61.9586525,-60.108794,-61.957683,-60.10737733,-61.9586525,-60.108794,2.63809E-06
677,242,1,-99.323495,1.266367,-83.211022,251.43,125.715,20030113, 06:16:10.0000,-61.95669967,-60.10595783,-61.95571633,-60.10454117,-61.95669967,-60.10595783,2.93811E-08
677,243,1,-97.47763,1.937073,-84.290347,251.43,125.715,20030113, 06:16:50.0000,-61.954733,-60.103144,-61.9537525,-60.10174117,-61.954733,-60.103144,4.49422E-08
677,244,1,-95.683272,2.928072,-82.983258,251.43,125.715,20030113, 06:17:30.0000,-61.952783,-60.10034117,-61.952783,-60.10034117,-61.952783,-60.10034117,6.79344E-08
677,245,1,-96.127004,2.643678,-81.000069,251.43,125.715,20030113, 06:17:50.0000,-61.95179967,-60.09892733,-61.95079967,-60.09752733,-61.95179967,-60.09892733,6.13362E-08
677,246,1,-91.900059,6.996857,-74.167723,251.43,125.715,20030113, 06:18:30.0000,-61.94983583,-60.096144,-61.9488665,-60.09477756,-61.94983583,-60.096144,1.62335E-07
677,247,1,-99.151701,1.317464,-85.293155,251.43,125.715,20030113, 06:19:10.0000,-61.947883,-60.09336067,-61.94691917,-60.09199117,-61.947883,-60.09336067,3.05666E-08
677,248,1,-99.021851,1.35745,-86.880432,251.43,125.715,20030113, 06:19:50.0000,-61.94596633,-60.090594,-61.94498583,-60.08917733,-61.94596633,-60.090594,3.14943E-08
677,249,1,-98.888859,1.399662,-85.956387,251.43,125.715,20030113, 06:20:30.0000,-61.94401633,-60.08777733,-61.94301633,-60.0864245,-61.94401633,-60.08777733,3.24737E-08
677,250,1,-100.49194,0.967642,-90.160186,251.43,125.715,20030113, 06:21:10.0000,-61.94201633,-60.0850245,-61.941033,-60.08359117,-61.94201633,-60.0850245,2.24504E-08
677,251,1,-101.776207,0.719927,-90.484314,251.43,125.715,20030113, 06:21:50.0000,-61.94004967,-60.082194,-61.93906633,-60.08079117,-61.94004967,-60.082194,1.67031E-08
677,252,1,-101.217888,0.818691,-89.328929,251.43,125.715,20030113, 06:22:30.0000,-61.938083,-60.07937733,-61.937133,-60.07794117,-61.938083,-60.07937733,1.89945E-08
677,253,1,-99.183511,1.30785,-87.715373,251.43,125.715,20030113, 06:23:10.0000,-61.9361525,-60.0765245,-61.93519967,-60.0750745,-61.9361525,-60.0765245,3.03435E-08
677,254,1,-96.088449,2.667252,-82.832219,251.43,125.715,20030113, 06:23:50.0000,-61.934233,-60.07362733,-61.934233,-60.07362733,-61.934233,-60.07362733,6.18831E-08
677,255,1,-84.035215,42.794449,-66.585248,251.43,125.715,20030113, 06:24:10.0000,-61.93326633,-60.0721745,-61.9323025,-60.07071067,-61.93326633,-60.0721745,9.92877E-07
677,256,1,-95.3841,3.136888,-80.302633,251.43,125.715,20030113, 06:24:50.0000,-61.931333,-60.0692745,-61.93036633,-60.06784117,-61.931333,-60.0692745,7.27792E-08
677,257,1,-98.645079,1.480475,-87.180011,251.43,125.715,20030113, 06:25:30.0000,-61.929383,-60.06639117,-61.92841633,-60.06494117,-61.929383,-60.06639117,3.43486E-08
677,258,1,-96.874987,2.225411,-85.14019,251.43,125.715,20030113, 06:26:10.0000,-61.927433,-60.06350783,-61.92646633,-60.06205783,-61.927433,-60.06350783,5.16319E-08
677,259,1,-96.459559,2.448798,-83.707589,251.43,125.715,20030113, 06:26:50.0000,-61.92549967,-60.06060783,-61.92451917,-60.05914117,-61.92549967,-60.06060783,5.68148E-08
677,260,1,-98.296602,1.604164,-86.276069,251.43,125.715,20030113, 06:27:30.0000,-61.92354967,-60.05770783,-61.922583,-60.056244,-61.92354967,-60.05770783,3.72183E-08
677,261,1,-96.660989,2.337815,-81.142899,251.43,125.715,20030113, 06:28:10.0000,-61.9216025,-60.05480783,-61.92061633,-60.05339117,-61.9216025,-60.05480783,5.42398E-08
677,262,1,-98.702705,1.46096,-87.477017,251.43,125.715,20030113, 06:28:50.0000,-61.91966675,-60.05195846,-61.91869967,-60.05054117,-61.91966675,-60.05195846,3.38959E-08
677,263,1,-97.57115,1.895806,-87.079367,251.43,125.715,20030113, 06:29:30.0000,-61.917733,-60.04910783,-61.917733,-60.04910783,-61.917733,-60.04910783,4.39848E-08
677,264,1,-96.537996,2.404968,-82.243131,251.43,125.715,20030113, 06:29:50.0000,-61.91676917,-60.0476745,-61.91581633,-60.04624117,-61.91676917,-60.0476745,5.57979E-08
677,265,1,-88.196871,16.414281,-74.324462,251.43,125.715,20030113, 06:30:30.0000,-61.914833,-60.044844,-61.913833,-60.04344117,-61.914833,-60.044844,3.80829E-07
677,266,1,-85.689182,29.240899,-73.402349,251.43,125.715,20030113, 06:31:10.0000,-61.91284967,-60.0420245,-61.91186633,-60.04060783,-61.91284967,-60.0420245,6.7842E-07
677,267,1,-82.386488,62.554729,-69.099093,251.43,125.715,20030113, 06:31:50.0000,-61.9109025,-60.039194,-61.909933,-60.03782733,-61.9109025,-60.039194,1.45134E-06
677,268,1,-69.451561,1229.568892,-52.366455,251.43,125.715,20030113, 06:32:30.0000,-61.90896633,-60.03644117,-61.90799967,-60.0350245,-61.90896633,-60.03644117,2.85273E-05
677,269,1,-75.700229,291.666175,-59.537921,251.43,125.715,20030113, 06:33:10.0000,-61.907033,-60.03360783,-61.906083,-60.03215783,-61.907033,-60.03360783,6.76697E-06
677,270,1,-68.947121,1381.009977,-52.450464,251.43,125.715,20030113, 06:33:50.0000,-61.9051025,-60.03070783,-61.904133,-60.029244,-61.9051025,-60.03070783,3.20409E-05
677,271,1,-93.433609,4.915277,-80.349868,251.43,125.715,20030113, 06:34:30.0000,-61.90314917,-60.02782375,-61.90216875,-60.02641,-61.90314917,-60.02782375,1.1404E-07
677,272,1,-72.16807,657.812174,-52.768582,251.43,125.715,20030113, 06:35:10.0000,-61.90118267,-60.0249769,-61.9002,-60.02354167,-61.90118267,-60.0249769,1.5262E-05
677,273,1,-93.773328,4.545442,-83.736516,251.43,125.715,20030113, 06:35:50.0000,-61.89919917,-60.02211,-61.89919917,-60.02211,-61.89919917,-60.02211,1.05459E-07
677,274,1,-88.840761,14.15249,-74.858972,251.43,125.715,20030113, 06:36:10.0000,-61.89820208,-60.02067375,-61.89721583,-60.01927375,-61.89820208,-60.02067375,3.28353E-07
677,275,1,-87.830216,17.860241,-74.819578,251.43,125.715,20030113, 06:36:50.0000,-61.89621583,-60.01786,-61.8952325,-60.01641,-61.89621583,-60.01786,4.14377E-07
677,276,1,-85.454602,30.863751,-71.685027,251.43,125.715,20030113, 06:37:30.0000,-61.89424917,-60.01497667,-61.89326583,-60.01351,-61.89424917,-60.01497667,7.16072E-07
677,277,1,-82.932809,55.160478,-68.819444,251.43,125.715,20030113, 06:38:10.0000,-61.8922825,-60.01204042,-61.89128542,-60.01060708,-61.8922825,-60.01204042,1.27978E-06
677,278,1,-83.566658,47.669773,-67.241853,251.43,125.715,20030113, 06:38:50.0000,-61.89029917,-60.00916,-61.88931583,-60.00772375,-61.89029917,-60.00916,1.10599E-06
677,279,1,-85.092363,33.548463,-72.153866,251.43,125.715,20030113, 06:39:30.0000,-61.8883325,-60.00627375,-61.88734917,-60.00482375,-61.8883325,-60.00627375,7.78361E-07
677,280,1,-87.122949,21.019094,-75.346459,251.43,125.715,20030113, 06:40:10.0000,-61.88636583,-60.00330417,-61.88636583,-60.00330417,-61.88636583,-60.00330417,4.87666E-07
677,281,1,-84.69515,36.761562,-70.853051,251.43,125.715,20030113, 06:40:30.0000,-61.88548542,-60.00158458,-61.88475792,-59.99961208,-61.88548542,-60.00158458,8.52908E-07
677,282,1,-85.993981,27.259057,-73.331834,251.43,125.715,20030113, 06:41:10.0000,-61.88421083,-59.99737292,-61.88381083,-59.9949925,-61.88421083,-59.99737292,6.3244E-07
677,283,1,-85.549718,30.195143,-73.629779,251.43,125.715,20030113, 06:41:50.0000,-61.88344405,-59.992625,-61.88306083,-59.9902925,-61.88344405,-59.992625,7.0056E-07
677,284,1,-82.065314,67.35619,-70.223311,251.43,125.715,20030113, 06:42:30.0000,-61.88264254,-59.98796443,-61.88220586,-59.98564958,-61.88264254,-59.98796443,1.56274E-06
677,285,1,-81.474596,77.170141,-69.177666,251.43,125.715,20030113, 06:43:10.0000,-61.88175567,-59.98326533,-61.881326,-59.98091167,-61.88175567,-59.98326533,1.79043E-06
677,286,1,-75.844344,282.146398,-58.968875,251.43,125.715,20030113, 06:43:50.0000,-61.88090561,-59.97848174,-61.88045542,-59.97613083,-61.88090561,-59.97848174,6.5461E-06
677,287,1,-84.592387,37.64179,-70.562998,251.43,125.715,20030113, 06:44:30.0000,-61.88002233,-59.97376533,-61.879589,-59.97140233,-61.88002233,-59.97376533,8.7333E-07
677,288,1,-83.762554,45.567324,-72.015184,251.43,125.715,20030113, 06:45:10.0000,-61.879189,-59.96902833,-61.879189,-59.96902833,-61.879189,-59.96902833,1.05721E-06
677,289,1,-83.427034,49.227248,-69.418815,251.43,125.715,20030113, 06:45:30.0000,-61.878776,-59.96661533,-61.878376,-59.96424867,-61.878776,-59.96661533,1.14213E-06
677,290,1,-74.825385,356.755277,-55.68879,251.43,125.715,20030113, 06:46:10.0000,-61.87795567,-59.96191167,-61.8775092,-59.95956443,-61.87795567,-59.96191167,8.27711E-06
677,291,1,-83.471338,48.72761,-69.237859,251.43,125.715,20030113, 06:46:50.0000,-61.87705567,-59.957232,-61.876589,-59.954832,-61.87705567,-59.957232,1.13053E-06
677,292,1,-83.907372,44.07291,-69.206874,251.43,125.715,20030113, 06:47:30.0000,-61.87612239,-59.95246194,-61.87567233,-59.95009867,-61.87612239,-59.95246194,1.02254E-06
677,293,1,-83.630046,46.979066,-69.664963,251.43,125.715,20030113, 06:48:10.0000,-61.87522228,-59.94774841,-61.87477233,-59.94541533,-61.87522228,-59.94774841,1.08996E-06
677,294,1,-83.629101,46.989288,-70.070527,251.43,125.715,20030113, 06:48:50.0000,-61.87432233,-59.94309867,-61.87385933,-59.940732,-61.87432233,-59.94309867,1.0902E-06
677,295,1,-83.02723,53.974164,-69.918419,251.43,125.715,20030113, 06:49:30.0000,-61.87338881,-59.93834403,-61.87288894,-59.93592806,-61.87338881,-59.93834403,1.25226E-06
677,296,1,-83.863243,44.523021,-70.313137,251.43,125.715,20030113, 06:50:10.0000,-61.87242233,-59.93349867,-61.87242233,-59.93349867,-61.87242233,-59.93349867,1.03298E-06
677,297,1,-83.811726,45.054305,-71.246349,251.43,125.715,20030113, 06:50:30.0000,-61.87195567,-59.93109867,-61.87150933,-59.928682,-61.87195567,-59.93109867,1.04531E-06
677,298,1,-84.131549,41.85564,-70.747804,251.43,125.715,20030113, 06:51:10.0000,-61.871089,-59.926282,-61.87065547,-59.9238607,-61.871089,-59.926282,9.71096E-07
677,299,1,-85.583225,29.963081,-73.972338,251.43,125.715,20030113, 06:51:50.0000,-61.87022233,-59.921482,-61.86978881,-59.91912736,-61.87022233,-59.921482,6.95176E-07
677,300,1,-87.359118,19.9066,-77.780144,251.43,125.715,20030113, 06:52:30.0000,-61.869326,-59.91674867,-61.86890561,-59.91438174,-61.869326,-59.91674867,4.61855E-07
677,301,1,-86.437658,24.611787,-75.875694,251.43,125.715,20030113, 06:53:10.0000,-61.86845567,-59.911995,-61.867989,-59.90959867,-61.86845567,-59.911995,5.7102E-07
677,302,1,-78.034813,170.383522,-62.614103,251.43,125.715,20030113, 06:53:50.0000,-61.86752233,-59.90721533,-61.86752233,-59.90721533,-61.86752233,-59.90721533,3.95308E-06
677,303,1,-86.727477,23.022961,-72.808571,251.43,125.715,20030113, 06:54:10.0000,-61.86707228,-59.90482806,-61.86660933,-59.902382,-61.86707228,-59.90482806,5.34158E-07
677,304,1,-92.440431,6.178255,-81.563835,251.43,125.715,20030113, 06:54:50.0000,-61.86617228,-59.90001508,-61.86572233,-59.89764867,-61.86617228,-59.90001508,1.43342E-07
677,305,1,-90.043305,10.729474,-78.654095,251.43,125.715,20030113, 06:55:30.0000,-61.86525567,-59.89526533,-61.86480561,-59.89289841,-61.86525567,-59.89526533,2.48935E-07
677,306,1,-90.486928,9.687598,-78.808462,251.43,125.715,20030113, 06:56:10.0000,-61.86435567,-59.890482,-61.86392233,-59.88809867,-61.86435567,-59.890482,2.24763E-07
677,307,1,-94.036718,4.277964,-82.793348,251.43,125.715,20030113, 06:56:50.0000,-61.86347613,-59.88574958,-61.86302228,-59.88339841,-61.86347613,-59.88574958,9.92534E-08
677,308,1,-92.875812,5.588918,-83.550271,251.43,125.715,20030113, 06:57:30.0000,-61.86255937,-59.88103226,-61.86210586,-59.87866625,-61.86255937,-59.88103226,1.29669E-07
677,309,1,-92.519661,6.066565,-81.750947,251.43,125.715,20030113, 06:58:10.0000,-61.86163881,-59.87631443,-61.86163881,-59.87631443,-61.86163881,-59.87631443,1.40751E-07
677,310,1,-92.75111,5.751722,-82.847784,251.43,125.715,20030113, 06:58:30.0000,-61.86117233,-59.87392833,-61.86072233,-59.871532,-61.86117233,-59.87392833,1.33446E-07
677,311,1,-89.494095,12.175855,-76.161728,251.43,125.715,20030113, 06:59:10.0000,-61.86027208,-59.86918083,-61.85982233,-59.866795,-61.86027208,-59.86918083,2.82493E-07
677,312,1,-87.082214,21.217172,-74.139079,251.43,125.715,20030113, 06:59:50.0000,-61.85938894,-59.86441139,-61.85893875,-59.86201417,-61.85938894,-59.86441139,4.92261E-07
677,313,1,-89.77985,11.4005,-74.95468,251.43,125.715,20030113, 07:00:30.0000,-61.858476,-59.859632,-61.85802596,-59.85723174,-61.858476,-59.859632,2.64504E-07
677,314,1,-78.943394,138.219556,-60.186714,251.43,125.715,20030113, 07:01:10.0000,-61.85757208,-59.8548475,-61.85713875,-59.85243083,-61.85757208,-59.8548475,3.20684E-06
677,315,1,-94.710702,3.663016,-87.221927,251.43,125.715,20030113, 07:01:50.0000,-61.85668894,-59.85004472,-61.85668894,-59.85004472,-61.85668894,-59.85004472,8.49859E-08
677,316,1,-94.092585,4.223285,-83.003106,251.43,125.715,20030113, 07:02:10.0000,-61.85622583,-59.84766042,-61.85577587,-59.84524403,-61.85622583,-59.84766042,9.79848E-08
677,317,1,-93.932082,4.382286,-81.652997,251.43,125.715,20030113, 07:02:50.0000,-61.85532596,-59.84284841,-61.8548925,-59.84043083,-61.85532596,-59.84284841,1.01674E-07
677,318,1,-93.238877,5.140688,-79.947001,251.43,125.715,20030113, 07:03:30.0000,-61.85445917,-59.83804375,-61.85404263,-59.83562806,-61.85445917,-59.83804375,1.1927E-07
677,319,1,-92.127538,6.639801,-79.44486,251.43,125.715,20030113, 07:04:10.0000,-61.85362208,-59.83321417,-61.85318875,-59.83081417,-61.85362208,-59.83321417,1.54051E-07
677,320,1,-93.887007,4.428007,-82.316967,251.43,125.715,20030113, 07:04:50.0000,-61.85277228,-59.82839841,-61.85233875,-59.82597708,-61.85277228,-59.82839841,1.02735E-07
677,321,1,-98.53306,1.519158,-90.158836,251.43,125.715,20030113, 07:05:30.0000,-61.85192214,-59.82354776,-61.85192214,-59.82354776,-61.85192214,-59.82354776,3.52461E-08
677,322,1,-95.847067,2.819696,-84.084579,251.43,125.715,20030113, 07:05:50.0000,-61.85152228,-59.82114841,-61.85112208,-59.81878083,-61.85152228,-59.82114841,6.542E-08
677,323,1,-79.308118,127.085817,-61.09102,251.43,125.715,20030113, 07:06:30.0000,-61.85070917,-59.81641417,-61.8503093,-59.81401508,-61.85070917,-59.81641417,2.94853E-06
677,324,1,-69.424621,1237.219583,-50.549029,251.43,125.715,20030113, 07:07:10.0000,-61.84987583,-59.81162708,-61.84945542,-59.80921417,-61.84987583,-59.81162708,2.87048E-05
677,325,1,-92.237306,6.474084,-81.135172,251.43,125.715,20030113, 07:07:50.0000,-61.84902583,-59.8067975,-61.84862583,-59.80439375,-61.84902583,-59.8067975,1.50206E-07
677,326,1,-72.92977,551.990876,-55.810959,251.43,125.715,20030113, 07:08:30.0000,-61.84820917,-59.80197708,-61.84780913,-59.79954347,-61.84820917,-59.80197708,1.28068E-05
677,327,1,-94.745526,3.63376,-86.22734,251.43,125.715,20030113, 07:09:10.0000,-61.8473925,-59.79713083,-61.8469925,-59.79473083,-61.8473925,-59.79713083,8.43072E-08
677,328,1,-96.565431,2.389824,-88.111562,251.43,125.715,20030113, 07:09:50.0000,-61.84657583,-59.79233083,-61.84657583,-59.79233083,-61.84657583,-59.79233083,5.54465E-08
677,329,1,-97.444224,1.95203,-88.723987,251.43,125.715,20030113, 07:10:10.0000,-61.84615917,-59.7899475,-61.84575917,-59.78754375,-61.84615917,-59.7899475,4.52892E-08
677,330,1,-97.630076,1.870257,-84.731625,251.43,125.715,20030113, 07:10:50.0000,-61.84535542,-59.78513083,-61.84493869,-59.7827268,-61.84535542,-59.78513083,4.3392E-08
677,331,1,-98.844417,1.414058,-88.142983,251.43,125.715,20030113, 07:11:30.0000,-61.84452583,-59.78032708,-61.8440925,-59.7779475,-61.84452583,-59.78032708,3.28077E-08
677,332,1,-101.948598,0.691909,-92.931118,251.43,125.715,20030113, 07:12:10.0000,-61.84367208,-59.7755975,-61.84325542,-59.7731975,-61.84367208,-59.7755975,1.6053E-08
677,333,1,-100.988125,0.86317,-89.616565,251.43,125.715,20030113, 07:12:50.0000,-61.84283875,-59.7707975,-61.84242208,-59.7684475,-61.84283875,-59.7707975,2.00265E-08
677,334,1,-98.524289,1.522229,-84.160484,251.43,125.715,20030113, 07:13:30.0000,-61.84200522,-59.76611327,-61.84157583,-59.76378083,-61.84200522,-59.76611327,3.53174E-08
677,335,1,-102.864945,0.560292,-93.647194,251.43,125.715,20030113, 07:14:10.0000,-61.84115522,-59.76142612,-61.84072583,-59.75904375,-61.84115522,-59.76142612,1.29994E-08
677,336,1,-99.745592,1.149079,-88.829519,251.43,125.715,20030113, 07:14:50.0000,-61.84030917,-59.75666042,-61.84030917,-59.75666042,-61.84030917,-59.75666042,2.66599E-08
677,337,1,-101.480156,0.770714,-90.899028,251.43,125.715,20030113, 07:15:10.0000,-61.83989237,-59.75427612,-61.8394925,-59.75188083,-61.83989237,-59.75427612,1.78814E-08
677,338,1,-92.55554,6.016652,-76.353703,251.43,125.715,20030113, 07:15:50.0000,-61.83907583,-59.74949375,-61.83865917,-59.74708083,-61.83907583,-59.74949375,1.39593E-07
677,339,1,-98.662886,1.474417,-89.634922,251.43,125.715,20030113, 07:16:30.0000,-61.83825542,-59.7446975,-61.83785542,-59.74231417,-61.83825542,-59.7446975,3.42081E-08
677,340,1,-97.958458,1.734056,-86.761638,251.43,125.715,20030113, 07:17:10.0000,-61.83743875,-59.7399475,-61.8370257,-59.7375966,-61.83743875,-59.7399475,4.0232E-08
677,341,1,-98.181745,1.647155,-86.476518,251.43,125.715,20030113, 07:17:50.0000,-61.8366258,-59.73523057,-61.83622183,-59.732913,-61.8366258,-59.73523057,3.82158E-08
677,342,1,-98.219063,1.633062,-85.132257,251.43,125.715,20030113, 07:18:30.0000,-61.83582208,-59.73056417,-61.83541292,-59.72823083,-61.83582208,-59.73056417,3.78888E-08
677,343,1,-100.3659,0.996137,-89.128752,251.43,125.715,20030113, 07:19:10.0000,-61.8350425,-59.72586417,-61.83465904,-59.7234966,-61.8350425,-59.72586417,2.31114E-08
677,344,1,-97.991561,1.720889,-90.003356,251.43,125.715,20030113, 07:19:50.0000,-61.83425913,-59.7211639,-61.83425913,-59.7211639,-61.83425913,-59.7211639,3.99265E-08
677,345,1,-75.394284,312.954018,-55.890342,251.43,125.715,20030113, 07:20:10.0000,-61.83385522,-59.71886327,-61.83343875,-59.71651792,-61.83385522,-59.71886327,7.26087E-06
677,346,1,-98.852952,1.411282,-84.220714,251.43,125.715,20030113, 07:20:50.0000,-61.83300917,-59.7141975,-61.83257183,-59.71182967,-61.83300917,-59.7141975,3.27433E-08
677,347,1,-78.101115,167.802122,-58.695398,251.43,125.715,20030113, 07:21:30.0000,-61.83215904,-59.7094966,-61.83175517,-59.70715917,-61.83215904,-59.7094966,3.89319E-06
677,348,1,-100.557085,0.953236,-92.125692,251.43,125.715,20030113, 07:22:10.0000,-61.8313385,-59.704763,-61.83092567,-59.70240917,-61.8313385,-59.704763,2.21161E-08
677,349,1,-102.234532,0.647822,-92.239041,251.43,125.715,20030113, 07:22:50.0000,-61.83052203,-59.7000139,-61.83014233,-59.69762967,-61.83052203,-59.7000139,1.50302E-08
677,350,1,-102.571841,0.599411,-86.934558,251.43,125.715,20030113, 07:23:30.0000,-61.82975522,-59.6952466,-61.829359,-59.6928425,-61.82975522,-59.6952466,1.3907E-08
677,351,1,-101.825524,0.711798,-88.432821,251.43,125.715,20030113, 07:24:10.0000,-61.828959,-59.69042967,-61.8285885,-59.68802583,-61.828959,-59.69042967,1.65145E-08
677,352,1,-81.077547,84.557915,-65.294822,251.43,125.715,20030113, 07:24:50.0000,-61.82819246,-59.68561013,-61.82819246,-59.68561013,-61.82819246,-59.68561013,1.96183E-06
677,353,1,-98.741842,1.447854,-84.970501,251.43,125.715,20030113, 07:25:10.0000,-61.827809,-59.68320917,-61.8274257,-59.68077993,-61.827809,-59.68320917,3.35918E-08
677,354,1,-97.958603,1.733998,-86.946279,251.43,125.715,20030113, 07:25:50.0000,-61.82704246,-59.67839724,-61.82667567,-59.676013,-61.82704246,-59.67839724,4.02306E-08
677,355,1,-75.843403,282.207557,-56.298459,251.43,125.715,20030113, 07:26:30.0000,-61.82629233,-59.67367583,-61.82590517,-59.671313,-61.82629233,-59.67367583,6.54752E-06
677,356,1,-96.938755,2.192974,-86.700225,251.43,125.715,20030113, 07:27:10.0000,-61.82550517,-59.66892967,-61.825109,-59.666563,-61.82550517,-59.66892967,5.08794E-08
677,357,1,-99.408146,1.241922,-87.921339,251.43,125.715,20030113, 07:27:50.0000,-61.8247385,-59.66417967,-61.82435517,-59.66179633,-61.8247385,-59.66417967,2.88139E-08
677,358,1,-99.44424,1.231643,-89.644035,251.43,125.715,20030113, 07:28:30.0000,-61.82399237,-59.65940945,-61.82362183,-59.65700917,-61.82399237,-59.65940945,2.85755E-08
677,359,1,-98.056505,1.695346,-87.815172,251.43,125.715,20030113, 07:29:10.0000,-61.8232385,-59.654613,-61.82284233,-59.65222967,-61.8232385,-59.654613,3.93339E-08
677,360,1,-98.58039,1.502692,-86.505616,251.43,125.715,20030113, 07:29:50.0000,-61.8224553,-59.64984318,-61.8220385,-59.64745917,-61.8224553,-59.64984318,3.48641E-08
677,361,1,-101.226606,0.817049,-92.445939,251.43,125.715,20030113, 07:30:30.0000,-61.82162567,-59.64507967,-61.82162567,-59.64507967,-61.82162567,-59.64507967,1.89564E-08
677,362,1,-100.22603,1.028741,-90.708841,251.43,125.715,20030113, 07:30:50.0000,-61.82122567,-59.64272583,-61.82082183,-59.64032967,-61.82122567,-59.64272583,2.38679E-08
677,363,1,-93.412269,4.939489,-81.209124,251.43,125.715,20030113, 07:31:30.0000,-61.820409,-59.63794633,-61.81999233,-59.63557583,-61.820409,-59.63794633,1.14601E-07
677,364,1,-75.636621,295.969432,-56.349277,251.43,125.715,20030113, 07:32:10.0000,-61.81957567,-59.63319633,-61.81915498,-59.63079544,-61.81957567,-59.63319633,6.86681E-06
677,365,1,-95.612885,2.975914,-85.105214,251.43,125.715,20030113, 07:32:50.0000,-61.81872567,-59.628413,-61.81832178,-59.62601273,-61.81872567,-59.628413,6.90444E-08
677,366,1,-88.120493,16.705505,-71.489761,251.43,125.715,20030113, 07:33:30.0000,-61.817909,-59.62362967,-61.81750517,-59.6212425,-61.817909,-59.62362967,3.87586E-07
677,367,1,-95.260336,3.227568,-78.242095,251.43,125.715,20030113, 07:34:10.0000,-61.81710498,-59.61882488,-61.81667567,-59.61639633,-61.81710498,-59.61882488,7.48831E-08
677,368,1,-98.365775,1.578816,-84.062368,251.43,125.715,20030113, 07:34:50.0000,-61.81627567,-59.6139925,-61.81627567,-59.6139925,-61.81627567,-59.6139925,3.66302E-08
677,369,1,-98.442943,1.55101,-84.253816,251.43,125.715,20030113, 07:35:10.0000,-61.81587567,-59.61160917,-61.8154885,-59.609213,-61.81587567,-59.61160917,3.59851E-08
677,370,1,-100.034513,1.075122,-83.104667,251.43,125.715,20030113, 07:35:50.0000,-61.81507178,-59.60684606,-61.81464221,-59.60449544,-61.81507178,-59.60684606,2.4944E-08
677,371,1,-101.765428,0.721716,-91.29026,251.43,125.715,20030113, 07:36:30.0000,-61.81422567,-59.60212967,-61.81382567,-59.59975917,-61.81422567,-59.60212967,1.67446E-08
677,372,1,-96.081712,2.671393,-79.990699,251.43,125.715,20030113, 07:37:10.0000,-61.81340883,-59.59737458,-61.81300498,-59.59501211,-61.81340883,-59.59737458,6.19792E-08
677,373,1,-95.575626,3.001555,-85.267375,251.43,125.715,20030113, 07:37:50.0000,-61.81259229,-59.5926294,-61.8121885,-59.590263,-61.81259229,-59.5926294,6.96393E-08
677,374,1,-95.856102,2.813835,-81.452603,251.43,125.715,20030113, 07:38:30.0000,-61.81178825,-59.58791183,-61.81135883,-59.58554125,-61.81178825,-59.58791183,6.5284E-08
677,375,1,-96.035752,2.699813,-80.465878,251.43,125.715,20030113, 07:39:10.0000,-61.81095492,-59.58316183,-61.81054217,-59.58079517,-61.81095492,-59.58316183,6.26386E-08
677,376,1,-97.826539,1.787537,-81.878319,251.43,125.715,20030113, 07:39:50.0000,-61.81013844,-59.57844606,-61.81013844,-59.57844606,-61.81013844,-59.57844606,4.14728E-08
677,377,1,-99.94481,1.097559,-85.217755,251.43,125.715,20030113, 07:40:10.0000,-61.8097255,-59.57609517,-61.80930887,-59.57372488,-61.8097255,-59.57609517,2.54646E-08
677,378,1,-92.238552,6.472226,-72.987344,251.43,125.715,20030113, 07:40:50.0000,-61.80890492,-59.57132458,-61.80849229,-59.56894606,-61.80890492,-59.57132458,1.50163E-07
677,379,1,-99.688521,1.164278,-83.665787,251.43,125.715,20030113, 07:41:30.0000,-61.8080755,-59.5666285,-61.80765883,-59.5642785,-61.8080755,-59.5666285,2.70125E-08
677,380,1,-103.406738,0.494578,-92.92485,251.43,125.715,20030113, 07:42:10.0000,-61.80725883,-59.5619285,-61.80685883,-59.5595785,-61.80725883,-59.5619285,1.14748E-08
677,381,1,-101.315945,0.800414,-92.151299,251.43,125.715,20030113, 07:42:50.0000,-61.80645883,-59.5572285,-61.80605883,-59.55489517,-61.80645883,-59.5572285,1.85705E-08
677,382,1,-102.138201,0.662352,-91.520032,251.43,125.715,20030113, 07:43:30.0000,-61.80564217,-59.55255792,-61.80522158,-59.55016183,-61.80564217,-59.55255792,1.53673E-08
677,383,1,-103.977451,0.433674,-89.39669,251.43,125.715,20030113, 07:44:10.0000,-61.80480492,-59.54779517,-61.80439204,-59.54544428,-61.80480492,-59.54779517,1.00617E-08
677,384,1,-99.117612,1.327846,-87.216872,251.43,125.715,20030113, 07:44:50.0000,-61.80400492,-59.54307458,-61.80400492,-59.54307458,-61.80400492,-59.54307458,3.08075E-08
677,385,1,-101.012283,0.858382,-86.17221,251.43,125.715,20030113, 07:45:10.0000,-61.80360492,-59.54071183,-61.80319212,-59.53836149,-61.80360492,-59.54071183,1.99154E-08
677,386,1,-95.607723,2.979453,-82.290792,251.43,125.715,20030113, 07:45:50.0000,-61.80275492,-59.53606183,-61.80235492,-59.53369517,-61.80275492,-59.53606183,6.91265E-08
677,387,1,-103.45504,0.489108,-89.88054,251.43,125.715,20030113, 07:46:30.0000,-61.80195883,-59.5313285,-61.80155909,-59.52892652,-61.80195883,-59.5313285,1.13478E-08
677,388,1,-99.151709,1.317462,-83.313216,251.43,125.715,20030113, 07:47:10.0000,-61.80115492,-59.5265285,-61.80075891,-59.52416625,-61.80115492,-59.5265285,3.05665E-08
677,389,1,-96.252115,2.568605,-82.369745,251.43,125.715,20030113, 07:47:50.0000,-61.8003755,-59.52184125,-61.79997158,-59.51949517,-61.8003755,-59.52184125,5.95944E-08
677,390,1,-79.200387,130.277732,-60.567471,251.43,125.715,20030113, 07:48:30.0000,-61.79955883,-59.5171285,-61.79914217,-59.51479517,-61.79955883,-59.5171285,3.02258E-06
677,391,1,-91.96374,6.895011,-76.755221,251.43,125.715,20030113, 07:49:10.0000,-61.79874217,-59.51246183,-61.79835503,-59.51009571,-61.79874217,-59.51246183,1.59972E-07
677,392,1,-100.282679,1.015409,-82.939311,251.43,125.715,20030113, 07:49:50.0000,-61.79797158,-59.5077285,-61.79757158,-59.50534125,-61.79797158,-59.5077285,2.35586E-08
677,393,1,-101.505638,0.766205,-89.026774,251.43,125.715,20030113, 07:50:30.0000,-61.79717583,-59.50296417,-61.79717583,-59.50296417,-61.79717583,-59.50296417,1.77768E-08
677,394,1,-100.208602,1.032877,-86.762004,251.43,125.715,20030113, 07:50:50.0000,-61.79680909,-59.50061742,-61.79642546,-59.49827822,-61.79680909,-59.50061742,2.39639E-08
677,395,1,-100.026473,1.077114,-86.339297,251.43,125.715,20030113, 07:51:30.0000,-61.79603837,-59.49594571,-61.79563864,-59.49361364,-61.79603837,-59.49594571,2.49902E-08
677,396,1,-94.900383,3.506474,-80.193595,251.43,125.715,20030113, 07:52:10.0000,-61.79523818,-59.49126149,-61.79485503,-59.48896238,-61.79523818,-59.49126149,8.1354E-08
677,397,1,-93.064509,5.351284,-79.419566,251.43,125.715,20030113, 07:52:50.0000,-61.7944425,-59.48663083,-61.794042,-59.48427333,-61.7944425,-59.48663083,1.24156E-07
677,398,1,-89.780935,11.397653,-76.250496,251.43,125.715,20030113, 07:53:30.0000,-61.79364224,-59.48191238,-61.79325871,-59.47957363,-61.79364224,-59.48191238,2.64438E-07
677,399,1,-90.678743,9.269038,-78.254341,251.43,125.715,20030113, 07:54:10.0000,-61.79287558,-59.47717517,-61.79249224,-59.47479571,-61.79287558,-59.47717517,2.15052E-07
677,400,1,-86.488223,24.326891,-69.279354,251.43,125.715,20030113, 07:54:50.0000,-61.79210905,-59.4723967,-61.79174208,-59.47005726,-61.79210905,-59.4723967,5.6441E-07
677,401,1,-90.759014,9.09929,-71.979207,251.43,125.715,20030113, 07:55:30.0000,-61.79135875,-59.46767393,-61.790959,-59.465313,-61.79135875,-59.46767393,2.11113E-07
677,402,1,-100.613362,0.940963,-90.249663,251.43,125.715,20030113, 07:56:10.0000,-61.79057541,-59.46297789,-61.79018812,-59.46062789,-61.79057541,-59.46297789,2.18314E-08
677,403,1,-90.755154,9.107381,-77.041551,251.43,125.715,20030113, 07:56:50.0000,-61.78977183,-59.45830017,-61.78977183,-59.45830017,-61.78977183,-59.45830017,2.11301E-07
677,404,1,-97.841725,1.781297,-86.964185,251.43,125.715,20030113, 07:57:10.0000,-61.78934208,-59.45597789,-61.78893812,-59.45362789,-61.78934208,-59.45597789,4.1328E-08
677,405,1,-100.843733,0.892351,-85.916697,251.43,125.715,20030113, 07:57:50.0000,-61.78853838,-59.45132912,-61.78812145,-59.44901122,-61.78853838,-59.45132912,2.07035E-08
677,406,1,-64.321429,4006.508365,-45.763789,251.43,125.715,20030113, 07:58:30.0000,-61.78772541,-59.44664455,-61.78732172,-59.44431246,-61.78772541,-59.44664455,9.29553E-05
677,407,1,-67.293922,2020.769473,-49.136343,251.43,125.715,20030113, 07:59:10.0000,-61.78690867,-59.441944,-61.78650875,-59.43959059,-61.78690867,-59.441944,4.6884E-05
677,408,1,-96.485172,2.434399,-86.885151,251.43,125.715,20030113, 07:59:50.0000,-61.78609226,-59.43727912,-61.78567533,-59.43492733,-61.78609226,-59.43727912,5.64807E-08
677,409,1,-96.631879,2.353537,-82.249693,251.43,125.715,20030113, 08:00:30.0000,-61.78525892,-59.43257912,-61.78487172,-59.43026246,-61.78525892,-59.43257912,5.46046E-08
677,410,1,-99.522784,1.209569,-84.835641,251.43,125.715,20030113, 08:01:10.0000,-61.78447133,-59.427944,-61.78405875,-59.42559455,-61.78447133,-59.427944,2.80633E-08
677,411,1,-83.571394,47.617822,-65.714414,251.43,125.715,20030113, 08:01:50.0000,-61.78363838,-59.42331246,-61.78320517,-59.42097967,-61.78363838,-59.42331246,1.10478E-06
677,412,1,-95.754541,2.880414,-80.846246,251.43,125.715,20030113, 08:02:30.0000,-61.78275505,-59.41867912,-61.78230517,-59.416363,-61.78275505,-59.41867912,6.68287E-08
677,413,1,-94.846932,3.549897,-80.054982,251.43,125.715,20030113, 08:03:10.0000,-61.7818885,-59.414063,-61.7818885,-59.414063,-61.7818885,-59.414063,8.23614E-08
677,414,1,-101.624505,0.745519,-91.222712,251.43,125.715,20030113, 08:03:30.0000,-61.78147541,-59.41176518,-61.7810885,-59.40944633,-61.78147541,-59.41176518,1.72968E-08
677,415,1,-99.438435,1.233291,-86.132044,251.43,125.715,20030113, 08:04:10.0000,-61.780659,-59.407113,-61.78024233,-59.40477967,-61.780659,-59.407113,2.86137E-08
677,416,1,-102.093403,0.66922,-85.904494,251.43,125.715,20030113, 08:04:50.0000,-61.77982568,-59.40244643,-61.77939233,-59.400113,-61.77982568,-59.40244643,1.55266E-08
677,417,1,-101.938251,0.69356,-90.077427,251.43,125.715,20030113, 08:05:30.0000,-61.77897567,-59.3977925,-61.77855879,-59.39546156,-61.77897567,-59.3977925,1.60913E-08
677,418,1,-101.345058,0.795066,-87.661239,251.43,125.715,20030113, 08:06:10.0000,-61.77815492,-59.39316575,-61.77774217,-59.39084125,-61.77815492,-59.39316575,1.84464E-08
677,419,1,-100.91316,0.878199,-84.792943,251.43,125.715,20030113, 08:06:50.0000,-61.77732158,-59.38853242,-61.77692158,-59.38624517,-61.77732158,-59.38853242,2.03752E-08
677,420,1,-85.951525,27.526846,-69.119346,251.43,125.715,20030113, 08:07:30.0000,-61.77648825,-59.38396183,-61.77607158,-59.38168242,-61.77648825,-59.38396183,6.38653E-07
677,421,1,-96.091989,2.665078,-85.2246,251.43,125.715,20030113, 08:08:10.0000,-61.77563844,-59.37939606,-61.77520883,-59.37714517,-61.77563844,-59.37939606,6.18327E-08
677,422,1,-85.052197,33.860177,-65.32624,251.43,125.715,20030113, 08:08:50.0000,-61.77477178,-59.37484606,-61.77435492,-59.3725285,-61.77477178,-59.37484606,7.85593E-07
677,423,1,-104.632213,0.372982,-89.287784,251.43,125.715,20030113, 08:09:30.0000,-61.77393825,-59.37019517,-61.77353825,-59.36786575,-61.77393825,-59.37019517,8.65358E-09
677,424,1,-94.896649,3.50949,-80.163825,251.43,125.715,20030113, 08:10:10.0000,-61.7731255,-59.36556183,-61.77270883,-59.3632785,-61.7731255,-59.36556183,8.1424E-08
677,425,1,-76.199075,260.016817,-62.115917,251.43,125.715,20030113, 08:10:50.0000,-61.77228825,-59.36096183,-61.77228825,-59.36096183,-61.77228825,-59.36096183,6.03267E-06
677,426,1,-99.993843,1.085237,-86.203074,251.43,125.715,20030113, 08:11:10.0000,-61.77185492,-59.35866183,-61.77142158,-59.35636183,-61.77185492,-59.35866183,2.51787E-08
677,427,1,-102.744177,0.576091,-89.026097,251.43,125.715,20030113, 08:11:50.0000,-61.77100492,-59.35404908,-61.77058825,-59.35174908,-61.77100492,-59.35404908,1.33659E-08
677,428,1,-101.952191,0.691337,-88.464044,251.43,125.715,20030113, 08:12:30.0000,-61.7701755,-59.34944908,-61.76975883,-59.34714517,-61.7701755,-59.34944908,1.60398E-08
677,429,1,-98.170293,1.651504,-80.981195,251.43,125.715,20030113, 08:13:10.0000,-61.76933825,-59.34480792,-61.7689217,-59.34246238,-61.76933825,-59.34480792,3.83167E-08
677,430,1,-91.2437,8.138398,-74.019777,251.43,125.715,20030113, 08:13:50.0000,-61.76848825,-59.3401285,-61.76805883,-59.33781183,-61.76848825,-59.3401285,1.8882E-07
677,431,1,-81.513704,76.47835,-64.726597,251.43,125.715,20030113, 08:14:30.0000,-61.76763825,-59.33546183,-61.7672255,-59.33308242,-61.76763825,-59.33546183,1.77438E-06
677,432,1,-79.591287,119.063929,-63.142465,251.43,125.715,20030113, 08:15:10.0000,-61.7668255,-59.3307285,-61.76640883,-59.32839517,-61.7668255,-59.3307285,2.76241E-06
677,433,1,-75.321815,318.220001,-55.718851,251.43,125.715,20030113, 08:15:50.0000,-61.76600492,-59.32604517,-61.76559217,-59.32370792,-61.76600492,-59.32604517,7.38305E-06
677,434,1,-101.134279,0.834605,-87.230842,251.43,125.715,20030113, 08:16:30.0000,-61.76518825,-59.3213785,-61.764792,-59.31908133,-61.76518825,-59.3213785,1.93637E-08
677,435,1,-100.415862,0.984743,-90.849346,251.43,125.715,20030113, 08:17:10.0000,-61.764392,-59.31676067,-61.764392,-59.31676067,-61.764392,-59.31676067,2.28471E-08
677,436,1,-98.734532,1.450293,-83.54048,251.43,125.715,20030113, 08:17:30.0000,-61.76398819,-59.31442822,-61.76357533,-59.31207733,-61.76398819,-59.31442822,3.36484E-08
677,437,1,-95.611048,2.977173,-80.082982,251.43,125.715,20030113, 08:18:10.0000,-61.76314208,-59.30971122,-61.762742,-59.30735667,-61.76314208,-59.30971122,6.90736E-08
677,438,1,-99.555258,1.200558,-83.796327,251.43,125.715,20030113, 08:18:50.0000,-61.76234,-59.30500333,-61.76192667,-59.30267,-61.76234,-59.30500333,2.78542E-08
677,439,1,-101.073769,0.846315,-87.87958,251.43,125.715,20030113, 08:19:30.0000,-61.76150667,-59.30030333,-61.76109333,-59.29797,-61.76150667,-59.30030333,1.96354E-08
677,440,1,-96.943602,2.190528,-83.992921,251.43,125.715,20030113, 08:20:10.0000,-61.76067667,-59.29562,-61.76029316,-59.29333205,-61.76067667,-59.29562,5.08226E-08
677,441,1,-95.902695,2.783809,-84.525599,251.43,125.715,20030113, 08:20:50.0000,-61.75989,-59.29097,-61.75949268,-59.28864878,-61.75989,-59.29097,6.45874E-08
677,442,1,-78.166604,165.29074,-59.695352,251.43,125.715,20030113, 08:21:30.0000,-61.75909316,-59.28628889,-61.75869333,-59.28397,-61.75909316,-59.28628889,3.83492E-06
677,443,1,-82.425951,61.988884,-63.145673,251.43,125.715,20030113, 08:22:10.0000,-61.75827667,-59.28165333,-61.75785667,-59.27933667,-61.75827667,-59.28165333,1.43821E-06
677,444,1,-76.359158,250.606948,-59.922651,251.43,125.715,20030113, 08:22:50.0000,-61.75744,-59.27700333,-61.75744,-59.27700333,-61.75744,-59.27700333,5.81435E-06
677,445,1,-94.614916,3.744703,-83.483166,251.43,125.715,20030113, 08:23:10.0000,-61.75702333,-59.27468667,-61.75661,-59.27238667,-61.75702333,-59.27468667,8.68811E-08
677,446,1,-95.491579,3.060208,-84.185645,251.43,125.715,20030113, 08:23:50.0000,-61.75620641,-59.27005214,-61.75579316,-59.2677188,-61.75620641,-59.27005214,7.10001E-08
677,447,1,-79.354337,125.740521,-62.667122,251.43,125.715,20030113, 08:24:30.0000,-61.755392,-59.26542733,-61.754988,-59.26312733,-61.755392,-59.26542733,2.91732E-06
677,448,1,-93.043786,5.376879,-76.503263,251.43,125.715,20030113, 08:25:10.0000,-61.75457533,-59.26082733,-61.75415867,-59.25851067,-61.75457533,-59.26082733,1.24749E-07
677,449,1,-79.64671,117.554131,-61.074643,251.43,125.715,20030113, 08:25:50.0000,-61.75375467,-59.25621067,-61.75335667,-59.25388667,-61.75375467,-59.25621067,2.72738E-06
677,450,1,-95.456754,3.084847,-85.416593,251.43,125.715,20030113, 08:26:30.0000,-61.75294,-59.25158667,-61.75251,-59.24925667,-61.75294,-59.25158667,7.15718E-08
677,451,1,-89.408422,12.41843,-75.88806,251.43,125.715,20030113, 08:27:10.0000,-61.75209333,-59.24695333,-61.75167667,-59.24465333,-61.75209333,-59.24695333,2.88121E-07
677,452,1,-78.32864,159.237333,-64.192841,251.43,125.715,20030113, 08:27:50.0000,-61.75125641,-59.24235214,-61.75084,-59.24002,-61.75125641,-59.24235214,3.69448E-06
677,453,1,-73.659871,466.575393,-56.940917,251.43,125.715,20030113, 08:28:30.0000,-61.75042333,-59.23770333,-61.7500055,-59.23538123,-61.75042333,-59.23770333,1.08251E-05
677,454,1,-80.218254,103.058443,-60.979286,251.43,125.715,20030113, 08:29:10.0000,-61.74957108,-59.2330595,-61.7491585,-59.2307595,-61.74957108,-59.2330595,2.39107E-06
677,455,1,-84.021952,42.925339,-68.322151,251.43,125.715,20030113, 08:29:50.0000,-61.74874,-59.22845667,-61.74832333,-59.22615333,-61.74874,-59.22845667,9.95914E-07
677,456,1,-84.403716,39.313101,-68.733718,251.43,125.715,20030113, 08:30:30.0000,-61.74790569,-59.22383211,-61.74790569,-59.22383211,-61.74790569,-59.22383211,9.12106E-07
677,457,1,-75.702024,291.545648,-60.111877,251.43,125.715,20030113, 08:30:50.0000,-61.74750983,-59.22151542,-61.74710983,-59.2191855,-61.74750983,-59.22151542,6.76417E-06
677,458,1,-72.878437,558.554126,-58.236281,251.43,125.715,20030113, 08:31:30.0000,-61.74668949,-59.21686761,-61.74624317,-59.2145855,-61.74668949,-59.21686761,1.29591E-05
677,459,1,-73.072129,534.19031,-59.491648,251.43,125.715,20030113, 08:32:10.0000,-61.74582308,-59.21225217,-61.7454265,-59.20992225,-61.74582308,-59.21225217,1.23938E-05
677,460,1,-73.278134,509.442874,-61.762151,251.43,125.715,20030113, 08:32:50.0000,-61.74504333,-59.20762,-61.74464,-59.20528667,-61.74504333,-59.20762,1.18196E-05
677,461,1,-69.586007,1192.087759,-57.189515,251.43,125.715,20030113, 08:33:30.0000,-61.74420642,-59.20297225,-61.743809,-59.200663,-61.74420642,-59.20297225,2.76577E-05
677,462,1,-71.813915,713.702799,-58.98643,251.43,125.715,20030113, 08:34:10.0000,-61.74343975,-59.19836883,-61.7430432,-59.1961024,-61.74343975,-59.19836883,1.65587E-05
677,463,1,-72.038237,677.774493,-57.633259,251.43,125.715,20030113, 08:34:50.0000,-61.7426432,-59.19378574,-61.74224317,-59.19146883,-61.7426432,-59.19378574,1.57251E-05
677,464,1,-81.144298,83.2682,-63.740393,251.43,125.715,20030113, 08:35:30.0000,-61.74184317,-59.18916883,-61.74145667,-59.18683667,-61.74184317,-59.18916883,1.93191E-06
677,465,1,-80.458286,97.517007,-62.142972,251.43,125.715,20030113, 08:36:10.0000,-61.74102333,-59.18452,-61.74059317,-59.18220217,-61.74102333,-59.18452,2.2625E-06
677,466,1,-73.519554,481.896178,-56.290313,251.43,125.715,20030113, 08:36:50.0000,-61.74018995,-59.17986977,-61.73977308,-59.17755558,-61.74018995,-59.17986977,1.11805E-05
677,467,1,-82.376462,62.699303,-67.345611,251.43,125.715,20030113, 08:37:30.0000,-61.73935642,-59.17526883,-61.73935642,-59.17526883,-61.73935642,-59.17526883,1.45469E-06
677,468,1,-74.562933,378.979433,-58.322576,251.43,125.715,20030113, 08:37:50.0000,-61.73894317,-59.17296542,-61.73852308,-59.17061883,-61.73894317,-59.17296542,8.79273E-06
677,469,1,-78.793369,143.077734,-66.580984,251.43,125.715,20030113, 08:38:30.0000,-61.73810642,-59.1682855,-61.73770642,-59.16597225,-61.73810642,-59.1682855,3.31956E-06
677,470,1,-76.644691,234.660431,-59.912175,251.43,125.715,20030113, 08:39:10.0000,-61.73729317,-59.1636855,-61.73688975,-59.16139875,-61.73729317,-59.1636855,5.44437E-06
677,471,1,-71.279441,807.169635,-55.041726,251.43,125.715,20030113, 08:39:50.0000,-61.73649326,-59.15905285,-61.73608975,-59.15675217,-61.73649326,-59.15905285,1.87272E-05
677,472,1,-70.905547,879.739744,-53.819242,251.43,125.715,20030113, 08:40:30.0000,-61.73565642,-59.15446883,-61.73524317,-59.1521355,-61.73565642,-59.15446883,2.04109E-05
677,473,1,-69.456641,1228.131482,-55.671377,251.43,125.715,20030113, 08:41:10.0000,-61.73484317,-59.14980558,-61.73444317,-59.14750217,-61.73484317,-59.14980558,2.8494E-05
677,474,1,-72.900404,555.735989,-55.869015,251.43,125.715,20030113, 08:41:50.0000,-61.73403975,-59.1451855,-61.7336265,-59.14290217,-61.73403975,-59.1451855,1.28937E-05
677,475,1,-74.104451,421.176248,-60.80004,251.43,125.715,20030113, 08:42:30.0000,-61.73319317,-59.14062225,-61.7327765,-59.13835217,-61.73319317,-59.14062225,9.77174E-06
677,476,1,-76.417793,247.24618,-62.530739,251.43,125.715,20030113, 08:43:10.0000,-61.73234317,-59.13605217,-61.73192308,-59.13375558,-61.73234317,-59.13605217,5.73638E-06
677,477,1,-70.800707,901.23537,-54.514183,251.43,125.715,20030113, 08:43:50.0000,-61.73150983,-59.13145217,-61.73108975,-59.12915217,-61.73150983,-59.13145217,2.09096E-05
677,478,1,-67.257535,2037.771177,-50.446883,251.43,125.715,20030113, 08:44:30.0000,-61.73067308,-59.1268355,-61.73025642,-59.1245355,-61.73067308,-59.1268355,4.72785E-05
677,479,1,-71.124428,836.500362,-61.423483,251.43,125.715,20030113, 08:45:10.0000,-61.7298265,-59.1222355,-61.7298265,-59.1222355,-61.7298265,-59.1222355,1.94077E-05
677,480,1,-64.920199,3490.510808,-51.929779,251.43,125.715,20030113, 08:45:30.0000,-61.72940642,-59.11995217,-61.7289765,-59.1176355,-61.72940642,-59.11995217,8.09836E-05
677,481,1,-71.670482,737.667707,-56.1321,251.43,125.715,20030113, 08:46:10.0000,-61.72854317,-59.11531883,-61.7281265,-59.1129855,-61.72854317,-59.11531883,1.71147E-05
677,482,1,-102.637832,0.590372,-88.966397,251.43,125.715,20030113, 08:46:50.0000,-61.72772308,-59.11065217,-61.72732308,-59.1083355,-61.72772308,-59.11065217,1.36973E-08
677,483,1,-98.606892,1.49355,-83.62678,251.43,125.715,20030113, 08:47:30.0000,-61.72689317,-59.10603892,-61.72648975,-59.1037355,-61.72689317,-59.10603892,3.4652E-08
677,484,1,-76.615347,236.251331,-56.835238,251.43,125.715,20030113, 08:48:10.0000,-61.72607308,-59.10141883,-61.72564317,-59.0990855,-61.72607308,-59.10141883,5.48129E-06
677,485,1,-96.919833,2.202549,-78.99826,251.43,125.715,20030113, 08:48:50.0000,-61.72522308,-59.09676883,-61.72479317,-59.09445217,-61.72522308,-59.09676883,5.11015E-08
677,486,1,-96.066485,2.680775,-81.721028,251.43,125.715,20030113, 08:49:30.0000,-61.72435983,-59.09213208,-61.72395642,-59.08980217,-61.72435983,-59.09213208,6.21969E-08
677,487,1,-89.567702,11.971229,-71.813247,251.43,125.715,20030113, 08:50:10.0000,-61.72354317,-59.08750217,-61.72312308,-59.0851855,-61.72354317,-59.08750217,2.77745E-07
677,488,1,-97.774501,1.809084,-83.743046,251.43,125.715,20030113, 08:50:50.0000,-61.72270642,-59.0828855,-61.72227308,-59.08055217,-61.72270642,-59.0828855,4.19727E-08
677,489,1,-93.225946,5.156017,-78.714342,251.43,125.715,20030113, 08:51:30.0000,-61.72185983,-59.07820217,-61.72185983,-59.07820217,-61.72185983,-59.07820217,1.19625E-07
677,490,1,-89.524275,12.091533,-74.612846,251.43,125.715,20030113, 08:51:50.0000,-61.72145642,-59.0758855,-61.72105642,-59.07355217,-61.72145642,-59.0758855,2.80537E-07
677,491,1,-98.842211,1.414777,-87.141732,251.43,125.715,20030113, 08:52:30.0000,-61.72065983,-59.07121883,-61.72023975,-59.06890217,-61.72065983,-59.07121883,3.28243E-08
677,492,1,-103.392467,0.496206,-87.366622,251.43,125.715,20030113, 08:53:10.0000,-61.71982308,-59.06658892,-61.71939317,-59.0642855,-61.71982308,-59.06658892,1.15125E-08
677,493,1,-100.596822,0.944554,-87.468981,251.43,125.715,20030113, 08:53:50.0000,-61.71898975,-59.06195217,-61.7185765,-59.05960558,-61.71898975,-59.06195217,2.19147E-08
677,494,1,-98.259387,1.617969,-86.217562,251.43,125.715,20030113, 08:54:30.0000,-61.71819317,-59.05725217,-61.7178265,-59.05490217,-61.71819317,-59.05725217,3.75386E-08
677,495,1,-64.631011,3730.850009,-46.404614,251.43,125.715,20030113, 08:55:10.0000,-61.71745983,-59.05255217,-61.71707308,-59.05021883,-61.71745983,-59.05255217,8.65597E-05
677,496,1,-63.225666,5156.34883,-46.692395,251.43,125.715,20030113, 08:55:50.0000,-61.7166765,-59.04786883,-61.7162765,-59.04551883,-61.7166765,-59.04786883,0.000119633
677,497,1,-92.654601,5.880968,-77.077558,251.43,125.715,20030113, 08:56:30.0000,-61.7158765,-59.04320217,-61.7155097,-59.04085124,-61.7158765,-59.04320217,1.36445E-07
677,498,1,-76.587976,237.744959,-57.916834,251.43,125.715,20030113, 08:57:10.0000,-61.71513975,-59.03846883,-61.71474317,-59.03611883,-61.71513975,-59.03846883,5.51594E-06
677,499,1,-76.836241,224.535422,-64.092511,251.43,125.715,20030113, 08:57:50.0000,-61.7143597,-59.03376791,-61.7143597,-59.03376791,-61.7143597,-59.03376791,5.20946E-06
677,500,1,-86.971194,21.766547,-73.069217,251.43,125.715,20030113, 08:58:10.0000,-61.71397633,-59.031401,-61.71357633,-59.029051,-61.71397633,-59.031401,5.05007E-07
677,501,1,-81.933105,69.438196,-65.719547,251.43,125.715,20030113, 08:58:50.0000,-61.71320617,-59.02668433,-61.71282283,-59.02433433,-61.71320617,-59.02668433,1.61104E-06
677,502,1,-70.011148,1080.921489,-52.939988,251.43,125.715,20030113, 08:59:30.0000,-61.71242633,-59.02198433,-61.712043,-59.019651,-61.71242633,-59.02198433,2.50785E-05
677,503,1,-75.682783,292.840123,-56.119817,251.43,125.715,20030113, 09:00:10.0000,-61.71165967,-59.017301,-61.711293,-59.01496767,-61.71165967,-59.017301,6.79421E-06
677,504,1,-80.127276,105.240113,-64.460589,251.43,125.715,20030113, 09:00:50.0000,-61.71090967,-59.01262117,-61.710543,-59.01026767,-61.71090967,-59.01262117,2.44168E-06
677,505,1,-73.692193,463.115808,-54.654377,251.43,125.715,20030113, 09:01:30.0000,-61.71015967,-59.00793433,-61.7097895,-59.00558433,-61.71015967,-59.00793433,1.07448E-05
677,506,1,-69.221982,1296.31554,-49.605696,251.43,125.715,20030113, 09:02:10.0000,-61.709393,-59.00323433,-61.70900967,-59.000901,-61.709393,-59.00323433,3.00759E-05
677,507,1,-98.124017,1.669196,-86.217068,251.43,125.715,20030113, 09:02:50.0000,-61.70862283,-58.99853433,-61.708243,-58.99618433,-61.70862283,-58.99853433,3.87271E-08
677,508,1,-97.982074,1.724652,-84.414279,251.43,125.715,20030113, 09:03:30.0000,-61.70785967,-58.99381767,-61.70747633,-58.991451,-61.70785967,-58.99381767,4.00138E-08
677,509,1,-88.948605,13.805384,-73.365955,251.43,125.715,20030113, 09:04:10.0000,-61.70712283,-58.98908433,-61.70712283,-58.98908433,-61.70712283,-58.98908433,3.203E-07
677,510,1,-100.039908,1.073787,-86.006958,251.43,125.715,20030113, 09:04:30.0000,-61.706743,-58.98673083,-61.70637633,-58.98436767,-61.706743,-58.98673083,2.4913E-08
677,511,1,-93.547446,4.788113,-75.039776,251.43,125.715,20030113, 09:05:10.0000,-61.705993,-58.98203433,-61.70562283,-58.979701,-61.705993,-58.98203433,1.11089E-07
677,512,1,-91.343604,7.953321,-72.403999,251.43,125.715,20030113, 09:05:50.0000,-61.7052395,-58.97736767,-61.70485967,-58.97503083,-61.7052395,-58.97736767,1.84526E-07
677,513,1,-84.143044,41.745011,-66.133026,251.43,125.715,20030113, 09:06:30.0000,-61.704493,-58.97266417,-61.70412633,-58.97031767,-61.704493,-58.97266417,9.68529E-07
677,514,1,-89.863956,11.181841,-71.905878,251.43,125.715,20030113, 09:07:10.0000,-61.70375617,-58.968001,-61.70335617,-58.96567117,-61.70375617,-58.968001,2.59431E-07
677,515,1,-85.283815,32.101655,-68.106953,251.43,125.715,20030113, 09:07:50.0000,-61.70295617,-58.9633545,-61.702543,-58.96106767,-61.70295617,-58.9633545,7.44793E-07
677,516,1,-74.584624,377.091346,-58.875396,251.43,125.715,20030113, 09:08:30.0000,-61.70212633,-58.95877117,-61.70172633,-58.95648433,-61.70212633,-58.95877117,8.74893E-06
677,517,1,-94.210342,4.110312,-82.581402,251.43,125.715,20030113, 09:09:10.0000,-61.70132633,-58.95418783,-61.700943,-58.9519045,-61.70132633,-58.95418783,9.53637E-08
677,518,1,-91.439634,7.779389,-75.635492,251.43,125.715,20030113, 09:09:50.0000,-61.70052633,-58.9496545,-61.70012283,-58.94738783,-61.70052633,-58.9496545,1.8049E-07
677,519,1,-85.00161,34.256888,-67.68942,251.43,125.715,20030113, 09:10:30.0000,-61.69972633,-58.945101,-61.69932283,-58.94282117,-61.69972633,-58.945101,7.94797E-07
677,520,1,-91.415117,7.823431,-74.67412,251.43,125.715,20030113, 09:11:10.0000,-61.69892633,-58.94056767,-61.6985395,-58.938301,-61.69892633,-58.94056767,1.81512E-07
677,521,1,-88.954487,13.786696,-75.209941,251.43,125.715,20030113, 09:11:50.0000,-61.6981395,-58.93603783,-61.69772633,-58.9337545,-61.6981395,-58.93603783,3.19866E-07
677,522,1,-82.097774,66.854641,-65.961099,251.43,125.715,20030113, 09:12:30.0000,-61.69730967,-58.93148783,-61.69730967,-58.93148783,-61.69730967,-58.93148783,1.5511E-06
677,523,1,-90.144728,10.481806,-75.799332,251.43,125.715,20030113, 09:12:50.0000,-61.69690967,-58.92918433,-61.69650993,-58.92688283,-61.69690967,-58.92918433,2.43189E-07
677,524,1,-92.519636,6.0666,-80.356303,251.43,125.715,20030113, 09:13:30.0000,-61.6961098,-58.92455193,-61.69570617,-58.9222545,-61.6961098,-58.92455193,1.40752E-07
677,525,1,-84.379885,39.529422,-67.48143,251.43,125.715,20030113, 09:14:10.0000,-61.69530637,-58.91996859,-61.69490967,-58.917701,-61.69530637,-58.91996859,9.17125E-07
677,526,1,-88.022542,17.086563,-72.579235,251.43,125.715,20030113, 09:14:50.0000,-61.69452633,-58.91541767,-61.69412633,-58.9131545,-61.69452633,-58.91541767,3.96427E-07
677,527,1,-92.733274,5.775393,-80.903337,251.43,125.715,20030113, 09:15:30.0000,-61.693743,-58.910901,-61.69335617,-58.90863433,-61.693743,-58.910901,1.33995E-07
677,528,1,-91.562212,7.562889,-80.574542,251.43,125.715,20030113, 09:16:10.0000,-61.69295637,-58.90635193,-61.69255967,-58.904051,-61.69295637,-58.90635193,1.75467E-07
677,529,1,-90.574986,9.493149,-79.485651,251.43,125.715,20030113, 09:16:50.0000,-61.69215967,-58.90177117,-61.69177633,-58.899501,-61.69215967,-58.90177117,2.20251E-07
677,530,1,-89.726039,11.542637,-79.440586,251.43,125.715,20030113, 09:17:30.0000,-61.69137633,-58.89721767,-61.6909893,-58.89493342,-61.69137633,-58.89721767,2.67802E-07
677,531,1,-87.766764,18.123103,-74.341886,251.43,125.715,20030113, 09:18:10.0000,-61.69057617,-58.89263317,-61.69017617,-58.8903165,-61.69057617,-58.89263317,4.20476E-07
677,532,1,-88.799483,14.287644,-79.030433,251.43,125.715,20030113, 09:18:50.0000,-61.68977258,-58.88803317,-61.6893595,-58.8857165,-61.68977258,-58.88803317,3.31489E-07
677,533,1,-88.579013,15.031685,-79.739356,251.43,125.715,20030113, 09:19:30.0000,-61.68895592,-58.88339983,-61.68854283,-58.8811165,-61.68895592,-58.88339983,3.48751E-07
677,534,1,-88.534499,15.186547,-79.435849,251.43,125.715,20030113, 09:20:10.0000,-61.68815592,-58.87879983,-61.68774283,-58.87648317,-61.68815592,-58.87879983,3.52344E-07
677,535,1,-88.996593,13.653676,-79.409406,251.43,125.715,20030113, 09:20:50.0000,-61.6873595,-58.87418675,-61.6869595,-58.87192008,-61.6873595,-58.87418675,3.1678E-07
677,536,1,-89.532446,12.068806,-77.84028,251.43,125.715,20030113, 09:21:30.0000,-61.6865595,-58.86965342,-61.68615592,-58.86738317,-61.6865595,-58.86965342,2.80009E-07
677,537,1,-89.620797,11.825764,-79.871957,251.43,125.715,20030113, 09:22:10.0000,-61.68575592,-58.8650665,-61.68575592,-58.8650665,-61.68575592,-58.8650665,2.7437E-07
677,538,1,-89.609412,11.856806,-81.878869,251.43,125.715,20030113, 09:22:30.0000,-61.68533925,-58.86278675,-61.68489283,-58.8605165,-61.68533925,-58.86278675,2.75091E-07
677,539,1,-87.958195,17.341611,-80.211924,251.43,125.715,20030113, 09:23:10.0000,-61.68447617,-58.85823317,-61.68405592,-58.85594983,-61.68447617,-58.85823317,4.02344E-07
677,540,1,-87.971474,17.288669,-80.394732,251.43,125.715,20030113, 09:23:50.0000,-61.68365592,-58.8536665,-61.6832595,-58.85138317,-61.68365592,-58.8536665,4.01116E-07
677,541,1,-73.394604,495.962173,-53.774391,251.43,125.715,20030113, 09:24:30.0000,-61.6828595,-58.8491165,-61.68245592,-58.84685342,-61.6828595,-58.8491165,1.15069E-05
677,542,1,-87.907475,17.545324,-79.803732,251.43,125.715,20030113, 09:25:10.0000,-61.68204283,-58.84460342,-61.68163925,-58.84235342,-61.68204283,-58.84460342,4.0707E-07
677,543,1,-87.286275,20.243306,-77.784983,251.43,125.715,20030113, 09:25:50.0000,-61.68124283,-58.84008317,-61.68084283,-58.83783675,-61.68124283,-58.84008317,4.69667E-07
677,544,1,-80.30968,100.911572,-65.474548,251.43,125.715,20030113, 09:26:30.0000,-61.68043925,-58.83559983,-61.6800095,-58.83340342,-61.68043925,-58.83559983,2.34126E-06
677,545,1,-86.876302,22.247372,-73.159223,251.43,125.715,20030113, 09:27:10.0000,-61.67957258,-58.83122008,-61.67914283,-58.82898317,-61.67957258,-58.83122008,5.16163E-07
677,546,1,-86.556774,23.945919,-76.238847,251.43,125.715,20030113, 09:27:50.0000,-61.6787095,-58.82675342,-61.6783095,-58.82452008,-61.6787095,-58.82675342,5.55571E-07
677,547,1,-69.695681,1162.360572,-50.970732,251.43,125.715,20030113, 09:28:30.0000,-61.67789283,-58.82228317,-61.67748925,-58.82004983,-61.67789283,-58.82228317,2.6968E-05
677,548,1,-68.205963,1637.995165,-52.522224,251.43,125.715,20030113, 09:29:10.0000,-61.6770595,-58.81780342,-61.67663925,-58.8155665,-61.6770595,-58.81780342,3.80033E-05
677,549,1,-71.18981,824.001373,-53.961172,251.43,125.715,20030113, 09:29:50.0000,-61.67619283,-58.81335342,-61.67575592,-58.81110342,-61.67619283,-58.81335342,1.91177E-05
677,550,1,-88.741343,14.480201,-80.957658,251.43,125.715,20030113, 09:30:30.0000,-61.6753095,-58.80888317,-61.67487258,-58.80663317,-61.6753095,-58.80888317,3.35956E-07
677,551,1,-89.910543,11.062535,-81.778495,251.43,125.715,20030113, 09:31:10.0000,-61.67444283,-58.80438317,-61.67400592,-58.80213675,-61.67444283,-58.80438317,2.56663E-07
677,552,1,-90.082132,10.633978,-80.953054,251.43,125.715,20030113, 09:31:50.0000,-61.67357258,-58.79985342,-61.67313925,-58.79758317,-61.67357258,-58.79985342,2.4672E-07
677,553,1,-71.673242,737.198989,-52.883985,251.43,125.715,20030113, 09:32:30.0000,-61.67270592,-58.7953165,-61.67228925,-58.79304983,-61.67270592,-58.7953165,1.71038E-05
677,554,1,-77.838651,178.255849,-60.079279,251.43,125.715,20030113, 09:33:10.0000,-61.67188925,-58.79075342,-61.67148925,-58.78848675,-61.67188925,-58.79075342,4.13573E-06
677,555,1,-71.940011,693.278633,-52.207972,251.43,125.715,20030113, 09:33:50.0000,-61.67109283,-58.7862165,-61.67070592,-58.78392008,-61.67109283,-58.7862165,1.60848E-05
677,556,1,-69.872459,1115.996953,-56.397696,251.43,125.715,20030113, 09:34:30.0000,-61.6703095,-58.78163317,-61.6703095,-58.78163317,-61.6703095,-58.78163317,2.58923E-05
677,557,1,-84.538146,38.114857,-65.585932,251.43,125.715,20030113, 09:34:50.0000,-61.6699095,-58.77933675,-61.66950592,-58.77704983,-61.6699095,-58.77933675,8.84306E-07
677,558,1,-70.773318,906.937007,-54.091831,251.43,125.715,20030113, 09:35:30.0000,-61.66907624,-58.77473721,-61.66867258,-58.77245342,-61.66907624,-58.77473721,2.10419E-05
677,559,1,-95.468312,3.076648,-86.211215,251.43,125.715,20030113, 09:36:10.0000,-61.66827258,-58.7701665,-61.66789283,-58.7678665,-61.66827258,-58.7701665,7.13815E-08
677,560,1,-90.782782,9.049629,-76.965656,251.43,125.715,20030113, 09:36:50.0000,-61.6675095,-58.76553317,-61.6671095,-58.76324983,-61.6675095,-58.76553317,2.09961E-07
677,561,1,-95.79128,2.856149,-85.742539,251.43,125.715,20030113, 09:37:30.0000,-61.66672595,-58.76093162,-61.6663595,-58.75863317,-61.66672595,-58.76093162,6.62657E-08
677,562,1,-84.422088,39.147146,-67.208377,251.43,125.715,20030113, 09:38:10.0000,-61.66595592,-58.75633317,-61.6655427,-58.75403226,-61.66595592,-58.75633317,9.08256E-07
677,563,1,-95.161665,3.301737,-86.095843,251.43,125.715,20030113, 09:38:50.0000,-61.66512233,-58.75176533,-61.664676,-58.74948567,-61.66512233,-58.75176533,7.66039E-08
677,564,1,-93.694422,4.628782,-84.349357,251.43,125.715,20030113, 09:39:30.0000,-61.66424267,-58.747182,-61.66384267,-58.74489867,-61.66424267,-58.747182,1.07393E-07
677,565,1,-93.613108,4.716264,-83.842607,251.43,125.715,20030113, 09:40:10.0000,-61.663439,-58.742619,-61.663026,-58.74031533,-61.663439,-58.742619,1.09422E-07
677,566,1,-93.483775,4.858827,-85.036003,251.43,125.715,20030113, 09:40:50.0000,-61.66260933,-58.73799867,-61.66220567,-58.73566533,-61.66260933,-58.73799867,1.1273E-07
677,567,1,-91.750013,7.242818,-83.19135,251.43,125.715,20030113, 09:41:30.0000,-61.66180567,-58.73329867,-61.66140538,-58.73093068,-61.66180567,-58.73329867,1.68041E-07
677,568,1,-93.094279,5.314728,-83.552137,251.43,125.715,20030113, 09:42:10.0000,-61.661026,-58.728532,-61.661026,-58.728532,-61.661026,-58.728532,1.23307E-07
677,569,1,-92.584342,5.976882,-83.013634,251.43,125.715,20030113, 09:42:30.0000,-61.660639,-58.72616533,-61.66024267,-58.723795,-61.660639,-58.72616533,1.3867E-07
677,570,1,-72.209795,651.522473,-55.65721,251.43,125.715,20030113, 09:43:10.0000,-61.659876,-58.72141533,-61.65947233,-58.71902833,-61.659876,-58.72141533,1.5116E-05
677,571,1,-92.176378,6.56555,-82.741649,251.43,125.715,20030113, 09:43:50.0000,-61.65905567,-58.71664867,-61.65864267,-58.714245,-61.65905567,-58.71664867,1.52328E-07
677,572,1,-91.471321,7.722837,-80.206208,251.43,125.715,20030113, 09:44:30.0000,-61.65824267,-58.711832,-61.65785933,-58.70946533,-61.65824267,-58.711832,1.79178E-07
677,573,1,-92.540199,6.037943,-83.493156,251.43,125.715,20030113, 09:45:10.0000,-61.65747233,-58.70706167,-61.65705933,-58.70466533,-61.65747233,-58.70706167,1.40087E-07
677,574,1,-89.905972,11.074183,-77.10681,251.43,125.715,20030113, 09:45:50.0000,-61.656676,-58.70227833,-61.65627233,-58.699845,-61.656676,-58.70227833,2.56933E-07
677,575,1,-75.801554,284.940054,-59.654742,251.43,125.715,20030113, 09:46:30.0000,-61.65585933,-58.69741167,-61.65585933,-58.69741167,-61.65585933,-58.69741167,6.61092E-06
677,576,1,-75.512806,304.528801,-57.076239,251.43,125.715,20030113, 09:46:50.0000,-61.65545933,-58.69499867,-61.655089,-58.69256167,-61.65545933,-58.69499867,7.0654E-06
677,577,1,-75.628085,296.551715,-56.02832,251.43,125.715,20030113, 09:47:30.0000,-61.654726,-58.69014867,-61.65435933,-58.68769867,-61.654726,-58.69014867,6.88032E-06
677,578,1,-92.682443,5.843386,-82.318067,251.43,125.715,20030113, 09:48:10.0000,-61.65400933,-58.68524867,-61.653626,-58.68284867,-61.65400933,-58.68524867,1.35573E-07
677,579,1,-88.571329,15.058303,-73.568467,251.43,125.715,20030113, 09:48:50.0000,-61.65324267,-58.680432,-61.652839,-58.67802833,-61.65324267,-58.680432,3.49369E-07
677,580,1,-85.086913,33.590592,-71.254154,251.43,125.715,20030113, 09:49:30.0000,-61.65244267,-58.675595,-61.65204267,-58.673195,-61.65244267,-58.675595,7.79338E-07
677,581,1,-92.054445,6.752498,-84.830674,251.43,125.715,20030113, 09:50:10.0000,-61.65164267,-58.670795,-61.65164267,-58.670795,-61.65164267,-58.670795,1.56665E-07
677,582,1,-90.184165,10.387056,-77.734301,251.43,125.715,20030113, 09:50:30.0000,-61.651226,-58.668382,-61.650839,-58.665982,-61.651226,-58.668382,2.40991E-07
677,583,1,-80.351822,99.937096,-61.220086,251.43,125.715,20030113, 09:51:10.0000,-61.65044267,-58.66359867,-61.65005933,-58.66121533,-61.65044267,-58.66359867,2.31865E-06
677,584,1,-91.950878,6.915461,-83.698428,251.43,125.715,20030113, 09:51:50.0000,-61.649676,-58.658832,-61.64927233,-58.65646533,-61.649676,-58.658832,1.60446E-07
677,585,1,-83.802288,45.152329,-67.156977,251.43,125.715,20030113, 09:52:30.0000,-61.648876,-58.65406167,-61.64849267,-58.65166167,-61.648876,-58.65406167,1.04758E-06
677,586,1,-76.593397,237.448408,-62.866727,251.43,125.715,20030113, 09:53:10.0000,-61.64810933,-58.64924867,-61.64770933,-58.64687833,-61.64810933,-58.64924867,5.50906E-06
677,587,1,-79.930372,110.121405,-62.853594,251.43,125.715,20030113, 09:53:50.0000,-61.647339,-58.644482,-61.64695933,-58.642082,-61.647339,-58.644482,2.55494E-06
677,588,1,-94.586065,3.769662,-86.267505,251.43,125.715,20030113, 09:54:30.0000,-61.64655933,-58.639682,-61.64655933,-58.639682,-61.64655933,-58.639682,8.74602E-08
677,589,1,-92.736134,5.771591,-79.863603,251.43,125.715,20030113, 09:54:50.0000,-61.646176,-58.637295,-61.64580933,-58.634882,-61.646176,-58.637295,1.33907E-07
677,590,1,-80.638982,93.542872,-61.46501,251.43,125.715,20030113, 09:55:30.0000,-61.645426,-58.63247833,-61.645039,-58.630082,-61.645426,-58.63247833,2.1703E-06
677,591,1,-67.859376,1774.072426,-52.079462,251.43,125.715,20030113, 09:56:10.0000,-61.64464267,-58.627732,-61.64425933,-58.62534867,-61.64464267,-58.627732,4.11604E-05
677,592,1,-74.480476,386.243654,-60.944706,251.43,125.715,20030113, 09:56:50.0000,-61.64385933,-58.62296533,-61.643476,-58.62059867,-61.64385933,-58.62296533,8.96127E-06
677,593,1,-77.38264,197.990777,-63.422186,251.43,125.715,20030113, 09:57:30.0000,-61.64309267,-58.61822833,-61.64270567,-58.61582833,-61.64309267,-58.61822833,4.5936E-06
677,594,1,-78.964757,137.541336,-62.013557,251.43,125.715,20030113, 09:58:10.0000,-61.64230933,-58.61344867,-61.641926,-58.61106533,-61.64230933,-58.61344867,3.19111E-06
677,595,1,-88.420022,15.592178,-71.536886,251.43,125.715,20030113, 09:58:50.0000,-61.641526,-58.60869867,-61.64110567,-58.606332,-61.641526,-58.60869867,3.61755E-07
677,596,1,-92.273742,6.419996,-81.449576,251.43,125.715,20030113, 09:59:30.0000,-61.6406593,-58.60398174,-61.6406593,-58.60398174,-61.6406593,-58.60398174,1.48951E-07
677,597,1,-75.932224,276.494529,-58.251459,251.43,125.715,20030113, 09:59:50.0000,-61.64022208,-58.6016475,-61.63978875,-58.59930125,-61.64022208,-58.6016475,6.41497E-06
677,598,1,-88.254312,16.198611,-75.384993,251.43,125.715,20030113, 10:00:30.0000,-61.6393425,-58.59698083,-61.63890542,-58.59465125,-61.6393425,-58.59698083,3.75825E-07
677,599,1,-84.316027,40.114944,-70.100534,251.43,125.715,20030113, 10:01:10.0000,-61.6384425,-58.59233083,-61.63800542,-58.59003083,-61.6384425,-58.59233083,9.3071E-07
677,600,1,-86.532119,24.08225,-75.085919,251.43,125.715,20030113, 10:01:50.0000,-61.63755917,-58.58773083,-61.63712208,-58.58541417,-61.63755917,-58.58773083,5.58734E-07
677,601,1,-87.427505,19.595596,-72.677966,251.43,125.715,20030113, 10:02:30.0000,-61.63667583,-58.58308083,-61.63623875,-58.58078083,-61.63667583,-58.58308083,4.54639E-07
677,602,1,-81.869926,70.455728,-65.561045,251.43,125.715,20030113, 10:03:10.0000,-61.63577583,-58.57846417,-61.63533875,-58.5761475,-61.63577583,-58.57846417,1.63465E-06
677,603,1,-62.817237,5664.808942,-45.643114,251.43,125.715,20030113, 10:03:50.0000,-61.63487583,-58.57381417,-61.63442208,-58.57148458,-61.63487583,-58.57381417,0.00013143
677,604,1,-62.866738,5600.606833,-48.435091,251.43,125.715,20030113, 10:04:30.0000,-61.63397583,-58.56918083,-61.63397583,-58.56918083,-61.63397583,-58.56918083,0.00012994
677,605,1,-70.181379,1039.372047,-50.874119,251.43,125.715,20030113, 10:04:50.0000,-61.63355542,-58.56683083,-61.63310917,-58.5644975,-61.63355542,-58.56683083,2.41146E-05
677,606,1,-76.578579,238.259953,-59.786965,251.43,125.715,20030113, 10:05:30.0000,-61.6326425,-58.5621975,-61.63218875,-58.55986792,-61.6326425,-58.5621975,5.52789E-06
677,607,1,-89.6996,11.61312,-79.417607,251.43,125.715,20030113, 10:06:10.0000,-61.63172208,-58.5575475,-61.63127583,-58.55523083,-61.63172208,-58.5575475,2.69437E-07
677,608,1,-66.408401,2477.814607,-48.751841,251.43,125.715,20030113, 10:06:50.0000,-61.63082583,-58.55292708,-61.63038875,-58.55058458,-61.63082583,-58.55292708,5.7488E-05
677,609,1,-89.527472,12.082638,-78.049239,251.43,125.715,20030113, 10:07:30.0000,-61.62995917,-58.5482975,-61.62953875,-58.54598083,-61.62995917,-58.5482975,2.8033E-07
677,610,1,-74.457319,388.30866,-57.510519,251.43,125.715,20030113, 10:08:10.0000,-61.62912208,-58.54368458,-61.6286925,-58.5413975,-61.62912208,-58.54368458,9.00918E-06
677,611,1,-88.472929,15.40338,-79.499687,251.43,125.715,20030113, 10:08:50.0000,-61.62825542,-58.53910125,-61.62782208,-58.53680125,-61.62825542,-58.53910125,3.57375E-07
677,612,1,-85.510484,30.469164,-70.118225,251.43,125.715,20030113, 10:09:30.0000,-61.62737208,-58.53453083,-61.62690917,-58.5322475,-61.62737208,-58.53453083,7.06917E-07
677,613,1,-79.518112,121.087054,-60.679901,251.43,125.715,20030113, 10:10:10.0000,-61.62643875,-58.52996792,-61.62598875,-58.52771417,-61.62643875,-58.52996792,2.80935E-06
677,614,1,-89.193365,13.048855,-79.399431,251.43,125.715,20030113, 10:10:50.0000,-61.62552583,-58.52545125,-61.62552583,-58.52545125,-61.62552583,-58.52545125,3.02748E-07
677,615,1,-73.755958,456.365847,-56.850387,251.43,125.715,20030113, 10:11:10.0000,-61.62510917,-58.52318083,-61.62467208,-58.52090125,-61.62510917,-58.52318083,1.05882E-05
677,616,1,-90.714833,9.192331,-82.442771,251.43,125.715,20030113, 10:11:50.0000,-61.62423875,-58.51863083,-61.62378875,-58.5163475,-61.62423875,-58.51863083,2.13272E-07
677,617,1,-88.880575,14.023338,-74.206899,251.43,125.715,20030113, 10:12:30.0000,-61.62332208,-58.51408458,-61.62285917,-58.51181417,-61.62332208,-58.51408458,3.25357E-07
677,618,1,-92.571127,5.995097,-81.9053,251.43,125.715,20030113, 10:13:10.0000,-61.6223925,-58.5095475,-61.62195917,-58.50726417,-61.6223925,-58.5095475,1.39093E-07
677,619,1,-85.437978,30.982122,-71.416418,251.43,125.715,20030113, 10:13:50.0000,-61.62150542,-58.50500125,-61.62103875,-58.5027475,-61.62150542,-58.50500125,7.18819E-07
677,620,1,-90.799119,9.01565,-78.37693,251.43,125.715,20030113, 10:14:30.0000,-61.62057583,-58.50048083,-61.62012208,-58.49821417,-61.62057583,-58.50048083,2.09173E-07
677,621,1,-92.985804,5.449147,-84.703648,251.43,125.715,20030113, 10:15:10.0000,-61.61968875,-58.4958975,-61.6192425,-58.49363458,-61.61968875,-58.4958975,1.26426E-07
677,622,1,-73.863099,445.244928,-55.921868,251.43,125.715,20030113, 10:15:50.0000,-61.61882208,-58.49135125,-61.6183925,-58.48908083,-61.61882208,-58.49135125,1.03302E-05
677,623,1,-94.357369,3.973489,-83.226487,251.43,125.715,20030113, 10:16:30.0000,-61.61795542,-58.48683083,-61.61748875,-58.48455125,-61.61795542,-58.48683083,9.21892E-08
677,624,1,-91.737902,7.263045,-77.476675,251.43,125.715,20030113, 10:17:10.0000,-61.61702208,-58.4822975,-61.61655542,-58.48001792,-61.61702208,-58.4822975,1.6851E-07
677,625,1,-81.265034,80.98518,-66.426778,251.43,125.715,20030113, 10:17:50.0000,-61.61607208,-58.47773083,-61.61607208,-58.47773083,-61.61607208,-58.47773083,1.87894E-06
677,626,1,-92.402936,6.231826,-80.253203,251.43,125.715,20030113, 10:18:10.0000,-61.61560542,-58.47543083,-61.61512208,-58.47311417,-61.61560542,-58.47543083,1.44585E-07
677,627,1,-91.573562,7.543151,-78.503049,251.43,125.715,20030113, 10:18:50.0000,-61.61463875,-58.4707975,-61.61413875,-58.46848083,-61.61463875,-58.4707975,1.75009E-07
677,628,1,-87.071696,21.268622,-69.946602,251.43,125.715,20030113, 10:19:30.0000,-61.61367203,-58.4661639,-61.61320517,-58.463863,-61.61367203,-58.4661639,4.93455E-07
677,629,1,-86.516023,24.171668,-70.017285,251.43,125.715,20030113, 10:20:10.0000,-61.61272567,-58.46157583,-61.61225517,-58.459263,-61.61272567,-58.46157583,5.60809E-07
677,630,1,-90.415462,9.848334,-76.680828,251.43,125.715,20030113, 10:20:50.0000,-61.61177183,-58.456963,-61.61130517,-58.454663,-61.61177183,-58.456963,2.28492E-07
677,631,1,-95.270067,3.220344,-85.708836,251.43,125.715,20030113, 10:21:30.0000,-61.6108385,-58.452363,-61.61037233,-58.45005231,-61.6108385,-58.452363,7.47155E-08
677,632,1,-94.973341,3.44806,-85.373109,251.43,125.715,20030113, 10:22:10.0000,-61.60989091,-58.44774394,-61.60940726,-58.44543944,-61.60989091,-58.44774394,7.99987E-08
677,633,1,-91.956237,6.906933,-78.861234,251.43,125.715,20030113, 10:22:50.0000,-61.60890721,-58.4431257,-61.60890721,-58.4431257,-61.60890721,-58.4431257,1.60248E-07
677,634,1,-96.528682,2.410132,-84.636192,251.43,125.715,20030113, 10:23:10.0000,-61.60842344,-58.44082049,-61.60795721,-58.43850589,-61.60842344,-58.44082049,5.59177E-08
677,635,1,-96.496183,2.428235,-85.850161,251.43,125.715,20030113, 10:23:50.0000,-61.6074437,-58.4361757,-61.60697383,-58.43385567,-61.6074437,-58.4361757,5.63377E-08
677,636,1,-74.557598,379.445252,-55.477741,251.43,125.715,20030113, 10:24:30.0000,-61.6064905,-58.43155567,-61.60602388,-58.4292194,-61.6064905,-58.43155567,8.80354E-06
677,637,1,-94.817625,3.573933,-83.362675,251.43,125.715,20030113, 10:25:10.0000,-61.60555717,-58.42690567,-61.60510758,-58.42461061,-61.60555717,-58.42690567,8.29191E-08
677,638,1,-72.01029,682.150101,-54.327149,251.43,125.715,20030113, 10:25:50.0000,-61.6046437,-58.42230589,-61.6041905,-58.41997233,-61.6046437,-58.42230589,1.58266E-05
677,639,1,-70.343706,1001.240217,-52.948789,251.43,125.715,20030113, 10:26:30.0000,-61.6037405,-58.41760567,-61.6032905,-58.41532233,-61.6037405,-58.41760567,2.32299E-05
677,640,1,-77.50027,192.700094,-62.358493,251.43,125.715,20030113, 10:27:10.0000,-61.60282383,-58.4130255,-61.60282383,-58.4130255,-61.60282383,-58.4130255,4.47085E-06
677,641,1,-84.279453,40.4542,-67.912464,251.43,125.715,20030113, 10:27:30.0000,-61.60234367,-58.41072233,-61.60190717,-58.408389,-61.60234367,-58.41072233,9.38581E-07
677,642,1,-74.079654,423.587882,-56.155344,251.43,125.715,20030113, 10:28:10.0000,-61.60149367,-58.40602233,-61.60111033,-58.40365567,-61.60149367,-58.40602233,9.8277E-06
677,643,1,-70.993247,862.152827,-53.501761,251.43,125.715,20030113, 10:28:50.0000,-61.60074367,-58.40127233,-61.60036033,-58.39890567,-61.60074367,-58.40127233,2.00029E-05
677,644,1,-65.693144,2921.423269,-49.385611,251.43,125.715,20030113, 10:29:30.0000,-61.600027,-58.396539,-61.599677,-58.39417233,-61.600027,-58.396539,6.77802E-05
677,645,1,-67.364336,1988.269799,-50.73695,251.43,125.715,20030113, 10:30:10.0000,-61.59931036,-58.39183922,-61.598927,-58.389489,-61.59931036,-58.39183922,4.613E-05
677,646,1,-73.509596,483.002455,-57.360356,251.43,125.715,20030113, 10:30:50.0000,-61.59857383,-58.387139,-61.59819367,-58.38478583,-61.59857383,-58.387139,1.12062E-05
677,647,1,-74.135207,418.204014,-56.643171,251.43,125.715,20030113, 10:31:30.0000,-61.597827,-58.3824025,-61.597527,-58.3799525,-61.597827,-58.3824025,9.70278E-06
677,648,1,-77.000405,216.206343,-60.375066,251.43,125.715,20030113, 10:32:10.0000,-61.59734683,-58.37743583,-61.59733333,-58.3748525,-61.59734683,-58.37743583,5.01622E-06
677,649,1,-92.946945,5.498123,-81.28791,251.43,125.715,20030113, 10:32:50.0000,-61.59745317,-58.372289,-61.59745317,-58.372289,-61.59745317,-58.372289,1.27562E-07
677,650,1,-72.721014,579.171955,-54.864061,251.43,125.715,20030113, 10:33:10.0000,-61.597723,-58.369789,-61.59803967,-58.36728583,-61.597723,-58.369789,1.34374E-05
677,651,1,-74.89276,351.26346,-59.434943,251.43,125.715,20030113, 10:33:50.0000,-61.59841011,-58.36481613,-61.5988095,-58.36238583,-61.59841011,-58.36481613,8.14969E-06
677,652,1,-77.877433,176.671146,-60.933043,251.43,125.715,20030113, 10:34:30.0000,-61.59925633,-58.359939,-61.59969131,-58.35749413,-61.59925633,-58.359939,4.09896E-06
677,653,1,-77.689055,184.502991,-59.762323,251.43,125.715,20030113, 10:35:10.0000,-61.60009288,-58.35506893,-61.60052617,-58.352589,-61.60009288,-58.35506893,4.28067E-06
677,654,1,-66.890654,2217.397458,-52.245449,251.43,125.715,20030113, 10:35:50.0000,-61.600973,-58.3501525,-61.600973,-58.3501525,-61.600973,-58.3501525,5.1446E-05
677,655,1,-68.177483,1648.772118,-56.285611,251.43,125.715,20030113, 10:36:10.0000,-61.60137621,-58.34773878,-61.60178953,-58.34535662,-61.60137621,-58.34773878,3.82533E-05
677,656,1,-67.435371,1956.013264,-51.4592,251.43,125.715,20030113, 10:36:50.0000,-61.60220637,-58.34290544,-61.60260965,-58.34048828,-61.60220637,-58.34290544,4.53816E-05
677,657,1,-80.438541,97.961376,-63.502558,251.43,125.715,20030113, 10:37:30.0000,-61.60302642,-58.3380545,-61.60337317,-58.335598,-61.60302642,-58.3380545,2.27281E-06
677,658,1,-80.080537,106.378836,-62.46905,251.43,125.715,20030113, 10:38:10.0000,-61.6037065,-58.33311792,-61.60401992,-58.33070125,-61.6037065,-58.33311792,2.4681E-06
677,659,1,-75.967408,274.263587,-60.022766,251.43,125.715,20030113, 10:38:50.0000,-61.6043065,-58.32823458,-61.6046065,-58.32576792,-61.6043065,-58.32823458,6.36321E-06
677,660,1,-83.589865,47.415724,-67.035536,251.43,125.715,20030113, 10:39:30.0000,-61.60490623,-58.32331995,-61.60490623,-58.32331995,-61.60490623,-58.32331995,1.1001E-06
677,661,1,-78.502314,152.995112,-60.313079,251.43,125.715,20030113, 10:39:50.0000,-61.60518977,-58.32085173,-61.60547317,-58.31836792,-61.60518977,-58.32085173,3.54965E-06
677,662,1,-76.611888,236.439541,-59.454119,251.43,125.715,20030113, 10:40:30.0000,-61.60578983,-58.31586792,-61.60608655,-58.31339851,-61.60578983,-58.31586792,5.48565E-06
677,663,1,-86.388578,24.891503,-71.203577,251.43,125.715,20030113, 10:41:10.0000,-61.6063565,-58.31088458,-61.60665637,-58.30840226,-61.6063565,-58.31088458,5.7751E-07
677,664,1,-92.712849,5.802619,-81.363232,251.43,125.715,20030113, 10:41:50.0000,-61.6069565,-58.30593458,-61.6072565,-58.30345125,-61.6069565,-58.30593458,1.34627E-07
677,665,1,-81.052249,85.051896,-62.317231,251.43,125.715,20030113, 10:42:30.0000,-61.6075565,-58.30097117,-61.60783983,-58.298498,-61.6075565,-58.30097117,1.9733E-06
677,666,1,-90.00382,10.827468,-78.926039,251.43,125.715,20030113, 10:43:10.0000,-61.60812317,-58.29596792,-61.60812317,-58.29596792,-61.60812317,-58.29596792,2.51209E-07
677,667,1,-91.189324,8.240936,-76.691142,251.43,125.715,20030113, 10:43:30.0000,-61.60842317,-58.29346792,-61.60872317,-58.29093458,-61.60842317,-58.29346792,1.91199E-07
677,668,1,-81.620894,74.613858,-64.863134,251.43,125.715,20030113, 10:44:10.0000,-61.60903983,-58.2884045,-61.60935325,-58.28588783,-61.60903983,-58.2884045,1.73112E-06
677,669,1,-78.039623,170.194947,-59.987856,251.43,125.715,20030113, 10:44:50.0000,-61.60966992,-58.28337117,-61.60997317,-58.28085125,-61.60966992,-58.28337117,3.94871E-06
677,670,1,-88.711165,14.581173,-72.342777,251.43,125.715,20030113, 10:45:30.0000,-61.61027317,-58.27833458,-61.61058983,-58.27581792,-61.61027317,-58.27833458,3.38299E-07
677,671,1,-90.90597,8.796541,-77.298042,251.43,125.715,20030113, 10:46:10.0000,-61.61088983,-58.27331792,-61.61120663,-58.27078358,-61.61088983,-58.27331792,2.04089E-07
677,672,1,-89.897459,11.095913,-80.412478,251.43,125.715,20030113, 10:46:50.0000,-61.6115233,-58.26826692,-61.6115233,-58.26826692,-61.6115233,-58.26826692,2.57437E-07
677,673,1,-87.900001,17.575548,-72.102867,251.43,125.715,20030113, 10:47:10.0000,-61.6118232,-58.26575101,-61.61213667,-58.26325,-61.6118232,-58.26575101,4.07772E-07
677,674,1,-89.498741,12.162836,-80.651228,251.43,125.715,20030113, 10:47:50.0000,-61.61243997,-58.26075025,-61.61274,-58.25823,-61.61243997,-58.26075025,2.82191E-07
677,675,1,-89.005265,13.626441,-78.433625,251.43,125.715,20030113, 10:48:30.0000,-61.61304,-58.25568333,-61.61334,-58.25316333,-61.61304,-58.25568333,3.16148E-07
677,676,1,-90.329597,10.044982,-81.45198,251.43,125.715,20030113, 10:49:10.0000,-61.61364,-58.25063,-61.61395667,-58.2481,-61.61364,-58.25063,2.33054E-07
677,677,1,-90.700945,9.221774,-83.107178,251.43,125.715,20030113, 10:49:50.0000,-61.61429,-58.24558,-61.61429,-58.24558,-61.61429,-58.24558,2.13955E-07
677,678,1,-91.057866,8.494196,-82.96169,251.43,125.715,20030113, 10:50:10.0000,-61.61463973,-58.24303535,-61.61499,-58.24048333,-61.61463973,-58.24303535,1.97075E-07
677,679,1,-74.457551,388.287837,-54.977231,251.43,125.715,20030113, 10:50:50.0000,-61.61534,-58.23791667,-61.61567333,-58.23536333,-61.61534,-58.23791667,9.0087E-06
677,680,1,-91.849437,7.078891,-83.016495,251.43,125.715,20030113, 10:51:30.0000,-61.61600653,-58.23279774,-61.61633993,-58.23021716,-61.61600653,-58.23279774,1.64238E-07
677,681,1,-72.115452,665.830637,-55.780226,251.43,125.715,20030113, 10:52:10.0000,-61.61670667,-58.22765,-61.61670667,-58.22765,-61.61670667,-58.22765,1.5448E-05
677,682,1,-73.302933,506.542205,-55.515518,251.43,125.715,20030113, 10:52:30.0000,-61.61704,-58.22508333,-61.61739,-58.22258333,-61.61704,-58.22508333,1.17523E-05
677,683,1,-89.505764,12.143181,-73.613771,251.43,125.715,20030113, 10:53:10.0000,-61.61775667,-58.22006667,-61.61810663,-58.21753358,-61.61775667,-58.22006667,2.81735E-07
677,684,1,-92.675965,5.85211,-83.287051,251.43,125.715,20030113, 10:53:50.0000,-61.61847333,-58.215,-61.61882333,-58.21246667,-61.61847333,-58.215,1.35775E-07
677,685,1,-92.794437,5.694626,-78.653325,251.43,125.715,20030113, 10:54:30.0000,-61.61915653,-58.20993434,-61.61947333,-58.20739667,-61.61915653,-58.20993434,1.32121E-07
677,686,1,-93.516552,4.822294,-81.026397,251.43,125.715,20030113, 10:55:10.0000,-61.61977333,-58.20483,-61.61977333,-58.20483,-61.61977333,-58.20483,1.11882E-07
677,687,1,-77.838791,178.250119,-58.103412,251.43,125.715,20030113, 10:55:30.0000,-61.62010333,-58.20228,-61.62043997,-58.19975025,-61.62010333,-58.20228,4.13559E-06
677,688,1,-94.563358,3.789424,-84.875373,251.43,125.715,20030113, 10:56:10.0000,-61.62077667,-58.19726667,-61.62112333,-58.19476667,-61.62077667,-58.19726667,8.79187E-08
677,689,1,-94.036704,4.277978,-83.933011,251.43,125.715,20030113, 10:56:50.0000,-61.62145663,-58.19226692,-61.62177333,-58.18976333,-61.62145663,-58.19226692,9.92537E-08
677,690,1,-92.428939,6.194625,-79.965579,251.43,125.715,20030113, 10:57:30.0000,-61.6221067,-58.18724975,-61.62242347,-58.18473234,-61.6221067,-58.18724975,1.43722E-07
677,691,1,-80.883541,88.420873,-64.193422,251.43,125.715,20030113, 10:58:10.0000,-61.6227567,-58.18224975,-61.6227567,-58.18224975,-61.6227567,-58.18224975,2.05146E-06
677,692,1,-86.706077,23.136689,-67.520856,251.43,125.715,20030113, 10:58:30.0000,-61.62309017,-58.17976542,-61.62343662,-58.17727071,-61.62309017,-58.17976542,5.36796E-07
677,693,1,-95.865247,2.807917,-86.84835,251.43,125.715,20030113, 10:59:10.0000,-61.6237735,-58.17476542,-61.62409017,-58.17224875,-61.6237735,-58.17476542,6.51467E-08
677,694,1,-91.970617,6.884101,-78.212555,251.43,125.715,20030113, 10:59:50.0000,-61.6244235,-58.16973208,-61.6247235,-58.16721542,-61.6244235,-58.16973208,1.59719E-07
677,695,1,-87.320594,20.08397,-70.555933,251.43,125.715,20030113, 11:00:30.0000,-61.62504017,-58.16469533,-61.6253735,-58.16216542,-61.62504017,-58.16469533,4.6597E-07
677,696,1,-90.146305,10.478,-75.945291,251.43,125.715,20030113, 11:01:10.0000,-61.62570342,-58.15964875,-61.62570342,-58.15964875,-61.62570342,-58.15964875,2.43101E-07
677,697,1,-84.165506,41.529659,-65.664301,251.43,125.715,20030113, 11:01:30.0000,-61.62602343,-58.15714587,-61.62634017,-58.15463208,-61.62602343,-58.15714587,9.63533E-07
677,698,1,-78.213737,163.506561,-61.508755,251.43,125.715,20030113, 11:02:10.0000,-61.62665683,-58.15211542,-61.6269735,-58.14959875,-61.62665683,-58.15211542,3.79353E-06
677,699,1,-84.525749,38.223816,-66.45051,251.43,125.715,20030113, 11:02:50.0000,-61.62729017,-58.14706542,-61.62759017,-58.14453208,-61.62729017,-58.14706542,8.86834E-07
677,700,1,-87.883417,17.64279,-69.891537,251.43,125.715,20030113, 11:03:30.0000,-61.62790683,-58.14199875,-61.62820683,-58.13944875,-61.62790683,-58.14199875,4.09332E-07
677,701,1,-80.623737,93.87182,-66.943686,251.43,125.715,20030113, 11:04:10.0000,-61.62854017,-58.13689533,-61.62854017,-58.13689533,-61.62854017,-58.13689533,2.17793E-06
677,702,1,-86.728214,23.019058,-72.784879,251.43,125.715,20030113, 11:04:30.0000,-61.62887007,-58.13433234,-61.6291735,-58.13176883,-61.62887007,-58.13433234,5.34067E-07
677,703,1,-79.868235,111.708285,-61.761423,251.43,125.715,20030113, 11:05:10.0000,-61.62949017,-58.12922867,-61.62980683,-58.12666542,-61.62949017,-58.12922867,2.59175E-06
677,704,1,-81.78411,71.861774,-65.423419,251.43,125.715,20030113, 11:05:50.0000,-61.6301235,-58.12411542,-61.6304401,-58.12154926,-61.6301235,-58.12411542,1.66727E-06
677,705,1,-85.757592,28.783904,-68.107689,251.43,125.715,20030113, 11:06:30.0000,-61.6307735,-58.11898208,-61.63109017,-58.11642867,-61.6307735,-58.11898208,6.67818E-07
677,706,1,-80.581818,94.782266,-65.682388,251.43,125.715,20030113, 11:07:10.0000,-61.63144017,-58.113862,-61.63144017,-58.113862,-61.63144017,-58.113862,2.19905E-06
677,707,1,-81.564165,75.594895,-62.549404,251.43,125.715,20030113, 11:07:30.0000,-61.6317735,-58.11131542,-61.63210683,-58.10881542,-61.6317735,-58.11131542,1.75388E-06
677,708,1,-95.031133,3.40248,-85.038718,251.43,125.715,20030113, 11:08:10.0000,-61.63244017,-58.10631542,-61.63275342,-58.10379875,-61.63244017,-58.10631542,7.89412E-08
677,709,1,-64.426995,3910.29426,-47.28191,251.43,125.715,20030113, 11:08:50.0000,-61.63304017,-58.10128208,-61.6333735,-58.09874533,-61.63304017,-58.10128208,9.0723E-05
677,710,1,-73.384649,497.100336,-59.418823,251.43,125.715,20030113, 11:09:30.0000,-61.63369017,-58.09617867,-61.63402363,-58.09364428,-61.63369017,-58.09617867,1.15333E-05
677,711,1,-77.41766,196.400672,-62.393509,251.43,125.715,20030113, 11:10:10.0000,-61.63437347,-58.09111567,-61.63437347,-58.09111567,-61.63437347,-58.09111567,4.55671E-06
677,712,1,-69.970511,1091.083037,-55.681999,251.43,125.715,20030113, 11:10:30.0000,-61.63469383,-58.08858083,-61.6350403,-58.08604776,-61.63469383,-58.08858083,2.53143E-05
677,713,1,-71.341545,795.709225,-56.333936,251.43,125.715,20030113, 11:11:10.0000,-61.63539033,-58.0835475,-61.63573683,-58.0810475,-61.63539033,-58.0835475,1.84613E-05
677,714,1,-68.325919,1593.371474,-54.957243,251.43,125.715,20030113, 11:11:50.0000,-61.63604033,-58.07853083,-61.63634033,-58.0759975,-61.63604033,-58.07853083,3.69679E-05
677,715,1,-75.969197,274.150597,-62.956683,251.43,125.715,20030113, 11:12:30.0000,-61.636657,-58.07347733,-61.636957,-58.0709475,-61.636657,-58.07347733,6.36059E-06
677,716,1,-78.995655,136.566263,-65.558454,251.43,125.715,20030113, 11:13:10.0000,-61.637307,-58.06841417,-61.637307,-58.06841417,-61.637307,-58.06841417,3.16848E-06
677,717,1,-72.730497,577.908643,-55.968807,251.43,125.715,20030113, 11:13:30.0000,-61.63762367,-58.06588083,-61.63797367,-58.06332733,-61.63762367,-58.06588083,1.34081E-05
677,718,1,-67.262707,2035.345743,-50.405212,251.43,125.715,20030113, 11:14:10.0000,-61.63830673,-58.06074613,-61.63867367,-58.0581405,-61.63830673,-58.06074613,4.72222E-05
677,719,1,-75.617239,297.293204,-60.038414,251.43,125.715,20030113, 11:14:50.0000,-61.639007,-58.055544,-61.63932017,-58.05296417,-61.639007,-58.055544,6.89752E-06
677,720,1,-73.886682,442.833758,-59.933708,251.43,125.715,20030113, 11:15:30.0000,-61.63964383,-58.05038083,-61.63964383,-58.05038083,-61.63964383,-58.05038083,1.02742E-05
677,721,1,-70.84913,891.242528,-55.270704,251.43,125.715,20030113, 11:15:50.0000,-61.64000687,-58.04779849,-61.64034033,-58.0452475,-61.64000687,-58.04779849,2.06778E-05
677,722,1,-70.843486,892.401666,-53.834771,251.43,125.715,20030113, 11:16:30.0000,-61.64069033,-58.04268083,-61.64104383,-58.04012733,-61.64069033,-58.04268083,2.07047E-05
677,723,1,-80.306579,100.983636,-64.318883,251.43,125.715,20030113, 11:17:10.0000,-61.64139033,-58.03755717,-61.64172717,-58.03496067,-61.64139033,-58.03755717,2.34293E-06
677,724,1,-79.222883,129.604661,-63.727649,251.43,125.715,20030113, 11:17:50.0000,-61.64207367,-58.03241067,-61.64207367,-58.03241067,-61.64207367,-58.03241067,3.00697E-06
677,725,1,-75.32244,318.17418,-58.980838,251.43,125.715,20030113, 11:18:10.0000,-61.64244033,-58.02987733,-61.642757,-58.02733083,-61.64244033,-58.02987733,7.38198E-06
677,726,1,-73.629695,469.828617,-56.993341,251.43,125.715,20030113, 11:18:50.0000,-61.64307367,-58.0247975,-61.64339033,-58.02226067,-61.64307367,-58.0247975,1.09005E-05
677,727,1,-74.686473,368.350825,-60.207612,251.43,125.715,20030113, 11:19:30.0000,-61.64374033,-58.01966417,-61.64407367,-58.01708433,-61.64374033,-58.01966417,8.54614E-06
677,728,1,-74.218503,410.259503,-59.8754,251.43,125.715,20030113, 11:20:10.0000,-61.64439033,-58.01453433,-61.6447405,-58.0120165,-61.64439033,-58.01453433,9.51846E-06
677,729,1,-79.000373,136.417973,-67.66322,251.43,125.715,20030113, 11:20:50.0000,-61.64507383,-58.00949625,-61.64507383,-58.00949625,-61.64507383,-58.00949625,3.16504E-06
677,730,1,-76.234697,257.892829,-63.665173,251.43,125.715,20030113, 11:21:10.0000,-61.64540352,-58.00698057,-61.64572025,-58.00444625,-61.64540352,-58.00698057,5.98339E-06
677,731,1,-74.846119,355.056146,-62.271534,251.43,125.715,20030113, 11:21:50.0000,-61.6460405,-58.00187958,-61.6463569,-57.99926145,-61.6460405,-58.00187958,8.23769E-06
677,732,1,-80.601706,94.349222,-66.405354,251.43,125.715,20030113, 11:22:30.0000,-61.6466571,-57.99662657,-61.64697357,-57.9940149,-61.6466571,-57.99662657,2.189E-06
677,733,1,-78.888182,139.987967,-66.674204,251.43,125.715,20030113, 11:23:10.0000,-61.64729043,-57.99141345,-61.64729043,-57.99141345,-61.64729043,-57.99141345,3.24787E-06
677,734,1,-77.995455,171.934643,-62.428665,251.43,125.715,20030113, 11:23:30.0000,-61.64760717,-57.988826,-61.64792383,-57.98622958,-61.64760717,-57.988826,3.98907E-06
677,735,1,-72.248318,645.768884,-60.23674,251.43,125.715,20030113, 11:24:10.0000,-61.64825717,-57.983626,-61.6485905,-57.981026,-61.64825717,-57.983626,1.49825E-05
677,736,1,-72.89641,556.247354,-60.845304,251.43,125.715,20030113, 11:24:50.0000,-61.6489405,-57.97840933,-61.64925717,-57.97579267,-61.6489405,-57.97840933,1.29055E-05
677,737,1,-78.720201,145.508672,-63.468113,251.43,125.715,20030113, 11:25:30.0000,-61.64960717,-57.97315933,-61.64960717,-57.97315933,-61.64960717,-57.97315933,3.37596E-06
677,738,1,-73.885953,442.908109,-59.857455,251.43,125.715,20030113, 11:25:50.0000,-61.64992025,-57.97054267,-61.6502405,-57.96792958,-61.64992025,-57.97054267,1.02759E-05
677,739,1,-74.057385,425.765509,-57.904611,251.43,125.715,20030113, 11:26:30.0000,-61.65057383,-57.96534267,-61.65090717,-57.96272958,-61.65057383,-57.96534267,9.87822E-06
677,740,1,-76.275002,255.51049,-59.5688,251.43,125.715,20030113, 11:27:10.0000,-61.6512405,-57.96014267,-61.65157383,-57.95754267,-61.6512405,-57.96014267,5.92812E-06
677,741,1,-74.181522,413.76781,-62.612194,251.43,125.715,20030113, 11:27:50.0000,-61.6518905,-57.95494267,-61.6518905,-57.95494267,-61.6518905,-57.95494267,9.59986E-06
677,742,1,-77.464963,194.27306,-63.239869,251.43,125.715,20030113, 11:28:10.0000,-61.6521905,-57.952326,-61.65252383,-57.949726,-61.6521905,-57.952326,4.50734E-06
677,743,1,-78.14453,166.13301,-62.549229,251.43,125.715,20030113, 11:28:50.0000,-61.6528405,-57.94710933,-61.65315717,-57.94450933,-61.6528405,-57.94710933,3.85446E-06
677,744,1,-74.010118,430.424664,-60.380187,251.43,125.715,20030113, 11:29:30.0000,-61.65349037,-57.9419139,-61.65382383,-57.93934267,-61.65349037,-57.9419139,9.98632E-06
677,745,1,-75.688746,292.438359,-62.67474,251.43,125.715,20030113, 11:30:10.0000,-61.6541405,-57.93672958,-61.6541405,-57.93672958,-61.6541405,-57.93672958,6.78489E-06
677,746,1,-79.437666,123.350893,-65.417343,251.43,125.715,20030113, 11:30:30.0000,-61.65445717,-57.93409267,-61.65475358,-57.93145933,-61.65445717,-57.93409267,2.86187E-06
677,747,1,-78.377948,157.439665,-66.029402,251.43,125.715,20030113, 11:31:10.0000,-61.65507383,-57.92882958,-61.65540717,-57.92620933,-61.65507383,-57.92882958,3.65277E-06
677,748,1,-68.089949,1682.340881,-50.567411,251.43,125.715,20030113, 11:31:50.0000,-61.6557405,-57.92359267,-61.65609054,-57.92097571,-61.6557405,-57.92359267,3.90321E-05
677,749,1,-80.160527,104.437455,-67.934429,251.43,125.715,20030113, 11:32:30.0000,-61.65645726,-57.91837525,-61.65645726,-57.91837525,-61.65645726,-57.91837525,2.42306E-06
677,750,1,-83.73827,45.822827,-66.742062,251.43,125.715,20030113, 11:32:50.0000,-61.6568108,-57.91577571,-61.65715733,-57.913158,-61.6568108,-57.91577571,1.06314E-06
677,751,1,-85.06281,33.777531,-69.538659,251.43,125.715,20030113, 11:33:30.0000,-61.65749101,-57.91055524,-61.65780733,-57.907958,-61.65749101,-57.91055524,7.83675E-07
677,752,1,-86.819992,22.537705,-75.795761,251.43,125.715,20030113, 11:34:10.0000,-61.65814433,-57.90534133,-61.65849067,-57.902708,-61.65814433,-57.90534133,5.22899E-07
677,753,1,-77.659175,185.776764,-63.956591,251.43,125.715,20030113, 11:34:50.0000,-61.658824,-57.90009133,-61.658824,-57.90009133,-61.658824,-57.90009133,4.31022E-06
677,754,1,-79.922947,110.309833,-62.693353,251.43,125.715,20030113, 11:35:10.0000,-61.65914067,-57.897458,-61.659474,-57.89482467,-61.65914067,-57.897458,2.55931E-06
677,755,1,-86.347262,25.129436,-71.739939,251.43,125.715,20030113, 11:35:50.0000,-61.65980726,-57.89220858,-61.66014067,-57.88962833,-61.65980726,-57.89220858,5.8303E-07
677,756,1,-80.634917,93.630485,-63.368209,251.43,125.715,20030113, 11:36:30.0000,-61.66044067,-57.887058,-61.660774,-57.88445433,-61.66044067,-57.887058,2.17233E-06
677,757,1,-75.151403,330.954794,-60.932509,251.43,125.715,20030113, 11:37:10.0000,-61.66108687,-57.8818601,-61.66108687,-57.8818601,-61.66108687,-57.8818601,7.67851E-06
677,758,1,-78.140423,166.290207,-64.112155,251.43,125.715,20030113, 11:37:30.0000,-61.66139063,-57.87927496,-61.661724,-57.87667833,-61.66139063,-57.87927496,3.85811E-06
677,759,1,-73.276403,509.645997,-59.268839,251.43,125.715,20030113, 11:38:10.0000,-61.66205733,-57.87407833,-61.66239433,-57.87149133,-61.66205733,-57.87407833,1.18243E-05
677,760,1,-67.910269,1753.404057,-55.216228,251.43,125.715,20030113, 11:38:50.0000,-61.66274067,-57.868895,-61.66307033,-57.86632467,-61.66274067,-57.868895,4.06809E-05
677,761,1,-65.892675,2790.239064,-54.375873,251.43,125.715,20030113, 11:39:30.0000,-61.66339067,-57.863758,-61.66339067,-57.863758,-61.66339067,-57.863758,6.47366E-05
677,762,1,-67.715036,1834.025143,-54.236696,251.43,125.715,20030113, 11:39:50.0000,-61.663724,-57.861158,-61.66405733,-57.85857833,-61.663724,-57.861158,4.25514E-05
677,763,1,-72.125155,664.34458,-55.880135,251.43,125.715,20030113, 11:40:30.0000,-61.66439067,-57.85601167,-61.664724,-57.85344133,-61.66439067,-57.85601167,1.54135E-05
677,764,1,-69.931439,1100.943562,-55.627178,251.43,125.715,20030113, 11:41:10.0000,-61.66504186,-57.85083602,-61.665374,-57.848258,-61.66504186,-57.85083602,2.55431E-05
677,765,1,-71.196247,822.781012,-58.08023,251.43,125.715,20030113, 11:41:50.0000,-61.66570733,-57.845658,-61.66570733,-57.845658,-61.66570733,-57.845658,1.90894E-05
677,766,1,-68.397322,1567.388623,-54.207787,251.43,125.715,20030113, 11:42:10.0000,-61.66604067,-57.84307833,-61.6663572,-57.84049598,-61.66604067,-57.84307833,3.63651E-05
677,767,1,-69.654235,1173.506229,-54.495764,251.43,125.715,20030113, 11:42:50.0000,-61.66670733,-57.837895,-61.66705733,-57.83527833,-61.66670733,-57.837895,2.72266E-05
677,768,1,-73.169072,522.398228,-58.859661,251.43,125.715,20030113, 11:43:30.0000,-61.667424,-57.83267467,-61.66775746,-57.8300607,-61.667424,-57.83267467,1.21202E-05
677,769,1,-69.721158,1155.561671,-57.763903,251.43,125.715,20030113, 11:44:10.0000,-61.6681075,-57.82746042,-61.6681075,-57.82746042,-61.6681075,-57.82746042,2.68103E-05
677,770,1,-69.732532,1152.53938,-56.674194,251.43,125.715,20030113, 11:44:30.0000,-61.6684575,-57.82486042,-61.66879083,-57.82225667,-61.6684575,-57.82486042,2.67402E-05
677,771,1,-71.896616,700.240658,-58.152696,251.43,125.715,20030113, 11:45:10.0000,-61.66914083,-57.81965667,-61.66949083,-57.81704,-61.66914083,-57.81965667,1.62463E-05
677,772,1,-74.307709,401.918515,-59.459449,251.43,125.715,20030113, 11:45:50.0000,-61.66984447,-57.81449431,-61.6702075,-57.81196042,-61.66984447,-57.81449431,9.32494E-06
677,773,1,-74.137806,417.953878,-60.361848,251.43,125.715,20030113, 11:46:30.0000,-61.67053708,-57.80940667,-61.67053708,-57.80940667,-61.67053708,-57.80940667,9.69698E-06
677,774,1,-66.802734,2262.744801,-51.332131,251.43,125.715,20030113, 11:46:50.0000,-61.67087417,-57.80681042,-61.6712075,-57.80422333,-61.67087417,-57.80681042,5.24981E-05
677,775,1,-68.868903,1406.107791,-55.255392,251.43,125.715,20030113, 11:47:30.0000,-61.67154083,-57.80164375,-61.67187413,-57.79902736,-61.67154083,-57.80164375,3.26232E-05
677,776,1,-71.178743,826.103865,-57.35798,251.43,125.715,20030113, 11:48:10.0000,-61.67222417,-57.79639375,-61.67259076,-57.79380726,-61.67222417,-57.79639375,1.91665E-05
677,777,1,-74.695161,367.614685,-63.017885,251.43,125.715,20030113, 11:48:50.0000,-61.67295861,-57.79121443,-61.67295861,-57.79121443,-61.67295861,-57.79121443,8.52906E-06
677,778,1,-78.485094,153.602949,-65.325134,251.43,125.715,20030113, 11:49:10.0000,-61.67330373,-57.78860697,-61.67364083,-57.78601042,-61.67330373,-57.78860697,3.56375E-06
677,779,1,-78.998197,136.486349,-67.512941,251.43,125.715,20030113, 11:49:50.0000,-61.67399083,-57.78342333,-61.67432528,-57.78081443,-61.67399083,-57.78342333,3.16663E-06
677,780,1,-66.633167,2352.838964,-49.870277,251.43,125.715,20030113, 11:50:30.0000,-61.67467417,-57.77821042,-61.67501125,-57.77560667,-61.67467417,-57.77821042,5.45884E-05
677,781,1,-66.992424,2166.040188,-53.054136,251.43,125.715,20030113, 11:51:10.0000,-61.67537413,-57.77297363,-61.67537413,-57.77297363,-61.67537413,-57.77297363,5.02545E-05
677,782,1,-69.118785,1327.487576,-52.401416,251.43,125.715,20030113, 11:51:30.0000,-61.6757407,-57.77035771,-61.6761075,-57.76774,-61.6757407,-57.77035771,3.07991E-05
677,783,1,-75.452363,308.796707,-58.957261,251.43,125.715,20030113, 11:52:10.0000,-61.67646125,-57.76514,-61.6768075,-57.76254,-61.67646125,-57.76514,7.16442E-06
677,784,1,-75.611505,297.686,-59.649557,251.43,125.715,20030113, 11:52:50.0000,-61.67715785,-57.75993717,-61.6775075,-57.75732333,-61.67715785,-57.75993717,6.90664E-06
677,785,1,-83.182711,52.076031,-69.027382,251.43,125.715,20030113, 11:53:30.0000,-61.67784083,-57.75470667,-61.67784083,-57.75470667,-61.67784083,-57.75470667,1.20822E-06
677,786,1,-76.913125,220.595408,-60.153782,251.43,125.715,20030113, 11:53:50.0000,-61.67819083,-57.75205667,-61.67852417,-57.74941042,-61.67819083,-57.75205667,5.11805E-06
677,787,1,-77.658347,185.81219,-62.534611,251.43,125.715,20030113, 11:54:30.0000,-61.67887404,-57.74679104,-61.67924096,-57.74417612,-61.67887404,-57.74679104,4.31104E-06
677,788,1,-81.366709,79.111208,-63.111729,251.43,125.715,20030113, 11:55:10.0000,-61.67960754,-57.74157303,-61.6799615,-57.738972,-61.67960754,-57.74157303,1.83547E-06
677,789,1,-79.079173,133.965073,-64.822369,251.43,125.715,20030113, 11:55:50.0000,-61.68032417,-57.73635667,-61.68032417,-57.73635667,-61.68032417,-57.73635667,3.10813E-06
677,790,1,-78.058969,169.438478,-61.940856,251.43,125.715,20030113, 11:56:10.0000,-61.680691,-57.73375533,-61.681041,-57.7311425,-61.680691,-57.73375533,3.93116E-06
677,791,1,-86.176342,26.138144,-71.738638,251.43,125.715,20030113, 11:56:50.0000,-61.681391,-57.7285425,-61.681741,-57.7259425,-61.681391,-57.7285425,6.06433E-07
677,792,1,-76.407416,247.837662,-59.597261,251.43,125.715,20030113, 11:57:30.0000,-61.682091,-57.72332583,-61.68242433,-57.72068867,-61.682091,-57.72332583,5.7501E-06
677,793,1,-68.457394,1545.85782,-53.592614,251.43,125.715,20030113, 11:58:10.0000,-61.6827615,-57.718072,-61.6827615,-57.718072,-61.6827615,-57.718072,3.58656E-05
677,794,1,-81.612559,74.757204,-67.333952,251.43,125.715,20030113, 11:58:30.0000,-61.68312433,-57.71543867,-61.6834615,-57.71280533,-61.68312433,-57.71543867,1.73445E-06
677,795,1,-71.604671,748.9311,-54.291215,251.43,125.715,20030113, 11:59:10.0000,-61.68382433,-57.71018483,-61.684191,-57.70753867,-61.68382433,-57.71018483,1.7376E-05
677,796,1,-88.166215,16.530555,-79.606146,251.43,125.715,20030113, 11:59:50.0000,-61.68452433,-57.70493867,-61.68452433,-57.70493867,-61.68452433,-57.70493867,3.83527E-07
677,797,1,-87.231934,20.49819,-73.102304,251.43,125.715,20030113, 12:00:10.0000,-61.6848615,-57.702322,-61.68520383,-57.69970533,-61.6848615,-57.702322,4.7558E-07
677,798,1,-86.212252,25.922908,-73.306535,251.43,125.715,20030113, 12:00:50.0000,-61.68552433,-57.69707583,-61.68587433,-57.6944425,-61.68552433,-57.69707583,6.01439E-07
677,799,1,-85.772095,28.687942,-68.043726,251.43,125.715,20030113, 12:01:30.0000,-61.68622817,-57.69185917,-61.68667817,-57.689322,-61.68622817,-57.69185917,6.65591E-07
677,800,1,-92.44384,6.173407,-84.769564,251.43,125.715,20030113, 12:02:10.0000,-61.68714483,-57.6867925,-61.68714483,-57.6867925,-61.68714483,-57.6867925,1.4323E-07
677,801,1,-84.4408,38.978844,-68.828554,251.43,125.715,20030113, 12:02:30.0000,-61.68762817,-57.68425917,-61.68809483,-57.6817425,-61.68762817,-57.68425917,9.04351E-07
677,802,1,-88.37356,15.759882,-73.373866,251.43,125.715,20030113, 12:03:10.0000,-61.68859483,-57.67922583,-61.68909472,-57.6767264,-61.68859483,-57.67922583,3.65646E-07
