Process_ID,Interval,Layer,Sv_mean,NASC,Sv_max,Height_mean,Depth_mean,Date_M,Time_M,Lat_S,Lon_S,Lat_E,Lon_E,Lat_M,Lon_M,ABC
699,33,1,-98.159044,1.655787,-86.188415,251.43,125.715,20010301, 20:43:50.0000,-62.269782,-58.29184667,-62.27099863,-58.29506325,-62.2703971,-58.29342681,3.84161E-08
699,34,1,-96.700769,2.316499,-86.245298,251.43,125.715,20010301, 20:44:30.0000,-62.27163041,-58.29670935,-62.27226449,-58.29837609,-62.27163041,-58.29670935,5.37453E-08
699,35,1,-74.493843,385.056685,-54.910368,251.43,125.715,20010301, 20:45:10.0000,-62.27288197,-58.30004658,-62.27353266,-58.30171498,-62.27288197,-58.30004658,8.93373E-06
699,36,1,-80.87269,88.642078,-61.747516,251.43,125.715,20010301, 20:45:50.0000,-62.27416377,-58.30337609,-62.27479863,-58.30507991,-62.27416377,-58.30337609,2.05659E-06
699,37,1,-95.514508,3.044094,-83.089197,251.43,125.715,20010301, 20:46:30.0000,-62.27544933,-58.30676498,-62.27609933,-58.30843167,-62.27544933,-58.30676498,7.06263E-08
699,38,1,-80.293956,101.277593,-59.701881,251.43,125.715,20010301, 20:47:30.0000,-62.27674863,-58.31011325,-62.2780471,-58.31349275,-62.27739933,-58.31179832,2.34975E-06
699,39,1,-79.675038,116.78986,-59.983231,251.43,125.715,20010301, 20:48:10.0000,-62.27869741,-58.31520955,-62.27933266,-58.31691499,-62.27869741,-58.31520955,2.70965E-06
699,40,1,-97.226951,2.052172,-84.270886,251.43,125.715,20010301, 20:48:50.0000,-62.27993283,-58.31863149,-62.28056408,-58.32032686,-62.27993283,-58.31863149,4.76126E-08
699,41,1,-83.480607,48.623729,-66.958408,251.43,125.715,20010301, 20:49:30.0000,-62.28118283,-58.32203167,-62.28181407,-58.32372683,-62.28118283,-58.32203167,1.12812E-06
699,42,1,-71.565711,755.67989,-53.098034,251.43,125.715,20010301, 20:50:10.0000,-62.28244933,-58.32544833,-62.28308267,-58.32713167,-62.28244933,-58.32544833,1.75326E-05
699,43,1,-95.425357,3.107229,-81.102033,251.43,125.715,20010301, 20:51:10.0000,-62.28373073,-58.32882618,-62.28503266,-58.33223166,-62.28439897,-58.33053077,7.20911E-08
699,44,1,-94.595314,3.761642,-83.934793,251.43,125.715,20010301, 20:51:50.0000,-62.28566408,-58.33392686,-62.28629897,-58.3356141,-62.28566408,-58.33392686,8.72742E-08
699,45,1,-95.85635,2.813675,-85.49635,251.43,125.715,20010301, 20:52:30.0000,-62.28693267,-58.337315,-62.28754805,-58.33896016,-62.28693267,-58.337315,6.52803E-08
699,46,1,-94.29139,4.034316,-81.945755,251.43,125.715,20010301, 20:53:10.0000,-62.2881814,-58.34064356,-62.288816,-58.34233166,-62.2881814,-58.34064356,9.36005E-08
699,47,1,-83.171666,52.20863,-62.545717,251.43,125.715,20010301, 20:54:10.0000,-62.28944742,-58.34402689,-62.29069897,-58.34743076,-62.29006564,-58.34574718,1.2113E-06
699,48,1,-90.835469,8.940504,-77.052819,251.43,125.715,20010301, 20:54:50.0000,-62.29133074,-58.34912686,-62.29194897,-58.3508141,-62.29133074,-58.34912686,2.07429E-07
699,49,1,-92.552381,6.021031,-78.892998,251.43,125.715,20010301, 20:55:30.0000,-62.29256641,-58.35249916,-62.29319933,-58.35414833,-62.29256641,-58.35249916,1.39694E-07
699,50,1,-69.543001,1203.950989,-50.903338,251.43,125.715,20010301, 20:56:10.0000,-62.29384897,-58.35584744,-62.294466,-58.35754832,-62.29384897,-58.35584744,2.7933E-05
699,51,1,-93.634473,4.69312,-79.680917,251.43,125.715,20010301, 20:56:50.0000,-62.29508266,-58.35924832,-62.29569933,-58.36096483,-62.29508266,-58.35924832,1.08885E-07
699,52,1,-91.207716,8.206109,-76.109406,251.43,125.715,20010301, 20:57:50.0000,-62.29631633,-58.36266582,-62.29754897,-58.3660641,-62.29693138,-58.36436016,1.90391E-07
699,53,1,-94.88434,3.519451,-82.438069,251.43,125.715,20010301, 20:58:30.0000,-62.29816633,-58.36774917,-62.29878076,-58.36942689,-62.29816633,-58.36774917,8.16551E-08
699,54,1,-94.097077,4.218919,-81.225998,251.43,125.715,20010301, 20:59:10.0000,-62.29939897,-58.3711141,-62.30001633,-58.37279907,-62.29939897,-58.3711141,9.78835E-08
699,55,1,-95.593023,2.989555,-83.943333,251.43,125.715,20010301, 20:59:50.0000,-62.3006474,-58.37447683,-62.30126473,-58.37619356,-62.3006474,-58.37447683,6.93609E-08
699,56,1,-94.658513,3.707299,-83.894128,251.43,125.715,20010301, 21:00:50.0000,-62.30188308,-58.37788249,-62.30309923,-58.38129744,-62.3024814,-58.37957689,8.60133E-08
699,57,1,-91.302705,8.028575,-78.088601,251.43,125.715,20010301, 21:01:30.0000,-62.30373299,-58.38301582,-62.30436409,-58.38471023,-62.30373299,-58.38301582,1.86272E-07
699,58,1,-94.080258,4.23529,-80.89783,251.43,125.715,20010301, 21:02:10.0000,-62.30499897,-58.38638077,-62.305633,-58.38809907,-62.30499897,-58.38638077,9.82633E-08
699,59,1,-95.136559,3.320878,-83.258317,251.43,125.715,20010301, 21:02:50.0000,-62.30624967,-58.38981583,-62.30686567,-58.39154725,-62.30624967,-58.38981583,7.7048E-08
699,60,1,-93.168921,5.224164,-81.49909,251.43,125.715,20010301, 21:03:30.0000,-62.307483,-58.39326582,-62.30809742,-58.39497689,-62.307483,-58.39326582,1.21206E-07
699,61,1,-94.371187,3.960867,-80.708277,251.43,125.715,20010301, 21:04:30.0000,-62.30869923,-58.3967141,-62.30996409,-58.40012689,-62.30933231,-58.39843051,9.18964E-08
699,62,1,-95.861165,2.810557,-83.890576,251.43,125.715,20010301, 21:05:10.0000,-62.31058231,-58.40184718,-62.31118308,-58.40353249,-62.31058231,-58.40184718,6.5208E-08
699,63,1,-91.010439,8.587466,-72.772527,251.43,125.715,20010301, 21:05:50.0000,-62.31179742,-58.40524356,-62.31239742,-58.40694291,-62.31179742,-58.40524356,1.99238E-07
699,64,1,-95.247857,3.236855,-84.540162,251.43,125.715,20010301, 21:06:30.0000,-62.31299966,-58.40861582,-62.31359807,-58.41027689,-62.31299966,-58.40861582,7.50985E-08
699,65,1,-90.302869,10.106994,-72.20431,251.43,125.715,20010301, 21:07:30.0000,-62.31423231,-58.41198077,-62.31546409,-58.41536023,-62.31484966,-58.41366582,2.34493E-07
699,66,1,-83.122447,52.803686,-70.638617,251.43,125.715,20010301, 21:08:10.0000,-62.31608231,-58.41706412,-62.31668308,-58.41878241,-62.31608231,-58.41706412,1.2251E-06
699,67,1,-73.759709,455.971863,-58.945724,251.43,125.715,20010301, 21:08:50.0000,-62.3173144,-58.42047767,-62.31791615,-58.42219812,-62.3173144,-58.42047767,1.0579E-05
699,68,1,-78.804893,142.698566,-68.552481,251.43,125.715,20010301, 21:09:30.0000,-62.31851642,-58.42389916,-62.31913106,-58.42559431,-62.31851642,-58.42389916,3.31076E-06
699,69,1,-77.71629,183.349575,-59.709804,251.43,125.715,20010301, 21:10:30.0000,-62.31973265,-58.42731479,-62.32098076,-58.43072689,-62.32036667,-58.42903333,4.25391E-06
699,70,1,-86.416761,24.730497,-72.617526,251.43,125.715,20010301, 21:11:10.0000,-62.32159773,-58.432411,-62.32221667,-58.43411667,-62.32159773,-58.432411,5.73774E-07
699,71,1,-88.663672,14.741503,-77.376673,251.43,125.715,20010301, 21:11:50.0000,-62.32285,-58.43583333,-62.32346615,-58.43753162,-62.32285,-58.43583333,3.42019E-07
699,72,1,-85.272586,32.184765,-71.657668,251.43,125.715,20010301, 21:12:30.0000,-62.32408333,-58.43926667,-62.32469773,-58.44099377,-62.32408333,-58.43926667,7.46721E-07
699,73,1,-86.195626,26.022337,-75.091177,251.43,125.715,20010301, 21:13:10.0000,-62.32529932,-58.44274812,-62.32591633,-58.44446583,-62.32529932,-58.44274812,6.03746E-07
699,74,1,-86.930814,21.969873,-72.305629,251.43,125.715,20010301, 21:14:10.0000,-62.32653108,-58.44619436,-62.32776667,-58.44966667,-62.32714932,-58.44793145,5.09725E-07
699,75,1,-85.662834,29.418841,-72.471348,251.43,125.715,20010301, 21:14:50.0000,-62.32838333,-58.45141667,-62.32898164,-58.45316047,-62.32838333,-58.45141667,6.82549E-07
699,76,1,-87.424246,19.610304,-73.850705,251.43,125.715,20010301, 21:15:30.0000,-62.32958333,-58.4549,-62.33019775,-58.4566438,-62.32958333,-58.4549,4.5498E-07
699,77,1,-91.05464,8.500509,-78.367032,251.43,125.715,20010301, 21:16:10.0000,-62.33079932,-58.45838162,-62.33141633,-58.46014908,-62.33079932,-58.45838162,1.97221E-07
699,78,1,-101.05795,0.849403,-89.069618,251.43,125.715,20010301, 21:16:50.0000,-62.332033,-58.46193242,-62.33263107,-58.46369377,-62.332033,-58.46193242,1.97071E-08
699,79,1,-91.231302,8.161663,-77.060555,251.43,125.715,20010301, 21:17:50.0000,-62.33321642,-58.46544916,-62.33441498,-58.46896047,-62.33381498,-58.46719436,1.89359E-07
699,80,1,-91.40786,7.836514,-79.908682,251.43,125.715,20010301, 21:18:30.0000,-62.33501667,-58.47071667,-62.33559772,-58.47246041,-62.33501667,-58.47071667,1.81816E-07
699,81,1,-89.129854,13.241084,-73.717623,251.43,125.715,20010301, 21:19:10.0000,-62.33619949,-58.47423145,-62.33681667,-58.47598333,-62.33619949,-58.47423145,3.07207E-07
699,82,1,-89.254117,12.86759,-78.859795,251.43,125.715,20010301, 21:19:50.0000,-62.33741598,-58.47773162,-62.33801441,-58.47946103,-62.33741598,-58.47773162,2.98542E-07
699,83,1,-98.105287,1.67641,-82.407415,251.43,125.715,20010301, 21:20:50.0000,-62.3386,-58.48125,-62.33979775,-58.48476103,-62.3392,-58.48301667,3.88945E-08
699,84,1,-98.483997,1.536418,-83.678133,251.43,125.715,20010301, 21:21:30.0000,-62.3404,-58.48653333,-62.34101441,-58.48829436,-62.3404,-58.48653333,3.56465E-08
699,85,1,-96.099658,2.660377,-84.702714,251.43,125.715,20010301, 21:22:10.0000,-62.34161615,-58.49006496,-62.34221598,-58.49183145,-62.34161615,-58.49006496,6.17236E-08
699,86,1,-96.381884,2.49299,-85.361399,251.43,125.715,20010301, 21:22:50.0000,-62.34281441,-58.49357713,-62.34341617,-58.49533167,-62.34281441,-58.49357713,5.78401E-08
699,87,1,-98.994595,1.365996,-86.454332,251.43,125.715,20010301, 21:23:30.0000,-62.34401667,-58.49706667,-62.34463108,-58.4988438,-62.34401667,-58.49706667,3.16926E-08
699,88,1,-71.031588,854.574874,-51.233595,251.43,125.715,20010301, 21:24:30.0000,-62.34524831,-58.5006438,-62.34653106,-58.50407764,-62.34588163,-58.50237764,1.98271E-05
699,89,1,-101.721319,0.729083,-90.359431,251.43,125.715,20010301, 21:25:10.0000,-62.34716615,-58.50574829,-62.34783106,-58.50739431,-62.34716615,-58.50574829,1.69155E-08
699,90,1,-98.323832,1.594137,-83.62533,251.43,125.715,20010301, 21:25:50.0000,-62.34848106,-58.50909431,-62.34914807,-58.5107785,-62.34848106,-58.50909431,3.69857E-08
699,91,1,-102.994668,0.543804,-91.973862,251.43,125.715,20010301, 21:26:30.0000,-62.34983107,-58.51249434,-62.35048108,-58.51414493,-62.34983107,-58.51249434,1.26168E-08
699,92,1,-98.596867,1.497002,-87.375658,251.43,125.715,20010301, 21:27:10.0000,-62.35113265,-58.51581496,-62.35178333,-58.51753333,-62.35113265,-58.51581496,3.47321E-08
699,93,1,-96.898025,2.213637,-81.249773,251.43,125.715,20010301, 21:27:50.0000,-62.35243108,-58.51924436,-62.35308267,-58.52098167,-62.35243108,-58.51924436,5.13588E-08
699,94,1,-98.633166,1.484541,-83.486531,251.43,125.715,20010301, 21:28:50.0000,-62.35375,-58.52273333,-62.35506641,-58.52619915,-62.3544144,-58.5244771,3.4443E-08
699,95,1,-96.347431,2.512846,-78.562705,251.43,125.715,20010301, 21:29:30.0000,-62.35573138,-58.52791179,-62.35638139,-58.52962848,-62.35573138,-58.52791179,5.83007E-08
699,96,1,-85.487308,30.632198,-69.940323,251.43,125.715,20010301, 21:30:10.0000,-62.35703299,-58.53133248,-62.35768333,-58.53305,-62.35703299,-58.53133248,7.107E-07
699,97,1,-87.354741,19.926674,-73.976151,251.43,125.715,20010301, 21:30:50.0000,-62.3583314,-58.5347785,-62.35899966,-58.53654915,-62.3583314,-58.5347785,4.6232E-07
699,98,1,-85.69058,29.231491,-72.312872,251.43,125.715,20010301, 21:31:30.0000,-62.35965033,-58.53828416,-62.36028188,-58.54001184,-62.35965033,-58.53828416,6.78202E-07
699,99,1,-82.239105,64.714032,-66.01118,251.43,125.715,20010301, 21:32:10.0000,-62.36091632,-58.54169915,-62.36156708,-58.54341758,-62.36091632,-58.54169915,1.50144E-06
699,100,1,-75.598259,298.595353,-60.772779,251.43,125.715,20010301, 21:33:10.0000,-62.36221667,-58.54513333,-62.36351633,-58.5484825,-62.36286599,-58.5467983,6.92773E-06
699,101,1,-81.82943,71.11578,-67.337156,251.43,125.715,20010301, 21:33:50.0000,-62.3641814,-58.55019517,-62.36483308,-58.55191581,-62.3641814,-58.55019517,1.64996E-06
699,102,1,-76.910096,220.749304,-65.148714,251.43,125.715,20010301, 21:34:30.0000,-62.36548333,-58.5536,-62.3661314,-58.55531184,-62.36548333,-58.5536,5.12162E-06
699,103,1,-68.513838,1525.896848,-55.71327,251.43,125.715,20010301, 21:35:10.0000,-62.366783,-58.55703242,-62.36744805,-58.55872846,-62.366783,-58.55703242,3.54025E-05
699,104,1,-69.317115,1268.228219,-57.544331,251.43,125.715,20010301, 21:35:50.0000,-62.36811472,-58.56041181,-62.36876632,-58.56209915,-62.36811472,-58.56041181,2.94243E-05
699,105,1,-75.956253,274.968953,-63.256108,251.43,125.715,20010301, 21:36:50.0000,-62.36941667,-58.56376667,-62.37074966,-58.56716573,-62.37006707,-58.56543422,6.37958E-06
699,106,1,-76.830401,224.837538,-63.370949,251.43,125.715,20010301, 21:37:30.0000,-62.37141699,-58.56888414,-62.37208138,-58.5706113,-62.37141699,-58.56888414,5.21647E-06
699,107,1,-77.050482,213.727649,-63.945962,251.43,125.715,20010301, 21:38:10.0000,-62.37274805,-58.5723613,-62.37343366,-58.57406747,-62.37274805,-58.5723613,4.95871E-06
699,108,1,-79.029586,135.503449,-68.200271,251.43,125.715,20010301, 21:38:50.0000,-62.37411473,-58.57577802,-62.37479966,-58.57751573,-62.37411473,-58.57577802,3.14383E-06
699,109,1,-86.741387,22.949344,-71.888515,251.43,125.715,20010301, 21:39:30.0000,-62.37545032,-58.57918414,-62.37609807,-58.58084517,-62.37545032,-58.57918414,5.3245E-07
699,110,1,-98.946413,1.381235,-87.868014,251.43,125.715,20010301, 21:40:10.0000,-62.37676632,-58.58253248,-62.37743299,-58.58423248,-62.37676632,-58.58253248,3.20461E-08
699,111,1,-100.222963,1.029468,-86.569698,251.43,125.715,20010301, 21:41:10.0000,-62.37809807,-58.58594517,-62.37946699,-58.58935089,-62.37878141,-58.58764519,2.38848E-08
699,112,1,-101.132014,0.83504,-91.540231,251.43,125.715,20010301, 21:41:50.0000,-62.38013138,-58.59106179,-62.38079805,-58.59276179,-62.38013138,-58.59106179,1.93738E-08
699,113,1,-98.014584,1.71179,-81.813122,251.43,125.715,20010301, 21:42:30.0000,-62.38148366,-58.59446755,-62.38214807,-58.59617802,-62.38148366,-58.59446755,3.97154E-08
699,114,1,-102.227096,0.648932,-89.501522,251.43,125.715,20010301, 21:43:10.0000,-62.38281632,-58.59788248,-62.38348367,-58.5996175,-62.38281632,-58.59788248,1.50559E-08
699,115,1,-100.633543,0.936601,-90.339845,251.43,125.715,20010301, 21:43:50.0000,-62.38416473,-58.60131184,-62.3848314,-58.60302802,-62.38416473,-58.60131184,2.17302E-08
699,116,1,-101.691549,0.734098,-89.387646,251.43,125.715,20010301, 21:44:30.0000,-62.38550033,-58.60473417,-62.38618367,-58.60645083,-62.38550033,-58.60473417,1.70319E-08
699,117,1,-103.814782,0.450226,-89.480011,251.43,125.715,20010301, 21:45:10.0000,-62.38686632,-58.60816573,-62.38753367,-58.60986758,-62.38686632,-58.60816573,1.04457E-08
699,118,1,-103.308862,0.505851,-88.107991,251.43,125.715,20010301, 21:46:10.0000,-62.388217,-58.61160083,-62.389567,-58.6150675,-62.38889966,-58.61333248,1.17363E-08
699,119,1,-109.273858,0.128092,-94.148906,251.43,125.715,20010301, 21:46:50.0000,-62.39025033,-58.61678416,-62.39093367,-58.61850083,-62.39025033,-58.61678416,2.97188E-09
699,120,1,-105.10746,0.33432,-93.203453,251.43,125.715,20010301, 21:47:30.0000,-62.39161699,-58.62021747,-62.39230033,-58.62193416,-62.39161699,-58.62021747,7.75659E-09
699,121,1,-74.05829,425.676714,-56.618501,251.43,125.715,20010301, 21:48:10.0000,-62.3929814,-58.62366184,-62.39363367,-58.62540083,-62.3929814,-58.62366184,9.87616E-06
699,122,1,-98.869477,1.405922,-88.963455,251.43,125.715,20010301, 21:48:50.0000,-62.394317,-58.6271175,-62.3949814,-58.6288285,-62.394317,-58.6271175,3.26189E-08
699,123,1,-93.849065,4.466861,-77.440662,251.43,125.715,20010301, 21:49:30.0000,-62.39566699,-58.63058413,-62.39631505,-58.63229595,-62.39566699,-58.63058413,1.03636E-07
699,124,1,-91.755219,7.234143,-77.384785,251.43,125.715,20010301, 21:50:10.0000,-62.39696667,-58.63405,-62.39761699,-58.63583414,-62.39696667,-58.63405,1.6784E-07
699,125,1,-95.136065,3.321257,-81.561429,251.43,125.715,20010301, 21:51:10.0000,-62.39826699,-58.63758414,-62.39958367,-58.64108425,-62.39893299,-58.6393324,7.70567E-08
699,126,1,-96.509269,2.420929,-86.398915,251.43,125.715,20010301, 21:51:50.0000,-62.40023172,-58.64284555,-62.40088367,-58.6446175,-62.40023172,-58.64284555,5.61682E-08
699,127,1,-95.883851,2.795914,-85.311236,251.43,125.715,20010301, 21:52:30.0000,-62.40153367,-58.6463675,-62.40219838,-58.64811262,-62.40153367,-58.6463675,6.48682E-08
699,128,1,-96.182409,2.610166,-83.093778,251.43,125.715,20010301, 21:53:10.0000,-62.402867,-58.6498675,-62.40355067,-58.651585,-62.402867,-58.6498675,6.05587E-08
699,129,1,-98.437133,1.553086,-84.915293,251.43,125.715,20010301, 21:53:50.0000,-62.40421731,-58.65328494,-62.40486667,-58.65501667,-62.40421731,-58.65328494,3.60333E-08
699,130,1,-97.620058,1.874576,-86.003305,251.43,125.715,20010301, 21:54:30.0000,-62.405534,-58.65675183,-62.40618172,-58.65851224,-62.405534,-58.65675183,4.34922E-08
699,131,1,-68.477639,1538.668471,-49.450586,251.43,125.715,20010301, 21:55:30.0000,-62.40683333,-58.66026667,-62.40814837,-58.66372927,-62.40749837,-58.66199593,3.56988E-05
699,132,1,-99.177832,1.309561,-87.518027,251.43,125.715,20010301, 21:56:10.0000,-62.40881667,-58.66545,-62.40946667,-58.66716667,-62.40881667,-58.66545,3.03832E-08
699,133,1,-95.807053,2.845795,-86.539751,251.43,125.715,20010301, 21:56:50.0000,-62.41015,-58.6689,-62.41081667,-58.67063333,-62.41015,-58.6689,6.60255E-08
699,134,1,-98.620837,1.488762,-88.385497,251.43,125.715,20010301, 21:57:30.0000,-62.41148171,-58.67237927,-62.41213333,-58.67411667,-62.41148171,-58.67237927,3.45409E-08
699,135,1,-97.074814,2.125335,-86.86731,251.43,125.715,20010301, 21:58:10.0000,-62.4128,-58.6759,-62.41343211,-58.6776626,-62.4128,-58.6759,4.93101E-08
699,136,1,-97.634587,1.868316,-84.933259,251.43,125.715,20010301, 21:58:50.0000,-62.41408398,-58.67941844,-62.41473171,-58.68117927,-62.41408398,-58.67941844,4.33469E-08
699,137,1,-97.162517,2.082846,-85.832264,251.43,125.715,20010301, 21:59:30.0000,-62.41538405,-58.68296907,-62.41603172,-58.68476224,-62.41538405,-58.68296907,4.83243E-08
699,138,1,-90.930445,8.747106,-72.65814,251.43,125.715,20010301, 22:00:30.0000,-62.41666667,-58.68655,-62.41794837,-58.69004553,-62.41731715,-58.68830161,2.02942E-07
699,139,1,-97.140592,2.093388,-85.32681,251.43,125.715,20010301, 22:01:10.0000,-62.4186,-58.6918,-62.41925064,-58.6935351,-62.4186,-58.6918,4.85689E-08
699,140,1,-95.501657,3.053115,-83.970612,251.43,125.715,20010301, 22:01:50.0000,-62.41989837,-58.6952626,-62.42056667,-58.69703333,-62.41989837,-58.6952626,7.08356E-08
699,141,1,-93.424013,4.926149,-83.212371,251.43,125.715,20010301, 22:02:30.0000,-62.42123333,-58.69883333,-62.421884,-58.7006185,-62.42123333,-58.69883333,1.14292E-07
699,142,1,-92.647172,5.891037,-82.771222,251.43,125.715,20010301, 22:03:10.0000,-62.42251506,-58.70241224,-62.42316667,-58.70418333,-62.42251506,-58.70241224,1.36678E-07
699,143,1,-93.0142,5.413635,-78.289046,251.43,125.715,20010301, 22:03:50.0000,-62.42381506,-58.70596264,-62.42446667,-58.70775,-62.42381506,-58.70596264,1.25602E-07
699,144,1,-91.890619,7.012082,-78.83513,251.43,125.715,20010301, 22:04:30.0000,-62.42510064,-58.70953494,-62.42573172,-58.71131224,-62.42510064,-58.70953494,1.62688E-07
699,145,1,-93.929162,4.385234,-81.662365,251.43,125.715,20010301, 22:05:10.0000,-62.42636733,-58.71313516,-62.42701733,-58.71493517,-62.42636733,-58.71313516,1.01742E-07
699,146,1,-98.850774,1.41199,-85.891155,251.43,125.715,20010301, 22:06:10.0000,-62.42768172,-58.71674557,-62.42896731,-58.72036844,-62.42831506,-58.71856224,3.27597E-08
699,147,1,-102.993121,0.543997,-89.398698,251.43,125.715,20010301, 22:06:50.0000,-62.42963171,-58.72217886,-62.43028172,-58.72396224,-62.42963171,-58.72217886,1.26213E-08
699,148,1,-106.248888,0.257052,-93.729395,251.43,125.715,20010301, 22:07:30.0000,-62.43091667,-58.72578333,-62.43158173,-58.72757893,-62.43091667,-58.72578333,5.96387E-09
699,149,1,-101.351785,0.793835,-87.322469,251.43,125.715,20010301, 22:08:10.0000,-62.43223333,-58.72938333,-62.43288398,-58.73120177,-62.43223333,-58.72938333,1.84178E-08
699,150,1,-101.557456,0.757117,-87.420951,251.43,125.715,20010301, 22:08:50.0000,-62.43353172,-58.73299557,-62.43418333,-58.7348,-62.43353172,-58.73299557,1.75659E-08
699,151,1,-99.098704,1.33364,-83.894336,251.43,125.715,20010301, 22:09:30.0000,-62.43481667,-58.7366,-62.43548173,-58.73837933,-62.43481667,-58.7366,3.09419E-08
699,152,1,-96.413748,2.474766,-83.330624,251.43,125.715,20010301, 22:10:10.0000,-62.43613358,-58.74018425,-62.43676766,-58.74196915,-62.43613358,-58.74018425,5.74172E-08
699,153,1,-98.313021,1.598111,-85.32209,251.43,125.715,20010301, 22:10:50.0000,-62.4373987,-58.74371341,-62.43805033,-58.74550089,-62.4373987,-58.74371341,3.70779E-08
699,154,1,-102.193375,0.653991,-86.831195,251.43,125.715,20010301, 22:11:50.0000,-62.43870067,-58.74731834,-62.43998204,-58.75089644,-62.43934871,-58.74909678,1.51733E-08
699,155,1,-98.679391,1.468824,-84.534523,251.43,125.715,20010301, 22:12:30.0000,-62.44063406,-58.75270266,-62.44128204,-58.75447977,-62.44063406,-58.75270266,3.40783E-08
699,156,1,-106.060846,0.268426,-94.63335,251.43,125.715,20010301, 22:13:10.0000,-62.44193236,-58.75626311,-62.44258406,-58.75801932,-62.44193236,-58.75626311,6.22777E-09
699,157,1,-103.489648,0.485226,-90.414456,251.43,125.715,20010301, 22:13:50.0000,-62.44321538,-58.75978011,-62.44386537,-58.76152976,-62.44321538,-58.75978011,1.12578E-08
699,158,1,-108.657365,0.147629,-92.763722,251.43,125.715,20010301, 22:14:30.0000,-62.44451569,-58.76328008,-62.44516537,-58.76506311,-62.44451569,-58.76328008,3.42516E-09
699,159,1,-109.519367,0.121052,-93.473313,251.43,125.715,20010301, 22:15:10.0000,-62.445817,-58.76683426,-62.44645097,-58.76861932,-62.445817,-58.76683426,2.80854E-09
699,160,1,-98.022295,1.708754,-85.046259,251.43,125.715,20010301, 22:15:50.0000,-62.44711537,-58.77039642,-62.447767,-58.7721675,-62.44711537,-58.77039642,3.96449E-08
699,161,1,-93.755832,4.563791,-78.771547,251.43,125.715,20010301, 22:16:50.0000,-62.44841766,-58.77395274,-62.44971734,-58.77750168,-62.44906699,-58.77571756,1.05885E-07
699,162,1,-96.563071,2.391123,-81.550694,251.43,125.715,20010301, 22:17:30.0000,-62.45036767,-58.77926942,-62.45101537,-58.78102976,-62.45036767,-58.77926942,5.54766E-08
699,163,1,-104.387669,0.394586,-90.085719,251.43,125.715,20010301, 22:18:10.0000,-62.451667,-58.78280092,-62.45231763,-58.78458599,-62.451667,-58.78280092,9.15483E-09
699,164,1,-108.783376,0.143407,-92.827338,251.43,125.715,20010301, 22:18:50.0000,-62.45296537,-58.78636309,-62.45361537,-58.7881301,-62.45296537,-58.78636309,3.3272E-09
699,165,1,-109.924995,0.110258,-96.785244,251.43,125.715,20010301, 22:19:30.0000,-62.45426691,-58.78993423,-62.45491538,-58.79169678,-62.45426691,-58.78993423,2.5581E-09
699,166,1,-110.458748,0.097507,-97.303513,251.43,125.715,20010301, 22:20:10.0000,-62.455584,-58.79345183,-62.4562843,-58.79518599,-62.455584,-58.79345183,2.26226E-09
699,167,1,-109.475703,0.122275,-97.376001,251.43,125.715,20010301, 22:20:50.0000,-62.45698433,-58.7969194,-62.45765033,-58.79866756,-62.45698433,-58.7969194,2.83692E-09
699,168,1,-104.349527,0.398067,-89.844782,251.43,125.715,20010301, 22:21:50.0000,-62.45826763,-58.80045266,-62.45958367,-58.80400083,-62.45891537,-58.80221341,9.23558E-09
699,169,1,-102.248296,0.645772,-86.575025,251.43,125.715,20010301, 22:22:30.0000,-62.46023367,-58.80576759,-62.46088205,-58.80754646,-62.46023367,-58.80576759,1.49826E-08
699,170,1,-104.047888,0.426698,-93.179436,251.43,125.715,20010301, 22:23:10.0000,-62.46153367,-58.80935093,-62.462201,-58.8111525,-62.46153367,-58.80935093,9.89984E-09
699,171,1,-104.524304,0.382365,-92.518357,251.43,125.715,20010301, 22:23:50.0000,-62.46284871,-58.81289678,-62.46351701,-58.81468418,-62.46284871,-58.81289678,8.87129E-09
699,172,1,-105.462176,0.3081,-92.25278,251.43,125.715,20010301, 22:24:30.0000,-62.46416767,-58.81643608,-62.46481537,-58.81822976,-62.46416767,-58.81643608,7.14825E-09
699,173,1,-111.373313,0.078991,-96.399294,251.43,125.715,20010301, 22:25:10.0000,-62.46548205,-58.82001312,-62.466151,-58.82176917,-62.46548205,-58.82001312,1.83268E-09
699,174,1,-108.742121,0.144776,-92.719496,251.43,125.715,20010301, 22:25:50.0000,-62.46681767,-58.82351917,-62.4674657,-58.82529646,-62.46681767,-58.82351917,3.35896E-09
699,175,1,-114.282387,0.040427,-99.538498,251.43,125.715,20010301, 22:26:30.0000,-62.46813367,-58.82706751,-62.46880097,-58.82881932,-62.46813367,-58.82706751,9.3795E-10
699,176,1,-104.192833,0.412692,-88.997251,251.43,125.715,20010301, 22:27:30.0000,-62.46946538,-58.83061312,-62.47073433,-58.83425274,-62.47010075,-58.83243608,9.57489E-09
699,177,1,-108.211496,0.163591,-93.097235,251.43,125.715,20010301, 22:28:10.0000,-62.47138367,-58.83606759,-62.47205072,-58.83788599,-62.47138367,-58.83606759,3.79549E-09
699,178,1,-105.927851,0.276773,-91.541858,251.43,125.715,20010301, 22:28:50.0000,-62.47269871,-58.83972979,-62.47333205,-58.84154646,-62.47269871,-58.83972979,6.42143E-09
699,179,1,-106.913214,0.220591,-91.175121,251.43,125.715,20010301, 22:29:30.0000,-62.473967,-58.84335093,-62.47461537,-58.84514642,-62.473967,-58.84335093,5.11795E-09
699,180,1,-107.180602,0.207419,-93.132154,251.43,125.715,20010301, 22:30:10.0000,-62.475301,-58.84695275,-62.47596764,-58.84876934,-62.475301,-58.84695275,4.81235E-09
699,181,1,-103.973896,0.43403,-90.42634,251.43,125.715,20010301, 22:30:50.0000,-62.47660097,-58.850586,-62.477267,-58.85238426,-62.47660097,-58.850586,1.007E-08
699,182,1,-108.181557,0.164723,-94.661627,251.43,125.715,20010301, 22:31:30.0000,-62.47791699,-58.85421757,-62.47858236,-58.85604732,-62.47791699,-58.85421757,3.82174E-09
699,183,1,-107.683829,0.184725,-92.332878,251.43,125.715,20010301, 22:32:10.0000,-62.479234,-58.85785184,-62.4798843,-58.85966934,-62.479234,-58.85785184,4.28582E-09
699,184,1,-110.646018,0.093391,-95.839976,251.43,125.715,20010301, 22:32:50.0000,-62.48055073,-58.86150267,-62.48118433,-58.86333608,-62.48055073,-58.86150267,2.16678E-09
699,185,1,-106.451074,0.245359,-94.153329,251.43,125.715,20010301, 22:33:30.0000,-62.4818505,-58.8651685,-62.4824826,-58.86701398,-62.4818505,-58.8651685,5.69259E-09
699,186,1,-107.0164,0.215411,-93.979975,251.43,125.715,20010301, 22:34:30.0000,-62.48313433,-58.86886942,-62.48446764,-58.87250267,-62.48381767,-58.87068583,4.99778E-09
699,187,1,-103.707583,0.461478,-87.308204,251.43,125.715,20010301, 22:35:10.0000,-62.48513433,-58.87433608,-62.48576764,-58.87620267,-62.48513433,-58.87433608,1.07068E-08
699,188,1,-106.142216,0.263443,-93.175514,251.43,125.715,20010301, 22:35:50.0000,-62.486401,-58.87803608,-62.48705067,-58.87988518,-62.486401,-58.87803608,6.11217E-09
699,189,1,-100.062585,1.068195,-86.304592,251.43,125.715,20010301, 22:36:30.0000,-62.4877343,-58.88175267,-62.48839903,-58.88359734,-62.4877343,-58.88175267,2.47833E-08
699,190,1,-98.560313,1.509655,-84.071385,251.43,125.715,20010301, 22:37:10.0000,-62.48906734,-58.88545185,-62.48971764,-58.88730267,-62.48906734,-58.88545185,3.50256E-08
699,191,1,-96.376807,2.495906,-81.931833,251.43,125.715,20010301, 22:37:50.0000,-62.4903657,-58.88909758,-62.49103434,-58.8909361,-62.4903657,-58.88909758,5.79077E-08
699,192,1,-99.261903,1.284454,-85.530069,251.43,125.715,20010301, 22:38:30.0000,-62.49170133,-58.89280367,-62.49235129,-58.89467021,-62.49170133,-58.89280367,2.98007E-08
699,193,1,-96.501782,2.425106,-83.685921,251.43,125.715,20010301, 22:39:10.0000,-62.49299903,-58.896514,-62.49368434,-58.89835276,-62.49299903,-58.896514,5.62651E-08
699,194,1,-96.499043,2.426636,-84.983446,251.43,125.715,20010301, 22:39:50.0000,-62.4943657,-58.90019734,-62.49503401,-58.90203502,-62.4943657,-58.90019734,5.63006E-08
699,195,1,-99.433078,1.234813,-86.690296,251.43,125.715,20010301, 22:40:30.0000,-62.49568398,-58.90388512,-62.49633236,-58.90573065,-62.49568398,-58.90388512,2.8649E-08
699,196,1,-97.936489,1.74285,-86.56976,251.43,125.715,20010301, 22:41:10.0000,-62.49699903,-58.90759734,-62.49766795,-58.90947021,-62.49699903,-58.90759734,4.0436E-08
699,197,1,-97.828345,1.786794,-85.793092,251.43,125.715,20010301, 22:41:50.0000,-62.4983157,-58.91129734,-62.49899902,-58.91314732,-62.4983157,-58.91129734,4.14555E-08
699,198,1,-100.6448,0.934177,-86.377432,251.43,125.715,20010301, 22:42:30.0000,-62.4996657,-58.91501375,-62.50033401,-58.91685185,-62.4996657,-58.91501375,2.16739E-08
699,199,1,-99.183209,1.307941,-85.51897,251.43,125.715,20010301, 22:43:10.0000,-62.50100067,-58.91870185,-62.50166569,-58.92056374,-62.50100067,-58.91870185,3.03456E-08
699,200,1,-97.644078,1.864237,-84.743652,251.43,125.715,20010301, 22:44:10.0000,-62.50233237,-58.92243068,-62.50366717,-58.92613519,-62.50299903,-58.92429734,4.32523E-08
699,201,1,-97.429894,1.958482,-86.710322,251.43,125.715,20010301, 22:44:50.0000,-62.50433237,-58.92796401,-62.5049826,-58.92981398,-62.50433237,-58.92796401,4.54389E-08
699,202,1,-96.413131,2.475117,-86.95109,251.43,125.715,20010301, 22:45:30.0000,-62.50563494,-58.93168774,-62.50629903,-58.93353068,-62.50563494,-58.93168774,5.74254E-08
699,203,1,-94.215461,4.10547,-83.515951,251.43,125.715,20010301, 22:46:10.0000,-62.50696569,-58.93539732,-62.50763467,-58.93725402,-62.50696569,-58.93539732,9.52513E-08
699,204,1,-94.992818,3.432631,-83.027577,251.43,125.715,20010301, 22:46:50.0000,-62.50828467,-58.93910367,-62.50894904,-58.94096402,-62.50828467,-58.93910367,7.96407E-08
699,205,1,-99.093622,1.335201,-85.282319,251.43,125.715,20010301, 22:47:30.0000,-62.50960065,-58.94280179,-62.51028237,-58.94463092,-62.50960065,-58.94280179,3.09781E-08
699,206,1,-98.724883,1.453519,-86.325319,251.43,125.715,20010301, 22:48:10.0000,-62.51094902,-58.94648065,-62.51161827,-58.94832107,-62.51094902,-58.94648065,3.37232E-08
699,207,1,-97.588423,1.888281,-83.332732,251.43,125.715,20010301, 22:48:50.0000,-62.51228415,-58.95016846,-62.51295129,-58.95200354,-62.51228415,-58.95016846,4.38102E-08
699,208,1,-90.651492,9.327381,-74.721849,251.43,125.715,20010301, 22:49:30.0000,-62.51359904,-58.95383069,-62.51428211,-58.95566398,-62.51359904,-58.95383069,2.16405E-07
699,209,1,-97.931032,1.745041,-84.194522,251.43,125.715,20010301, 22:50:10.0000,-62.51493398,-58.95751846,-62.51560065,-58.95935179,-62.51493398,-58.95751846,4.04868E-08
699,210,1,-97.188105,2.07061,-84.078752,251.43,125.715,20010301, 22:50:50.0000,-62.51626766,-58.9611694,-62.51693431,-58.96301959,-62.51626766,-58.9611694,4.80404E-08
699,211,1,-95.444756,3.09338,-80.721182,251.43,125.715,20010301, 22:51:30.0000,-62.51760098,-58.96488602,-62.51826732,-58.96673513,-62.51760098,-58.96488602,7.17698E-08
699,212,1,-98.829617,1.418885,-84.418882,251.43,125.715,20010301, 22:52:10.0000,-62.51891768,-58.96856944,-62.51958431,-58.97040268,-62.51891768,-58.96856944,3.29197E-08
699,213,1,-94.711927,3.661982,-79.129266,251.43,125.715,20010301, 22:53:10.0000,-62.52024935,-58.97224821,-62.52158494,-58.9759211,-62.52091602,-58.97406488,8.49619E-08
699,214,1,-94.278168,4.046617,-79.167737,251.43,125.715,20010301, 22:53:50.0000,-62.52226603,-58.97778141,-62.52293431,-58.97965293,-62.52226603,-58.97778141,9.38859E-08
699,215,1,-92.687343,5.836797,-77.484408,251.43,125.715,20010301, 22:54:30.0000,-62.52361787,-58.98152069,-62.52428268,-58.98336488,-62.52361787,-58.98152069,1.3542E-07
699,216,1,-97.589828,1.88767,-81.553822,251.43,125.715,20010301, 22:55:10.0000,-62.52494935,-58.98519821,-62.52555121,-58.98708776,-62.52494935,-58.98519821,4.3796E-08
699,217,1,-98.246259,1.622867,-81.40174,251.43,125.715,20010301, 22:55:50.0000,-62.52615098,-58.98903602,-62.52676602,-58.99101472,-62.52615098,-58.98903602,3.76523E-08
699,218,1,-96.175734,2.61418,-81.602132,251.43,125.715,20010301, 22:56:30.0000,-62.52736828,-58.99298816,-62.52794951,-58.99493154,-62.52736828,-58.99298816,6.06518E-08
699,219,1,-94.754323,3.626407,-80.323206,251.43,125.715,20010301, 22:57:10.0000,-62.52851618,-58.99691488,-62.52909935,-58.99884821,-62.52851618,-58.99691488,8.41366E-08
699,220,1,-91.320783,7.995224,-77.002068,251.43,125.715,20010301, 22:57:50.0000,-62.52968285,-59.00079807,-62.53030076,-59.00273636,-62.52968285,-59.00079807,1.85498E-07
699,221,1,-94.145248,4.172383,-80.00743,251.43,125.715,20010301, 22:58:30.0000,-62.53090161,-59.0046715,-62.53149936,-59.00658156,-62.53090161,-59.0046715,9.68038E-08
699,222,1,-91.432033,7.793017,-76.62794,251.43,125.715,20010301, 22:59:10.0000,-62.53210076,-59.00850303,-62.53268454,-59.0104215,-62.53210076,-59.00850303,1.80806E-07
699,223,1,-87.511414,19.220627,-70.929585,251.43,125.715,20010301, 22:59:50.0000,-62.53328269,-59.01236473,-62.53388269,-59.01431473,-62.53328269,-59.01236473,4.45939E-07
699,224,1,-90.125196,10.529054,-76.148988,251.43,125.715,20010301, 23:00:30.0000,-62.53448409,-59.01625302,-62.53508268,-59.01819805,-62.53448409,-59.01625302,2.44285E-07
699,225,1,-89.572285,11.958602,-75.145617,251.43,125.715,20010301, 23:01:10.0000,-62.53568409,-59.02015303,-62.53628494,-59.02210483,-62.53568409,-59.02015303,2.77452E-07
699,226,1,-92.254881,6.447937,-76.35593,251.43,125.715,20010301, 23:01:50.0000,-62.53689935,-59.02403154,-62.53750076,-59.02598611,-62.53689935,-59.02403154,1.49599E-07
699,227,1,-94.091058,4.224771,-78.241722,251.43,125.715,20010301, 23:02:50.0000,-62.53808494,-59.0279215,-62.53928268,-59.03179805,-62.53868285,-59.02986472,9.80192E-08
699,228,1,-99.733398,1.152309,-86.395799,251.43,125.715,20010301, 23:03:30.0000,-62.53988268,-59.03373138,-62.54049935,-59.03566472,-62.53988268,-59.03373138,2.67348E-08
699,229,1,-102.445061,0.617167,-89.074866,251.43,125.715,20010301, 23:04:10.0000,-62.54111768,-59.03760305,-62.54173268,-59.03954805,-62.54111768,-59.03760305,1.43189E-08
699,230,1,-101.014419,0.85796,-88.542025,251.43,125.715,20010301, 23:04:50.0000,-62.54236602,-59.0414814,-62.54295076,-59.04338611,-62.54236602,-59.0414814,1.99056E-08
699,231,1,-101.757616,0.723015,-89.189584,251.43,125.715,20010301, 23:05:30.0000,-62.54351618,-59.04531472,-62.54409951,-59.04724821,-62.54351618,-59.04531472,1.67747E-08
699,232,1,-104.522056,0.382563,-89.138774,251.43,125.715,20010301, 23:06:10.0000,-62.54469935,-59.04918138,-62.54528268,-59.05109821,-62.54469935,-59.04918138,8.87588E-09
699,233,1,-104.588462,0.376758,-89.99509,251.43,125.715,20010301, 23:06:50.0000,-62.54586618,-59.05303138,-62.54648268,-59.05496472,-62.54586618,-59.05303138,8.7412E-09
699,234,1,-100.60811,0.942102,-84.81064,251.43,125.715,20010301, 23:07:30.0000,-62.54708268,-59.05689821,-62.54764951,-59.05884805,-62.54708268,-59.05689821,2.18578E-08
699,235,1,-100.31443,1.008012,-86.404931,251.43,125.715,20010301, 23:08:10.0000,-62.54825076,-59.06076971,-62.54884951,-59.06269805,-62.54825076,-59.06076971,2.3387E-08
699,236,1,-99.026422,1.356022,-83.916484,251.43,125.715,20010301, 23:08:50.0000,-62.54944952,-59.06464823,-62.55006768,-59.06658613,-62.54944952,-59.06464823,3.14612E-08
699,237,1,-97.322464,2.007532,-83.712072,251.43,125.715,20010301, 23:09:30.0000,-62.55070073,-59.06846935,-62.55135098,-59.07030268,-62.55070073,-59.06846935,4.65769E-08
699,238,1,-95.413158,3.115969,-80.984207,251.43,125.715,20010301, 23:10:30.0000,-62.55201768,-59.07211944,-62.55333268,-59.07573171,-62.55266764,-59.07391935,7.22938E-08
699,239,1,-95.96282,2.745534,-85.488755,251.43,125.715,20010301, 23:11:10.0000,-62.55399935,-59.07754822,-62.55466634,-59.07934911,-62.55399935,-59.07754822,6.36994E-08
699,240,1,-88.387769,15.708404,-69.178816,251.43,125.715,20010301, 23:11:50.0000,-62.55531634,-59.08118245,-62.55597082,-59.08296558,-62.55531634,-59.08118245,3.64452E-07
699,241,1,-91.66246,7.390315,-73.045408,251.43,125.715,20010301, 23:12:30.0000,-62.55665193,-59.08482198,-62.55731634,-59.08661577,-62.55665193,-59.08482198,1.71463E-07
699,242,1,-98.42574,1.557166,-87.496258,251.43,125.715,20010301, 23:13:10.0000,-62.55798467,-59.08840369,-62.55863527,-59.09023865,-62.55798467,-59.08840369,3.61279E-08
699,243,1,-99.238285,1.291458,-88.02293,251.43,125.715,20010301, 23:13:50.0000,-62.55928301,-59.09204911,-62.5599513,-59.09387024,-62.55928301,-59.09204911,2.99632E-08
699,244,1,-99.136241,1.322163,-84.158906,251.43,125.715,20010301, 23:14:30.0000,-62.56059967,-59.09568244,-62.5612513,-59.09748691,-62.56059967,-59.09568244,3.06756E-08
699,245,1,-97.230621,2.050439,-83.42327,251.43,125.715,20010301, 23:15:10.0000,-62.56190135,-59.09928704,-62.56256634,-59.10108244,-62.56190135,-59.09928704,4.75724E-08
699,246,1,-100.537255,0.957598,-89.294482,251.43,125.715,20010301, 23:15:50.0000,-62.56323301,-59.10289911,-62.56389967,-59.10471577,-62.56323301,-59.10289911,2.22173E-08
699,247,1,-94.117687,4.198945,-79.652204,251.43,125.715,20010301, 23:16:30.0000,-62.56453558,-59.10652284,-62.56519968,-59.10834903,-62.56453558,-59.10652284,9.74201E-08
699,248,1,-95.957769,2.74873,-83.376865,251.43,125.715,20010301, 23:17:30.0000,-62.5658513,-59.1102039,-62.56703309,-59.11408229,-62.56648434,-59.11212071,6.37735E-08
699,249,1,-95.239854,3.242825,-80.866436,251.43,125.715,20010301, 23:18:10.0000,-62.56758468,-59.11608771,-62.56811642,-59.11808236,-62.56758468,-59.11608771,7.5237E-08
699,250,1,-92.491426,6.106134,-75.528874,251.43,125.715,20010301, 23:18:50.0000,-62.56865101,-59.12012071,-62.56921768,-59.12213737,-62.56865101,-59.12012071,1.41669E-07
699,251,1,-94.216669,4.104327,-77.071064,251.43,125.715,20010301, 23:19:30.0000,-62.56976812,-59.12412246,-62.57031642,-59.12606577,-62.56976812,-59.12412246,9.52248E-08
699,252,1,-91.297266,8.038635,-76.214044,251.43,125.715,20010301, 23:20:10.0000,-62.57086802,-59.12802073,-62.57145098,-59.12998724,-62.57086802,-59.12802073,1.86505E-07
699,253,1,-98.419514,1.5594,-86.775286,251.43,125.715,20010301, 23:20:50.0000,-62.57201635,-59.13196571,-62.57259976,-59.13393236,-62.57201635,-59.13196571,3.61798E-08
699,254,1,-101.119423,0.837465,-86.960537,251.43,125.715,20010301, 23:21:30.0000,-62.57318309,-59.13589902,-62.57374976,-59.13786578,-62.57318309,-59.13589902,1.94301E-08
699,255,1,-97.320735,2.008332,-85.74454,251.43,125.715,20010301, 23:22:10.0000,-62.57431768,-59.13983704,-62.57486835,-59.14177284,-62.57431768,-59.13983704,4.65955E-08
699,256,1,-89.243315,12.899634,-72.982956,251.43,125.715,20010301, 23:22:50.0000,-62.57543301,-59.1437157,-62.57598434,-59.14567037,-62.57543301,-59.1437157,2.99285E-07
699,257,1,-96.152475,2.628218,-79.867947,251.43,125.715,20010301, 23:23:30.0000,-62.57653527,-59.14762246,-62.57708309,-59.14958237,-62.57653527,-59.14762246,6.09775E-08
699,258,1,-96.555534,2.395276,-80.987559,251.43,125.715,20010301, 23:24:30.0000,-62.57765101,-59.15153737,-62.57880145,-59.15542246,-62.5782186,-59.15348913,5.5573E-08
699,259,1,-90.240687,10.252747,-76.185604,251.43,125.715,20010301, 23:25:10.0000,-62.57936643,-59.1573657,-62.57993478,-59.15932246,-62.57936643,-59.1573657,2.37875E-07
699,260,1,-92.941848,5.504579,-76.577746,251.43,125.715,20010301, 23:25:50.0000,-62.58048309,-59.1612657,-62.58104976,-59.1632157,-62.58048309,-59.1612657,1.27712E-07
699,261,1,-79.74985,114.795263,-61.48838,251.43,125.715,20010301, 23:26:30.0000,-62.58161812,-59.16517246,-62.58216643,-59.1671157,-62.58161812,-59.16517246,2.66337E-06
699,262,1,-86.119572,26.482058,-67.448653,251.43,125.715,20010301, 23:27:10.0000,-62.58273301,-59.1690657,-62.58328463,-59.17102057,-62.58273301,-59.1690657,6.14412E-07
699,263,1,-93.503985,4.836269,-76.618718,251.43,125.715,20010301, 23:27:50.0000,-62.58384968,-59.17294911,-62.58440101,-59.17490404,-62.58384968,-59.17294911,1.12207E-07
699,264,1,-85.005281,34.227946,-66.692693,251.43,125.715,20010301, 23:28:30.0000,-62.58495145,-59.17683913,-62.58551634,-59.17876578,-62.58495145,-59.17683913,7.94125E-07
699,265,1,-100.11894,1.054423,-86.370396,251.43,125.715,20010301, 23:29:10.0000,-62.58606797,-59.18072057,-62.58661891,-59.1826734,-62.58606797,-59.18072057,2.44638E-08
699,266,1,-96.204846,2.596715,-87.220578,251.43,125.715,20010301, 23:29:50.0000,-62.58718433,-59.184604,-62.58773309,-59.18653237,-62.58718433,-59.184604,6.02466E-08
699,267,1,-94.372555,3.959619,-83.421186,251.43,125.715,20010301, 23:30:50.0000,-62.58830224,-59.18845673,-62.58941768,-59.19232037,-62.58886634,-59.19038244,9.18674E-08
699,268,1,-95.95279,2.751883,-86.086925,251.43,125.715,20010301, 23:31:30.0000,-62.58996859,-59.19422244,-62.59053333,-59.19616667,-62.58996859,-59.19422244,6.38467E-08
699,269,1,-92.963142,5.477656,-83.19942,251.43,125.715,20010301, 23:32:10.0000,-62.59110101,-59.19810404,-62.59166667,-59.20003333,-62.59110101,-59.19810404,1.27088E-07
699,270,1,-85.823137,28.352755,-66.743831,251.43,125.715,20010301, 23:32:50.0000,-62.59223333,-59.20193333,-62.59280168,-59.20388794,-62.59223333,-59.20193333,6.57814E-07
699,271,1,-93.711489,4.610627,-80.603039,251.43,125.715,20010301, 23:33:30.0000,-62.59336867,-59.20582217,-62.59395,-59.20773333,-62.59336867,-59.20582217,1.06972E-07
699,272,1,-93.69191,4.63146,-83.973059,251.43,125.715,20010301, 23:34:10.0000,-62.59451833,-59.20967125,-62.59508501,-59.21158836,-62.59451833,-59.20967125,1.07455E-07
699,273,1,-94.609274,3.749571,-85.336681,251.43,125.715,20010301, 23:34:50.0000,-62.59565,-59.21351667,-62.59621667,-59.21545,-62.59565,-59.21351667,8.69941E-08
699,274,1,-93.629322,4.698689,-84.732966,251.43,125.715,20010301, 23:35:30.0000,-62.59685201,-59.21723836,-62.59756667,-59.21886667,-62.59685201,-59.21723836,1.09015E-07
699,275,1,-96.01547,2.712451,-83.84888,251.43,125.715,20010301, 23:36:30.0000,-62.59831877,-59.22047045,-62.59981948,-59.22370564,-62.59906918,-59.22207169,6.29318E-08
699,276,1,-94.324908,4.0033,-78.582118,251.43,125.715,20010301, 23:37:10.0000,-62.6005521,-59.22535421,-62.60128576,-59.22698819,-62.6005521,-59.22535421,9.28809E-08
699,277,1,-101.408694,0.783501,-85.668055,251.43,125.715,20010301, 23:37:50.0000,-62.60203583,-59.22863833,-62.60276667,-59.2303,-62.60203583,-59.22863833,1.81781E-08
699,278,1,-107.462209,0.194396,-94.166309,251.43,125.715,20010301, 23:38:30.0000,-62.6035,-59.232,-62.60423559,-59.23368953,-62.6035,-59.232,4.5102E-09
699,279,1,-99.556526,1.200208,-81.427338,251.43,125.715,20010301, 23:39:10.0000,-62.60496829,-59.2353874,-62.60570225,-59.2370723,-62.60496829,-59.2353874,2.78461E-08
699,280,1,-106.808236,0.225988,-93.301675,251.43,125.715,20010301, 23:39:50.0000,-62.60643333,-59.23873333,-62.60715,-59.2404,-62.60643333,-59.23873333,5.24317E-09
699,281,1,-101.907166,0.698542,-88.156796,251.43,125.715,20010301, 23:40:30.0000,-62.60788559,-59.24207174,-62.6086,-59.2437,-62.60788559,-59.24207174,1.62069E-08
699,282,1,-100.59289,0.94541,-89.647796,251.43,125.715,20010301, 23:41:10.0000,-62.6093,-59.24535,-62.61003559,-59.24703953,-62.6093,-59.24535,2.19345E-08
699,283,1,-99.679115,1.166803,-87.472274,251.43,125.715,20010301, 23:41:50.0000,-62.61075203,-59.2487378,-62.61146667,-59.25043333,-62.61075203,-59.2487378,2.70711E-08
699,284,1,-96.970654,2.176925,-82.182087,251.43,125.715,20010301, 23:42:50.0000,-62.61220099,-59.2521358,-62.61363333,-59.25545,-62.61291667,-59.2538,5.0507E-08
699,285,1,-96.47125,2.442215,-82.573895,251.43,125.715,20010301, 23:43:30.0000,-62.6143687,-59.25710407,-62.6151,-59.25875,-62.6143687,-59.25710407,5.6662E-08
699,286,1,-96.738106,2.296668,-83.430168,251.43,125.715,20010301, 23:44:10.0000,-62.61581667,-59.26041667,-62.61655225,-59.2621223,-62.61581667,-59.26041667,5.32852E-08
699,287,1,-94.701981,3.670379,-78.613097,251.43,125.715,20010301, 23:44:50.0000,-62.61728333,-59.2638,-62.61800203,-59.2654874,-62.61728333,-59.2638,8.51567E-08
699,288,1,-100.149617,1.047001,-86.45137,251.43,125.715,20010301, 23:45:30.0000,-62.61873559,-59.26713897,-62.61945203,-59.2688374,-62.61873559,-59.26713897,2.42916E-08
699,289,1,-102.661439,0.587172,-88.901295,251.43,125.715,20010301, 23:46:10.0000,-62.62020168,-59.27052088,-62.62091891,-59.27220617,-62.62020168,-59.27052088,1.3623E-08
699,290,1,-103.399664,0.495385,-92.286863,251.43,125.715,20010301, 23:46:50.0000,-62.62163333,-59.2739,-62.62236836,-59.27560423,-62.62163333,-59.2739,1.14935E-08
699,291,1,-98.750932,1.444826,-87.35783,251.43,125.715,20010301, 23:47:30.0000,-62.62310225,-59.2772723,-62.62381667,-59.27895,-62.62310225,-59.2772723,3.35215E-08
699,292,1,-99.965081,1.092448,-90.325482,251.43,125.715,20010301, 23:48:10.0000,-62.62455203,-59.28065407,-62.62528333,-59.28233333,-62.62455203,-59.28065407,2.5346E-08
699,293,1,-99.167457,1.312693,-89.412829,251.43,125.715,20010301, 23:49:10.0000,-62.62601667,-59.28401667,-62.62746923,-59.28740641,-62.62673537,-59.28572073,3.04559E-08
699,294,1,-98.626173,1.486934,-88.996023,251.43,125.715,20010301, 23:49:50.0000,-62.6282,-59.28906667,-62.62893503,-59.29073799,-62.6282,-59.28906667,3.44985E-08
699,295,1,-95.78629,2.859433,-86.456716,251.43,125.715,20010301, 23:50:30.0000,-62.62966933,-59.29244,-62.63040265,-59.29410663,-62.62966933,-59.29244,6.63419E-08
699,296,1,-95.666539,2.939375,-86.220949,251.43,125.715,20010301, 23:51:10.0000,-62.63113567,-59.2957725,-62.63186869,-59.29743838,-62.63113567,-59.2957725,6.81967E-08
699,297,1,-96.187256,2.607254,-86.733233,251.43,125.715,20010301, 23:51:50.0000,-62.63260225,-59.2991223,-62.63331919,-59.30080505,-62.63260225,-59.2991223,6.04911E-08
699,298,1,-95.269988,3.220402,-85.388499,251.43,125.715,20010301, 23:52:30.0000,-62.63405283,-59.30245566,-62.63478567,-59.30410583,-62.63405283,-59.30245566,7.47168E-08
699,299,1,-96.781145,2.274021,-86.456245,251.43,125.715,20010301, 23:53:10.0000,-62.63551918,-59.30575503,-62.63625233,-59.30743975,-62.63551918,-59.30575503,5.27597E-08
699,300,1,-97.439419,1.954191,-88.691697,251.43,125.715,20010301, 23:53:50.0000,-62.63698567,-59.3091225,-62.63770202,-59.31078838,-62.63698567,-59.3091225,4.53393E-08
699,301,1,-97.118757,2.103939,-87.680107,251.43,125.715,20010301, 23:54:30.0000,-62.63843591,-59.31243977,-62.63918368,-59.31410085,-62.63843591,-59.31243977,4.88137E-08
699,302,1,-98.580816,1.502545,-85.546423,251.43,125.715,20010301, 23:55:30.0000,-62.63991868,-59.31575503,-62.64136701,-59.31911761,-62.64065267,-59.31744,3.48607E-08
699,303,1,-98.065537,1.691824,-87.355279,251.43,125.715,20010301, 23:56:10.0000,-62.64210251,-59.32082169,-62.64283667,-59.32249,-62.64210251,-59.32082169,3.92522E-08
699,304,1,-96.092232,2.664929,-83.191794,251.43,125.715,20010301, 23:56:50.0000,-62.64358599,-59.3241573,-62.64431869,-59.32582172,-62.64358599,-59.3241573,6.18292E-08
699,305,1,-95.299484,3.198604,-84.199244,251.43,125.715,20010301, 23:57:30.0000,-62.64506933,-59.32749,-62.64580043,-59.32916752,-62.64506933,-59.32749,7.42111E-08
699,306,1,-96.216774,2.589593,-83.390246,251.43,125.715,20010301, 23:58:10.0000,-62.64653585,-59.33083836,-62.64726893,-59.33252233,-62.64653585,-59.33083836,6.00814E-08
699,307,1,-95.264255,3.224656,-84.244121,251.43,125.715,20010301, 23:58:50.0000,-62.64800043,-59.33421752,-62.64873535,-59.33588838,-62.64800043,-59.33421752,7.48155E-08
699,308,1,-95.404769,3.121994,-85.084336,251.43,125.715,20010301, 23:59:30.0000,-62.64946924,-59.33757311,-62.65020283,-59.33925566,-62.64946924,-59.33757311,7.24336E-08
699,309,1,-97.504665,1.925052,-88.02304,251.43,125.715,20010302, 00:00:10.0000,-62.65095233,-59.34095583,-62.65168591,-59.34263977,-62.65095233,-59.34095583,4.46633E-08
699,310,1,-98.604734,1.494292,-88.777712,251.43,125.715,20010302, 00:00:50.0000,-62.65241701,-59.34433419,-62.65315201,-59.34603836,-62.65241701,-59.34433419,3.46692E-08
699,311,1,-97.001349,2.161594,-86.630728,251.43,125.715,20010302, 00:01:30.0000,-62.65386862,-59.34772203,-62.65460227,-59.349439,-62.65386862,-59.34772203,5.01513E-08
699,312,1,-93.147006,5.250593,-83.342009,251.43,125.715,20010302, 00:02:30.0000,-62.65533376,-59.35110085,-62.65680034,-59.35448419,-62.65606869,-59.35278838,1.21819E-07
699,313,1,-93.346435,5.014937,-81.000293,251.43,125.715,20010302, 00:03:10.0000,-62.65751917,-59.35617167,-62.65825258,-59.35787311,-62.65751917,-59.35617167,1.16352E-07
699,314,1,-92.242231,6.466746,-82.713764,251.43,125.715,20010302, 00:03:50.0000,-62.65898376,-59.35956752,-62.65971918,-59.36127169,-62.65898376,-59.35956752,1.50035E-07
699,315,1,-94.55111,3.800125,-83.784302,251.43,125.715,20010302, 00:04:30.0000,-62.66046869,-59.36297222,-62.66118376,-59.36466761,-62.66046869,-59.36297222,8.8167E-08
699,316,1,-94.400136,3.934553,-84.936676,251.43,125.715,20010302, 00:05:10.0000,-62.66191919,-59.36638838,-62.66265267,-59.36807333,-62.66191919,-59.36638838,9.12859E-08
699,317,1,-94.002306,4.311995,-82.096762,251.43,125.715,20010302, 00:05:50.0000,-62.66336924,-59.36978977,-62.66410195,-59.37148821,-62.66336924,-59.36978977,1.00043E-07
699,318,1,-96.759112,2.285587,-85.50109,251.43,125.715,20010302, 00:06:30.0000,-62.66483591,-59.37318977,-62.66556709,-59.37483427,-62.66483591,-59.37318977,5.30281E-08
699,319,1,-96.362917,2.503901,-86.391391,251.43,125.715,20010302, 00:07:10.0000,-62.66631869,-59.37655505,-62.66705202,-59.37825556,-62.66631869,-59.37655505,5.80932E-08
699,320,1,-94.168544,4.150061,-84.274191,251.43,125.715,20010302, 00:07:50.0000,-62.66776709,-59.37995094,-62.66850034,-59.38166752,-62.66776709,-59.37995094,9.62859E-08
699,321,1,-92.686711,5.837647,-84.314517,251.43,125.715,20010302, 00:08:30.0000,-62.66923591,-59.38334042,-62.66996709,-59.38505094,-62.66923591,-59.38334042,1.3544E-07
699,322,1,-92.244198,6.463818,-82.665089,251.43,125.715,20010302, 00:09:10.0000,-62.67070043,-59.38675085,-62.67143694,-59.38844054,-62.67070043,-59.38675085,1.49968E-07
699,323,1,-91.724196,7.286003,-79.595574,251.43,125.715,20010302, 00:10:10.0000,-62.67218368,-59.39013419,-62.67365267,-59.39350667,-62.6729187,-59.39182174,1.69043E-07
699,324,1,-92.720049,5.793006,-81.180512,251.43,125.715,20010302, 00:10:50.0000,-62.67438655,-59.39520644,-62.67513535,-59.39688889,-62.67438655,-59.39520644,1.34404E-07
699,325,1,-94.287793,4.037659,-83.918327,251.43,125.715,20010302, 00:11:30.0000,-62.67587,-59.39860667,-62.67661701,-59.40030085,-62.67587,-59.39860667,9.3678E-08
699,326,1,-93.627967,4.700155,-83.895319,251.43,125.715,20010302, 00:12:10.0000,-62.67733586,-59.40202172,-62.6780856,-59.40372233,-62.67733586,-59.40202172,1.09049E-07
699,327,1,-93.148945,5.248249,-83.268645,251.43,125.715,20010302, 00:12:50.0000,-62.67881894,-59.40542236,-62.67956935,-59.4071067,-62.67881894,-59.40542236,1.21765E-07
699,328,1,-93.590634,4.740734,-83.731563,251.43,125.715,20010302, 00:13:30.0000,-62.68030333,-59.408774,-62.68105324,-59.41045647,-62.68030333,-59.408774,1.0999E-07
699,329,1,-94.145133,4.172493,-84.665416,251.43,125.715,20010302, 00:14:10.0000,-62.68180236,-59.41213923,-62.68253696,-59.41382391,-62.68180236,-59.41213923,9.68063E-08
699,330,1,-94.230542,4.091238,-82.793119,251.43,125.715,20010302, 00:14:50.0000,-62.68328419,-59.41551838,-62.68405285,-59.41723902,-62.68328419,-59.41551838,9.49211E-08
699,331,1,-94.634213,3.7281,-84.025859,251.43,125.715,20010302, 00:15:30.0000,-62.68481957,-59.41892391,-62.68556752,-59.42060171,-62.68481957,-59.41892391,8.6496E-08
699,332,1,-95.086965,3.359019,-84.551002,251.43,125.715,20010302, 00:16:10.0000,-62.68633626,-59.4222892,-62.68710324,-59.42397314,-62.68633626,-59.4222892,7.79329E-08
699,333,1,-95.080781,3.363805,-85.275372,251.43,125.715,20010302, 00:16:50.0000,-62.68786735,-59.42565171,-62.68861901,-59.42730586,-62.68786735,-59.42565171,7.80439E-08
699,334,1,-93.166466,5.227119,-82.047063,251.43,125.715,20010302, 00:17:30.0000,-62.68936902,-59.42893864,-62.69011735,-59.43055171,-62.68936902,-59.42893864,1.21275E-07
699,335,1,-95.332638,3.174279,-84.85335,251.43,125.715,20010302, 00:18:30.0000,-62.69086902,-59.43220589,-62.6923704,-59.43552413,-62.69161926,-59.43385647,7.36467E-08
699,336,1,-95.340781,3.168333,-85.293445,251.43,125.715,20010302, 00:19:10.0000,-62.69311752,-59.43718504,-62.69386967,-59.43884008,-62.69311752,-59.43718504,7.35087E-08
699,337,1,-95.027659,3.405203,-83.541538,251.43,125.715,20010302, 00:19:50.0000,-62.69460085,-59.44045171,-62.69535235,-59.44205586,-62.69460085,-59.44045171,7.90044E-08
699,338,1,-94.271839,4.052518,-83.383081,251.43,125.715,20010302, 00:20:30.0000,-62.69610324,-59.44367314,-62.69686957,-59.44534058,-62.69610324,-59.44367314,9.40228E-08
699,339,1,-92.812429,5.671083,-82.480031,251.43,125.715,20010302, 00:21:10.0000,-62.69763419,-59.44698487,-62.69838696,-59.44862391,-62.69763419,-59.44698487,1.31575E-07
699,340,1,-92.855024,5.615734,-82.720378,251.43,125.715,20010302, 00:21:50.0000,-62.69913667,-59.45029,-62.69988628,-59.45195589,-62.69913667,-59.45029,1.30291E-07
699,341,1,-92.541453,6.036201,-81.687317,251.43,125.715,20010302, 00:22:30.0000,-62.70065335,-59.4536067,-62.70141894,-59.45525569,-62.70065335,-59.4536067,1.40046E-07
699,342,1,-89.430505,12.355445,-80.667183,251.43,125.715,20010302, 00:23:10.0000,-62.70218419,-59.45688504,-62.70293696,-59.45854058,-62.70218419,-59.45688504,2.8666E-07
699,343,1,-91.953988,6.91051,-80.816,251.43,125.715,20010302, 00:23:50.0000,-62.70370068,-59.46016838,-62.70445295,-59.46182256,-62.70370068,-59.46016838,1.60331E-07
699,344,1,-92.743842,5.761357,-81.377992,251.43,125.715,20010302, 00:24:30.0000,-62.70521957,-59.46345725,-62.7059529,-59.46515797,-62.70521957,-59.46345725,1.3367E-07
699,345,1,-93.566205,4.767475,-81.75158,251.43,125.715,20010302, 00:25:10.0000,-62.70665085,-59.46693521,-62.70733623,-59.4687913,-62.70665085,-59.46693521,1.10611E-07
699,346,1,-93.679805,4.644388,-81.601273,251.43,125.715,20010302, 00:26:10.0000,-62.70798385,-59.47061855,-62.70931998,-59.47425912,-62.70863402,-59.47245188,1.07755E-07
699,347,1,-95.362233,3.152721,-83.383656,251.43,125.715,20010302, 00:26:50.0000,-62.70998623,-59.47605797,-62.71065237,-59.47785651,-62.70998623,-59.47605797,7.31465E-08
699,348,1,-95.953226,2.751606,-84.356797,251.43,125.715,20010302, 00:27:30.0000,-62.71133402,-59.47965171,-62.71201735,-59.48143504,-62.71133402,-59.47965171,6.38402E-08
699,349,1,-96.391852,2.487275,-84.792084,251.43,125.715,20010302, 00:28:10.0000,-62.71270068,-59.48320188,-62.71338569,-59.48498981,-62.71270068,-59.48320188,5.77075E-08
699,350,1,-96.506593,2.422421,-83.46942,251.43,125.715,20010302, 00:28:50.0000,-62.71406735,-59.48676855,-62.71475203,-59.48857174,-62.71406735,-59.48676855,5.62028E-08
699,351,1,-95.534775,3.029922,-81.470561,251.43,125.715,20010302, 00:29:30.0000,-62.71542042,-59.49037492,-62.71611735,-59.49215188,-62.71542042,-59.49037492,7.02975E-08
699,352,1,-95.932811,2.764571,-83.514186,251.43,125.715,20010302, 00:30:10.0000,-62.71680236,-59.49395648,-62.71748633,-59.49575825,-62.71680236,-59.49395648,6.4141E-08
699,353,1,-96.907601,2.208761,-84.864709,251.43,125.715,20010302, 00:30:50.0000,-62.71816735,-59.49755188,-62.71885236,-59.49935648,-62.71816735,-59.49755188,5.12457E-08
699,354,1,-97.808545,1.794959,-84.357119,251.43,125.715,20010302, 00:31:30.0000,-62.71951957,-59.50117464,-62.720203,-59.50299158,-62.71951957,-59.50117464,4.1645E-08
699,355,1,-97.583656,1.890355,-84.941259,251.43,125.715,20010302, 00:32:10.0000,-62.72088633,-59.50480825,-62.7215529,-59.50662464,-62.72088633,-59.50480825,4.38583E-08
699,356,1,-95.60773,2.979449,-80.804643,251.43,125.715,20010302, 00:33:10.0000,-62.72223633,-59.50842492,-62.72356935,-59.51204003,-62.72290236,-59.51022315,6.91264E-08
699,357,1,-97.149337,2.089177,-83.765545,251.43,125.715,20010302, 00:33:50.0000,-62.72425103,-59.51383615,-62.72491769,-59.51563615,-62.72425103,-59.51383615,4.84712E-08
699,358,1,-94.915995,3.493892,-82.610791,251.43,125.715,20010302, 00:34:30.0000,-62.72558633,-59.5174575,-62.72625103,-59.51926949,-62.72558633,-59.5174575,8.10621E-08
699,359,1,-96.558963,2.393385,-83.841379,251.43,125.715,20010302, 00:35:10.0000,-62.72691967,-59.52110825,-62.72758663,-59.52292492,-62.72691967,-59.52110825,5.55291E-08
699,360,1,-96.743402,2.293869,-83.057915,251.43,125.715,20010302, 00:35:50.0000,-62.72825103,-59.52471949,-62.72891935,-59.52652404,-62.72825103,-59.52471949,5.32202E-08
699,361,1,-97.259153,2.037012,-84.441209,251.43,125.715,20010302, 00:36:30.0000,-62.72958736,-59.52832552,-62.73028436,-59.53011923,-62.72958736,-59.52832552,4.72609E-08
699,362,1,-97.13242,2.097331,-83.168066,251.43,125.715,20010302, 00:37:10.0000,-62.73095103,-59.53193615,-62.73162,-59.53375917,-62.73095103,-59.53193615,4.86603E-08
699,363,1,-96.753517,2.288533,-84.613146,251.43,125.715,20010302, 00:37:50.0000,-62.73226769,-59.53556949,-62.73293603,-59.53737407,-62.73226769,-59.53556949,5.30964E-08
699,364,1,-95.143053,3.315917,-82.168804,251.43,125.715,20010302, 00:38:30.0000,-62.73360322,-59.53920886,-62.73425103,-59.54100282,-62.73360322,-59.53920886,7.69328E-08
699,365,1,-95.375768,3.142911,-83.262196,251.43,125.715,20010302, 00:39:10.0000,-62.73491795,-59.54281923,-62.73558593,-59.54462382,-62.73491795,-59.54281923,7.29189E-08
699,366,1,-94.687908,3.682291,-81.993026,251.43,125.715,20010302, 00:40:10.0000,-62.73625103,-59.54643615,-62.73760322,-59.55009219,-62.73693601,-59.54827404,8.54331E-08
699,367,1,-94.753962,3.626709,-83.516519,251.43,125.715,20010302, 00:40:50.0000,-62.73830103,-59.55186949,-62.73900103,-59.55365282,-62.73830103,-59.55186949,8.41436E-08
699,368,1,-93.554783,4.78003,-81.89499,251.43,125.715,20010302, 00:41:30.0000,-62.73971958,-59.55539134,-62.74042031,-59.55712395,-62.73971958,-59.55539134,1.10902E-07
699,369,1,-94.4169,3.919394,-82.979104,251.43,125.715,20010302, 00:42:10.0000,-62.74113601,-59.5588407,-62.74185415,-59.56057579,-62.74113601,-59.5588407,9.09342E-08
699,370,1,-94.553609,3.79794,-81.266277,251.43,125.715,20010302, 00:42:50.0000,-62.74258436,-59.56231949,-62.74328603,-59.5640734,-62.74258436,-59.56231949,8.81163E-08
699,371,1,-95.237906,3.24428,-82.523802,251.43,125.715,20010302, 00:43:30.0000,-62.74400322,-59.56580886,-62.74470128,-59.56755282,-62.74400322,-59.56580886,7.52708E-08
699,372,1,-94.903453,3.503996,-82.672834,251.43,125.715,20010302, 00:44:10.0000,-62.74541769,-59.56930282,-62.74612,-59.571075,-62.74541769,-59.56930282,8.12965E-08
699,373,1,-93.968599,4.345593,-79.850563,251.43,125.715,20010302, 00:44:50.0000,-62.74683436,-59.57281949,-62.74753603,-59.57460741,-62.74683436,-59.57281949,1.00822E-07
699,374,1,-91.001533,8.605093,-79.250267,251.43,125.715,20010302, 00:45:30.0000,-62.7482375,-59.57635833,-62.74896769,-59.5780859,-62.7482375,-59.57635833,1.99647E-07
699,375,1,-94.257251,4.066154,-84.861265,251.43,125.715,20010302, 00:46:10.0000,-62.74966769,-59.57981949,-62.75037083,-59.5815925,-62.74966769,-59.57981949,9.43392E-08
699,376,1,-95.138686,3.319253,-84.126621,251.43,125.715,20010302, 00:47:10.0000,-62.75106769,-59.58333615,-62.75245322,-59.58684138,-62.75176936,-59.58509007,7.70102E-08
699,377,1,-98.161755,1.654754,-83.85707,251.43,125.715,20010302, 00:47:50.0000,-62.75313593,-59.58858984,-62.75381936,-59.5903234,-62.75313593,-59.58858984,3.83921E-08
699,378,1,-98.708904,1.458877,-85.895902,251.43,125.715,20010302, 00:48:30.0000,-62.75450322,-59.59204138,-62.75516769,-59.59376923,-62.75450322,-59.59204138,3.38475E-08
699,379,1,-95.637075,2.959385,-84.658198,251.43,125.715,20010302, 00:49:10.0000,-62.75585269,-59.59550741,-62.75653436,-59.59721949,-62.75585269,-59.59550741,6.86609E-08
699,380,1,-94.776379,3.608038,-84.248047,251.43,125.715,20010302, 00:49:50.0000,-62.75720103,-59.59891949,-62.75788603,-59.60064007,-62.75720103,-59.59891949,8.37104E-08
699,381,1,-93.004556,5.42567,-82.174032,251.43,125.715,20010302, 00:50:30.0000,-62.75858593,-59.60237382,-62.75928436,-59.60411923,-62.75858593,-59.60237382,1.25881E-07
699,382,1,-92.532596,6.048523,-81.298989,251.43,125.715,20010302, 00:51:10.0000,-62.75997003,-59.6058234,-62.76075128,-59.60721846,-62.75997003,-59.6058234,1.40332E-07
699,383,1,-91.958134,6.903916,-80.784715,251.43,125.715,20010302, 00:52:10.0000,-62.76161795,-59.60828487,-62.76343862,-59.61017196,-62.76252003,-59.60925337,1.60178E-07
699,384,1,-91.6424,7.424529,-81.068423,251.43,125.715,20010302, 00:52:50.0000,-62.76438487,-59.61110154,-62.76531992,-59.61205325,-62.76438487,-59.61110154,1.72257E-07
699,385,1,-95.114445,3.337832,-82.984888,251.43,125.715,20010302, 00:53:30.0000,-62.7662539,-59.61302057,-62.76720205,-59.61401872,-62.7662539,-59.61302057,7.74413E-08
699,386,1,-94.719134,3.65591,-83.763161,251.43,125.715,20010302, 00:54:10.0000,-62.76815452,-59.61503786,-62.76910171,-59.61601872,-62.76815452,-59.61503786,8.48211E-08
699,387,1,-90.447819,9.77523,-80.102051,251.43,125.715,20010302, 00:54:50.0000,-62.77003538,-59.61700205,-62.77100171,-59.61798538,-62.77003538,-59.61700205,2.26796E-07
699,388,1,-91.752409,7.238825,-80.555123,251.43,125.715,20010302, 00:55:30.0000,-62.77193819,-59.61898819,-62.77288538,-59.61998538,-62.77193819,-59.61898819,1.67949E-07
699,389,1,-95.703488,2.914474,-82.23494,251.43,125.715,20010302, 00:56:30.0000,-62.77383712,-59.62097121,-62.77571872,-59.62295205,-62.77477106,-59.62195439,6.76189E-08
699,390,1,-96.045641,2.693673,-85.826869,251.43,125.715,20010302, 00:57:10.0000,-62.77666872,-59.62396906,-62.77753776,-59.62529042,-62.77666872,-59.62396906,6.24961E-08
699,391,1,-94.797596,3.590454,-83.087935,251.43,125.715,20010302, 00:57:50.0000,-62.77825103,-59.62683675,-62.77888636,-59.62860758,-62.77825103,-59.62683675,8.33024E-08
699,392,1,-96.047354,2.69261,-85.106838,251.43,125.715,20010302, 00:58:30.0000,-62.77951932,-59.63037641,-62.78016803,-59.63217043,-62.77951932,-59.63037641,6.24715E-08
699,393,1,-96.376695,2.49597,-86.02347,251.43,125.715,20010302, 00:59:10.0000,-62.78081803,-59.63397009,-62.78146909,-59.63577557,-62.78081803,-59.63397009,5.79092E-08
699,394,1,-96.12035,2.647731,-84.658199,251.43,125.715,20010302, 00:59:50.0000,-62.78210293,-59.63759138,-62.78276959,-59.63940805,-62.78210293,-59.63759138,6.14302E-08
699,395,1,-95.395816,3.128436,-83.517777,251.43,125.715,20010302, 01:00:30.0000,-62.78341959,-59.64122398,-62.78406959,-59.64299138,-62.78341959,-59.64122398,7.25831E-08
699,396,1,-94.602265,3.755627,-83.366949,251.43,125.715,20010302, 01:01:10.0000,-62.78471959,-59.64479138,-62.7853847,-59.64663709,-62.78471959,-59.64479138,8.71346E-08
699,397,1,-95.05455,3.384184,-83.975707,251.43,125.715,20010302, 01:02:10.0000,-62.7860347,-59.64847043,-62.78736803,-59.65205376,-62.78670303,-59.650275,7.85167E-08
699,398,1,-95.204019,3.269694,-84.154479,251.43,125.715,20010302, 01:02:50.0000,-62.78801803,-59.65385376,-62.78868636,-59.65565833,-62.78801803,-59.65385376,7.58604E-08
699,399,1,-94.777115,3.607426,-83.343664,251.43,125.715,20010302, 01:03:30.0000,-62.78935293,-59.65745805,-62.79003688,-59.65925974,-62.78935293,-59.65745805,8.36962E-08
699,400,1,-95.037888,3.397192,-82.456196,251.43,125.715,20010302, 01:04:10.0000,-62.79068626,-59.66105805,-62.79135137,-59.66285376,-62.79068626,-59.66105805,7.88185E-08
699,401,1,-95.750292,2.883233,-84.013157,251.43,125.715,20010302, 01:04:50.0000,-62.79200137,-59.66467043,-62.79265305,-59.66649095,-62.79200137,-59.66467043,6.68941E-08
699,402,1,-93.805596,4.511795,-82.431086,251.43,125.715,20010302, 01:05:30.0000,-62.7933347,-59.66828675,-62.79400137,-59.67005376,-62.7933347,-59.66828675,1.04679E-07
699,403,1,-96.003165,2.720147,-83.943466,251.43,125.715,20010302, 01:06:10.0000,-62.7946697,-59.67185833,-62.79533436,-59.67362043,-62.7946697,-59.67185833,6.31104E-08
699,404,1,-97.254693,2.039105,-86.062306,251.43,125.715,20010302, 01:06:50.0000,-62.7959847,-59.67540342,-62.79666803,-59.67720342,-62.7959847,-59.67540342,4.73094E-08
699,405,1,-95.669697,2.937239,-81.749081,251.43,125.715,20010302, 01:07:50.0000,-62.7973347,-59.67897043,-62.79868636,-59.68257424,-62.79801803,-59.68075376,6.81471E-08
699,406,1,-96.451702,2.453233,-85.021566,251.43,125.715,20010302, 01:08:30.0000,-62.79937021,-59.68439219,-62.80003626,-59.68620805,-62.79937021,-59.68439219,5.69176E-08
699,407,1,-96.059252,2.685244,-85.096304,251.43,125.715,20010302, 01:09:10.0000,-62.80070293,-59.68800805,-62.80138626,-59.68979138,-62.80070293,-59.68800805,6.23006E-08
699,408,1,-96.706115,2.313649,-85.530503,251.43,125.715,20010302, 01:09:50.0000,-62.80205137,-59.69160376,-62.80271803,-59.69338709,-62.80205137,-59.69160376,5.36791E-08
699,409,1,-99.042656,1.350962,-87.671593,251.43,125.715,20010302, 01:10:30.0000,-62.80338626,-59.69520805,-62.80405137,-59.69700376,-62.80338626,-59.69520805,3.13438E-08
699,410,1,-97.864751,1.771878,-87.339837,251.43,125.715,20010302, 01:11:10.0000,-62.80471971,-59.69879171,-62.80540137,-59.70058709,-62.80471971,-59.69879171,4.11095E-08
699,411,1,-96.921143,2.201885,-87.627252,251.43,125.715,20010302, 01:11:50.0000,-62.80608626,-59.70240805,-62.80678638,-59.70424171,-62.80608626,-59.70240805,5.10861E-08
699,412,1,-95.838812,2.82506,-85.400873,251.43,125.715,20010302, 01:12:30.0000,-62.80743718,-59.70606058,-62.80810171,-59.70785376,-62.80743718,-59.70606058,6.55445E-08
699,413,1,-95.915588,2.775557,-86.710512,251.43,125.715,20010302, 01:13:10.0000,-62.80880305,-59.70969171,-62.80948718,-59.71151058,-62.80880305,-59.70969171,6.43959E-08
699,414,1,-95.554383,3.016273,-85.407811,251.43,125.715,20010302, 01:13:50.0000,-62.81015137,-59.71333709,-62.81080337,-59.71519259,-62.81015137,-59.71333709,6.99808E-08
699,415,1,-94.769135,3.61406,-85.224304,251.43,125.715,20010302, 01:14:50.0000,-62.81148659,-59.71702561,-62.8128367,-59.72065926,-62.81215171,-59.71883803,8.38501E-08
699,416,1,-94.887287,3.517064,-85.355773,251.43,125.715,20010302, 01:15:30.0000,-62.81351992,-59.72249228,-62.81418504,-59.7243047,-62.81351992,-59.72249228,8.15997E-08
699,417,1,-93.86911,4.446292,-84.939735,251.43,125.715,20010302, 01:16:10.0000,-62.81485335,-59.72610921,-62.81555171,-59.72792137,-62.81485335,-59.72610921,1.03159E-07
699,418,1,-94.188021,4.131491,-86.093333,251.43,125.715,20010302, 01:16:50.0000,-62.81623504,-59.7297547,-62.81690337,-59.73155926,-62.81623504,-59.7297547,9.5855E-08
699,419,1,-95.056179,3.382914,-86.649306,251.43,125.715,20010302, 01:17:30.0000,-62.81758504,-59.73337094,-62.81827053,-59.73517729,-62.81758504,-59.73337094,7.84873E-08
699,420,1,-93.312329,5.054474,-83.559037,251.43,125.715,20010302, 01:18:10.0000,-62.81893504,-59.73697137,-62.81962067,-59.73879333,-62.81893504,-59.73697137,1.17269E-07
699,421,1,-92.900287,5.557509,-81.817689,251.43,125.715,20010302, 01:18:50.0000,-62.82030171,-59.74058803,-62.82098504,-59.7424047,-62.82030171,-59.74058803,1.2894E-07
699,422,1,-94.657726,3.707971,-82.190555,251.43,125.715,20010302, 01:19:30.0000,-62.8216872,-59.74427729,-62.82235171,-59.7461047,-62.8216872,-59.74427729,8.60289E-08
699,423,1,-95.366224,3.149826,-84.67769,251.43,125.715,20010302, 01:20:10.0000,-62.82303504,-59.74793803,-62.82372053,-59.74977729,-62.82303504,-59.74793803,7.30794E-08
699,424,1,-95.066687,3.374739,-84.952895,251.43,125.715,20010302, 01:20:50.0000,-62.82440407,-59.75159228,-62.82508504,-59.7534047,-62.82440407,-59.75159228,7.82976E-08
699,425,1,-94.848577,3.548553,-85.135534,251.43,125.715,20010302, 01:21:30.0000,-62.82577053,-59.75520966,-62.82645214,-59.7570047,-62.82577053,-59.75520966,8.23303E-08
699,426,1,-95.539888,3.026357,-87.53228,251.43,125.715,20010302, 01:22:10.0000,-62.82713754,-59.75882593,-62.8278215,-59.76064396,-62.82713754,-59.75882593,7.02148E-08
699,427,1,-95.157602,3.304827,-84.289185,251.43,125.715,20010302, 01:23:10.0000,-62.82851837,-59.76243801,-62.8298872,-59.76606159,-62.82920421,-59.76422593,7.66756E-08
699,428,1,-96.305433,2.537264,-87.247011,251.43,125.715,20010302, 01:23:50.0000,-62.83043462,-59.76800513,-62.83088577,-59.77005976,-62.83043462,-59.76800513,5.88673E-08
699,429,1,-95.407622,3.119944,-85.608657,251.43,125.715,20010302, 01:24:30.0000,-62.83133623,-59.77217923,-62.83175244,-59.7742939,-62.83133623,-59.77217923,7.23861E-08
699,430,1,-93.697655,4.625338,-78.853703,251.43,125.715,20010302, 01:25:10.0000,-62.83220253,-59.77642761,-62.83261829,-59.77856057,-62.83220253,-59.77642761,1.07313E-07
699,431,1,-96.827681,2.249784,-85.547238,251.43,125.715,20010302, 01:25:50.0000,-62.83300085,-59.78067222,-62.83336911,-59.78282724,-62.83300085,-59.78067222,5.21974E-08
699,432,1,-94.61685,3.743035,-82.692239,251.43,125.715,20010302, 01:26:30.0000,-62.83373577,-59.78499472,-62.83410128,-59.78717179,-62.83373577,-59.78499472,8.68425E-08
699,433,1,-93.668465,4.65653,-80.552974,251.43,125.715,20010302, 01:27:10.0000,-62.83448503,-59.78932766,-62.83483462,-59.79148889,-62.83448503,-59.78932766,1.08037E-07
699,434,1,-98.918321,1.390198,-86.972254,251.43,125.715,20010302, 01:27:50.0000,-62.83520085,-59.79365556,-62.83553577,-59.7958439,-62.83520085,-59.79365556,3.22541E-08
699,435,1,-97.61501,1.876756,-86.848589,251.43,125.715,20010302, 01:28:50.0000,-62.83593542,-59.79798021,-62.83666835,-59.80229428,-62.8363025,-59.80014417,4.35428E-08
699,436,1,-96.241409,2.574945,-85.345644,251.43,125.715,20010302, 01:29:30.0000,-62.8370343,-59.80446353,-62.83736794,-59.80663883,-62.8370343,-59.80446353,5.97415E-08
699,437,1,-95.471867,3.07413,-82.92342,251.43,125.715,20010302, 01:30:10.0000,-62.83773577,-59.8087939,-62.83811934,-59.81096157,-62.83773577,-59.8087939,7.13231E-08
699,438,1,-96.479634,2.437505,-86.481453,251.43,125.715,20010302, 01:30:50.0000,-62.83850128,-59.81310556,-62.83890169,-59.815261,-62.83850128,-59.81310556,5.65528E-08
699,439,1,-95.342218,3.167285,-84.911501,251.43,125.715,20010302, 01:31:30.0000,-62.83926752,-59.81738889,-62.83963419,-59.81953889,-62.83926752,-59.81738889,7.34844E-08
699,440,1,-94.75557,3.625367,-83.150666,251.43,125.715,20010302, 01:32:10.0000,-62.84000168,-59.82166094,-62.84036829,-59.8237939,-62.84000168,-59.82166094,8.41124E-08
699,441,1,-95.261425,3.226758,-82.820786,251.43,125.715,20010302, 01:32:50.0000,-62.84073462,-59.82590556,-62.84111919,-59.82802677,-62.84073462,-59.82590556,7.48643E-08
699,442,1,-94.968038,3.452273,-80.877436,251.43,125.715,20010302, 01:33:50.0000,-62.84148419,-59.83012222,-62.84221752,-59.83435556,-62.84185128,-59.83225513,8.00965E-08
699,443,1,-96.509519,2.42079,-84.196021,251.43,125.715,20010302, 01:34:30.0000,-62.84256875,-59.83649688,-62.84291769,-59.83862333,-62.84256875,-59.83649688,5.61649E-08
699,444,1,-96.503196,2.424317,-85.21106,251.43,125.715,20010302, 01:35:10.0000,-62.84326852,-59.84079537,-62.84363436,-59.84293949,-62.84326852,-59.84079537,5.62468E-08
699,445,1,-97.284797,2.02502,-85.795727,251.43,125.715,20010302, 01:35:50.0000,-62.84400103,-59.84505667,-62.84436944,-59.84719444,-62.84400103,-59.84505667,4.69826E-08
699,446,1,-95.148479,3.311777,-83.514995,251.43,125.715,20010302, 01:36:30.0000,-62.84473436,-59.84932333,-62.84511876,-59.85148027,-62.84473436,-59.84932333,7.68368E-08
699,447,1,-94.670203,3.697334,-80.980852,251.43,125.715,20010302, 01:37:10.0000,-62.84548519,-59.85361204,-62.84586876,-59.85578027,-62.84548519,-59.85361204,8.57821E-08
699,448,1,-93.524491,4.813487,-81.607876,251.43,125.715,20010302, 01:37:50.0000,-62.84625103,-59.85790667,-62.84663436,-59.86005667,-62.84625103,-59.85790667,1.11678E-07
699,449,1,-67.671411,1852.541004,-53.236978,251.43,125.715,20010302, 01:38:50.0000,-62.84698543,-59.86219694,-62.8476861,-59.86647864,-62.84731769,-59.86432333,4.29809E-05
699,450,1,-69.262427,1284.299351,-53.956956,251.43,125.715,20010302, 01:39:30.0000,-62.848053,-59.86862967,-62.84843543,-59.87081361,-62.848053,-59.86862967,2.97971E-05
699,451,1,-96.759457,2.285405,-83.012876,251.43,125.715,20010302, 01:40:10.0000,-62.84876852,-59.87294537,-62.849152,-59.87509633,-62.84876852,-59.87294537,5.30239E-08
699,452,1,-95.388422,3.133767,-84.651648,251.43,125.715,20010302, 01:40:50.0000,-62.84950103,-59.87724,-62.84986769,-59.87939,-62.84950103,-59.87724,7.27068E-08
699,453,1,-95.852987,2.815855,-84.74826,251.43,125.715,20010302, 01:41:30.0000,-62.85023436,-59.88154,-62.85058541,-59.88369681,-62.85023436,-59.88154,6.53309E-08
699,454,1,-94.395917,3.938377,-82.687175,251.43,125.715,20010302, 01:42:10.0000,-62.85095103,-59.88583949,-62.85130209,-59.88798027,-62.85095103,-59.88583949,9.13746E-08
699,455,1,-96.962046,2.181244,-87.035745,251.43,125.715,20010302, 01:42:50.0000,-62.85165103,-59.89010667,-62.85201852,-59.89226204,-62.85165103,-59.89010667,5.06072E-08
699,456,1,-95.593145,2.989472,-79.634792,251.43,125.715,20010302, 01:43:50.0000,-62.85238549,-59.8944296,-62.85308435,-59.89868997,-62.85273436,-59.89654,6.9359E-08
699,457,1,-95.559973,3.012393,-81.631882,251.43,125.715,20010302, 01:44:30.0000,-62.85341876,-59.90084694,-62.85375103,-59.90297333,-62.85341876,-59.90084694,6.98908E-08
699,458,1,-97.736561,1.824958,-87.792997,251.43,125.715,20010302, 01:45:10.0000,-62.85406769,-59.90512333,-62.85440102,-59.90727279,-62.85406769,-59.90512333,4.2341E-08
699,459,1,-97.479301,1.936327,-86.963149,251.43,125.715,20010302, 01:45:50.0000,-62.85475103,-59.90942333,-62.85508512,-59.91156163,-62.85475103,-59.90942333,4.49249E-08
699,460,1,-95.536941,3.028411,-87.0888,251.43,125.715,20010302, 01:46:30.0000,-62.85540179,-59.91371073,-62.85573436,-59.91585667,-62.85540179,-59.91371073,7.02624E-08
699,461,1,-93.864275,4.451245,-82.20732,251.43,125.715,20010302, 01:47:10.0000,-62.85606769,-59.91800615,-62.85640209,-59.92013027,-62.85606769,-59.91800615,1.03274E-07
699,462,1,-94.932331,3.480774,-84.607667,251.43,125.715,20010302, 01:48:10.0000,-62.85671769,-59.92225667,-62.85741876,-59.92653027,-62.85706769,-59.92440667,8.07577E-08
699,463,1,-94.141479,4.176005,-84.151178,251.43,125.715,20010302, 01:48:50.0000,-62.85776769,-59.92865667,-62.85813512,-59.93082829,-62.85776769,-59.92865667,9.68878E-08
699,464,1,-93.038451,5.383489,-83.955772,251.43,125.715,20010302, 01:49:30.0000,-62.85846846,-59.9329774,-62.85880179,-59.9351274,-62.85846846,-59.9329774,1.24903E-07
699,465,1,-94.227201,4.094386,-85.597505,251.43,125.715,20010302, 01:50:10.0000,-62.85916852,-59.93726204,-62.85951756,-59.9394274,-62.85916852,-59.93726204,9.49942E-08
699,466,1,-93.993253,4.320993,-85.800858,251.43,125.715,20010302, 01:50:50.0000,-62.85983436,-59.94157333,-62.86016769,-59.94374,-62.85983436,-59.94157333,1.00252E-07
699,467,1,-94.216381,4.1046,-84.923462,251.43,125.715,20010302, 01:51:30.0000,-62.86050185,-59.9459287,-62.86086769,-59.94807333,-62.86050185,-59.9459287,9.52311E-08
699,468,1,-94.975036,3.446715,-85.938927,251.43,125.715,20010302, 01:52:10.0000,-62.86120185,-59.9502287,-62.86155179,-59.95237829,-62.86120185,-59.9502287,7.99675E-08
699,469,1,-96.672098,2.331842,-87.398906,251.43,125.715,20010302, 01:53:10.0000,-62.86188436,-59.95455667,-62.86256846,-59.95896163,-62.86223519,-59.95676204,5.41013E-08
699,470,1,-98.426098,1.557038,-87.512017,251.43,125.715,20010302, 01:53:50.0000,-62.86288543,-59.96114694,-62.86321852,-59.96331296,-62.86288543,-59.96114694,3.6125E-08
699,471,1,-98.949554,1.380237,-88.267684,251.43,125.715,20010302, 01:54:30.0000,-62.86355217,-59.96549742,-62.86390154,-59.96764,-62.86355217,-59.96549742,3.2023E-08
699,472,1,-97.620091,1.874562,-86.917108,251.43,125.715,20010302, 01:55:10.0000,-62.86425103,-59.96982333,-62.86456884,-59.97203082,-62.86425103,-59.96982333,4.34919E-08
699,473,1,-97.227886,2.051731,-86.995781,251.43,125.715,20010302, 01:55:50.0000,-62.86491883,-59.97419742,-62.86525201,-59.97637973,-62.86491883,-59.97419742,4.76024E-08
699,474,1,-96.699983,2.316918,-87.83603,251.43,125.715,20010302, 01:56:30.0000,-62.86560201,-59.97857973,-62.8659512,-59.98077444,-62.86560201,-59.97857973,5.3755E-08
699,475,1,-95.62934,2.96466,-87.001041,251.43,125.715,20010302, 01:57:10.0000,-62.86631883,-59.98298075,-62.86668566,-59.98516509,-62.86631883,-59.98298075,6.87833E-08
699,476,1,-95.643299,2.955147,-87.518348,251.43,125.715,20010302, 01:57:50.0000,-62.86703513,-59.98737444,-62.8674012,-59.98959171,-62.86703513,-59.98737444,6.85626E-08
699,477,1,-96.082571,2.670864,-87.704071,251.43,125.715,20010302, 01:58:30.0000,-62.86775232,-59.99181509,-62.86811899,-59.99398176,-62.86775232,-59.99181509,6.19669E-08
699,478,1,-94.611628,3.747539,-84.467993,251.43,125.715,20010302, 01:59:30.0000,-62.8684512,-59.99617444,-62.86916867,-60.00057967,-62.8688021,-59.99838034,8.69469E-08
699,479,1,-93.951031,4.363207,-84.487804,251.43,125.715,20010302, 02:00:10.0000,-62.86951786,-60.00274107,-62.86988658,-60.00494742,-62.86951786,-60.00274107,1.01231E-07
699,480,1,-95.178853,3.288695,-86.600766,251.43,125.715,20010302, 02:00:50.0000,-62.87026786,-60.00712444,-62.87061868,-60.00932973,-62.87026786,-60.00712444,7.63013E-08
699,481,1,-94.389248,3.944429,-85.031609,251.43,125.715,20010302, 02:01:30.0000,-62.87096982,-60.01153034,-62.8713512,-60.01372444,-62.87096982,-60.01153034,9.1515E-08
699,482,1,-96.006446,2.718093,-86.96054,251.43,125.715,20010302, 02:02:10.0000,-62.87171868,-60.01591407,-62.87208626,-60.01809602,-62.87171868,-60.01591407,6.30627E-08
699,483,1,-97.83258,1.785052,-89.079545,251.43,125.715,20010302, 02:02:50.0000,-62.87246786,-60.02029111,-62.87281869,-60.02249646,-62.87246786,-60.02029111,4.14151E-08
699,484,1,-96.546062,2.400506,-84.857234,251.43,125.715,20010302, 02:03:30.0000,-62.87318453,-60.02469111,-62.87355202,-60.02689747,-62.87318453,-60.02469111,5.56943E-08
699,485,1,-97.567763,1.897285,-86.319495,251.43,125.715,20010302, 02:04:10.0000,-62.87390179,-60.02910778,-62.87426892,-60.03134799,-62.87390179,-60.02910778,4.40191E-08
699,486,1,-96.829427,2.24888,-88.776489,251.43,125.715,20010302, 02:04:50.0000,-62.87461786,-60.03354171,-62.87496869,-60.03581313,-62.87461786,-60.03354171,5.21764E-08
699,487,1,-96.692199,2.321074,-86.097254,251.43,125.715,20010302, 02:05:30.0000,-62.87533559,-60.03803132,-62.87568528,-60.04026366,-62.87533559,-60.03803132,5.38514E-08
699,488,1,-97.382056,1.980174,-84.786064,251.43,125.715,20010302, 02:06:10.0000,-62.87603535,-60.04249646,-62.87640225,-60.04471465,-62.87603535,-60.04249646,4.59422E-08
699,489,1,-97.781438,1.806197,-85.143213,251.43,125.715,20010302, 02:07:10.0000,-62.8767512,-60.04694111,-62.8774512,-60.05139111,-62.87710202,-60.04918081,4.19057E-08
699,490,1,-99.057551,1.346337,-89.016599,251.43,125.715,20010302, 02:07:50.0000,-62.87780338,-60.05363132,-62.87818535,-60.05584646,-62.87780338,-60.05363132,3.12365E-08
699,491,1,-98.618377,1.489605,-89.951542,251.43,125.715,20010302, 02:08:30.0000,-62.87855195,-60.05807935,-62.87888453,-60.06030778,-62.87855195,-60.05807935,3.45605E-08
699,492,1,-95.325667,3.179378,-78.39126,251.43,125.715,20010302, 02:09:10.0000,-62.87921869,-60.06254747,-62.87955225,-60.06478132,-62.87921869,-60.06254747,7.3765E-08
699,493,1,-93.93804,4.376279,-85.995988,251.43,125.715,20010302, 02:09:50.0000,-62.87988453,-60.06700778,-62.88023528,-60.06924602,-62.87988453,-60.06700778,1.01534E-07
699,494,1,-92.877638,5.586569,-83.642478,251.43,125.715,20010302, 02:10:30.0000,-62.88058671,-60.07148132,-62.88093513,-60.07367504,-62.88058671,-60.07148132,1.29614E-07
699,495,1,-94.464619,3.876564,-85.198035,251.43,125.715,20010302, 02:11:10.0000,-62.881302,-60.07589733,-62.88163671,-60.07816465,-62.881302,-60.07589733,8.99405E-08
699,496,1,-87.019733,21.524626,-68.230516,251.43,125.715,20010302, 02:11:50.0000,-62.8819847,-60.08039222,-62.88231884,-60.08263082,-62.8819847,-60.08039222,4.99395E-07
699,497,1,-94.068146,4.247118,-85.099164,251.43,125.715,20010302, 02:12:30.0000,-62.88266803,-60.08485957,-62.88301893,-60.08711472,-62.88266803,-60.08485957,9.85377E-08
699,498,1,-94.363832,3.967581,-85.296166,251.43,125.715,20010302, 02:13:10.0000,-62.88338567,-60.08934967,-62.88373574,-60.09159896,-62.88338567,-60.08934967,9.20522E-08
699,499,1,-93.148206,5.249143,-82.810948,251.43,125.715,20010302, 02:13:50.0000,-62.88408545,-60.09381374,-62.88441862,-60.09604699,-62.88408545,-60.09381374,1.21786E-07
699,500,1,-92.013486,6.816482,-81.152318,251.43,125.715,20010302, 02:14:30.0000,-62.88478559,-60.09828132,-62.8851512,-60.10049111,-62.88478559,-60.09828132,1.5815E-07
699,501,1,-91.269687,8.089845,-79.641518,251.43,125.715,20010302, 02:15:30.0000,-62.88548453,-60.10270778,-62.88618537,-60.10709218,-62.88581786,-60.10490778,1.87693E-07
699,502,1,-89.383482,12.48995,-79.303311,251.43,125.715,20010302, 02:16:10.0000,-62.88655218,-60.10929749,-62.88691878,-60.11151374,-62.88655218,-60.10929749,2.8978E-07
699,503,1,-86.156465,26.258046,-68.836639,251.43,125.715,20010302, 02:16:50.0000,-62.88730137,-60.11370889,-62.88766884,-60.11593082,-62.88730137,-60.11370889,6.09215E-07
699,504,1,-88.809447,14.254901,-77.980868,251.43,125.715,20010302, 02:17:30.0000,-62.88801893,-60.11813252,-62.88836908,-60.12036691,-62.88801893,-60.11813252,3.30729E-07
699,505,1,-80.268344,101.87661,-62.003285,251.43,125.715,20010302, 02:18:10.0000,-62.88871886,-60.12259865,-62.88906908,-60.12483237,-62.88871886,-60.12259865,2.36365E-06
699,506,1,-91.446871,7.766437,-81.217043,251.43,125.715,20010302, 02:18:50.0000,-62.88941915,-60.1270495,-62.88975137,-60.12924291,-62.88941915,-60.1270495,1.8019E-07
699,507,1,-91.281579,8.067724,-82.211338,251.43,125.715,20010302, 02:19:30.0000,-62.89010106,-60.13148041,-62.89043575,-60.13368237,-62.89010106,-60.13148041,1.8718E-07
699,508,1,-86.554081,23.960773,-76.533526,251.43,125.715,20010302, 02:20:10.0000,-62.8907847,-60.13585889,-62.89113583,-60.13803292,-62.8907847,-60.13585889,5.55916E-07
699,509,1,-70.117903,1054.674944,-52.410739,251.43,125.715,20010302, 02:20:50.0000,-62.89150242,-60.14019903,-62.89183552,-60.14238199,-62.89150242,-60.14019903,2.44696E-05
699,510,1,-67.816262,1791.772111,-50.059902,251.43,125.715,20010302, 02:21:50.0000,-62.89216803,-60.14455889,-62.89281886,-60.14898089,-62.89250205,-60.14675889,4.1571E-05
699,511,1,-93.450217,4.896517,-83.028812,251.43,125.715,20010302, 02:22:30.0000,-62.8931025,-60.15120083,-62.89341915,-60.15341741,-62.8931025,-60.15120083,1.13604E-07
699,512,1,-92.526465,6.057068,-82.602651,251.43,125.715,20010302, 02:23:10.0000,-62.89373402,-60.15564222,-62.8940356,-60.15786586,-62.89373402,-60.15564222,1.40531E-07
699,513,1,-95.152204,3.308937,-84.285451,251.43,125.715,20010302, 02:23:50.0000,-62.894369,-60.1600985,-62.89466887,-60.1623143,-62.894369,-60.1600985,7.67709E-08
699,514,1,-95.829823,2.830914,-84.986639,251.43,125.715,20010302, 02:24:30.0000,-62.8950025,-60.16454958,-62.89531915,-60.1667995,-62.8950025,-60.16454958,6.56803E-08
699,515,1,-95.914649,2.776157,-81.955442,251.43,125.715,20010302, 02:25:10.0000,-62.8956347,-60.16900957,-62.89596908,-60.1712657,-62.8956347,-60.16900957,6.44098E-08
699,516,1,-94.76454,3.617886,-84.382319,251.43,125.715,20010302, 02:25:50.0000,-62.89630242,-60.17349903,-62.89661901,-60.17576642,-62.89630242,-60.17349903,8.39389E-08
699,517,1,-94.220217,4.100976,-84.715328,251.43,125.715,20010302, 02:26:30.0000,-62.89693545,-60.17801374,-62.8972347,-60.18025889,-62.89693545,-60.17801374,9.51471E-08
699,518,1,-95.351755,3.160337,-83.615087,251.43,125.715,20010302, 02:27:10.0000,-62.89756901,-60.18253308,-62.8978847,-60.18477624,-62.89756901,-60.18253308,7.33232E-08
699,519,1,-95.733909,2.89413,-86.260618,251.43,125.715,20010302, 02:27:50.0000,-62.89820135,-60.1870088,-62.89853443,-60.18918089,-62.89820135,-60.1870088,6.71469E-08
699,520,1,-90.435647,9.802667,-77.634043,251.43,125.715,20010302, 02:28:50.0000,-62.89883583,-60.19131625,-62.89950205,-60.19529085,-62.89912029,-60.19336449,2.27432E-07
699,521,1,-75.079241,336.499826,-55.523846,251.43,125.715,20010302, 02:29:30.0000,-62.89993583,-60.19713042,-62.90037042,-60.19893042,-62.89993583,-60.19713042,7.80716E-06
699,522,1,-76.713913,230.94983,-55.351477,251.43,125.715,20010302, 02:30:30.0000,-62.90080137,-60.2007235,-62.90168454,-60.20427328,-62.90123708,-60.20249708,5.35829E-06
699,523,1,-91.434909,7.787858,-75.521372,251.43,125.715,20010302, 02:31:10.0000,-62.90210205,-60.20605684,-62.90253696,-60.20784541,-62.90210205,-60.20605684,1.80687E-07
699,524,1,-91.324968,7.987523,-78.840094,251.43,125.715,20010302, 02:31:50.0000,-62.90296821,-60.20964179,-62.90338569,-60.2113963,-62.90296821,-60.20964179,1.85319E-07
699,525,1,-84.35624,39.74522,-64.732589,251.43,125.715,20010302, 02:32:50.0000,-62.90380267,-60.21316333,-62.90463708,-60.21662917,-62.90421897,-60.21489179,9.22132E-07
699,526,1,-87.805403,17.962577,-75.550984,251.43,125.715,20010302, 02:33:50.0000,-62.90505265,-60.21831327,-62.90583564,-60.22164103,-62.90543564,-60.21997436,4.16751E-07
699,527,1,-85.657572,29.454507,-75.618488,251.43,125.715,20010302, 02:34:30.0000,-62.90623585,-60.22331131,-62.90660398,-60.22492993,-62.90623585,-60.22331131,6.83376E-07
699,528,1,-87.225228,20.529868,-75.121934,251.43,125.715,20010302, 02:35:30.0000,-62.90698687,-60.22656178,-62.9077872,-60.22977826,-62.9073872,-60.22817955,4.76315E-07
699,529,1,-85.66503,29.403968,-74.960104,251.43,125.715,20010302, 02:36:30.0000,-62.90816821,-60.23134026,-62.90893487,-60.23440769,-62.90855258,-60.23287826,6.82204E-07
699,530,1,-84.882754,35.207362,-76.1764,251.43,125.715,20010302, 02:37:30.0000,-62.90930251,-60.23597923,-62.91003591,-60.23909493,-62.90966924,-60.23754493,8.16849E-07
699,531,1,-87.991102,17.210707,-78.389555,251.43,125.715,20010302, 02:38:10.0000,-62.9104202,-60.24064394,-62.91081924,-60.24219493,-62.9104202,-60.24064394,3.99307E-07
699,532,1,-81.088561,84.343744,-68.750239,251.43,125.715,20010302, 02:39:10.0000,-62.91118487,-60.24372359,-62.91191933,-60.24682867,-62.91155236,-60.24527727,1.95687E-06
699,533,1,-80.181433,103.935914,-61.221023,251.43,125.715,20010302, 02:40:10.0000,-62.91228606,-60.24834559,-62.91310386,-60.25122697,-62.91268569,-60.24980943,2.41143E-06
699,534,1,-78.593761,149.807245,-66.817987,251.43,125.715,20010302, 02:41:10.0000,-62.91353487,-60.25262282,-62.91440258,-60.25549364,-62.9139702,-60.25404394,3.47569E-06
699,535,1,-75.485671,306.437411,-65.761199,251.43,125.715,20010302, 02:42:10.0000,-62.91482053,-60.25692826,-62.91565354,-60.25984276,-62.91523569,-60.25839276,7.10968E-06
699,536,1,-76.279128,255.267863,-65.981652,251.43,125.715,20010302, 02:43:10.0000,-62.91608487,-60.26127282,-62.916936,-60.26414533,-62.91650231,-60.26269026,5.92249E-06
699,537,1,-78.923051,138.868541,-68.811189,251.43,125.715,20010302, 02:43:50.0000,-62.91735386,-60.26559493,-62.91778585,-60.26704464,-62.91735386,-60.26559493,3.2219E-06
699,538,1,-84.382209,39.508274,-71.075134,251.43,125.715,20010302, 02:44:50.0000,-62.918204,-60.26849533,-62.91905253,-60.2714101,-62.91863592,-60.26994498,9.16635E-07
699,539,1,-77.76562,181.278744,-68.853227,251.43,125.715,20010302, 02:45:50.0000,-62.91947044,-60.27284464,-62.92033585,-60.27569464,-62.91990256,-60.2742735,4.20586E-06
699,540,1,-78.097026,167.960163,-68.780688,251.43,125.715,20010302, 02:46:50.0000,-62.92076933,-60.27712867,-62.92162044,-60.27997797,-62.92118756,-60.27857935,3.89686E-06
699,541,1,-76.912686,220.617692,-66.43639,251.43,125.715,20010302, 02:47:50.0000,-62.92206933,-60.28139533,-62.92292069,-60.28431206,-62.92250256,-60.28285769,5.11857E-06
699,542,1,-75.731921,289.545524,-64.590265,251.43,125.715,20010302, 02:48:50.0000,-62.92333585,-60.28574464,-62.92417045,-60.28862803,-62.9237525,-60.28719458,6.71777E-06
699,543,1,-75.251894,323.384708,-58.829093,251.43,125.715,20010302, 02:49:50.0000,-62.92458744,-60.29007762,-62.92541923,-60.29290769,-62.92501838,-60.29149103,7.50287E-06
699,544,1,-75.540316,302.605874,-64.788378,251.43,125.715,20010302, 02:50:30.0000,-62.92583607,-60.29434428,-62.92625171,-60.29579103,-62.92583607,-60.29434428,7.02078E-06
699,545,1,-77.146492,209.054598,-65.994553,251.43,125.715,20010302, 02:51:30.0000,-62.92667045,-60.29722677,-62.92748583,-60.30006125,-62.92708577,-60.29862764,4.85029E-06
699,546,1,-76.406,247.918517,-64.428156,251.43,125.715,20010302, 02:52:30.0000,-62.9278859,-60.30152436,-62.92871917,-60.30442792,-62.92830388,-60.30299498,5.75198E-06
699,547,1,-77.792102,180.176762,-67.672239,251.43,125.715,20010302, 02:53:30.0000,-62.92915171,-60.30585684,-62.92998504,-60.30874103,-62.9295694,-60.30729428,4.1803E-06
699,548,1,-79.370327,125.278403,-68.621123,251.43,125.715,20010302, 02:54:30.0000,-62.93040253,-60.31017803,-62.93123504,-60.31304103,-62.93082077,-60.31161232,2.90659E-06
699,549,1,-78.306849,160.038321,-68.579104,251.43,125.715,20010302, 02:55:30.0000,-62.93165256,-60.31449103,-62.93251923,-60.31733932,-62.93208617,-60.315928,3.71306E-06
699,550,1,-79.404336,124.301189,-70.54772,251.43,125.715,20010302, 02:56:30.0000,-62.93303675,-60.31853932,-62.93422009,-60.32042094,-62.93360567,-60.31954183,2.88392E-06
699,551,1,-81.994306,68.466532,-69.399799,251.43,125.715,20010302, 02:57:30.0000,-62.93483675,-60.32128761,-62.93606923,-60.32302094,-62.93545411,-60.32217351,1.5885E-06
699,552,1,-80.10247,105.842955,-69.025722,251.43,125.715,20010302, 02:58:30.0000,-62.93670536,-60.3239067,-62.93798897,-60.32555564,-62.93733851,-60.32478981,2.45567E-06
699,553,1,-81.293391,80.458111,-69.76936,251.43,125.715,20010302, 02:59:30.0000,-62.93865342,-60.32620342,-62.94002009,-60.32745256,-62.93932236,-60.32683903,1.86671E-06
699,554,1,-84.517931,38.292687,-72.124968,251.43,125.715,20010302, 03:00:30.0000,-62.94070505,-60.32805505,-62.94210342,-60.32925256,-62.94140548,-60.32865548,8.88432E-07
699,555,1,-84.632797,37.293162,-72.200064,251.43,125.715,20010302, 03:01:30.0000,-62.94277174,-60.32985381,-62.94415342,-60.33117094,-62.94347233,-60.33050567,8.65242E-07
699,556,1,-85.699244,29.173228,-74.552738,251.43,125.715,20010302, 03:02:30.0000,-62.94482009,-60.33188675,-62.94618675,-60.33323675,-62.94548838,-60.33257172,6.7685E-07
699,557,1,-88.221447,16.321657,-75.77513,251.43,125.715,20010302, 03:03:30.0000,-62.94687172,-60.33388838,-62.94827009,-60.33517009,-62.94757009,-60.33452009,3.7868E-07
699,558,1,-86.524755,24.123117,-75.69892,251.43,125.715,20010302, 03:04:30.0000,-62.94897009,-60.33583675,-62.95033675,-60.33720342,-62.94963838,-60.33652172,5.59682E-07
699,559,1,-83.985611,43.286033,-73.039486,251.43,125.715,20010302, 03:05:30.0000,-62.9510043,-60.33788677,-62.95238709,-60.33920376,-62.95168883,-60.33857217,1.00428E-06
699,560,1,-82.766612,57.312285,-71.131245,251.43,125.715,20010302, 03:06:30.0000,-62.95310536,-60.33985536,-62.95450342,-60.34113675,-62.9538055,-60.3405055,1.32971E-06
699,561,1,-84.625876,37.352643,-71.531045,251.43,125.715,20010302, 03:07:30.0000,-62.95522233,-60.34182233,-62.95662043,-60.34313709,-62.9559065,-60.34248854,8.66622E-07
699,562,1,-86.250807,25.693796,-76.268685,251.43,125.715,20010302, 03:08:30.0000,-62.95732137,-60.34378709,-62.95872217,-60.3451055,-62.95802233,-60.34445567,5.96124E-07
699,563,1,-87.857693,17.7476,-77.288022,251.43,125.715,20010302, 03:09:30.0000,-62.95942233,-60.34577233,-62.96080376,-60.34707043,-62.96012203,-60.34642203,4.11763E-07
699,564,1,-82.499892,60.942422,-71.462821,251.43,125.715,20010302, 03:10:30.0000,-62.96150536,-60.34773869,-62.96292233,-60.34905567,-62.96220536,-60.34840536,1.41393E-06
699,565,1,-78.019186,170.997742,-68.009876,251.43,125.715,20010302, 03:11:30.0000,-62.96362233,-60.34972233,-62.96503803,-60.35102043,-62.96433854,-60.3503552,3.96733E-06
699,566,1,-76.641578,234.828692,-66.51291,251.43,125.715,20010302, 03:12:10.0000,-62.96575536,-60.35165536,-62.9664557,-60.3523057,-62.96575536,-60.35165536,5.44828E-06
699,567,1,-76.792327,226.817305,-66.150398,251.43,125.715,20010302, 03:13:10.0000,-62.96715376,-60.35295376,-62.96857233,-60.35427092,-62.96787233,-60.35360567,5.26241E-06
699,568,1,-78.537755,151.751658,-68.45373,251.43,125.715,20010302, 03:14:10.0000,-62.96927246,-60.35488913,-62.97067264,-60.35615597,-62.96998869,-60.35550536,3.5208E-06
699,569,1,-77.298067,201.884166,-66.698373,251.43,125.715,20010302, 03:15:10.0000,-62.97135376,-60.35682043,-62.97274045,-60.35818903,-62.97205533,-60.357522,4.68393E-06
699,570,1,-79.839834,112.441208,-66.966675,251.43,125.715,20010302, 03:16:10.0000,-62.9734547,-60.35886949,-62.97487413,-60.3601393,-62.974172,-60.35952067,2.60876E-06
699,571,1,-86.029486,27.037112,-72.262052,251.43,125.715,20010302, 03:17:10.0000,-62.97558709,-60.36077043,-62.97699003,-60.36207203,-62.9763057,-60.36142094,6.2729E-07
699,572,1,-92.564851,6.003768,-78.599864,251.43,125.715,20010302, 03:18:10.0000,-62.97770567,-60.36270567,-62.97910688,-60.3640055,-62.97840533,-60.36335533,1.39294E-07
699,573,1,-84.279399,40.454701,-70.673816,251.43,125.715,20010302, 03:19:10.0000,-62.97982043,-60.36463709,-62.98127246,-60.36597391,-62.98054007,-60.36530539,9.38593E-07
699,574,1,-85.114645,33.376781,-71.119016,251.43,125.715,20010302, 03:20:10.0000,-62.98200376,-60.36665376,-62.98347417,-60.36802267,-62.98273709,-60.36732043,7.74377E-07
699,575,1,-80.908252,87.919207,-67.713988,251.43,125.715,20010302, 03:21:10.0000,-62.98422264,-60.36870597,-62.98572205,-60.37007205,-62.98497043,-60.36938709,2.03982E-06
699,576,1,-75.620979,297.037298,-61.657377,251.43,125.715,20010302, 03:21:50.0000,-62.98647246,-60.37073913,-62.98722379,-60.37138903,-62.98647246,-60.37073913,6.89159E-06
699,577,1,-77.225212,205.299414,-65.091892,251.43,125.715,20010302, 03:22:50.0000,-62.98798933,-60.372056,-62.98950673,-60.37342205,-62.98873803,-60.37272043,4.76317E-06
699,578,1,-74.702469,366.996621,-62.311568,251.43,125.715,20010302, 03:23:50.0000,-62.99027317,-60.37408854,-62.99180712,-60.37547236,-62.99103803,-60.37478709,8.51472E-06
699,579,1,-72.081486,671.058425,-61.660996,251.43,125.715,20010302, 03:24:30.0000,-62.99257246,-60.3761058,-62.99332413,-60.37675597,-62.99257246,-60.3761058,1.55693E-05
699,580,1,-72.855073,561.567058,-61.110936,251.43,125.715,20010302, 03:25:30.0000,-62.99408803,-60.37743803,-62.99559058,-60.3788058,-62.99484058,-60.37812246,1.3029E-05
699,581,1,-75.605323,298.110038,-64.139598,251.43,125.715,20010302, 03:26:30.0000,-62.99635539,-60.37947071,-62.9978547,-60.38078709,-62.99710725,-60.3801058,6.91647E-06
699,582,1,-76.405945,247.921628,-65.741695,251.43,125.715,20010302, 03:27:30.0000,-62.99862137,-60.38148803,-63.00014083,-60.38288933,-62.99939083,-60.382206,5.75205E-06
699,583,1,-74.822588,356.985165,-58.778987,251.43,125.715,20010302, 03:28:10.0000,-63.0009057,-60.38357379,-63.0016722,-60.38427358,-63.0009057,-60.38357379,8.28244E-06
699,584,1,-73.020873,540.53225,-60.761635,251.43,125.715,20010302, 03:29:10.0000,-63.00242077,-60.3850041,-63.00387417,-60.38642417,-63.00314083,-60.38572267,1.25409E-05
699,585,1,-73.932107,438.22606,-60.885662,251.43,125.715,20010302, 03:30:10.0000,-63.00463744,-60.38712179,-63.00612267,-60.38848933,-63.00538903,-60.38782236,1.01673E-05
699,586,1,-78.692487,146.440182,-66.582872,251.43,125.715,20010302, 03:31:10.0000,-63.0068541,-60.38917077,-63.00833933,-60.39062417,-63.00759042,-60.38989042,3.39757E-06
699,587,1,-79.801784,113.430677,-70.179623,251.43,125.715,20010302, 03:31:50.0000,-63.00909083,-60.39137267,-63.00983846,-60.39210513,-63.00909083,-60.39137267,2.63171E-06
699,588,1,-79.37004,125.286689,-68.643511,251.43,125.715,20010302, 03:32:50.0000,-63.01057179,-60.39278744,-63.01208744,-60.39417077,-63.01132077,-60.3934541,2.90679E-06
699,589,1,-77.422562,196.179109,-67.854488,251.43,125.715,20010302, 03:33:50.0000,-63.01282417,-60.394856,-63.01433903,-60.39627236,-63.01358744,-60.3955541,4.55157E-06
699,590,1,-79.532089,120.697986,-67.750281,251.43,125.715,20010302, 03:34:50.0000,-63.0150742,-60.3969742,-63.01657077,-60.39838744,-63.01582179,-60.3977041,2.80032E-06
699,591,1,-75.168221,329.675643,-65.143062,251.43,125.715,20010302, 03:35:30.0000,-63.0173242,-60.39903936,-63.01805513,-60.39973744,-63.0173242,-60.39903936,7.64883E-06
699,592,1,-73.76872,455.026728,-62.332565,251.43,125.715,20010302, 03:36:30.0000,-63.0188057,-60.40047379,-63.02029121,-60.40197297,-63.01954098,-60.40122432,1.05571E-05
699,593,1,-73.525183,481.272033,-62.5909,251.43,125.715,20010302, 03:37:30.0000,-63.02102077,-60.40268744,-63.02253964,-60.40402297,-63.02177432,-60.40335612,1.1166E-05
699,594,1,-76.498898,242.671705,-63.571855,251.43,125.715,20010302, 03:38:30.0000,-63.02328744,-60.4046541,-63.02478846,-60.40602179,-63.02404049,-60.40532239,5.63025E-06
699,595,1,-74.140343,417.709797,-61.488759,251.43,125.715,20010302, 03:39:30.0000,-63.02554087,-60.40678936,-63.02702077,-60.40823846,-63.02628906,-60.40752382,9.69132E-06
699,596,1,-74.60808,375.060188,-61.335055,251.43,125.715,20010302, 03:40:10.0000,-63.02775715,-60.40895572,-63.028523,-60.40965633,-63.02775715,-60.40895572,8.7018E-06
699,597,1,-78.69641,146.30795,-66.634423,251.43,125.715,20010302, 03:41:10.0000,-63.02927179,-60.41032179,-63.03077279,-60.41163945,-63.03003744,-60.41098641,3.3945E-06
699,598,1,-74.424183,391.282664,-61.083751,251.43,125.715,20010302, 03:42:10.0000,-63.03152077,-60.41232077,-63.033023,-60.41375792,-63.03227382,-60.41303906,9.07818E-06
699,599,1,-76.764796,228.25977,-63.265604,251.43,125.715,20010302, 03:43:10.0000,-63.03375765,-60.41447279,-63.03527279,-60.41583945,-63.03452077,-60.41517077,5.29587E-06
699,600,1,-81.02404,85.606148,-69.004429,251.43,125.715,20010302, 03:43:50.0000,-63.03600513,-60.4165041,-63.03675715,-60.41715572,-63.03600513,-60.4165041,1.98615E-06
699,601,1,-81.86769,70.492012,-70.242342,251.43,125.715,20010302, 03:44:50.0000,-63.037523,-60.41783967,-63.03899125,-60.419223,-63.03825765,-60.41852279,1.63549E-06
699,602,1,-78.300511,160.272071,-68.415325,251.43,125.715,20010302, 03:45:50.0000,-63.03972358,-60.41992358,-63.04120715,-60.42132239,-63.04047077,-60.42063744,3.71848E-06
699,603,1,-77.707693,183.712879,-66.395478,251.43,125.715,20010302, 03:46:50.0000,-63.041973,-60.42198967,-63.04347182,-60.42333746,-63.04272432,-60.42265612,4.26234E-06
699,604,1,-77.856721,177.515726,-66.366607,251.43,125.715,20010302, 03:47:50.0000,-63.04422333,-60.42397333,-63.04537117,-60.42597867,-63.04490459,-60.42480918,4.11856E-06
699,605,1,-73.527764,480.986154,-55.79018,251.43,125.715,20010302, 03:48:50.0000,-63.04575321,-60.42736282,-63.04645222,-60.43024333,-63.04611974,-60.4287805,1.11594E-05
699,606,1,-82.201538,65.276242,-68.263796,251.43,125.715,20010302, 03:49:30.0000,-63.04682142,-60.43174758,-63.04722,-60.43326,-63.04682142,-60.43174758,1.51448E-06
699,607,1,-83.511225,48.282127,-71.932729,251.43,125.715,20010302, 03:50:30.0000,-63.04760222,-60.43479333,-63.04837142,-60.43784917,-63.04798665,-60.43633159,1.1202E-06
699,608,1,-86.57948,23.821051,-74.283369,251.43,125.715,20010302, 03:51:30.0000,-63.04878667,-60.43936,-63.04977,-60.44217556,-63.04925475,-60.440796,5.52674E-07
699,609,1,-80.489352,96.821926,-68.935396,251.43,125.715,20010302, 03:52:30.0000,-63.05030452,-60.44354539,-63.05138667,-60.44622667,-63.05083977,-60.44486288,2.24637E-06
699,610,1,-81.642291,74.247158,-71.227708,251.43,125.715,20010302, 03:53:10.0000,-63.0519233,-60.44761493,-63.05245585,-60.4490465,-63.0519233,-60.44761493,1.72261E-06
699,611,1,-82.256278,64.458638,-70.033099,251.43,125.715,20010302, 03:54:10.0000,-63.05297164,-60.45046493,-63.05402167,-60.45338,-63.05348778,-60.45191,1.49551E-06
699,612,1,-79.009477,136.132318,-67.346056,251.43,125.715,20010302, 03:55:10.0000,-63.05455333,-60.45479333,-63.05563816,-60.45766449,-63.05510333,-60.45624222,3.15842E-06
699,613,1,-82.311116,63.649849,-71.959636,251.43,125.715,20010302, 03:55:50.0000,-63.05617,-60.45909222,-63.05668667,-60.46051,-63.05617,-60.45909222,1.47675E-06
699,614,1,-74.436828,390.145103,-55.311311,251.43,125.715,20010302, 03:56:50.0000,-63.05722128,-60.46194717,-63.05828788,-60.46489697,-63.05775333,-60.46339333,9.05179E-06
699,615,1,-82.056566,67.492003,-67.926756,251.43,125.715,20010302, 03:57:50.0000,-63.0588215,-60.46638116,-63.05982,-60.46939333,-63.05932,-60.46787667,1.56589E-06
699,616,1,-85.858989,28.11966,-71.92204,251.43,125.715,20010302, 03:58:30.0000,-63.06035455,-60.47091364,-63.06085333,-60.47239333,-63.06035455,-60.47091364,6.52406E-07
699,617,1,-87.682126,18.479761,-73.165903,251.43,125.715,20010302, 03:59:30.0000,-63.06135333,-60.47386,-63.06237,-60.47680889,-63.06187106,-60.47534504,4.2875E-07
699,618,1,-84.566018,37.871029,-70.526125,251.43,125.715,20010302, 04:00:30.0000,-63.06287121,-60.47826364,-63.06392,-60.48117667,-63.06340333,-60.47972556,8.78649E-07
699,619,1,-88.816365,14.232212,-74.023233,251.43,125.715,20010302, 04:01:10.0000,-63.06443833,-60.48264833,-63.0649715,-60.48412955,-63.06443833,-60.48264833,3.30203E-07
699,620,1,-90.994258,8.619521,-76.835355,251.43,125.715,20010302, 04:02:10.0000,-63.06547,-60.48559333,-63.06648772,-60.48852984,-63.06597106,-60.48706317,1.99982E-07
699,621,1,-95.090357,3.356396,-82.437536,251.43,125.715,20010302, 04:03:10.0000,-63.06700333,-60.48997556,-63.06803833,-60.49283167,-63.06752167,-60.49139833,7.7872E-08
699,622,1,-98.961071,1.376581,-88.218275,251.43,125.715,20010302, 04:03:50.0000,-63.06857167,-60.49429667,-63.06908667,-60.49574333,-63.06857167,-60.49429667,3.19382E-08
699,623,1,-97.221953,2.054536,-81.557713,251.43,125.715,20010302, 04:04:50.0000,-63.06960503,-60.49720008,-63.07060333,-60.50019833,-63.07010333,-60.49871,4.76674E-08
699,624,1,-95.371259,3.146176,-81.906157,251.43,125.715,20010302, 04:05:50.0000,-63.07108856,-60.50168234,-63.07213788,-60.50459697,-63.07160483,-60.50314783,7.29947E-08
699,625,1,-96.095924,2.662665,-85.725673,251.43,125.715,20010302, 04:06:30.0000,-63.07267343,-60.50603188,-63.07322142,-60.50744758,-63.07267343,-60.50603188,6.17767E-08
699,626,1,-96.139916,2.635829,-84.794901,251.43,125.715,20010302, 04:07:30.0000,-63.07375637,-60.50889765,-63.07482026,-60.5118453,-63.07430485,-60.5103479,6.11541E-08
699,627,1,-97.200769,2.064581,-83.584893,251.43,125.715,20010302, 04:08:30.0000,-63.07533813,-60.51336439,-63.07633841,-60.51631522,-63.07583841,-60.51484686,4.79005E-08
699,628,1,-96.001905,2.720937,-84.005037,251.43,125.715,20010302, 04:09:10.0000,-63.07687146,-60.51779773,-63.07740525,-60.51924733,-63.07687146,-60.51779773,6.31287E-08
699,629,1,-96.957373,2.183593,-87.654936,251.43,125.715,20010302, 04:10:10.0000,-63.07793692,-60.52064291,-63.07900676,-60.52349855,-63.07847145,-60.52205957,5.06617E-08
699,630,1,-93.920525,4.393963,-81.929338,251.43,125.715,20010302, 04:11:10.0000,-63.07950359,-60.5249441,-63.08055525,-60.52783242,-63.08002146,-60.52639773,1.01945E-07
699,631,1,-94.962834,3.456412,-84.000428,251.43,125.715,20010302, 04:11:50.0000,-63.08107145,-60.52927624,-63.08160479,-60.53067624,-63.08107145,-60.52927624,8.01925E-08
699,632,1,-93.232024,5.148806,-80.786051,251.43,125.715,20010302, 04:12:50.0000,-63.08215507,-60.53211353,-63.08322146,-60.53494773,-63.08268692,-60.53352624,1.19458E-07
699,633,1,-94.700849,3.671335,-83.774558,251.43,125.715,20010302, 04:13:50.0000,-63.08372174,-60.53643188,-63.08473813,-60.53934773,-63.08423692,-60.53789291,8.51789E-08
699,634,1,-94.593248,3.763433,-83.110784,251.43,125.715,20010302, 04:14:30.0000,-63.08527174,-60.54079855,-63.08578692,-60.54219291,-63.08527174,-60.54079855,8.73157E-08
699,635,1,-96.52068,2.414577,-85.348269,251.43,125.715,20010302, 04:15:30.0000,-63.08632146,-60.54363106,-63.08738841,-60.54646522,-63.086857,-60.54504908,5.60208E-08
699,636,1,-100.813239,0.898639,-88.972838,251.43,125.715,20010302, 04:16:30.0000,-63.0879048,-60.54793106,-63.08892026,-60.55077744,-63.08840507,-60.54936353,2.08494E-08
699,637,1,-98.091785,1.68163,-87.471956,251.43,125.715,20010302, 04:17:10.0000,-63.0894048,-60.55221279,-63.0899213,-60.55359724,-63.0894048,-60.55221279,3.90156E-08
699,638,1,-96.136563,2.637865,-82.578941,251.43,125.715,20010302, 04:18:10.0000,-63.09043692,-60.55500957,-63.09150507,-60.55786353,-63.09097146,-60.55643106,6.12013E-08
699,639,1,-96.589942,2.376374,-84.023272,251.43,125.715,20010302, 04:19:10.0000,-63.09202026,-60.5592941,-63.09307026,-60.56215957,-63.09253813,-60.56073106,5.51344E-08
699,640,1,-95.59508,2.98814,-79.020334,251.43,125.715,20010302, 04:20:10.0000,-63.09357026,-60.56357624,-63.09460507,-60.56638188,-63.09408813,-60.56496439,6.93281E-08
699,641,1,-96.799871,2.264237,-83.394242,251.43,125.715,20010302, 04:20:50.0000,-63.09512145,-60.56781077,-63.0956548,-60.56924773,-63.09512145,-60.56781077,5.25327E-08
699,642,1,-99.646261,1.175663,-86.241826,251.43,125.715,20010302, 04:21:50.0000,-63.09617174,-60.57069855,-63.0972048,-60.57359773,-63.09668692,-60.5721441,2.72767E-08
699,643,1,-97.510797,1.922336,-83.921014,251.43,125.715,20010302, 04:22:50.0000,-63.09770507,-60.57506522,-63.09873653,-60.57794613,-63.09822026,-60.5764941,4.46003E-08
699,644,1,-98.032524,1.704733,-84.87462,251.43,125.715,20010302, 04:23:30.0000,-63.09923858,-60.57936575,-63.09977192,-60.58078242,-63.09923858,-60.57936575,3.95517E-08
699,645,1,-95.493971,3.058524,-81.327692,251.43,125.715,20010302, 04:24:30.0000,-63.10028813,-60.58219613,-63.10130463,-60.5850639,-63.10078841,-60.58361522,7.09611E-08
699,646,1,-94.887187,3.517144,-77.706849,251.43,125.715,20010302, 04:25:30.0000,-63.10180463,-60.58648057,-63.10283692,-60.5892941,-63.10230547,-60.58791459,8.16015E-08
699,647,1,-96.323791,2.526561,-81.562162,251.43,125.715,20010302, 04:26:10.0000,-63.10337146,-60.59071439,-63.10387198,-60.59214928,-63.10337146,-60.59071439,5.86189E-08
699,648,1,-94.38752,3.945999,-79.786511,251.43,125.715,20010302, 04:27:10.0000,-63.10440383,-60.59359354,-63.10543865,-60.59643261,-63.10492172,-60.59503013,9.15514E-08
699,649,1,-89.44141,12.32446,-75.044053,251.43,125.715,20010302, 04:28:10.0000,-63.10597051,-60.59786026,-63.10702176,-60.60069693,-63.10648838,-60.5992968,2.85941E-07
699,650,1,-81.310491,80.141929,-68.358328,251.43,125.715,20010302, 04:29:10.0000,-63.10753718,-60.60212692,-63.10855488,-60.60499797,-63.10805505,-60.60356515,1.85938E-06
699,651,1,-78.709763,145.858783,-68.57238,251.43,125.715,20010302, 04:29:50.0000,-63.10907051,-60.60644359,-63.10958838,-60.60788013,-63.10907051,-60.60644359,3.38408E-06
699,652,1,-78.423545,155.795334,-68.802207,251.43,125.715,20010302, 04:30:50.0000,-63.11012198,-60.60929928,-63.11118838,-60.6121468,-63.11065385,-60.61071154,3.61462E-06
699,653,1,-81.386503,78.751456,-69.519886,251.43,125.715,20010302, 04:31:50.0000,-63.11172179,-60.61356026,-63.11275505,-60.61643182,-63.11223718,-60.61497821,1.82712E-06
699,654,1,-82.848556,56.241037,-73.172552,251.43,125.715,20010302, 04:32:30.0000,-63.11327021,-60.61788261,-63.11375385,-60.61936154,-63.11327021,-60.61788261,1.30485E-06
699,655,1,-83.756594,45.629902,-71.377508,251.43,125.715,20010302, 04:33:30.0000,-63.11425505,-60.62084848,-63.11527154,-60.6236813,-63.11477198,-60.62228261,1.05866E-06
699,656,1,-82.998545,54.331842,-70.276274,251.43,125.715,20010302, 04:34:30.0000,-63.11578838,-60.62508182,-63.11683846,-60.62792692,-63.11632154,-60.62649634,1.26056E-06
699,657,1,-84.742378,36.363958,-72.189122,251.43,125.715,20010302, 04:35:10.0000,-63.11737051,-60.62932692,-63.11788865,-60.63074928,-63.11737051,-60.62932692,8.43683E-07
699,658,1,-87.874682,17.678311,-77.421424,251.43,125.715,20010302, 04:36:10.0000,-63.11840385,-60.63219487,-63.11943846,-60.63504487,-63.11890505,-60.63361515,4.10156E-07
699,659,1,-90.945422,8.716993,-78.083544,251.43,125.715,20010302, 04:37:10.0000,-63.11997051,-60.63647692,-63.12098718,-60.63937692,-63.12048838,-60.63791515,2.02244E-07
699,660,1,-93.709427,4.612817,-80.646386,251.43,125.715,20010302, 04:37:50.0000,-63.12152179,-60.64082692,-63.12207172,-60.6422468,-63.12152179,-60.64082692,1.07022E-07
699,661,1,-91.507938,7.657996,-78.024403,251.43,125.715,20010302, 04:38:50.0000,-63.1226055,-60.643698,-63.12364007,-60.64658182,-63.12312051,-60.64511154,1.77674E-07
699,662,1,-89.099541,13.333826,-76.077257,251.43,125.715,20010302, 04:39:50.0000,-63.1241555,-60.6480665,-63.1251734,-60.65101515,-63.12467051,-60.64956154,3.09359E-07
699,663,1,-89.570906,11.9624,-72.811455,251.43,125.715,20010302, 04:40:50.0000,-63.12570531,-60.65244928,-63.12675513,-60.65534359,-63.12622051,-60.65389487,2.77541E-07
699,664,1,-82.719135,57.942258,-69.970949,251.43,125.715,20010302, 04:41:30.0000,-63.12727198,-60.65678261,-63.12777051,-60.65824487,-63.12727198,-60.65678261,1.34432E-06
699,665,1,-86.156261,26.259281,-72.913184,251.43,125.715,20010302, 04:42:30.0000,-63.12830488,-60.65971301,-63.12932198,-60.66263084,-63.12880531,-60.66116594,6.09244E-07
699,666,1,-87.013486,21.555612,-74.384598,251.43,125.715,20010302, 04:43:30.0000,-63.12985505,-60.66408013,-63.13090385,-60.66697821,-63.13038865,-60.66553261,5.00113E-07
699,667,1,-89.554659,12.007236,-78.097797,251.43,125.715,20010302, 04:44:10.0000,-63.13143718,-60.66841154,-63.13193865,-60.66988438,-63.13143718,-60.66841154,2.78581E-07
699,668,1,-90.028052,10.767223,-77.089821,251.43,125.715,20010302, 04:45:10.0000,-63.13247154,-60.67136301,-63.133524,-60.674198,-63.13300488,-60.67276463,2.49811E-07
699,669,1,-88.237616,16.261001,-77.454443,251.43,125.715,20010302, 04:45:50.0000,-63.13407198,-60.67564928,-63.13460385,-60.67712821,-63.13407198,-60.67564928,3.77273E-07
699,670,1,-88.888423,13.998021,-73.399766,251.43,125.715,20010302, 04:46:50.0000,-63.13512051,-60.67859487,-63.13617176,-60.68156529,-63.13563821,-60.68007967,3.24769E-07
699,671,1,-86.718928,23.06833,-73.73779,251.43,125.715,20010302, 04:47:50.0000,-63.13668867,-60.68304757,-63.13772194,-60.68596583,-63.1372041,-60.68451094,5.3521E-07
699,672,1,-88.90476,13.945463,-79.141057,251.43,125.715,20010302, 04:48:30.0000,-63.13825534,-60.68741602,-63.13878744,-60.68891231,-63.13825534,-60.68741602,3.2355E-07
699,673,1,-88.414945,15.610416,-78.915898,251.43,125.715,20010302, 04:49:30.0000,-63.1393235,-60.6903987,-63.1403541,-60.69334564,-63.13983846,-60.69188203,3.62178E-07
699,674,1,-86.754122,22.882147,-75.18231,251.43,125.715,20010302, 04:50:30.0000,-63.14083864,-60.69484924,-63.1418541,-60.69779564,-63.14135533,-60.69633266,5.3089E-07
699,675,1,-87.450386,19.492626,-77.723643,251.43,125.715,20010302, 04:51:10.0000,-63.1423735,-60.69926537,-63.14288744,-60.70074564,-63.1423735,-60.69926537,4.5225E-07
699,676,1,-90.718544,9.184478,-78.740609,251.43,125.715,20010302, 04:52:10.0000,-63.14340512,-60.70221537,-63.14447222,-60.7052,-63.14393846,-60.70371366,2.1309E-07
699,677,1,-92.015212,6.813773,-80.591759,251.43,125.715,20010302, 04:53:10.0000,-63.14498744,-60.70671094,-63.14602214,-60.70962897,-63.14550512,-60.70818203,1.58087E-07
699,678,1,-90.632813,9.367586,-77.195319,251.43,125.715,20010302, 04:53:50.0000,-63.1465388,-60.71106231,-63.14705512,-60.71253203,-63.1465388,-60.71106231,2.17338E-07
699,679,1,-87.063389,21.309343,-73.234397,251.43,125.715,20010302, 04:54:50.0000,-63.14757214,-60.71402897,-63.1486041,-60.71701368,-63.14808846,-60.71551537,4.944E-07
699,680,1,-85.533642,30.307121,-72.642553,251.43,125.715,20010302, 04:55:50.0000,-63.1491037,-60.71853333,-63.15012077,-60.72151231,-63.14958744,-60.72002897,7.03158E-07
699,681,1,-81.400628,78.495752,-70.721816,251.43,125.715,20010302, 04:56:30.0000,-63.15063744,-60.72296231,-63.15112077,-60.72446094,-63.15063744,-60.72296231,1.82119E-06
699,682,1,-81.68939,73.446296,-67.584247,251.43,125.715,20010302, 04:57:30.0000,-63.15163846,-60.7259487,-63.15265512,-60.72888033,-63.15215556,-60.72741667,1.70403E-06
699,683,1,-81.821238,71.250048,-68.752366,251.43,125.715,20010302, 04:58:30.0000,-63.1531553,-60.73034747,-63.15417242,-60.73326725,-63.15367222,-60.73181481,1.65308E-06
699,684,1,-82.478913,61.237525,-70.501491,251.43,125.715,20010302, 04:59:10.0000,-63.15468744,-60.73474564,-63.1552391,-60.73619872,-63.15468744,-60.73474564,1.42078E-06
699,685,1,-87.71465,18.341882,-75.654989,251.43,125.715,20010302, 05:00:10.0000,-63.15575547,-60.73762897,-63.15682222,-60.74051481,-63.15628864,-60.73908081,4.25551E-07
699,686,1,-89.324446,12.660891,-74.056733,251.43,125.715,20010302, 05:01:10.0000,-63.1573541,-60.74194564,-63.15842222,-60.7448,-63.15788864,-60.74338081,2.93746E-07
699,687,1,-83.83584,44.804837,-68.301321,251.43,125.715,20010302, 05:01:50.0000,-63.15893744,-60.74624564,-63.15947197,-60.74769924,-63.15893744,-60.74624564,1.03952E-06
699,688,1,-77.953462,173.60521,-66.554666,251.43,125.715,20010302, 05:02:50.0000,-63.15998908,-60.749132,-63.16103864,-60.75198081,-63.1605041,-60.75054564,4.02783E-06
699,689,1,-79.463081,122.631166,-68.579743,251.43,125.715,20010302, 05:03:50.0000,-63.16157222,-60.75338333,-63.1626053,-60.75628258,-63.1621041,-60.75482897,2.84518E-06
699,690,1,-81.553922,75.773396,-68.868036,251.43,125.715,20010302, 05:04:30.0000,-63.16308889,-60.75773333,-63.16362192,-60.75919733,-63.16308889,-60.75773333,1.75802E-06
699,691,1,-80.948759,87.102982,-68.861933,251.43,125.715,20010302, 05:05:30.0000,-63.16415711,-60.76063266,-63.16527192,-60.763514,-63.16472436,-60.76208397,2.02088E-06
699,692,1,-79.990063,108.618202,-67.89129,251.43,125.715,20010302, 05:06:30.0000,-63.16578846,-60.7649487,-63.16685525,-60.76778067,-63.1663053,-60.76638081,2.52006E-06
699,693,1,-80.34389,100.119796,-69.595953,251.43,125.715,20010302, 05:07:10.0000,-63.16738866,-60.76916599,-63.16792079,-60.77056237,-63.16738866,-60.76916599,2.32289E-06
699,694,1,-82.342454,63.19221,-70.696888,251.43,125.715,20010302, 05:08:10.0000,-63.16843746,-60.77201237,-63.16947203,-60.77499764,-63.16895436,-60.77351308,1.46613E-06
699,695,1,-85.605714,29.808325,-72.287725,251.43,125.715,20010302, 05:09:10.0000,-63.16998769,-60.77641308,-63.17107203,-60.7792661,-63.17052174,-60.77784856,6.91585E-07
699,696,1,-84.159744,41.584793,-71.735575,251.43,125.715,20010302, 05:09:50.0000,-63.1716055,-60.780698,-63.17212222,-60.78211667,-63.1716055,-60.780698,9.64812E-07
699,697,1,-78.965543,137.516431,-65.562457,251.43,125.715,20010302, 05:10:50.0000,-63.17265436,-60.78352829,-63.17370556,-60.78641667,-63.17318886,-60.78498141,3.19053E-06
699,698,1,-83.002083,54.287596,-67.977059,251.43,125.715,20010302, 05:11:50.0000,-63.17422103,-60.78787829,-63.175256,-60.790766,-63.17475291,-60.78931162,1.25953E-06
699,699,1,-89.31606,12.685364,-75.676131,251.43,125.715,20010302, 05:12:30.0000,-63.17578913,-60.79221739,-63.17632246,-60.79366546,-63.17578913,-60.79221739,2.94314E-07
699,700,1,-94.550399,3.800747,-80.245835,251.43,125.715,20010302, 05:13:30.0000,-63.1768387,-60.79509764,-63.17790436,-60.79799496,-63.17737246,-60.79655072,8.81814E-08
699,701,1,-88.567584,15.071293,-74.037453,251.43,125.715,20010302, 05:14:30.0000,-63.17842382,-60.7994161,-63.17945436,-60.80231308,-63.1789558,-60.80085072,3.4967E-07
699,702,1,-84.794377,35.93116,-70.232347,251.43,125.715,20010302, 05:15:30.0000,-63.1799387,-60.8037661,-63.18093915,-60.80667974,-63.18043913,-60.80523406,8.33642E-07
699,703,1,-85.260119,32.277286,-69.792293,251.43,125.715,20010302, 05:16:10.0000,-63.18145581,-60.80812829,-63.1820058,-60.80951739,-63.18145581,-60.80812829,7.48868E-07
699,704,1,-81.539206,76.03059,-68.818888,251.43,125.715,20010302, 05:17:10.0000,-63.18255436,-60.81091308,-63.18362246,-60.81374879,-63.18308889,-60.81233148,1.76399E-06
699,705,1,-79.734259,115.208101,-67.066933,251.43,125.715,20010302, 05:18:10.0000,-63.18415436,-60.81519641,-63.18518769,-60.81812829,-63.18467103,-60.81664641,2.67295E-06
699,706,1,-81.112519,83.879733,-68.277604,251.43,125.715,20010302, 05:18:50.0000,-63.18570436,-60.81957974,-63.18622222,-60.82103333,-63.18570436,-60.81957974,1.9461E-06
699,707,1,-83.011854,54.165599,-70.063207,251.43,125.715,20010302, 05:19:50.0000,-63.18675436,-60.82246308,-63.18783769,-60.82522974,-63.18730436,-60.82384496,1.2567E-06
699,708,1,-83.19234,51.960694,-70.271463,251.43,125.715,20010302, 05:20:50.0000,-63.18837103,-60.82661308,-63.18942222,-60.82944815,-63.18890436,-60.82802829,1.20554E-06
699,709,1,-80.00908,108.143631,-70.39857,251.43,125.715,20010302, 05:21:30.0000,-63.18990601,-60.83090136,-63.19042103,-60.83232974,-63.18990601,-60.83090136,2.50905E-06
699,710,1,-77.050362,213.733586,-66.820805,251.43,125.715,20010302, 05:22:30.0000,-63.1909387,-60.83378098,-63.19197103,-60.83664641,-63.1914558,-60.83525072,4.95885E-06
699,711,1,-75.700856,291.624026,-65.144882,251.43,125.715,20010302, 05:23:30.0000,-63.19250436,-60.83806308,-63.19355436,-60.84091308,-63.19302222,-60.83948333,6.76599E-06
699,712,1,-72.642545,589.731631,-62.172139,251.43,125.715,20010302, 05:24:30.0000,-63.19407203,-60.84234943,-63.19508915,-60.84514496,-63.19458913,-60.84376739,1.36824E-05
699,713,1,-73.598673,473.196601,-64.006112,251.43,125.715,20010302, 05:25:10.0000,-63.19560715,-60.84653276,-63.1961227,-60.84796809,-63.19560715,-60.84653276,1.09787E-05
699,714,1,-73.781665,453.672431,-63.875007,251.43,125.715,20010302, 05:26:10.0000,-63.19662103,-60.84937974,-63.19758769,-60.85229641,-63.19710537,-60.85084764,1.05257E-05
699,715,1,-71.443038,777.329375,-60.735247,251.43,125.715,20010302, 05:27:10.0000,-63.19807103,-60.85377974,-63.19905601,-60.85669936,-63.19857222,-60.85525,1.80349E-05
699,716,1,-75.499785,305.443178,-64.245945,251.43,125.715,20010302, 05:27:50.0000,-63.19953769,-60.85816162,-63.20002222,-60.8596,-63.19953769,-60.85816162,7.08661E-06
699,717,1,-76.101705,265.9123,-64.736825,251.43,125.715,20010302, 05:28:50.0000,-63.20050604,-60.86100145,-63.20150462,-60.86387897,-63.20100462,-60.86244718,6.16945E-06
699,718,1,-79.45626,122.823919,-69.801183,251.43,125.715,20010302, 05:29:50.0000,-63.20203937,-60.86530145,-63.20305581,-60.86813215,-63.20255462,-60.86669718,2.84965E-06
699,719,1,-83.214728,51.693526,-71.719586,251.43,125.715,20010302, 05:30:50.0000,-63.20355604,-60.86956812,-63.20452247,-60.87245076,-63.20403795,-60.87101385,1.19935E-06
699,720,1,-84.421898,39.148857,-72.599727,251.43,125.715,20010302, 05:31:30.0000,-63.20503937,-60.87388478,-63.20552128,-60.87531231,-63.20503937,-60.87388478,9.08296E-07
699,721,1,-79.976558,108.956508,-69.337859,251.43,125.715,20010302, 05:32:30.0000,-63.20602247,-60.87673215,-63.20705462,-60.87949564,-63.20653937,-60.87810145,2.52791E-06
699,722,1,-84.297199,40.289236,-69.238723,251.43,125.715,20010302, 05:33:30.0000,-63.20757247,-60.88091742,-63.20857128,-60.88372897,-63.20808937,-60.8823161,9.34754E-07
699,723,1,-84.693062,36.779238,-72.913694,251.43,125.715,20010302, 05:34:30.0000,-63.20905462,-60.88519564,-63.21003795,-60.88808051,-63.20955561,-60.8866335,8.53318E-07
699,724,1,-82.28231,64.073424,-70.184652,251.43,125.715,20010302, 05:35:10.0000,-63.21055561,-60.88951683,-63.2110411,-60.89094887,-63.21055561,-60.88951683,1.48657E-06
699,725,1,-83.193561,51.946086,-69.754446,251.43,125.715,20010302, 05:36:10.0000,-63.21155561,-60.89236496,-63.21255462,-60.89519718,-63.21205581,-60.89379882,1.20521E-06
699,726,1,-77.063533,213.08634,-64.662746,251.43,125.715,20010302, 05:37:10.0000,-63.21305462,-60.89661231,-63.21407271,-60.89943277,-63.21357247,-60.89803215,4.94383E-06
699,727,1,-77.988646,172.204418,-66.094021,251.43,125.715,20010302, 05:38:10.0000,-63.21457242,-60.90084867,-63.21555462,-60.90369564,-63.21507247,-60.90224882,3.99533E-06
699,728,1,-75.528583,303.424466,-65.359192,251.43,125.715,20010302, 05:39:10.0000,-63.21603908,-60.90510058,-63.21702128,-60.90791231,-63.21653914,-60.90651742,7.03977E-06
699,729,1,-79.642837,117.659025,-67.563735,251.43,125.715,20010302, 05:39:50.0000,-63.21752128,-60.90931231,-63.21802128,-60.91073051,-63.21752128,-60.90931231,2.72982E-06
699,730,1,-79.10981,133.023357,-67.605055,251.43,125.715,20010302, 05:40:50.0000,-63.21852128,-60.91216231,-63.21950581,-60.91498215,-63.21900462,-60.91354718,3.08629E-06
699,731,1,-77.1665,208.093689,-66.362697,251.43,125.715,20010302, 05:41:50.0000,-63.21998795,-60.91639718,-63.22097228,-60.91919829,-63.22048894,-60.91779829,4.828E-06
699,732,1,-76.215391,259.041764,-63.605419,251.43,125.715,20010302, 05:42:50.0000,-63.22147041,-60.9205835,-63.22242228,-60.92336496,-63.22195581,-60.92198215,6.01005E-06
699,733,1,-75.557183,301.432897,-64.994934,251.43,125.715,20010302, 05:43:30.0000,-63.22292292,-60.92475208,-63.22343795,-60.92616231,-63.22292292,-60.92475208,6.99357E-06
699,734,1,-77.925304,174.73444,-68.299921,251.43,125.715,20010302, 05:44:30.0000,-63.22390581,-60.92756549,-63.22488795,-60.93033051,-63.22440604,-60.92894944,4.05403E-06
699,735,1,-73.505545,483.453197,-64.289588,251.43,125.715,20010302, 05:45:30.0000,-63.22538795,-60.93174564,-63.22637128,-60.93454564,-63.22587271,-60.93313277,1.12166E-05
699,736,1,-74.065889,424.932594,-63.982569,251.43,125.715,20010302, 05:46:30.0000,-63.22687247,-60.93596742,-63.22783795,-60.93879564,-63.22735604,-60.93739944,9.85889E-06
699,737,1,-75.789871,285.707648,-65.429096,251.43,125.715,20010302, 05:47:30.0000,-63.22833914,-60.94021549,-63.22933937,-60.94299944,-63.22882292,-60.94161667,6.62873E-06
699,738,1,-78.701752,146.128092,-69.776419,251.43,125.715,20010302, 05:48:10.0000,-63.22983914,-60.94438215,-63.23035604,-60.94573277,-63.22983914,-60.94438215,3.39033E-06
699,739,1,-78.237523,162.613513,-68.559385,251.43,125.715,20010302, 05:49:10.0000,-63.23087131,-60.94711237,-63.23190603,-60.94986608,-63.23138936,-60.94848476,3.77281E-06
699,740,1,-75.43158,310.27793,-62.540584,251.43,125.715,20010302, 05:50:10.0000,-63.23240607,-60.95128285,-63.23352504,-60.95376465,-63.23292154,-60.95261137,7.19878E-06
699,741,1,-76.068269,267.967453,-65.88351,251.43,125.715,20010302, 05:51:10.0000,-63.23414142,-60.95491416,-63.23530837,-60.95731465,-63.23473936,-60.9560974,6.21713E-06
699,742,1,-76.682323,232.635851,-65.568839,251.43,125.715,20010302, 05:52:10.0000,-63.23592316,-60.9584947,-63.23714142,-60.96086416,-63.23652475,-60.95966414,5.3974E-06
699,743,1,-78.304695,160.117722,-67.692068,251.43,125.715,20010302, 05:52:50.0000,-63.23774167,-60.96208125,-63.23834137,-60.96329941,-63.23774167,-60.96208125,3.7149E-06
699,744,1,-79.498987,121.621468,-67.89788,251.43,125.715,20010302, 05:53:50.0000,-63.23892475,-60.96453081,-63.24008983,-60.96699632,-63.23952107,-60.96574508,2.82175E-06
699,745,1,-83.720645,46.009178,-73.22428,251.43,125.715,20010302, 05:54:50.0000,-63.24067252,-60.96826561,-63.24185808,-60.97076414,-63.24125837,-60.96953132,1.06746E-06
699,746,1,-88.92233,13.889159,-76.513896,251.43,125.715,20010302, 05:55:50.0000,-63.24245628,-60.97198341,-63.24363939,-60.97448283,-63.24303983,-60.97322803,3.22243E-07
699,747,1,-81.48249,77.030011,-70.361549,251.43,125.715,20010302, 05:56:30.0000,-63.24422252,-60.97571561,-63.2448065,-60.97692966,-63.24422252,-60.97571561,1.78718E-06
699,748,1,-81.547235,75.890149,-69.489274,251.43,125.715,20010302, 05:57:30.0000,-63.24538919,-60.97816561,-63.24653821,-60.98066137,-63.24595628,-60.97943341,1.76073E-06
699,749,1,-80.535837,95.791112,-68.016806,251.43,125.715,20010302, 05:58:30.0000,-63.24712154,-60.98186299,-63.24828983,-60.98426137,-63.24770867,-60.98308183,2.22246E-06
699,750,1,-79.439413,123.301301,-69.201189,251.43,125.715,20010302, 05:59:30.0000,-63.24887252,-60.98546366,-63.24998821,-60.98792966,-63.24942562,-60.98668458,2.86072E-06
699,751,1,-79.289937,127.618968,-68.170624,251.43,125.715,20010302, 06:00:30.0000,-63.25055606,-60.98921616,-63.25167316,-60.99169632,-63.25113961,-60.99046675,2.9609E-06
699,752,1,-82.478416,61.244534,-73.369511,251.43,125.715,20010302, 06:01:30.0000,-63.25213939,-60.99304949,-63.25291991,-60.99582966,-63.25253752,-60.99443551,1.42094E-06
699,753,1,-80.230532,102.767474,-70.420956,251.43,125.715,20010302, 06:02:30.0000,-63.25330487,-60.99717966,-63.25406991,-60.99987966,-63.25370448,-60.99853458,2.38432E-06
699,754,1,-79.42256,123.780697,-69.880267,251.43,125.715,20010302, 06:03:30.0000,-63.25438535,-61.00123283,-63.25497085,-61.00393341,-63.25467085,-61.00258341,2.87185E-06
699,755,1,-78.395952,156.78833,-69.102789,251.43,125.715,20010302, 06:04:30.0000,-63.25527071,-61.00529949,-63.25581829,-61.00791299,-63.25556883,-61.00661733,3.63766E-06
699,756,1,-79.792055,113.685082,-69.243509,251.43,125.715,20010302, 06:05:50.0000,-63.25591667,-61.00921299,-63.25469595,-61.01281869,-63.25564593,-61.0112748,2.63762E-06
699,757,1,-79.732795,115.246958,-69.839077,251.43,125.715,20010302, 06:07:50.0000,-63.25434658,-61.01301667,-63.25291487,-61.01179462,-63.25367896,-61.01289781,2.67385E-06
699,758,1,-79.571754,119.600644,-67.739589,251.43,125.715,20010302, 06:10:30.0000,-63.25278122,-61.01129366,-63.252,-61.00717911,-63.25239821,-61.00917974,2.77486E-06
699,759,1,-81.226754,81.702159,-65.404764,251.43,125.715,20010302, 06:16:50.0000,-63.25196667,-61.00686244,-63.25115,-61.0035,-63.2516,-61.00438153,1.89558E-06
699,760,1,-82.948132,54.966199,-68.646923,251.43,125.715,20010302, 06:23:50.0000,-63.25111667,-61.00341667,-63.2509,-61.00198333,-63.25095,-61.00266667,1.27528E-06
