Process_ID,Interval,Layer,Sv_mean,NASC,Sv_max,Height_mean,Depth_mean,Date_M,Time_M,Lat_S,Lon_S,Lat_E,Lon_E,Lat_M,Lon_M,ABC
691,29,1,-100.749738,0.906688,-89.163684,250,125,20040310, 00:24:30.0000,-62.37403658,-58.60152858,-62.37480325,-58.60506192,-62.37441883,-58.60329417,2.10362E-08
691,30,1,-99.508952,1.206526,-89.448799,250,125,20040310, 00:25:10.0000,-62.37521992,-58.60679525,-62.3756866,-58.60851089,-62.37521992,-58.60679525,2.79927E-08
691,31,1,-98.970628,1.365743,-86.330573,250,125,20040310, 00:25:50.0000,-62.37617017,-58.61016167,-62.37665327,-58.61182755,-62.37617017,-58.61016167,3.16867E-08
691,32,1,-98.012812,1.702749,-86.556608,250,125,20040310, 00:26:50.0000,-62.3771355,-58.6135275,-62.37806993,-58.61691089,-62.37760216,-58.61521078,3.95056E-08
691,33,1,-96.338643,2.503615,-86.693591,250,125,20040310, 00:27:30.0000,-62.3785355,-58.61859525,-62.37900323,-58.62031186,-62.3785355,-58.61859525,5.80866E-08
691,34,1,-96.02863,2.688864,-85.045193,250,125,20040310, 00:28:30.0000,-62.37945302,-58.62204338,-62.38040216,-58.62546078,-62.3799355,-58.62376083,6.23845E-08
691,35,1,-96.006602,2.702537,-86.935613,250,125,20040310, 00:29:10.0000,-62.38087017,-58.62717833,-62.38135325,-58.6288775,-62.38087017,-58.62717833,6.27018E-08
691,36,1,-96.563452,2.377315,-84.176395,250,125,20040310, 00:30:10.0000,-62.3818355,-58.6305775,-62.38276992,-58.63399417,-62.38230325,-58.6322775,5.51563E-08
691,37,1,-98.232866,1.618621,-86.876336,250,125,20040310, 00:30:50.0000,-62.38325323,-58.63569519,-62.38371992,-58.63741192,-62.38325323,-58.63569519,3.75538E-08
691,38,1,-98.072451,1.679526,-87.239351,250,125,20040310, 00:31:30.0000,-62.3841866,-58.63914422,-62.38466882,-58.64086078,-62.3841866,-58.63914422,3.89668E-08
691,39,1,-99.537794,1.19854,-88.269231,250,125,20040310, 00:32:30.0000,-62.38513658,-58.6425775,-62.386188,-58.64579383,-62.38563769,-58.64421089,2.78074E-08
691,40,1,-98.213273,1.62594,-87.530599,250,125,20040310, 00:33:10.0000,-62.386738,-58.64737717,-62.38727017,-58.64896167,-62.386738,-58.64737717,3.77236E-08
691,41,1,-98.082371,1.675694,-87.11709,250,125,20040310, 00:34:10.0000,-62.38782013,-58.65057822,-62.38888798,-58.65379378,-62.38835325,-58.65216083,3.88779E-08
691,42,1,-87.897471,17.48577,-73.56178,250,125,20040310, 00:34:50.0000,-62.38943682,-58.65541045,-62.38998658,-58.65699417,-62.38943682,-58.65541045,4.05689E-07
691,43,1,-96.576243,2.370323,-83.039344,250,125,20040310, 00:35:50.0000,-62.39051993,-58.65859422,-62.39160327,-58.66177755,-62.39107015,-58.66017828,5.49941E-08
691,44,1,-87.759102,18.051847,-75.655516,250,125,20040310, 00:36:30.0000,-62.39215325,-58.66336083,-62.39268767,-58.66497642,-62.39215325,-58.66336083,4.18822E-07
691,45,1,-84.35177,39.55987,-71.285132,250,125,20040310, 00:37:10.0000,-62.3932366,-58.66654422,-62.39378767,-58.66814417,-62.3932366,-58.66654422,9.17832E-07
691,46,1,-81.132414,83.021472,-66.815183,250,125,20040310, 00:38:10.0000,-62.39433657,-58.66972745,-62.39543658,-58.67292642,-62.39488658,-58.67130975,1.92619E-06
691,47,1,-83.382286,49.454206,-72.453974,250,125,20040310, 00:38:50.0000,-62.39600325,-58.67450975,-62.39655325,-58.67609417,-62.39600325,-58.67450975,1.14739E-06
691,48,1,-75.209547,324.696145,-56.899441,250,125,20040310, 00:39:50.0000,-62.39710325,-58.67770975,-62.39820325,-58.6808775,-62.39765325,-58.67930975,7.5333E-06
691,49,1,-83.751735,45.421172,-71.627537,250,125,20040310, 00:40:30.0000,-62.39876992,-58.68244417,-62.39932015,-58.68402828,-62.39876992,-58.68244417,1.05382E-06
691,50,1,-89.355688,12.49865,-75.356614,250,125,20040310, 00:41:30.0000,-62.39988658,-58.68561083,-62.400971,-58.6887775,-62.400421,-58.68719417,2.89982E-07
691,51,1,-93.363459,4.966906,-80.38,250,125,20040310, 00:42:10.0000,-62.40152102,-58.69036089,-62.40208798,-58.69196161,-62.40152102,-58.69036089,1.15238E-07
691,52,1,-96.914397,2.192765,-83.364048,250,125,20040310, 00:42:50.0000,-62.40263798,-58.69357711,-62.4031866,-58.69516089,-62.40263798,-58.69357711,5.08745E-08
691,53,1,-89.401631,12.367124,-73.325613,250,125,20040310, 00:43:50.0000,-62.40373683,-58.6967605,-62.40482102,-58.69992647,-62.40428682,-58.69834378,2.86931E-07
691,54,1,-91.810195,7.102517,-78.183758,250,125,20040310, 00:44:30.0000,-62.405371,-58.70151083,-62.405921,-58.70309308,-62.405371,-58.70151083,1.64786E-07
691,55,1,-93.641216,4.659188,-79.577492,250,125,20040310, 00:45:30.0000,-62.40648685,-58.70467722,-62.40760348,-58.70784494,-62.407038,-58.7062605,1.08098E-07
691,56,1,-81.053781,84.538348,-65.449778,250,125,20040310, 00:46:10.0000,-62.40815436,-58.70946089,-62.40872017,-58.71106167,-62.40815436,-58.70946089,1.96138E-06
691,57,1,-101.660969,0.735081,-89.166761,250,125,20040310, 00:47:10.0000,-62.40927131,-58.71266161,-62.41038683,-58.71587833,-62.40981992,-58.7142775,1.70547E-08
691,58,1,-102.200122,0.649261,-86.885752,250,125,20040310, 00:47:50.0000,-62.41093682,-58.71747828,-62.41147102,-58.71909422,-62.41093682,-58.71747828,1.50636E-08
691,59,1,-103.359943,0.497093,-90.820715,250,125,20040310, 00:48:30.0000,-62.41203683,-58.7207105,-62.41258682,-58.72231045,-62.41203683,-58.7207105,1.15331E-08
691,60,1,-98.336127,1.58059,-82.053761,250,125,20040310, 00:49:30.0000,-62.4131366,-58.72389422,-62.41423682,-58.72709378,-62.41368683,-58.72549383,3.66714E-08
691,61,1,-97.003208,2.148379,-85.105768,250,125,20040310, 00:50:10.0000,-62.41476992,-58.72870975,-62.41530467,-58.73031167,-62.41476992,-58.72870975,4.98447E-08
691,62,1,-94.130031,4.163214,-77.295518,250,125,20040310, 00:51:10.0000,-62.41585325,-58.7319275,-62.416938,-58.73514383,-62.4163866,-58.73354313,9.6591E-08
691,63,1,-95.079935,3.345325,-78.508987,250,125,20040310, 00:51:50.0000,-62.41748682,-58.73676045,-62.41803658,-58.73834417,-62.41748682,-58.73676045,7.76151E-08
691,64,1,-96.177201,2.598434,-82.293016,250,125,20040310, 00:52:50.0000,-62.41858708,-58.73996125,-62.41966993,-58.74319422,-62.41912015,-58.74157828,6.02865E-08
691,65,1,-96.722363,2.291899,-86.397235,250,125,20040310, 00:53:30.0000,-62.42018683,-58.74486167,-62.4206204,-58.74658035,-62.42018683,-58.74486167,5.31745E-08
691,66,1,-91.576882,7.494516,-77.796761,250,125,20040310, 00:54:10.0000,-62.42102017,-58.74836167,-62.42140375,-58.75013042,-62.42102017,-58.74836167,1.73881E-07
691,67,1,-93.144263,5.224028,-78.79008,250,125,20040310, 00:55:10.0000,-62.42180249,-58.75191368,-62.422569,-58.75549617,-62.42217018,-58.75371173,1.21203E-07
691,68,1,-95.230259,3.231513,-84.286685,250,125,20040310, 00:55:50.0000,-62.42293567,-58.75731283,-62.423319,-58.75911283,-62.42293567,-58.75731283,7.49746E-08
691,69,1,-96.27217,2.54223,-86.514557,250,125,20040310, 00:56:50.0000,-62.42370233,-58.76091283,-62.4244535,-58.76454617,-62.42406899,-58.76272944,5.89825E-08
691,70,1,-96.422385,2.455802,-85.178918,250,125,20040310, 00:57:30.0000,-62.42485233,-58.76634617,-62.42523567,-58.76816167,-62.42485233,-58.76634617,5.69773E-08
691,71,1,-92.658755,5.84193,-77.469851,250,125,20040310, 00:58:30.0000,-62.42563567,-58.769945,-62.42643567,-58.77349617,-62.42603567,-58.77171283,1.35539E-07
691,72,1,-96.521471,2.400406,-85.709009,250,125,20040310, 00:59:10.0000,-62.426819,-58.77531283,-62.4272035,-58.7771295,-62.426819,-58.77531283,5.5692E-08
691,73,1,-95.11557,3.317988,-84.394402,250,125,20040310, 00:59:50.0000,-62.42760233,-58.77896167,-62.42798535,-58.78077677,-62.42760233,-58.77896167,7.69809E-08
691,74,1,-96.022123,2.692896,-80.521564,250,125,20040310, 01:00:50.0000,-62.428369,-58.7825795,-62.42918567,-58.78619617,-62.42877017,-58.7843795,6.24781E-08
691,75,1,-99.309877,1.263119,-87.656224,250,125,20040310, 01:01:30.0000,-62.429569,-58.78801283,-62.42996898,-58.78982937,-62.429569,-58.78801283,2.93057E-08
691,76,1,-96.820866,2.240502,-81.312029,250,125,20040310, 01:02:30.0000,-62.43035235,-58.7916129,-62.43110373,-58.79518035,-62.43073583,-58.79341375,5.19821E-08
691,77,1,-98.717756,1.447626,-87.096025,250,125,20040310, 01:03:10.0000,-62.43148685,-58.79694506,-62.43188583,-58.79868042,-62.43148685,-58.79694506,3.35865E-08
691,78,1,-99.431758,1.228163,-87.003482,250,125,20040310, 01:04:10.0000,-62.43228583,-58.80043042,-62.43307042,-58.80394708,-62.43267042,-58.80218042,2.84947E-08
691,79,1,-99.178969,1.301772,-85.579484,250,125,20040310, 01:04:50.0000,-62.43346917,-58.80571375,-62.43385352,-58.80749623,-62.43346917,-58.80571375,3.02025E-08
691,80,1,-99.904311,1.101541,-86.782948,250,125,20040310, 01:05:50.0000,-62.43425235,-58.80927839,-62.43505235,-58.81282839,-62.43465352,-58.81106173,2.55569E-08
691,81,1,-97.745784,1.810729,-85.33995,250,125,20040310, 01:06:30.0000,-62.43543685,-58.81459623,-62.43585373,-58.81638035,-62.43543685,-58.81459623,4.20109E-08
691,82,1,-99.459353,1.220384,-89.811236,250,125,20040310, 01:07:10.0000,-62.43626917,-58.8181625,-62.436669,-58.8199295,-62.43626917,-58.8181625,2.83142E-08
691,83,1,-97.776469,1.79798,-86.269061,250,125,20040310, 01:08:10.0000,-62.4370704,-58.82171244,-62.43785375,-58.82526375,-62.43746901,-58.82349506,4.17151E-08
691,84,1,-95.624601,2.951017,-82.892177,250,125,20040310, 01:08:50.0000,-62.43826932,-58.82707993,-62.43866918,-58.82886382,-62.43826932,-58.82707993,6.84668E-08
691,85,1,-96.932452,2.183668,-84.484344,250,125,20040310, 01:09:50.0000,-62.43905375,-58.83064708,-62.43985375,-58.83419708,-62.43945398,-58.83243126,5.06635E-08
691,86,1,-94.62232,3.717062,-79.060009,250,125,20040310, 01:10:30.0000,-62.4402525,-58.83599708,-62.44061817,-58.83778883,-62.4402525,-58.83599708,8.62399E-08
691,87,1,-96.879084,2.210668,-82.905644,250,125,20040310, 01:11:30.0000,-62.44101767,-58.83957219,-62.44185117,-58.84313975,-62.44141842,-58.84137308,5.12899E-08
691,88,1,-98.03397,1.694474,-86.579182,250,125,20040310, 01:12:10.0000,-62.44225175,-58.84490642,-62.44265175,-58.84668917,-62.44225175,-58.84490642,3.93136E-08
691,89,1,-103.239363,0.511088,-90.995243,250,125,20040310, 01:12:50.0000,-62.44305117,-58.84845642,-62.44346783,-58.85023975,-62.44305117,-58.84845642,1.18578E-08
691,90,1,-102.128702,0.660027,-88.857058,250,125,20040310, 01:13:50.0000,-62.44385175,-58.85200642,-62.44465117,-58.8555725,-62.44425175,-58.85378975,1.53133E-08
691,91,1,-100.58911,0.940851,-88.239727,250,125,20040310, 01:14:30.0000,-62.4450345,-58.85733975,-62.44541783,-58.85910642,-62.4450345,-58.85733975,2.18288E-08
691,92,1,-99.929347,1.095209,-86.315689,250,125,20040310, 01:15:30.0000,-62.44580117,-58.8608725,-62.44655117,-58.86437308,-62.44616783,-58.8626225,2.541E-08
691,93,1,-100.288812,1.008209,-87.322063,250,125,20040310, 01:16:10.0000,-62.44691783,-58.86613917,-62.4472845,-58.86788917,-62.44691783,-58.86613917,2.33915E-08
691,94,1,-96.543075,2.388495,-81.984041,250,125,20040310, 01:17:10.0000,-62.44766842,-58.86963975,-62.44845117,-58.87317308,-62.44806783,-58.87140583,5.54157E-08
691,95,1,-96.577899,2.369419,-84.416896,250,125,20040310, 01:17:50.0000,-62.44881842,-58.87493975,-62.44921783,-58.8767225,-62.44881842,-58.87493975,5.49731E-08
691,96,1,-97.194908,2.055612,-83.90465,250,125,20040310, 01:18:50.0000,-62.44960151,-58.87848886,-62.45040117,-58.88205642,-62.45000117,-58.8802725,4.76924E-08
691,97,1,-97.36298,1.977579,-84.954969,250,125,20040310, 01:19:30.0000,-62.45078508,-58.88380642,-62.45116783,-58.88555642,-62.45078508,-58.88380642,4.5882E-08
691,98,1,-98.119306,1.661503,-83.804436,250,125,20040310, 01:20:30.0000,-62.45155117,-58.88732308,-62.4523345,-58.89085642,-62.45193508,-58.88910583,3.85487E-08
691,99,1,-98.835855,1.40879,-87.795218,250,125,20040310, 01:21:10.0000,-62.45271783,-58.89262308,-62.45306842,-58.89440583,-62.45271783,-58.89262308,3.26855E-08
691,100,1,-98.507822,1.519321,-86.520632,250,125,20040310, 01:22:10.0000,-62.45346783,-58.89615583,-62.45431842,-58.89953858,-62.4538845,-58.89785583,3.52499E-08
691,101,1,-97.183257,2.061133,-85.62481,250,125,20040310, 01:22:50.0000,-62.45478434,-58.90118836,-62.45525175,-58.90285583,-62.45478434,-58.90118836,4.78205E-08
691,102,1,-96.766712,2.268614,-84.821971,250,125,20040310, 01:23:50.0000,-62.45571842,-58.9045225,-62.45658508,-58.90790583,-62.45616842,-58.90620642,5.26343E-08
691,103,1,-94.829374,3.544006,-81.568144,250,125,20040310, 01:24:30.0000,-62.45703508,-58.90960583,-62.45746842,-58.9113225,-62.45703508,-58.90960583,8.22248E-08
691,104,1,-95.69878,2.901041,-81.825315,250,125,20040310, 01:25:30.0000,-62.45790117,-58.9130225,-62.45880175,-58.91638917,-62.45835175,-58.91470583,6.73073E-08
691,105,1,-96.035157,2.684826,-83.040693,250,125,20040310, 01:26:10.0000,-62.45925175,-58.9180725,-62.45971842,-58.91975583,-62.45925175,-58.9180725,6.22909E-08
691,106,1,-95.6938,2.904369,-83.009114,250,125,20040310, 01:27:10.0000,-62.4601845,-58.9214225,-62.46106842,-58.92483917,-62.46061842,-58.92312308,6.73845E-08
691,107,1,-95.067934,3.354582,-83.645408,250,125,20040310, 01:27:50.0000,-62.46150175,-58.92653917,-62.4619845,-58.9282225,-62.46150175,-58.92653917,7.78299E-08
691,108,1,-96.726086,2.289935,-85.451739,250,125,20040310, 01:28:50.0000,-62.46243508,-58.92988975,-62.46333508,-58.93325583,-62.46290117,-58.9315725,5.3129E-08
691,109,1,-96.459589,2.434854,-85.402999,250,125,20040310, 01:29:30.0000,-62.46380175,-58.93493917,-62.46425175,-58.9366225,-62.46380175,-58.93493917,5.64912E-08
691,110,1,-97.001288,2.14933,-85.489658,250,125,20040310, 01:30:30.0000,-62.4647012,-58.93832268,-62.46556842,-58.9417225,-62.46513508,-58.9400225,4.98668E-08
691,111,1,-97.710187,1.825632,-86.343893,250,125,20040310, 01:31:10.0000,-62.46601784,-58.94340586,-62.466468,-58.94510667,-62.46601784,-58.94340586,4.23566E-08
691,112,1,-97.154496,2.074828,-84.8325,250,125,20040310, 01:31:50.0000,-62.466902,-58.94679067,-62.46736867,-58.948474,-62.466902,-58.94679067,4.81383E-08
691,113,1,-96.70323,2.302019,-86.199733,250,125,20040310, 01:32:50.0000,-62.46785317,-58.95017724,-62.468752,-58.95362333,-62.468302,-58.95189,5.34093E-08
691,114,1,-97.396794,1.962242,-87.393126,250,125,20040310, 01:33:30.0000,-62.46918533,-58.95532333,-62.469652,-58.95704067,-62.46918533,-58.95532333,4.55261E-08
691,115,1,-96.376407,2.481939,-81.532128,250,125,20040310, 01:34:30.0000,-62.47011867,-58.958724,-62.471002,-58.96210667,-62.470552,-58.96042333,5.75837E-08
691,116,1,-97.387769,1.966323,-86.801223,250,125,20040310, 01:35:10.0000,-62.47148533,-58.96380667,-62.47193533,-58.96549,-62.47148533,-58.96380667,4.56208E-08
691,117,1,-98.774821,1.428729,-88.259419,250,125,20040310, 01:36:10.0000,-62.47238533,-58.96715733,-62.473268,-58.97055667,-62.47283467,-58.96885667,3.3148E-08
691,118,1,-98.076944,1.677789,-87.205176,250,125,20040310, 01:36:50.0000,-62.473718,-58.97224,-62.47416867,-58.97394067,-62.473718,-58.97224,3.89265E-08
691,119,1,-96.553179,2.382945,-79.725055,250,125,20040310, 01:37:50.0000,-62.47463467,-58.97564067,-62.47553533,-58.97900667,-62.47508467,-58.97732333,5.52869E-08
691,120,1,-98.168864,1.642652,-88.483307,250,125,20040310, 01:38:30.0000,-62.47598533,-58.98069,-62.476452,-58.98235667,-62.47598533,-58.98069,3.81113E-08
691,121,1,-98.918758,1.382153,-86.803962,250,125,20040310, 01:39:30.0000,-62.47691867,-58.98404,-62.47783533,-58.98740667,-62.47736867,-58.98572333,3.20674E-08
691,122,1,-99.317399,1.260933,-89.026343,250,125,20040310, 01:40:10.0000,-62.47825133,-58.98915667,-62.47863467,-58.990924,-62.47825133,-58.98915667,2.9255E-08
691,123,1,-97.441592,1.942105,-85.376824,250,125,20040310, 01:41:10.0000,-62.47901783,-58.9927225,-62.47980175,-58.99635642,-62.47940175,-58.99455583,4.50589E-08
691,124,1,-97.456447,1.935473,-87.000603,250,125,20040310, 01:41:50.0000,-62.48020117,-58.99815645,-62.48058533,-58.99994067,-62.48020117,-58.99815645,4.49051E-08
691,125,1,-98.001766,1.707086,-87.342321,250,125,20040310, 01:42:30.0000,-62.48098467,-59.00174,-62.48136867,-59.00350733,-62.48098467,-59.00174,3.96062E-08
691,126,1,-97.069321,2.115922,-85.692006,250,125,20040310, 01:43:30.0000,-62.48175117,-59.00532308,-62.48253467,-59.00889067,-62.48215133,-59.007124,4.90917E-08
691,127,1,-97.825626,1.777744,-87.112607,250,125,20040310, 01:44:10.0000,-62.48291867,-59.010674,-62.483318,-59.01240733,-62.48291867,-59.010674,4.12456E-08
691,128,1,-98.534673,1.509957,-85.83174,250,125,20040310, 01:45:10.0000,-62.483702,-59.01417333,-62.48450133,-59.01770733,-62.48410133,-59.01594067,3.50326E-08
691,129,1,-98.21043,1.627005,-86.068066,250,125,20040310, 01:45:50.0000,-62.48488533,-59.01950733,-62.48528533,-59.02124,-62.48488533,-59.01950733,3.77483E-08
691,130,1,-98.77684,1.428064,-86.937946,250,125,20040310, 01:46:50.0000,-62.485668,-59.023024,-62.48640133,-59.026574,-62.48603467,-59.02480733,3.31326E-08
691,131,1,-98.683755,1.459003,-86.951136,250,125,20040310, 01:47:30.0000,-62.486768,-59.02837333,-62.48715133,-59.03014067,-62.486768,-59.02837333,3.38505E-08
691,132,1,-97.987677,1.712632,-86.448589,250,125,20040310, 01:48:30.0000,-62.487518,-59.03194,-62.48825133,-59.03549067,-62.48788467,-59.03370733,3.97349E-08
691,133,1,-96.775514,2.264021,-88.458348,250,125,20040310, 01:49:10.0000,-62.488618,-59.03729067,-62.48898467,-59.03909,-62.488618,-59.03729067,5.25277E-08
691,134,1,-96.958179,2.17077,-86.283726,250,125,20040310, 01:50:10.0000,-62.489368,-59.04085733,-62.490118,-59.04444067,-62.48973467,-59.04265733,5.03642E-08
691,135,1,-97.19673,2.054749,-87.474387,250,125,20040310, 01:50:50.0000,-62.49048467,-59.04624,-62.49085133,-59.04804067,-62.49048467,-59.04624,4.76724E-08
691,136,1,-96.311816,2.519128,-84.95956,250,125,20040310, 01:51:50.0000,-62.49121867,-59.04985733,-62.49198467,-59.05342333,-62.49160133,-59.05164067,5.84465E-08
691,137,1,-95.405527,3.103696,-84.849925,250,125,20040310, 01:52:30.0000,-62.49236892,-59.05519158,-62.49275225,-59.05697417,-62.49236892,-59.05519158,7.20091E-08
691,138,1,-93.702872,4.59351,-80.232075,250,125,20040310, 01:53:30.0000,-62.49311892,-59.0587575,-62.49388483,-59.06227492,-62.49351817,-59.06050825,1.06574E-07
691,139,1,-94.204787,4.092165,-80.716548,250,125,20040310, 01:54:10.0000,-62.4942515,-59.06405825,-62.49461892,-59.06580825,-62.4942515,-59.06405825,9.49426E-08
691,140,1,-96.179328,2.597162,-83.991573,250,125,20040310, 01:55:10.0000,-62.4950015,-59.06757417,-62.49578483,-59.07109083,-62.4954015,-59.06932492,6.0257E-08
691,141,1,-98.039826,1.69219,-89.206687,250,125,20040310, 01:55:50.0000,-62.49616817,-59.07282492,-62.49655225,-59.07459158,-62.49616817,-59.07282492,3.92606E-08
691,142,1,-99.373017,1.244888,-89.635442,250,125,20040310, 01:56:30.0000,-62.4969515,-59.07637417,-62.49733483,-59.07814158,-62.4969515,-59.07637417,2.88827E-08
691,143,1,-96.425745,2.453903,-77.128987,250,125,20040310, 01:57:30.0000,-62.49771817,-59.0799075,-62.49848558,-59.08339158,-62.4981015,-59.08164158,5.69332E-08
691,144,1,-95.170413,3.276352,-77.094218,250,125,20040310, 01:58:10.0000,-62.49888483,-59.08515825,-62.49926817,-59.08694158,-62.49888483,-59.08515825,7.60149E-08
691,145,1,-92.60652,5.912619,-73.178242,250,125,20040310, 01:59:10.0000,-62.49965225,-59.08870825,-62.50043558,-59.09227417,-62.50003558,-59.09047492,1.37179E-07
691,146,1,-96.312982,2.518452,-78.496307,250,125,20040310, 01:59:50.0000,-62.50083558,-59.09404158,-62.50123483,-59.09582492,-62.50083558,-59.09404158,5.84308E-08
691,147,1,-98.925145,1.380122,-80.348116,250,125,20040310, 02:00:50.0000,-62.50161817,-59.09760825,-62.50238467,-59.10122404,-62.50201801,-59.09942337,3.20203E-08
691,148,1,-102.32294,0.631158,-91.202675,250,125,20040310, 02:01:30.0000,-62.50278467,-59.10304067,-62.50316867,-59.10485733,-62.50278467,-59.10304067,1.46435E-08
691,149,1,-99.139106,1.313776,-85.206215,250,125,20040310, 02:02:30.0000,-62.50353533,-59.10670733,-62.50430133,-59.11035733,-62.50391893,-59.10852913,3.0481E-08
691,150,1,-99.536111,1.199004,-87.99827,250,125,20040310, 02:03:10.0000,-62.50466867,-59.11220733,-62.505052,-59.11405733,-62.50466867,-59.11220733,2.78182E-08
691,151,1,-98.26853,1.605384,-85.556878,250,125,20040310, 02:03:50.0000,-62.50545133,-59.11589067,-62.50583467,-59.11770733,-62.50545133,-59.11589067,3.72466E-08
691,152,1,-100.770212,0.902424,-89.41464,250,125,20040310, 02:04:50.0000,-62.506218,-59.119524,-62.50700227,-59.12319579,-62.506602,-59.12135733,2.09372E-08
691,153,1,-100.694996,0.918189,-87.711916,250,125,20040310, 02:05:30.0000,-62.50738483,-59.12499158,-62.50776817,-59.12677492,-62.50738483,-59.12499158,2.1303E-08
691,154,1,-100.392226,0.984485,-89.139249,250,125,20040310, 02:06:30.0000,-62.50815225,-59.12859158,-62.5089515,-59.13225825,-62.5085515,-59.13042492,2.28411E-08
691,155,1,-100.489385,0.962705,-89.121817,250,125,20040310, 02:07:10.0000,-62.5093515,-59.13409158,-62.50971817,-59.13594158,-62.5093515,-59.13409158,2.23358E-08
691,156,1,-100.487058,0.963221,-88.027746,250,125,20040310, 02:07:50.0000,-62.5101015,-59.13777492,-62.51048483,-59.13962492,-62.5101015,-59.13777492,2.23478E-08
691,157,1,-98.446313,1.540992,-85.304714,250,125,20040310, 02:08:50.0000,-62.51085225,-59.14147417,-62.51161892,-59.14515825,-62.51123558,-59.14330825,3.57527E-08
691,158,1,-96.445598,2.442711,-83.866751,250,125,20040310, 02:09:30.0000,-62.5120015,-59.14697492,-62.51238483,-59.14884158,-62.5120015,-59.14697492,5.66735E-08
691,159,1,-99.880157,1.107685,-86.200224,250,125,20040310, 02:10:30.0000,-62.51276892,-59.150659,-62.5135515,-59.15435825,-62.51316817,-59.15252492,2.56995E-08
691,160,1,-100.777697,0.90087,-88.499334,250,125,20040310, 02:11:10.0000,-62.51398558,-59.15609083,-62.51453558,-59.15765675,-62.51398558,-59.15609083,2.09012E-08
691,161,1,-99.839956,1.117986,-85.440603,250,125,20040310, 02:12:10.0000,-62.51508558,-59.15920675,-62.51615225,-59.16239083,-62.51561892,-59.1607575,2.59385E-08
691,162,1,-101.188982,0.819471,-89.636101,250,125,20040310, 02:12:50.0000,-62.51666892,-59.16404083,-62.51718558,-59.16572417,-62.51666892,-59.16404083,1.90126E-08
691,163,1,-100.955298,0.864773,-88.576773,250,125,20040310, 02:13:30.0000,-62.51770225,-59.16737417,-62.51821967,-59.16904083,-62.51770225,-59.16737417,2.00637E-08
691,164,1,-100.670836,0.923312,-88.118576,250,125,20040310, 02:14:30.0000,-62.51875225,-59.17072417,-62.51981892,-59.17402417,-62.51928558,-59.17239083,2.14218E-08
691,165,1,-102.635003,0.587397,-90.418019,250,125,20040310, 02:15:10.0000,-62.52033633,-59.17569008,-62.52086892,-59.17734083,-62.52033633,-59.17569008,1.36282E-08
691,166,1,-100.51417,0.957227,-88.208659,250,125,20040310, 02:16:10.0000,-62.52140225,-59.17899083,-62.52246967,-59.1823075,-62.52193558,-59.18064083,2.22087E-08
691,167,1,-100.212736,1.026026,-89.584486,250,125,20040310, 02:16:50.0000,-62.52300225,-59.18394083,-62.52353633,-59.18559083,-62.52300225,-59.18394083,2.38049E-08
691,168,1,-98.26528,1.606585,-85.940382,250,125,20040310, 02:17:30.0000,-62.52408558,-59.18724083,-62.52461892,-59.18889083,-62.52408558,-59.18724083,3.72745E-08
691,169,1,-100.322862,1.000335,-89.35846,250,125,20040310, 02:18:30.0000,-62.52516892,-59.19052342,-62.52625225,-59.19379008,-62.525703,-59.1921575,2.32089E-08
691,170,1,-100.44776,0.971977,-88.796343,250,125,20040310, 02:19:10.0000,-62.52678633,-59.19542417,-62.52733633,-59.19707417,-62.52678633,-59.19542417,2.25509E-08
691,171,1,-99.100523,1.325499,-87.246516,250,125,20040310, 02:20:10.0000,-62.52788558,-59.1987075,-62.52896891,-59.20200746,-62.52841892,-59.20035675,3.0753E-08
691,172,1,-100.352294,0.993579,-90.389181,250,125,20040310, 02:20:50.0000,-62.52951967,-59.20367417,-62.53006892,-59.20534083,-62.52951967,-59.20367417,2.30521E-08
691,173,1,-102.067993,0.669318,-88.416867,250,125,20040310, 02:21:30.0000,-62.53061892,-59.20700675,-62.53115225,-59.2086575,-62.53061892,-59.20700675,1.55289E-08
691,174,1,-101.221285,0.813398,-90.065593,250,125,20040310, 02:22:30.0000,-62.53166892,-59.2103075,-62.53270225,-59.21362417,-62.53218558,-59.21197417,1.88717E-08
691,175,1,-100.462416,0.968702,-89.856523,250,125,20040310, 02:23:10.0000,-62.53321892,-59.21527417,-62.53375225,-59.21692417,-62.53321892,-59.21527417,2.24749E-08
691,176,1,-100.960832,0.863672,-90.964978,250,125,20040310, 02:24:10.0000,-62.53426891,-59.2185908,-62.53533559,-59.22189087,-62.534803,-59.2202575,2.00381E-08
691,177,1,-100.314452,1.002274,-89.429768,250,125,20040310, 02:24:50.0000,-62.5358525,-59.22350833,-62.53638558,-59.2251575,-62.5358525,-59.22350833,2.32539E-08
691,178,1,-98.986543,1.360748,-88.768328,250,125,20040310, 02:25:30.0000,-62.536903,-59.2268075,-62.53743558,-59.22844083,-62.536903,-59.2268075,3.15708E-08
691,179,1,-99.380621,1.24271,-88.921397,250,125,20040310, 02:26:30.0000,-62.53795225,-59.23009008,-62.53901917,-59.2333575,-62.53848582,-59.23172413,2.88322E-08
691,180,1,-100.448519,0.971807,-89.234796,250,125,20040310, 02:27:10.0000,-62.53953583,-59.23500833,-62.54006917,-59.23665833,-62.53953583,-59.23500833,2.2547E-08
691,181,1,-91.796232,7.12539,-77.28626,250,125,20040310, 02:28:10.0000,-62.54058583,-59.23829167,-62.54163583,-59.24160833,-62.54111917,-59.23995833,1.65317E-07
691,182,1,-102.825231,0.562223,-89.233691,250,125,20040310, 02:28:50.0000,-62.5421525,-59.243275,-62.54266917,-59.24494167,-62.5421525,-59.243275,1.30442E-08
691,183,1,-101.468064,0.768467,-89.332339,250,125,20040310, 02:29:50.0000,-62.54318583,-59.24659167,-62.54423583,-59.24987417,-62.54371917,-59.24824167,1.78293E-08
691,184,1,-99.493414,1.21085,-86.244254,250,125,20040310, 02:30:30.0000,-62.54476917,-59.25150833,-62.54528583,-59.25315833,-62.54476917,-59.25150833,2.8093E-08
691,185,1,-96.932151,2.183819,-84.147385,250,125,20040310, 02:31:10.0000,-62.54581917,-59.25480833,-62.54635333,-59.256475,-62.54581917,-59.25480833,5.0667E-08
691,186,1,-97.023979,2.138129,-85.139365,250,125,20040310, 02:32:10.0000,-62.5469025,-59.25814167,-62.54793583,-59.26149167,-62.54741917,-59.259825,4.96069E-08
691,187,1,-80.376429,98.807286,-60.82293,250,125,20040310, 02:32:50.0000,-62.54846917,-59.26315833,-62.54898583,-59.26482417,-62.54846917,-59.26315833,2.29244E-06
691,188,1,-93.933891,4.355547,-77.66665,250,125,20040310, 02:33:50.0000,-62.5495025,-59.26644167,-62.55053583,-59.26970833,-62.55001917,-59.26809083,1.01053E-07
691,189,1,-91.6945,7.294269,-77.316021,250,125,20040310, 02:34:30.0000,-62.55105251,-59.27134171,-62.55156942,-59.27299158,-62.55105251,-59.27134171,1.69235E-07
691,190,1,-94.764278,3.597527,-79.976195,250,125,20040310, 02:35:30.0000,-62.55206894,-59.27460758,-62.55310274,-59.27789245,-62.55258608,-59.2762425,8.34665E-08
691,191,1,-96.072168,2.662043,-79.831127,250,125,20040310, 02:36:10.0000,-62.55361894,-59.27954091,-62.5541194,-59.28122579,-62.55361894,-59.27954091,6.17623E-08
691,192,1,-96.779305,2.262046,-80.411036,250,125,20040310, 02:36:50.0000,-62.5546025,-59.28290917,-62.5550525,-59.2846425,-62.5546025,-59.28290917,5.24819E-08
691,193,1,-90.786629,8.990192,-73.569682,250,125,20040310, 02:37:50.0000,-62.55548583,-59.28637583,-62.55635275,-59.28989342,-62.55591942,-59.28812675,2.08582E-07
691,194,1,-91.496193,7.635062,-74.869359,250,125,20040310, 02:38:30.0000,-62.55680183,-59.29165917,-62.55725183,-59.2933425,-62.55680183,-59.29165917,1.77142E-07
691,195,1,-92.705637,5.779206,-73.346839,250,125,20040310, 02:39:30.0000,-62.55770275,-59.29502583,-62.55865275,-59.29835917,-62.55816942,-59.29667583,1.34084E-07
691,196,1,-100.714325,0.914112,-90.404651,250,125,20040310, 02:40:10.0000,-62.55913608,-59.3000425,-62.5596185,-59.30170917,-62.55913608,-59.3000425,2.12084E-08
691,197,1,-98.97402,1.364677,-86.837395,250,125,20040310, 02:41:10.0000,-62.56008608,-59.30337583,-62.56100275,-59.3067925,-62.56055275,-59.3050925,3.1662E-08
691,198,1,-98.07152,1.679886,-87.971649,250,125,20040310, 02:41:50.0000,-62.56145275,-59.30849342,-62.56190182,-59.31022579,-62.56145275,-59.30849342,3.89752E-08
691,199,1,-99.75262,1.140696,-88.549916,250,125,20040310, 02:42:50.0000,-62.56235167,-59.31194167,-62.56326834,-59.31549171,-62.5628025,-59.31370917,2.64654E-08
691,200,1,-98.004142,1.706152,-88.012275,250,125,20040310, 02:43:30.0000,-62.5637185,-59.3171925,-62.56418517,-59.31887583,-62.5637185,-59.3171925,3.95846E-08
691,201,1,-97.963704,1.722112,-86.712311,250,125,20040310, 02:44:30.0000,-62.56463608,-59.32059342,-62.56558583,-59.32400917,-62.5651185,-59.32230917,3.99549E-08
691,202,1,-97.992819,1.710606,-87.486002,250,125,20040310, 02:45:10.0000,-62.56606917,-59.3257425,-62.56653516,-59.3274767,-62.56606917,-59.3257425,3.96879E-08
691,203,1,-99.232396,1.285856,-89.468686,250,125,20040310, 02:45:50.0000,-62.56698583,-59.329225,-62.56745167,-59.33094167,-62.56698583,-59.329225,2.98332E-08
691,204,1,-98.772216,1.429586,-86.74157,250,125,20040310, 02:46:50.0000,-62.56790167,-59.33265917,-62.56881917,-59.336125,-62.56836833,-59.3343925,3.31679E-08
691,205,1,-98.849009,1.40453,-88.280882,250,125,20040310, 02:47:30.0000,-62.56928608,-59.33784342,-62.56973615,-59.3395594,-62.56928608,-59.33784342,3.25866E-08
691,206,1,-98.366915,1.569424,-86.242035,250,125,20040310, 02:48:30.0000,-62.5702185,-59.34127675,-62.57113608,-59.34475917,-62.57068517,-59.34302583,3.64123E-08
691,207,1,-88.711526,14.497038,-72.125806,250,125,20040310, 02:49:10.0000,-62.57160275,-59.3464925,-62.57203608,-59.34825917,-62.57160275,-59.3464925,3.36347E-07
691,208,1,-92.558737,5.97803,-74.996485,250,125,20040310, 02:49:50.0000,-62.57246942,-59.35002583,-62.57290275,-59.35180917,-62.57246942,-59.35002583,1.38697E-07
691,209,1,-96.819178,2.241373,-84.384662,250,125,20040310, 02:50:50.0000,-62.57335275,-59.35357583,-62.57423517,-59.35707675,-62.57380183,-59.35532675,5.20023E-08
691,210,1,-97.687544,1.835175,-85.550657,250,125,20040310, 02:51:30.0000,-62.57466942,-59.35884342,-62.5751185,-59.36066008,-62.57466942,-59.35884342,4.2578E-08
691,211,1,-97.912819,1.742408,-86.545328,250,125,20040310, 02:52:30.0000,-62.57556942,-59.36246008,-62.57645275,-59.36602675,-62.57601927,-59.36424764,4.04258E-08
691,212,1,-97.2157,2.045794,-84.427341,250,125,20040310, 02:53:10.0000,-62.57690275,-59.36786008,-62.57735183,-59.36966008,-62.57690275,-59.36786008,4.74646E-08
691,213,1,-97.548127,1.895043,-86.620204,250,125,20040310, 02:53:50.0000,-62.57776942,-59.37144342,-62.578204,-59.37321467,-62.57776942,-59.37144342,4.39671E-08
691,214,1,-97.180488,2.062448,-85.184749,250,125,20040310, 02:54:50.0000,-62.57863608,-59.37499342,-62.5795185,-59.37857675,-62.57906942,-59.37681008,4.7851E-08
691,215,1,-97.073509,2.113883,-85.862264,250,125,20040310, 02:55:30.0000,-62.57996942,-59.38035917,-62.5804185,-59.38212583,-62.57996942,-59.38035917,4.90444E-08
691,216,1,-94.301704,4.001856,-78.334876,250,125,20040310, 02:56:30.0000,-62.58088608,-59.38387583,-62.58185275,-59.38737583,-62.58136942,-59.38562583,9.28474E-08
691,217,1,-97.061915,2.119534,-85.731702,250,125,20040310, 02:57:10.0000,-62.58231942,-59.38910917,-62.58280275,-59.3908925,-62.58231942,-59.38910917,4.91755E-08
691,218,1,-97.451911,1.937496,-85.509138,250,125,20040310, 02:57:50.0000,-62.58326942,-59.39266008,-62.58375183,-59.3944425,-62.58326942,-59.39266008,4.4952E-08
691,219,1,-97.687586,1.835157,-84.71523,250,125,20040310, 02:58:50.0000,-62.58420275,-59.39617583,-62.58513608,-59.39972675,-62.58466942,-59.39794342,4.25776E-08
691,220,1,-96.936554,2.181607,-85.467812,250,125,20040310, 02:59:30.0000,-62.58560275,-59.40152675,-62.58608608,-59.40331008,-62.58560275,-59.40152675,5.06156E-08
691,221,1,-94.998084,3.408972,-83.717321,250,125,20040310, 03:00:30.0000,-62.58655275,-59.40507675,-62.5875185,-59.40859342,-62.58703608,-59.4068425,7.90918E-08
691,222,1,-96.699526,2.303983,-85.197341,250,125,20040310, 03:01:10.0000,-62.58798608,-59.41037583,-62.58846942,-59.4121425,-62.58798608,-59.41037583,5.34549E-08
691,223,1,-93.301571,5.038192,-79.749245,250,125,20040310, 03:01:50.0000,-62.58895275,-59.41391008,-62.58941942,-59.41569342,-62.58895275,-59.41391008,1.16891E-07
691,224,1,-94.502045,3.821443,-81.24235,250,125,20040310, 03:02:50.0000,-62.58988608,-59.41747675,-62.59085275,-59.42102675,-62.59036942,-59.41927583,8.86616E-08
691,225,1,-95.935431,2.74719,-83.91284,250,125,20040310, 03:03:30.0000,-62.59131894,-59.42277424,-62.59178608,-59.42452675,-62.59131894,-59.42277424,6.37378E-08
691,226,1,-93.112777,5.26204,-79.244991,250,125,20040310, 03:04:10.0000,-62.59225275,-59.42630917,-62.59273608,-59.42807583,-62.59225275,-59.42630917,1.22085E-07
691,227,1,-95.360067,3.136354,-83.07397,250,125,20040310, 03:05:10.0000,-62.59320183,-59.42981008,-62.59413608,-59.4333425,-62.59366942,-59.43157583,7.27668E-08
691,228,1,-92.602212,5.918486,-75.343638,250,125,20040310, 03:05:50.0000,-62.59460275,-59.43511008,-62.59508517,-59.43689342,-62.59460275,-59.43511008,1.37315E-07
691,229,1,-92.709112,5.774584,-77.174388,250,125,20040310, 03:06:50.0000,-62.59555251,-59.43865838,-62.59648517,-59.44217583,-62.59601942,-59.44042583,1.33977E-07
691,230,1,-92.310264,6.330025,-77.436459,250,125,20040310, 03:07:30.0000,-62.59693608,-59.44392583,-62.59740275,-59.44567583,-62.59693608,-59.44392583,1.46863E-07
691,231,1,-93.67466,4.623447,-80.842601,250,125,20040310, 03:08:10.0000,-62.59786942,-59.44744342,-62.59833608,-59.44921008,-62.59786942,-59.44744342,1.07269E-07
691,232,1,-94.413906,3.89979,-80.389757,250,125,20040310, 03:09:10.0000,-62.59880183,-59.45097583,-62.59973533,-59.45449433,-62.59926965,-59.45272761,9.04793E-08
691,233,1,-94.812989,3.557402,-79.704477,250,125,20040310, 03:09:50.0000,-62.60018633,-59.45624433,-62.600652,-59.45799333,-62.60018633,-59.45624433,8.25356E-08
691,234,1,-93.757837,4.53574,-82.088553,250,125,20040310, 03:10:50.0000,-62.601103,-59.459711,-62.60201967,-59.46321,-62.601553,-59.461461,1.05234E-07
691,235,1,-92.797236,5.65859,-78.060052,250,125,20040310, 03:11:30.0000,-62.60248533,-59.46496,-62.602953,-59.466711,-62.60248533,-59.46496,1.31285E-07
691,236,1,-92.67025,5.826488,-81.325935,250,125,20040310, 03:12:10.0000,-62.60341867,-59.468461,-62.60386967,-59.47022767,-62.60341867,-59.468461,1.35181E-07
691,237,1,-94.380685,3.929736,-79.36189,250,125,20040310, 03:13:10.0000,-62.604353,-59.47197767,-62.60526967,-59.475461,-62.60481967,-59.47372667,9.11741E-08
691,238,1,-94.168998,4.126027,-81.236536,250,125,20040310, 03:13:50.0000,-62.60575253,-59.47722593,-62.60621967,-59.47899333,-62.60575253,-59.47722593,9.57283E-08
691,239,1,-94.917429,3.472873,-84.466264,250,125,20040310, 03:14:50.0000,-62.60668633,-59.48074333,-62.60763633,-59.484311,-62.607153,-59.48252667,8.05744E-08
691,240,1,-95.91347,2.761117,-84.160209,250,125,20040310, 03:15:30.0000,-62.60811967,-59.48607767,-62.608603,-59.487861,-62.60811967,-59.48607767,6.40609E-08
691,241,1,-94.713584,3.639766,-81.71878,250,125,20040310, 03:16:10.0000,-62.60906967,-59.48962667,-62.60953633,-59.49137767,-62.60906967,-59.48962667,8.44465E-08
691,242,1,-94.296209,4.006923,-83.557656,250,125,20040310, 03:17:10.0000,-62.61001967,-59.493161,-62.61096967,-59.49672767,-62.61048633,-59.49492767,9.29649E-08
691,243,1,-95.402025,3.1062,-84.005351,250,125,20040310, 03:17:50.0000,-62.61145299,-59.49852761,-62.61191967,-59.50032767,-62.61145299,-59.49852761,7.20672E-08
691,244,1,-95.361779,3.135118,-85.039637,250,125,20040310, 03:18:30.0000,-62.61238633,-59.502111,-62.61286967,-59.503911,-62.61238633,-59.502111,7.27381E-08
691,245,1,-93.221446,5.132007,-78.21021,250,125,20040310, 03:19:30.0000,-62.613353,-59.50567767,-62.61431967,-59.50927667,-62.61383533,-59.50747767,1.19068E-07
691,246,1,-92.28729,6.363599,-81.059076,250,125,20040310, 03:20:10.0000,-62.61478633,-59.51107667,-62.61526967,-59.512861,-62.61478633,-59.51107667,1.47642E-07
691,247,1,-93.749812,4.544129,-82.262476,250,125,20040310, 03:20:50.0000,-62.615753,-59.514661,-62.61621967,-59.51642767,-62.615753,-59.514661,1.05429E-07
691,248,1,-93.931092,4.358356,-82.444269,250,125,20040310, 03:21:50.0000,-62.616703,-59.518211,-62.617653,-59.52184433,-62.61716967,-59.52002767,1.01119E-07
691,249,1,-92.603878,5.916216,-83.148906,250,125,20040310, 03:22:30.0000,-62.61811967,-59.52364433,-62.618603,-59.52546,-62.61811967,-59.52364433,1.37263E-07
691,250,1,-92.341511,6.284645,-81.919437,250,125,20040310, 03:23:10.0000,-62.61908633,-59.52724433,-62.619553,-59.52904333,-62.61908633,-59.52724433,1.45811E-07
691,251,1,-89.461566,12.197623,-76.404605,250,125,20040310, 03:24:10.0000,-62.62003633,-59.53084433,-62.621003,-59.53449533,-62.62051965,-59.53266095,2.82998E-07
691,252,1,-86.273263,25.415905,-74.262659,250,125,20040310, 03:24:50.0000,-62.62148633,-59.536311,-62.62197081,-59.53814715,-62.62148633,-59.536311,5.89676E-07
691,253,1,-85.618028,29.554867,-73.170976,250,125,20040310, 03:25:30.0000,-62.62243633,-59.53994433,-62.62291992,-59.5417775,-62.62243633,-59.53994433,6.85705E-07
691,254,1,-86.005135,27.0345,-72.536229,250,125,20040310, 03:26:30.0000,-62.62341967,-59.54354433,-62.624403,-59.547111,-62.62391967,-59.54532767,6.2723E-07
691,255,1,-87.107099,20.975963,-75.987483,250,125,20040310, 03:27:10.0000,-62.62488633,-59.54892767,-62.62536965,-59.55072761,-62.62488633,-59.54892767,4.86665E-07
691,256,1,-85.028246,33.853788,-73.299108,250,125,20040310, 03:27:50.0000,-62.625853,-59.55254433,-62.626353,-59.55437767,-62.625853,-59.55254433,7.85444E-07
691,257,1,-85.319508,31.657825,-73.641157,250,125,20040310, 03:28:50.0000,-62.62683633,-59.55619433,-62.627803,-59.55982767,-62.62731967,-59.55802767,7.34496E-07
691,258,1,-83.14528,52.228052,-73.102358,250,125,20040310, 03:29:30.0000,-62.62828633,-59.56164433,-62.62876967,-59.56344433,-62.62828633,-59.56164433,1.21175E-06
691,259,1,-81.831074,70.684546,-72.676452,250,125,20040310, 03:30:10.0000,-62.629253,-59.56522767,-62.629753,-59.567011,-62.629253,-59.56522767,1.63996E-06
691,260,1,-82.720207,57.59849,-69.790693,250,125,20040310, 03:31:10.0000,-62.63021967,-59.56877667,-62.63120302,-59.57236106,-62.63071968,-59.57056106,1.33635E-06
691,261,1,-86.010984,26.998116,-74.069816,250,125,20040310, 03:31:50.0000,-62.63170323,-59.57416078,-62.63218633,-59.57596,-62.63170323,-59.57416078,6.26385E-07
691,262,1,-86.206464,25.80985,-72.846731,250,125,20040310, 03:32:30.0000,-62.63266988,-59.57774513,-62.63316883,-59.57956192,-62.63266988,-59.57774513,5.98816E-07
691,263,1,-87.248437,20.304306,-73.865112,250,125,20040310, 03:33:30.0000,-62.63365325,-59.5813775,-62.63463658,-59.58497858,-62.63413658,-59.58316192,4.71082E-07
691,264,1,-90.727595,9.113231,-77.789982,250,125,20040310, 03:34:10.0000,-62.63513655,-59.58677847,-62.63561992,-59.58856192,-62.63513655,-59.58677847,2.11437E-07
691,265,1,-87.050155,21.252809,-74.944941,250,125,20040310, 03:34:50.0000,-62.63610217,-59.5903275,-62.63658658,-59.59209417,-62.63610217,-59.5903275,4.93088E-07
691,266,1,-89.721325,11.489452,-76.096944,250,125,20040310, 03:35:50.0000,-62.63706883,-59.59386083,-62.63800325,-59.59747858,-62.63753658,-59.59566192,2.66568E-07
691,267,1,-96.264924,2.546475,-85.720767,250,125,20040310, 03:36:30.0000,-62.63846968,-59.59929439,-62.63891992,-59.60111192,-62.63846968,-59.59929439,5.9081E-08
691,268,1,-97.987176,1.71283,-86.383363,250,125,20040310, 03:37:10.0000,-62.63938658,-59.60294525,-62.63985325,-59.60476192,-62.63938658,-59.60294525,3.97395E-08
691,269,1,-98.359073,1.572261,-87.323877,250,125,20040310, 03:38:10.0000,-62.64033658,-59.60657858,-62.64126883,-59.61016192,-62.64080325,-59.60837858,3.64781E-08
691,270,1,-97.897956,1.748382,-87.11862,250,125,20040310, 03:38:50.0000,-62.64171992,-59.61197858,-62.64218658,-59.61377858,-62.64171992,-59.61197858,4.05643E-08
691,271,1,-97.446685,1.939829,-85.310342,250,125,20040310, 03:39:30.0000,-62.64265325,-59.61559525,-62.64313658,-59.61739525,-62.64265325,-59.61559525,4.50061E-08
691,272,1,-99.053436,1.339949,-87.773051,250,125,20040310, 03:40:30.0000,-62.64361992,-59.61919525,-62.64453658,-59.62282858,-62.64408658,-59.62101192,3.10883E-08
691,273,1,-99.227049,1.28744,-87.416387,250,125,20040310, 03:41:10.0000,-62.64500325,-59.62466192,-62.64548658,-59.62649525,-62.64500325,-59.62466192,2.987E-08
691,274,1,-99.120501,1.319416,-88.546804,250,125,20040310, 03:41:50.0000,-62.64593658,-59.62831192,-62.64640325,-59.63014525,-62.64593658,-59.62831192,3.06119E-08
691,275,1,-99.811112,1.125436,-87.684832,250,125,20040310, 03:42:50.0000,-62.64686992,-59.63197858,-62.64781992,-59.63562858,-62.64735217,-59.63381192,2.61113E-08
691,276,1,-100.621784,0.933799,-89.150032,250,125,20040310, 03:43:30.0000,-62.64830325,-59.63747858,-62.64876992,-59.63931192,-62.64830325,-59.63747858,2.16652E-08
691,277,1,-100.098918,1.053271,-89.089331,250,125,20040310, 03:44:10.0000,-62.64925439,-59.64113276,-62.64973658,-59.6429775,-62.64925439,-59.64113276,2.4437E-08
691,278,1,-99.346736,1.252444,-88.092117,250,125,20040310, 03:45:10.0000,-62.65021992,-59.64481192,-62.65118658,-59.64849525,-62.65070325,-59.64666192,2.90581E-08
691,279,1,-99.767055,1.136911,-87.979659,250,125,20040310, 03:45:50.0000,-62.65163658,-59.65034525,-62.65208658,-59.65221192,-62.65163658,-59.65034525,2.63776E-08
691,280,1,-100.453382,0.970719,-88.68466,250,125,20040310, 03:46:30.0000,-62.65253658,-59.65409525,-62.65300222,-59.65597889,-62.65253658,-59.65409525,2.25217E-08
691,281,1,-101.068189,0.842583,-88.672297,250,125,20040310, 03:47:30.0000,-62.65345439,-59.65783276,-62.65436883,-59.66156192,-62.65391967,-59.6597165,1.95488E-08
691,282,1,-100.146387,1.041821,-88.028415,250,125,20040310, 03:48:10.0000,-62.65480325,-59.66344633,-62.65527002,-59.66534674,-62.65480325,-59.66344633,2.41714E-08
691,283,1,-98.167991,1.642982,-83.443733,250,125,20040310, 03:48:50.0000,-62.65572242,-59.66725633,-62.65617142,-59.66911742,-62.65572242,-59.66725633,3.8119E-08
691,284,1,-101.13025,0.830628,-87.18035,250,125,20040310, 03:49:30.0000,-62.65663557,-59.67097895,-62.65707002,-59.67284562,-62.65663557,-59.67097895,1.92715E-08
691,285,1,-100.652169,0.927289,-87.254468,250,125,20040310, 03:50:30.0000,-62.65753641,-59.67475178,-62.65843908,-59.67855442,-62.65797128,-59.67665024,2.15141E-08
691,286,1,-102.157566,0.655655,-90.147461,250,125,20040310, 03:51:10.0000,-62.65890383,-59.68043775,-62.65935575,-59.68230442,-62.65890383,-59.68043775,1.52119E-08
691,287,1,-102.336724,0.629158,-90.834994,250,125,20040310, 03:51:50.0000,-62.65982242,-59.68418967,-62.66030578,-59.68607312,-62.65982242,-59.68418967,1.45971E-08
691,288,1,-101.98765,0.681815,-91.201421,250,125,20040310, 03:52:50.0000,-62.6607705,-59.68795442,-62.66167242,-59.69172108,-62.66122264,-59.68983856,1.58189E-08
691,289,1,-102.669399,0.582763,-91.011586,250,125,20040310, 03:53:30.0000,-62.66213908,-59.69358775,-62.66258908,-59.69547108,-62.66213908,-59.69358775,1.35207E-08
691,290,1,-101.960786,0.686046,-91.470788,250,125,20040310, 03:54:10.0000,-62.66303702,-59.69734684,-62.66350597,-59.69922189,-62.66303702,-59.69734684,1.5917E-08
691,291,1,-101.219969,0.813645,-90.971476,250,125,20040310, 03:54:50.0000,-62.6639705,-59.70110633,-62.66445575,-59.70297108,-62.6639705,-59.70110633,1.88774E-08
691,292,1,-101.516397,0.759962,-89.249988,250,125,20040310, 03:55:50.0000,-62.66495359,-59.70483103,-62.66590463,-59.70853366,-62.66543692,-59.7066965,1.7632E-08
691,293,1,-102.812327,0.563896,-91.601913,250,125,20040310, 03:56:30.0000,-62.6664035,-59.7103795,-62.66687017,-59.71221283,-62.6664035,-59.7103795,1.3083E-08
691,294,1,-101.428143,0.775564,-88.36373,250,125,20040310, 03:57:10.0000,-62.6673535,-59.71404733,-62.66782017,-59.71591283,-62.6673535,-59.71404733,1.79939E-08
691,295,1,-100.861839,0.883584,-88.225941,250,125,20040310, 03:58:10.0000,-62.6683035,-59.7177795,-62.66928573,-59.72147983,-62.66878683,-59.719614,2.05001E-08
691,296,1,-99.689887,1.157292,-86.081885,250,125,20040310, 03:58:50.0000,-62.66977245,-59.72332312,-62.6702535,-59.72514617,-62.66977245,-59.72332312,2.68504E-08
691,297,1,-101.144272,0.827951,-88.32161,250,125,20040310, 03:59:30.0000,-62.67072026,-59.72701316,-62.67120529,-59.72886939,-62.67072026,-59.72701316,1.92094E-08
691,298,1,-101.690153,0.730157,-90.717094,250,125,20040310, 04:00:10.0000,-62.67168905,-59.73070429,-62.67213933,-59.732522,-62.67168905,-59.73070429,1.69404E-08
691,299,1,-101.593299,0.746624,-91.153991,250,125,20040310, 04:01:10.0000,-62.67260396,-59.73435512,-62.67353797,-59.73800033,-62.67307035,-59.73616351,1.73225E-08
691,300,1,-101.727231,0.72395,-90.748588,250,125,20040310, 04:01:50.0000,-62.67402242,-59.73983775,-62.67450383,-59.74167108,-62.67402242,-59.73983775,1.67964E-08
691,301,1,-102.60901,0.590923,-92.118426,250,125,20040310, 04:02:30.0000,-62.67497154,-59.74349957,-62.67543905,-59.74533762,-62.67497154,-59.74349957,1.37101E-08
691,302,1,-100.932546,0.869315,-89.138392,250,125,20040310, 04:03:30.0000,-62.67592142,-59.74718408,-62.6768893,-59.75083856,-62.67639133,-59.74900533,2.01691E-08
691,303,1,-100.479441,0.964912,-90.257579,250,125,20040310, 04:04:10.0000,-62.67737017,-59.75269617,-62.67787017,-59.75451283,-62.67737017,-59.75269617,2.2387E-08
691,304,1,-100.439305,0.973871,-89.659725,250,125,20040310, 04:04:50.0000,-62.67831775,-59.75632063,-62.67878692,-59.75816436,-62.67831775,-59.75632063,2.25949E-08
691,305,1,-101.115759,0.833405,-90.983441,250,125,20040310, 04:05:50.0000,-62.67925317,-59.76003408,-62.68017245,-59.76375452,-62.67972264,-59.76190522,1.93359E-08
691,306,1,-101.957161,0.686619,-91.801462,250,125,20040310, 04:06:30.0000,-62.68062026,-59.76556316,-62.68107142,-59.76738408,-62.68062026,-59.76556316,1.59303E-08
691,307,1,-100.702983,0.916502,-90.020261,250,125,20040310, 04:07:10.0000,-62.68152142,-59.769219,-62.68198797,-59.77108366,-62.68152142,-59.769219,2.12638E-08
691,308,1,-99.67812,1.160432,-89.338448,250,125,20040310, 04:08:10.0000,-62.68247026,-59.77292983,-62.683406,-59.77663867,-62.68293702,-59.77479684,2.69233E-08
691,309,1,-96.778368,2.262534,-85.681046,250,125,20040310, 04:08:50.0000,-62.68387245,-59.77847312,-62.68433933,-59.78030733,-62.68387245,-59.77847312,5.24932E-08
691,310,1,-97.541617,1.897886,-86.831843,250,125,20040310, 04:09:30.0000,-62.684819,-59.78216283,-62.68528694,-59.78399656,-62.684819,-59.78216283,4.4033E-08
691,311,1,-99.151145,1.310139,-86.691117,250,125,20040310, 04:10:30.0000,-62.6857535,-59.78581283,-62.68667017,-59.7894795,-62.68622027,-59.78764656,3.03966E-08
691,312,1,-100.221571,1.023941,-89.406266,250,125,20040310, 04:11:10.0000,-62.68713683,-59.79131283,-62.68758833,-59.793135,-62.68713683,-59.79131283,2.37565E-08
691,313,1,-98.421683,1.549757,-83.601351,250,125,20040310, 04:11:50.0000,-62.68805485,-59.79498447,-62.6885199,-59.79681618,-62.68805485,-59.79498447,3.5956E-08
691,314,1,-98.534523,1.510009,-89.823298,250,125,20040310, 04:12:50.0000,-62.68897017,-59.79861283,-62.68988833,-59.802235,-62.68943574,-59.80041323,3.50338E-08
691,315,1,-99.303258,1.265045,-87.041065,250,125,20040310, 04:13:30.0000,-62.6903359,-59.80404615,-62.69078708,-59.80586375,-62.6903359,-59.80404615,2.93504E-08
691,316,1,-100.295112,1.006748,-89.74801,250,125,20040310, 04:14:10.0000,-62.6912525,-59.80769708,-62.69170375,-59.80952917,-62.6912525,-59.80769708,2.33576E-08
691,317,1,-101.082191,0.839871,-90.803311,250,125,20040310, 04:15:10.0000,-62.69215375,-59.81133042,-62.69310375,-59.81491375,-62.69263708,-59.81314708,1.94859E-08
691,318,1,-102.344355,0.628053,-91.657351,250,125,20040310, 04:15:50.0000,-62.69357042,-59.81669708,-62.69403708,-59.81844708,-62.69357042,-59.81669708,1.45715E-08
691,319,1,-103.379002,0.494916,-91.37365,250,125,20040310, 04:16:50.0000,-62.69450375,-59.8202125,-62.69545375,-59.82367917,-62.69497042,-59.82194583,1.14826E-08
691,320,1,-103.600668,0.470289,-90.320369,250,125,20040310, 04:17:30.0000,-62.69593583,-59.82542917,-62.69640375,-59.82714583,-62.69593583,-59.82542917,1.09112E-08
691,321,1,-103.581183,0.472404,-92.518631,250,125,20040310, 04:18:10.0000,-62.69688708,-59.82889583,-62.69735375,-59.8306125,-62.69688708,-59.82889583,1.09603E-08
691,322,1,-102.183008,0.651825,-90.365843,250,125,20040310, 04:19:10.0000,-62.69782042,-59.83229583,-62.69876917,-59.8357125,-62.69828708,-59.83397917,1.51231E-08
691,323,1,-100.096097,1.053955,-88.244092,250,125,20040310, 04:19:50.0000,-62.69923708,-59.83741375,-62.69970375,-59.83914583,-62.69923708,-59.83741375,2.44529E-08
691,324,1,-101.484598,0.765547,-91.315453,250,125,20040310, 04:20:50.0000,-62.70017154,-59.84085122,-62.70112051,-59.84431282,-62.700655,-59.84261667,1.77615E-08
691,325,1,-101.039154,0.848236,-89.559047,250,125,20040310, 04:21:30.0000,-62.70158821,-59.84601626,-62.70205375,-59.84774458,-62.70158821,-59.84601626,1.968E-08
691,326,1,-98.105767,1.666691,-81.013984,250,125,20040310, 04:22:30.0000,-62.7025359,-59.84946282,-62.703456,-59.85293867,-62.70298821,-59.85118455,3.8669E-08
691,327,1,-102.386862,0.621936,-88.818114,250,125,20040310, 04:23:10.0000,-62.70393936,-59.85470544,-62.70442179,-59.85645214,-62.70393936,-59.85470544,1.44296E-08
691,328,1,-103.388601,0.493823,-92.749448,250,125,20040310, 04:23:50.0000,-62.70490385,-59.85821282,-62.70538718,-59.85992949,-62.70490385,-59.85821282,1.14572E-08
691,329,1,-103.967641,0.432183,-91.337547,250,125,20040310, 04:24:50.0000,-62.70585625,-59.86165625,-62.70680488,-59.86515122,-62.70633735,-59.86340343,1.00271E-08
691,330,1,-103.042872,0.534742,-92.82195,250,125,20040310, 04:25:30.0000,-62.70727042,-59.86687917,-62.70775385,-59.86863077,-62.70727042,-59.86687917,1.24066E-08
691,331,1,-101.54963,0.754169,-88.007044,250,125,20040310, 04:26:30.0000,-62.70822051,-59.8703641,-62.70917042,-59.8738125,-62.70870375,-59.87209583,1.74975E-08
691,332,1,-102.625542,0.588678,-92.18603,250,125,20040310, 04:27:10.0000,-62.70963708,-59.8755625,-62.71010366,-59.87727886,-62.70963708,-59.8755625,1.3658E-08
691,333,1,-103.725075,0.457009,-93.78003,250,125,20040310, 04:27:50.0000,-62.71056783,-59.87898917,-62.7110185,-59.88069005,-62.71056783,-59.87898917,1.06031E-08
691,334,1,-105.305353,0.317612,-94.657988,250,125,20040310, 04:28:50.0000,-62.71148733,-59.88241333,-62.71242067,-59.88583,-62.71195383,-59.88412943,7.36893E-09
691,335,1,-103.096901,0.528131,-91.222245,250,125,20040310, 04:29:30.0000,-62.71288716,-59.88756276,-62.71333517,-59.88927339,-62.71288716,-59.88756276,1.22532E-08
691,336,1,-104.663297,0.368216,-93.368649,250,125,20040310, 04:30:30.0000,-62.71380175,-59.89098975,-62.71473716,-59.89444609,-62.71427067,-59.89273,8.543E-09
691,337,1,-103.809923,0.448167,-93.082926,250,125,20040310, 04:31:10.0000,-62.71520175,-59.89617308,-62.71567067,-59.89791467,-62.71520175,-59.89617308,1.0398E-08
691,338,1,-100.975419,0.860776,-86.783034,250,125,20040310, 04:32:10.0000,-62.71612049,-59.89962943,-62.71705267,-59.90309667,-62.7165845,-59.90135642,1.99709E-08
691,339,1,-101.525453,0.758379,-89.096034,250,125,20040310, 04:32:50.0000,-62.717518,-59.90480733,-62.71796843,-59.90655645,-62.717518,-59.90480733,1.75952E-08
691,340,1,-101.459558,0.769974,-90.015274,250,125,20040310, 04:33:50.0000,-62.71845133,-59.90830733,-62.71935183,-59.91178944,-62.71890361,-59.91006322,1.78642E-08
691,341,1,-102.296483,0.635014,-90.189243,250,125,20040310, 04:34:30.0000,-62.71982067,-59.91351333,-62.72027067,-59.91523,-62.71982067,-59.91351333,1.4733E-08
691,342,1,-102.496308,0.606458,-91.338225,250,125,20040310, 04:35:10.0000,-62.72072067,-59.916948,-62.72117067,-59.91868,-62.72072067,-59.916948,1.40705E-08
691,343,1,-103.956503,0.433293,-89.755367,250,125,20040310, 04:36:10.0000,-62.72163467,-59.92040667,-62.72253733,-59.92386467,-62.72208733,-59.92214667,1.00529E-08
691,344,1,-102.326406,0.630654,-89.689779,250,125,20040310, 04:36:50.0000,-62.72298533,-59.92560733,-62.723452,-59.92734067,-62.72298533,-59.92560733,1.46319E-08
691,345,1,-102.100605,0.664311,-89.475455,250,125,20040310, 04:37:50.0000,-62.72390176,-59.92912253,-62.72483533,-59.932674,-62.72436867,-59.93090733,1.54127E-08
691,346,1,-104.850325,0.352695,-93.561038,250,125,20040310, 04:38:30.0000,-62.72528533,-59.93442333,-62.725752,-59.93617333,-62.72528533,-59.93442333,8.18291E-09
691,347,1,-103.910824,0.437874,-91.140864,250,125,20040310, 04:39:30.0000,-62.72621867,-59.93790667,-62.72712067,-59.94131333,-62.72667067,-59.93961467,1.01592E-08
691,348,1,-102.722343,0.575702,-88.147744,250,125,20040310, 04:40:10.0000,-62.72757067,-59.94299667,-62.72802067,-59.94471333,-62.72757067,-59.94299667,1.33569E-08
691,349,1,-102.760361,0.570684,-90.483435,250,125,20040310, 04:41:10.0000,-62.72847067,-59.94643133,-62.72935385,-59.94989744,-62.728904,-59.94816333,1.32405E-08
691,350,1,-103.645451,0.465465,-91.890315,250,125,20040310, 04:41:50.0000,-62.72982067,-59.95164667,-62.73026933,-59.95333,-62.72982067,-59.95164667,1.07993E-08
691,351,1,-102.278238,0.637688,-90.311705,250,125,20040310, 04:42:30.0000,-62.73070267,-59.95503,-62.73115283,-59.95671417,-62.73070267,-59.95503,1.4795E-08
691,352,1,-102.084841,0.666727,-88.12768,250,125,20040310, 04:43:30.0000,-62.73160283,-59.9584475,-62.73248758,-59.9618975,-62.73203758,-59.96014892,1.54688E-08
691,353,1,-94.736017,3.621013,-81.674155,250,125,20040310, 04:44:10.0000,-62.73293608,-59.96363042,-62.73336892,-59.96537492,-62.73293608,-59.96363042,8.40114E-08
691,354,1,-96.570316,2.37356,-82.397403,250,125,20040310, 04:45:10.0000,-62.73381892,-59.96712417,-62.73471891,-59.97057413,-62.73426891,-59.96885746,5.50692E-08
691,355,1,-100.747944,0.907063,-88.285546,250,125,20040310, 04:45:50.0000,-62.73516892,-59.97227492,-62.73561892,-59.97399158,-62.73516892,-59.97227492,2.10448E-08
691,356,1,-102.828557,0.561793,-90.609241,250,125,20040310, 04:46:50.0000,-62.73608483,-59.97569158,-62.73696892,-59.9791075,-62.73653483,-59.9774075,1.30342E-08
691,357,1,-105.294826,0.318383,-93.7785,250,125,20040310, 04:47:30.0000,-62.73743483,-59.98082417,-62.73788483,-59.9825575,-62.73743483,-59.98082417,7.38682E-09
691,358,1,-103.237305,0.51133,-88.433323,250,125,20040310, 04:48:30.0000,-62.73833558,-59.98425825,-62.73923558,-59.98764083,-62.73878558,-59.98597417,1.18634E-08
691,359,1,-104.684545,0.366418,-93.907159,250,125,20040310, 04:49:10.0000,-62.7397015,-59.98932417,-62.74015225,-59.99100825,-62.7397015,-59.98932417,8.5013E-09
691,360,1,-103.914523,0.437502,-91.351552,250,125,20040310, 04:50:10.0000,-62.74061892,-59.99274083,-62.74173633,-59.99578933,-62.74113558,-59.99435675,1.01505E-08
691,361,1,-104.706498,0.364571,-92.354401,250,125,20040310, 04:50:50.0000,-62.74243633,-59.9969045,-62.74320375,-59.99777042,-62.74243633,-59.9969045,8.45844E-09
691,362,1,-104.127006,0.416611,-89.646565,250,125,20040310, 04:51:50.0000,-62.74398708,-59.99858708,-62.74562042,-60.00015375,-62.74480375,-59.99935375,9.66584E-09
691,363,1,-104.640156,0.370183,-88.919277,250,125,20040310, 04:52:30.0000,-62.74643708,-60.00092042,-62.74725375,-60.00175375,-62.74643708,-60.00092042,8.58864E-09
691,364,1,-102.256116,0.640944,-85.058152,250,125,20040310, 04:53:30.0000,-62.74807042,-60.00262042,-62.74970375,-60.00423633,-62.74888708,-60.00343708,1.48706E-08
691,365,1,-103.455578,0.486266,-89.658334,250,125,20040310, 04:54:10.0000,-62.75052042,-60.00503708,-62.75133708,-60.00585375,-62.75052042,-60.00503708,1.12819E-08
691,366,1,-98.917893,1.382428,-81.166544,250,125,20040310, 04:55:10.0000,-62.7521704,-60.00665373,-62.7538371,-60.0082371,-62.75300375,-60.00746967,3.20738E-08
691,367,1,-98.45012,1.539642,-83.60473,250,125,20040310, 04:55:50.0000,-62.75465375,-60.00902042,-62.75545377,-60.00983786,-62.75465375,-60.00902042,3.57214E-08
691,368,1,-99.865457,1.11144,-86.824744,250,125,20040310, 04:56:50.0000,-62.75628708,-60.01070375,-62.75793777,-60.01238865,-62.75712042,-60.01153708,2.57866E-08
691,369,1,-102.099554,0.664472,-90.681334,250,125,20040310, 04:57:30.0000,-62.7587875,-60.01325417,-62.75960417,-60.01410417,-62.7587875,-60.01325417,1.54165E-08
691,370,1,-103.866325,0.442384,-91.779126,250,125,20040310, 04:58:30.0000,-62.7604371,-60.0149871,-62.76212081,-60.01670415,-62.76127083,-60.01585417,1.02638E-08
691,371,1,-104.72329,0.363164,-93.056549,250,125,20040310, 04:59:10.0000,-62.76297083,-60.01755417,-62.76382083,-60.01840417,-62.76297083,-60.01755417,8.4258E-09
691,372,1,-93.25065,5.097613,-73.918336,250,125,20040310, 04:59:50.0000,-62.7646875,-60.01923833,-62.76552167,-60.0200875,-62.7646875,-60.01923833,1.1827E-07
691,373,1,-103.684647,0.461283,-90.478434,250,125,20040310, 05:00:50.0000,-62.76637083,-60.02095417,-62.76805417,-60.02267083,-62.76722083,-60.02180417,1.07023E-08
691,374,1,-101.023334,0.851331,-87.350977,250,125,20040310, 05:01:30.0000,-62.76890417,-60.02355417,-62.7697375,-60.02442083,-62.76890417,-60.02355417,1.97518E-08
691,375,1,-102.741638,0.57315,-91.356882,250,125,20040310, 05:02:30.0000,-62.77057083,-60.0252875,-62.7722875,-60.027005,-62.77142083,-60.02617083,1.32977E-08
691,376,1,-103.644175,0.465601,-90.918475,250,125,20040310, 05:03:10.0000,-62.7731375,-60.02787083,-62.77398833,-60.02875417,-62.7731375,-60.02787083,1.08025E-08
691,377,1,-101.887085,0.697788,-90.057947,250,125,20040310, 05:03:50.0000,-62.77485417,-60.0296375,-62.77570417,-60.0305375,-62.77485417,-60.0296375,1.61894E-08
691,378,1,-99.445913,1.224167,-82.623229,250,125,20040310, 05:04:50.0000,-62.77655377,-60.03142044,-62.77827083,-60.0331875,-62.77740417,-60.0322875,2.8402E-08
691,379,1,-87.45581,19.35757,-73.588105,250,125,20040310, 05:05:30.0000,-62.77912083,-60.03407083,-62.7799875,-60.0349375,-62.77912083,-60.03407083,4.49117E-07
691,380,1,-84.737921,36.194264,-71.726047,250,125,20040310, 05:06:10.0000,-62.78085417,-60.03582083,-62.78172083,-60.03670417,-62.78085417,-60.03582083,8.39746E-07
691,381,1,-80.384941,98.613802,-68.316528,250,125,20040310, 05:07:10.0000,-62.7825875,-60.03757083,-62.784305,-60.03932083,-62.78345417,-60.0384375,2.28795E-06
691,382,1,-82.258438,64.060163,-68.996483,250,125,20040310, 05:07:50.0000,-62.7851875,-60.04022083,-62.78605417,-60.04110417,-62.7851875,-60.04022083,1.48626E-06
691,383,1,-80.678112,92.176591,-70.567183,250,125,20040310, 05:08:30.0000,-62.786905,-60.04197167,-62.78777085,-60.04283752,-62.786905,-60.04197167,2.1386E-06
691,384,1,-77.557422,189.099195,-65.309042,250,125,20040310, 05:09:30.0000,-62.78863833,-60.04370417,-62.7903875,-60.0454875,-62.78952083,-60.04460417,4.38731E-06
691,385,1,-86.764678,22.696771,-72.453239,250,125,20040310, 05:10:10.0000,-62.79125458,-60.04637125,-62.79213752,-60.04723836,-62.79125458,-60.04637125,5.2659E-07
691,386,1,-86.451443,24.394256,-73.765167,250,125,20040310, 05:10:50.0000,-62.79300458,-60.04813792,-62.79387125,-60.04902125,-62.79300458,-60.04813792,5.65973E-07
691,387,1,-90.065043,10.615185,-74.6053,250,125,20040310, 05:11:50.0000,-62.79472217,-60.04990458,-62.79643883,-60.05162125,-62.79558788,-60.05077045,2.46284E-07
691,388,1,-80.519104,95.613983,-68.476969,250,125,20040310, 05:12:30.0000,-62.79730458,-60.05247217,-62.79817125,-60.05335458,-62.79730458,-60.05247217,2.21835E-06
691,389,1,-86.424227,24.547605,-74.631717,250,125,20040310, 05:13:10.0000,-62.79903792,-60.05423792,-62.79990458,-60.05512217,-62.79903792,-60.05423792,5.69531E-07
691,390,1,-95.639137,2.941157,-80.568522,250,125,20040310, 05:14:10.0000,-62.80077125,-60.05602125,-62.80245458,-60.05775458,-62.80162125,-60.05690458,6.8238E-08
691,391,1,-94.533428,3.793928,-78.737992,250,125,20040310, 05:14:50.0000,-62.80330458,-60.05860458,-62.80415458,-60.05943792,-62.80330458,-60.05860458,8.80232E-08
691,392,1,-89.226253,12.876759,-73.154914,250,125,20040310, 05:15:50.0000,-62.8050055,-60.06030458,-62.80673792,-60.06202125,-62.80587125,-60.06117125,2.98755E-07
691,393,1,-85.313899,31.698738,-69.900139,250,125,20040310, 05:16:30.0000,-62.80760458,-60.06288792,-62.80848792,-60.06373792,-62.80760458,-60.06288792,7.35445E-07
691,394,1,-84.329317,39.764925,-71.894995,250,125,20040310, 05:17:10.0000,-62.8093555,-60.06460458,-62.81023792,-60.06547125,-62.8093555,-60.06460458,9.22589E-07
691,395,1,-85.053239,33.659523,-70.087093,250,125,20040310, 05:18:10.0000,-62.81110458,-60.06633792,-62.81282125,-60.06807125,-62.81195458,-60.06720458,7.80937E-07
691,396,1,-85.537491,30.108058,-70.65777,250,125,20040310, 05:18:50.0000,-62.81368883,-60.06892217,-62.81457125,-60.06978883,-62.81368883,-60.06892217,6.98539E-07
691,397,1,-83.796916,44.951087,-70.890748,250,125,20040310, 05:19:30.0000,-62.81545458,-60.07067125,-62.81633792,-60.07153883,-62.81545458,-60.07067125,1.04291E-06
691,398,1,-84.523046,38.03008,-70.716916,250,125,20040310, 05:20:30.0000,-62.8172055,-60.0724555,-62.81897085,-60.07425419,-62.81808792,-60.07337125,8.82339E-07
691,399,1,-87.759092,18.051888,-72.69332,250,125,20040310, 05:21:10.0000,-62.81987125,-60.07513792,-62.82075458,-60.07603792,-62.81987125,-60.07513792,4.18823E-07
691,400,1,-92.110643,6.627772,-76.44413,250,125,20040310, 05:21:50.0000,-62.8216393,-60.07690498,-62.82253789,-60.07777123,-62.8216393,-60.07690498,1.53771E-07
691,401,1,-95.971466,2.72449,-81.435929,250,125,20040310, 05:22:50.0000,-62.82342267,-60.078656,-62.8251893,-60.0804393,-62.82430498,-60.07955597,6.32111E-08
691,402,1,-99.018427,1.350794,-85.954937,250,125,20040310, 05:23:30.0000,-62.82607167,-60.08133933,-62.82693833,-60.08227167,-62.82607167,-60.08133933,3.13399E-08
691,403,1,-99.188299,1.298978,-87.658031,250,125,20040310, 05:24:10.0000,-62.82782167,-60.08318833,-62.82868833,-60.084056,-62.82782167,-60.08318833,3.01377E-08
691,404,1,-98.172331,1.641341,-88.431455,250,125,20040310, 05:24:50.0000,-62.829555,-60.08492267,-62.83043833,-60.08578833,-62.829555,-60.08492267,3.80809E-08
691,405,1,-98.865447,1.399224,-87.937942,250,125,20040310, 05:25:50.0000,-62.83132167,-60.086656,-62.833055,-60.088455,-62.83218833,-60.087556,3.24635E-08
691,406,1,-101.07002,0.842228,-91.10791,250,125,20040310, 05:26:30.0000,-62.83392167,-60.089356,-62.83480461,-60.09030553,-62.83392167,-60.089356,1.95406E-08
691,407,1,-98.421647,1.54977,-86.918052,250,125,20040310, 05:27:10.0000,-62.83567167,-60.09123933,-62.83653833,-60.09213933,-62.83567167,-60.09123933,3.59563E-08
691,408,1,-97.888007,1.752392,-87.097663,250,125,20040310, 05:28:10.0000,-62.837405,-60.09303833,-62.83913833,-60.09482167,-62.83827267,-60.09393833,4.06574E-08
691,409,1,-96.86989,2.215353,-86.477465,250,125,20040310, 05:28:50.0000,-62.840005,-60.09572167,-62.840855,-60.09658833,-62.840005,-60.09572167,5.13986E-08
691,410,1,-96.264902,2.546488,-84.456705,250,125,20040310, 05:29:50.0000,-62.84172167,-60.09742167,-62.843455,-60.09907167,-62.84257088,-60.09823754,5.90813E-08
691,411,1,-94.556246,3.774046,-85.084116,250,125,20040310, 05:30:30.0000,-62.84432267,-60.099905,-62.845205,-60.10073833,-62.84432267,-60.099905,8.75619E-08
691,412,1,-95.538674,3.009986,-84.973206,250,125,20040310, 05:31:10.0000,-62.84607167,-60.10157167,-62.846955,-60.10243833,-62.84607167,-60.10157167,6.98349E-08
691,413,1,-96.242833,2.559461,-85.565938,250,125,20040310, 05:32:10.0000,-62.84782267,-60.10332167,-62.84957267,-60.10498833,-62.848705,-60.104156,5.93823E-08
691,414,1,-95.855484,2.79823,-85.858036,250,125,20040310, 05:32:50.0000,-62.85045498,-60.10583831,-62.85133933,-60.106706,-62.85045498,-60.10583831,6.4922E-08
691,415,1,-96.530457,2.395445,-87.027485,250,125,20040310, 05:33:30.0000,-62.85222167,-60.10758833,-62.85310498,-60.10843831,-62.85222167,-60.10758833,5.55769E-08
691,416,1,-97.945863,1.729201,-88.224736,250,125,20040310, 05:34:30.0000,-62.85398833,-60.10927167,-62.855755,-60.11093933,-62.85487169,-60.11008836,4.01193E-08
691,417,1,-96.945506,2.177115,-86.872679,250,125,20040310, 05:35:10.0000,-62.85662206,-60.11180539,-62.85748836,-60.11267169,-62.85662206,-60.11180539,5.05114E-08
691,418,1,-97.97762,1.716603,-88.023442,250,125,20040310, 05:35:50.0000,-62.858355,-60.11352167,-62.85923831,-60.11437164,-62.858355,-60.11352167,3.9827E-08
691,419,1,-97.107703,2.097305,-85.901845,250,125,20040310, 05:36:50.0000,-62.86012208,-60.11522208,-62.86187208,-60.11692208,-62.86098875,-60.11607208,4.86597E-08
691,420,1,-95.626058,2.950027,-84.744004,250,125,20040310, 05:37:30.0000,-62.86273875,-60.11777208,-62.86362208,-60.11860542,-62.86273875,-60.11777208,6.84438E-08
691,421,1,-94.258645,4.041731,-82.801172,250,125,20040310, 05:38:10.0000,-62.86448983,-60.11943875,-62.86537208,-60.12027317,-62.86448983,-60.11943875,9.37725E-08
691,422,1,-72.408537,618.839671,-55.631001,250,125,20040310, 05:39:10.0000,-62.86623977,-60.1211387,-62.86798889,-60.12285556,-62.86712208,-60.12200542,1.43577E-05
691,423,1,-96.845625,2.227765,-86.694579,250,125,20040310, 05:39:50.0000,-62.86887208,-60.12373875,-62.8697565,-60.12462208,-62.86887208,-60.12373875,5.16866E-08
691,424,1,-95.686625,2.909171,-84.054749,250,125,20040310, 05:40:30.0000,-62.87063875,-60.12547208,-62.87152208,-60.12632317,-62.87063875,-60.12547208,6.74959E-08
691,425,1,-96.272086,2.542279,-85.740435,250,125,20040310, 05:41:30.0000,-62.87240542,-60.12722208,-62.8741565,-60.12903983,-62.87327317,-60.12813983,5.89836E-08
691,426,1,-98.02921,1.696332,-87.739844,250,125,20040310, 05:42:10.0000,-62.87505542,-60.12995542,-62.87592169,-60.13083936,-62.87505542,-60.12995542,3.93567E-08
691,427,1,-98.628319,1.477747,-87.999483,250,125,20040310, 05:42:50.0000,-62.87680542,-60.13173983,-62.87770542,-60.13265542,-62.87680542,-60.13173983,3.42853E-08
691,428,1,-99.393163,1.239126,-88.276698,250,125,20040310, 05:43:30.0000,-62.87858875,-60.13353875,-62.87947317,-60.13442208,-62.87858875,-60.13353875,2.87491E-08
691,429,1,-98.217855,1.624226,-88.598665,250,125,20040310, 05:44:30.0000,-62.88037208,-60.13532208,-62.88213875,-60.13712317,-62.88125542,-60.13622317,3.76838E-08
691,430,1,-97.870186,1.759597,-89.097237,250,125,20040310, 05:45:10.0000,-62.88302169,-60.13803836,-62.88390647,-60.13895647,-62.88302169,-60.13803836,4.08246E-08
691,431,1,-99.03181,1.346638,-89.147989,250,125,20040310, 05:45:50.0000,-62.88480542,-60.1398565,-62.88568875,-60.14077208,-62.88480542,-60.1398565,3.12435E-08
691,432,1,-79.119295,131.978251,-57.88662,250,125,20040310, 05:46:50.0000,-62.88657317,-60.14167208,-62.88835539,-60.14345539,-62.88745542,-60.14255542,3.06204E-06
691,433,1,-75.272886,319.995031,-55.743145,250,125,20040310, 05:47:30.0000,-62.88923878,-60.1443732,-62.89012367,-60.14528917,-62.88923878,-60.1443732,7.42423E-06
691,434,1,-98.538656,1.508573,-88.159137,250,125,20040310, 05:48:10.0000,-62.8910232,-60.14618987,-62.891907,-60.14710583,-62.8910232,-60.14618987,3.50005E-08
691,435,1,-97.827601,1.776936,-88.615014,250,125,20040310, 05:48:50.0000,-62.892807,-60.14802367,-62.89370578,-60.14893911,-62.892807,-60.14802367,4.12268E-08
691,436,1,-98.711343,1.449765,-88.560325,250,125,20040310, 05:49:50.0000,-62.89459033,-60.14983917,-62.89638917,-60.15164033,-62.89548917,-60.15073917,3.36361E-08
691,437,1,-100.016523,1.073444,-89.287818,250,125,20040310, 05:50:30.0000,-62.8972725,-60.15252367,-62.89815583,-60.15343917,-62.8972725,-60.15252367,2.49051E-08
691,438,1,-99.63484,1.172055,-88.044858,250,125,20040310, 05:51:10.0000,-62.89902367,-60.15432367,-62.89990583,-60.1552225,-62.89902367,-60.15432367,2.71929E-08
691,439,1,-100.892796,0.877308,-89.603859,250,125,20040310, 05:52:10.0000,-62.9007725,-60.15613917,-62.90252367,-60.15798917,-62.90164033,-60.1570725,2.03545E-08
691,440,1,-98.073024,1.679304,-86.650971,250,125,20040310, 05:52:50.0000,-62.9034225,-60.1588725,-62.90430578,-60.15973911,-62.9034225,-60.1588725,3.89617E-08
691,441,1,-72.364764,625.108577,-55.111144,250,125,20040310, 05:53:30.0000,-62.90519033,-60.16058917,-62.90607367,-60.161457,-62.90519033,-60.16058917,1.45032E-05
691,442,1,-74.400874,391.150968,-54.733442,250,125,20040310, 05:54:30.0000,-62.90695583,-60.16234033,-62.90872367,-60.16414033,-62.90783911,-60.16323911,9.07512E-06
691,443,1,-97.092761,2.104533,-81.178192,250,125,20040310, 05:55:10.0000,-62.9096225,-60.1650225,-62.91050583,-60.1658725,-62.9096225,-60.1650225,4.88274E-08
691,444,1,-95.19636,3.256836,-77.843164,250,125,20040310, 05:55:50.0000,-62.91137367,-60.1667225,-62.912257,-60.1675725,-62.91137367,-60.1667225,7.55621E-08
691,445,1,-98.959726,1.369176,-87.359193,250,125,20040310, 05:56:50.0000,-62.91312367,-60.16843917,-62.9148725,-60.1701725,-62.91400583,-60.16930583,3.17664E-08
691,446,1,-98.659664,1.467119,-86.941448,250,125,20040310, 05:57:30.0000,-62.91573917,-60.17105583,-62.91660583,-60.17193917,-62.91573917,-60.17105583,3.40388E-08
691,447,1,-100.239141,1.019806,-90.501181,250,125,20040310, 05:58:10.0000,-62.91748917,-60.17278917,-62.91835583,-60.1736225,-62.91748917,-60.17278917,2.36606E-08
691,448,1,-99.101501,1.325201,-88.476433,250,125,20040310, 05:59:10.0000,-62.91920697,-60.1744558,-62.92093917,-60.17623917,-62.9200725,-60.1753225,3.07461E-08
691,449,1,-99.902282,1.102056,-90.096657,250,125,20040310, 05:59:50.0000,-62.92178917,-60.17713917,-62.92264037,-60.17800704,-62.92178917,-60.17713917,2.55689E-08
691,450,1,-100.307357,1.003913,-90.978656,250,125,20040310, 06:00:30.0000,-62.92350544,-60.17890544,-62.92435583,-60.1797725,-62.92350544,-60.17890544,2.32919E-08
691,451,1,-79.231485,128.612539,-60.586543,250,125,20040310, 06:01:30.0000,-62.92522292,-60.18060625,-62.9269575,-60.18223958,-62.92608958,-60.18142167,2.98395E-06
691,452,1,-99.119623,1.319683,-87.559839,250,125,20040310, 06:02:10.0000,-62.92782292,-60.18305625,-62.92868958,-60.18387292,-62.92782292,-60.18305625,3.06181E-08
691,453,1,-97.676283,1.839939,-87.055364,250,125,20040310, 06:02:50.0000,-62.92955625,-60.18468958,-62.93042292,-60.18550625,-62.92955625,-60.18468958,4.26886E-08
691,454,1,-86.108323,26.399733,-65.03673,250,125,20040310, 06:03:50.0000,-62.93129083,-60.186305,-62.93304083,-60.18793958,-62.93217292,-60.18708958,6.12502E-07
691,455,1,-81.249871,80.806218,-62.582862,250,125,20040310, 06:04:30.0000,-62.9339075,-60.18877292,-62.93477417,-60.18960625,-62.9339075,-60.18877292,1.87479E-06
691,456,1,-95.684924,2.910311,-83.407682,250,125,20040310, 06:05:30.0000,-62.93563958,-60.19047292,-62.93735625,-60.19215625,-62.93649083,-60.19132292,6.75224E-08
691,457,1,-95.337145,3.152952,-83.629448,250,125,20040310, 06:06:10.0000,-62.93822417,-60.19300625,-62.93909083,-60.19387292,-62.93822417,-60.19300625,7.31519E-08
691,458,1,-95.65055,2.933437,-83.853218,250,125,20040310, 06:06:50.0000,-62.93997292,-60.19472292,-62.94085625,-60.19557292,-62.93997292,-60.19472292,6.80589E-08
691,459,1,-95.309822,3.172851,-83.337977,250,125,20040310, 06:07:50.0000,-62.94172292,-60.19640625,-62.94348958,-60.19805625,-62.94260625,-60.19722292,7.36136E-08
691,460,1,-95.674125,2.917557,-85.077017,250,125,20040310, 06:08:30.0000,-62.94434083,-60.19888958,-62.94522292,-60.19968958,-62.94434083,-60.19888958,6.76905E-08
691,461,1,-96.612646,2.350538,-86.930526,250,125,20040310, 06:09:10.0000,-62.94610625,-60.20052292,-62.94698955,-60.20133955,-62.94610625,-60.20052292,5.4535E-08
691,462,1,-96.345145,2.49987,-87.102227,250,125,20040310, 06:10:10.0000,-62.9478575,-60.202155,-62.94963958,-60.20375625,-62.94875625,-60.20295625,5.79997E-08
691,463,1,-80.8261,89.088538,-61.265059,250,125,20040310, 06:10:50.0000,-62.95052253,-60.20457253,-62.95140625,-60.20539083,-62.95052253,-60.20457253,2.06695E-06
691,464,1,-95.637965,2.94195,-86.554165,250,125,20040310, 06:11:30.0000,-62.95228958,-60.20623958,-62.95317289,-60.20707289,-62.95228958,-60.20623958,6.82564E-08
691,465,1,-94.973923,3.42799,-86.059054,250,125,20040310, 06:12:30.0000,-62.95405625,-60.20790625,-62.95583997,-60.20953997,-62.95493961,-60.20872295,7.95331E-08
691,466,1,-95.662224,2.925563,-86.935293,250,125,20040310, 06:13:10.0000,-62.95673997,-60.2103733,-62.957608,-60.21120667,-62.95673997,-60.2103733,6.78762E-08
691,467,1,-95.372401,3.12746,-85.384538,250,125,20040310, 06:13:50.0000,-62.95850667,-60.21202333,-62.95940628,-60.21287295,-62.95850667,-60.21202333,7.25604E-08
691,468,1,-96.93612,2.181825,-86.127622,250,125,20040310, 06:14:50.0000,-62.96029133,-60.21372333,-62.96205667,-60.21544,-62.96117256,-60.21457374,5.06207E-08
691,469,1,-97.78571,1.794159,-86.901427,250,125,20040310, 06:15:30.0000,-62.96294,-60.21629,-62.96380707,-60.21713923,-62.96294,-60.21629,4.16264E-08
691,470,1,-81.647781,73.731607,-61.997833,250,125,20040310, 06:16:10.0000,-62.96470667,-60.21799,-62.96559,-60.21885667,-62.96470667,-60.21799,1.71065E-06
691,471,1,-96.394478,2.471633,-85.928452,250,125,20040310, 06:17:10.0000,-62.96647256,-60.21970589,-62.96824,-60.22140667,-62.96735667,-60.22055667,5.73446E-08
691,472,1,-95.53647,3.011514,-85.161123,250,125,20040310, 06:17:50.0000,-62.96912295,-60.22227295,-62.97000667,-60.22317333,-62.96912295,-60.22227295,6.98704E-08
691,473,1,-97.354717,1.981345,-86.65637,250,125,20040310, 06:18:30.0000,-62.97089,-60.22404133,-62.97179,-60.22492333,-62.97089,-60.22404133,4.59693E-08
691,474,1,-96.637336,2.337213,-85.748577,250,125,20040310, 06:19:10.0000,-62.97267333,-60.22579133,-62.97354133,-60.22667333,-62.97267333,-60.22579133,5.42259E-08
691,475,1,-96.13052,2.626515,-85.715661,250,125,20040310, 06:20:10.0000,-62.97444,-60.22754,-62.97620667,-60.22932333,-62.97532333,-60.22842467,6.0938E-08
691,476,1,-74.315756,398.892796,-54.676563,250,125,20040310, 06:20:50.0000,-62.97707333,-60.230208,-62.977958,-60.23110667,-62.97707333,-60.230208,9.25474E-06
691,477,1,-97.72592,1.81903,-86.840929,250,125,20040310, 06:21:30.0000,-62.97885667,-60.23197467,-62.97974,-60.23280667,-62.97885667,-60.23197467,4.22035E-08
691,478,1,-99.120726,1.319348,-89.094717,250,125,20040310, 06:22:30.0000,-62.98062467,-60.23364,-62.98237333,-60.23532333,-62.98150667,-60.23447333,3.06103E-08
691,479,1,-98.289779,1.597548,-86.158891,250,125,20040310, 06:23:10.0000,-62.98324,-60.23617467,-62.98414,-60.23704133,-62.98324,-60.23617467,3.70648E-08
691,480,1,-98.713857,1.448926,-87.527475,250,125,20040310, 06:23:50.0000,-62.98500667,-60.23790667,-62.98587333,-60.23875667,-62.98500667,-60.23790667,3.36166E-08
691,481,1,-100.77067,0.902329,-88.156318,250,125,20040310, 06:24:50.0000,-62.98674133,-60.23960667,-62.98849003,-60.24127337,-62.98762333,-60.24044,2.0935E-08
691,482,1,-98.789078,1.424046,-87.222045,250,125,20040310, 06:25:30.0000,-62.98935705,-60.24209038,-62.99022295,-60.24292295,-62.98935705,-60.24209038,3.30394E-08
691,483,1,-100.103459,1.05217,-88.131202,250,125,20040310, 06:26:10.0000,-62.99110804,-60.2437567,-62.99199042,-60.24460708,-62.99110804,-60.2437567,2.44115E-08
691,484,1,-97.311937,2.000959,-84.046307,250,125,20040310, 06:27:10.0000,-62.99287375,-60.24547375,-62.99459042,-60.24719042,-62.99374042,-60.24634042,4.64244E-08
691,485,1,-98.651025,1.470041,-84.70987,250,125,20040310, 06:27:50.0000,-62.99545708,-60.24802375,-62.99634042,-60.24885708,-62.99545708,-60.24802375,3.41065E-08
691,486,1,-86.154539,26.120289,-64.791636,250,125,20040310, 06:28:50.0000,-62.99722375,-60.24970708,-62.99899183,-60.25139042,-62.99810708,-60.25054042,6.06019E-07
691,487,1,-83.131589,52.392959,-63.505091,250,125,20040310, 06:29:30.0000,-62.99989042,-60.25224042,-63.00077375,-60.25307375,-62.99989042,-60.25224042,1.21557E-06
691,488,1,-100.6053,0.93735,-88.225817,250,125,20040310, 06:30:10.0000,-63.00165708,-60.25390708,-63.00252375,-60.25474042,-63.00165708,-60.25390708,2.17475E-08
691,489,1,-105.442658,0.307727,-93.040167,250,125,20040310, 06:31:10.0000,-63.00339042,-60.25560708,-63.0051067,-60.25737337,-63.00424183,-60.25649183,7.1396E-09
691,490,1,-104.019467,0.427056,-91.991579,250,125,20040310, 06:31:50.0000,-63.00599042,-60.25822375,-63.00689042,-60.25904042,-63.00599042,-60.25822375,9.90817E-09
691,491,1,-103.247954,0.510078,-92.526751,250,125,20040310, 06:32:30.0000,-63.00775708,-60.25987375,-63.00860708,-60.26075708,-63.00775708,-60.25987375,1.18344E-08
691,492,1,-103.034393,0.535787,-88.252456,250,125,20040310, 06:33:30.0000,-63.0094585,-60.26162375,-63.01117337,-60.26340804,-63.01032375,-60.2625085,1.24309E-08
691,493,1,-104.304316,0.399945,-92.06064,250,125,20040310, 06:34:10.0000,-63.01202375,-60.26429042,-63.01289042,-60.26512375,-63.01202375,-60.26429042,9.27915E-09
691,494,1,-103.131232,0.523973,-90.954561,250,125,20040310, 06:34:50.0000,-63.01375708,-60.26600708,-63.01459183,-60.26687375,-63.01375708,-60.26600708,1.21567E-08
691,495,1,-83.364702,49.654846,-61.933983,250,125,20040310, 06:35:50.0000,-63.01547375,-60.26772375,-63.01720708,-60.26940708,-63.01634042,-60.26855708,1.15205E-06
691,496,1,-100.316456,1.001812,-84.618269,250,125,20040310, 06:36:30.0000,-63.01805631,-60.27023965,-63.01890708,-60.27109183,-63.01805631,-60.27023965,2.32431E-08
691,497,1,-90.961622,8.635145,-72.047746,250,125,20040310, 06:37:10.0000,-63.01977371,-60.27194038,-63.02064042,-60.27277375,-63.01977371,-60.27194038,2.00345E-07
691,498,1,-100.089931,1.055453,-84.093906,250,125,20040310, 06:38:10.0000,-63.02150746,-60.27360746,-63.02324042,-60.27532517,-63.02237379,-60.27447379,2.44876E-08
691,499,1,-104.400233,0.391209,-90.989221,250,125,20040310, 06:38:50.0000,-63.02410746,-60.27619229,-63.02497521,-60.27705712,-63.02410746,-60.27619229,9.07646E-09
691,500,1,-91.458909,7.700891,-72.027381,250,125,20040310, 06:39:30.0000,-63.0258575,-60.2779075,-63.02672417,-60.27879083,-63.0258575,-60.2779075,1.78669E-07
691,501,1,-99.284709,1.27046,-82.76898,250,125,20040310, 06:40:30.0000,-63.02762417,-60.2796575,-63.02937417,-60.28137417,-63.02849007,-60.28050673,2.9476E-08
691,502,1,-102.076594,0.667994,-89.193339,250,125,20040310, 06:41:10.0000,-63.030259,-60.2822075,-63.03114233,-60.28309083,-63.030259,-60.2822075,1.54982E-08
691,503,1,-100.142756,1.042692,-85.638828,250,125,20040310, 06:41:50.0000,-63.03202417,-60.28392567,-63.032909,-60.2848075,-63.03202417,-60.28392567,2.41916E-08
691,504,1,-95.334151,3.155126,-79.807614,250,125,20040310, 06:42:50.0000,-63.03380635,-60.28565635,-63.03559083,-60.287409,-63.03469083,-60.28652417,7.32023E-08
691,505,1,-94.472924,3.847153,-83.774052,250,125,20040310, 06:43:30.0000,-63.03647417,-60.2882575,-63.037359,-60.28908933,-63.03647417,-60.2882575,8.92581E-08
691,506,1,-94.591868,3.743218,-82.360874,250,125,20040310, 06:44:10.0000,-63.038259,-60.2899075,-63.03919083,-60.29077567,-63.038259,-60.2899075,8.68467E-08
691,507,1,-93.686602,4.610751,-79.676763,250,125,20040310, 06:45:10.0000,-63.040059,-60.29169233,-63.04182417,-60.29349083,-63.04094083,-60.2926075,1.06974E-07
691,508,1,-95.508233,3.031158,-80.911586,250,125,20040310, 06:45:50.0000,-63.04269083,-60.29437567,-63.04357417,-60.29529083,-63.04269083,-60.29437567,7.03261E-08
691,509,1,-79.974313,108.392828,-60.600448,250,125,20040310, 06:46:30.0000,-63.04444083,-60.29619083,-63.04530673,-60.29710673,-63.04444083,-60.29619083,2.51483E-06
691,510,1,-96.684471,2.311984,-83.940537,250,125,20040310, 06:47:30.0000,-63.04617567,-60.29797567,-63.04792379,-60.29979188,-63.0470575,-60.29889083,5.36405E-08
691,511,1,-94.74602,3.612683,-81.310345,250,125,20040310, 06:48:10.0000,-63.0488075,-60.30067417,-63.04967417,-60.30157417,-63.0488075,-60.30067417,8.38181E-08
691,512,1,-93.210696,5.144726,-78.459721,250,125,20040310, 06:48:50.0000,-63.05055746,-60.30244229,-63.05142567,-60.30334083,-63.05055746,-60.30244229,1.19363E-07
691,513,1,-80.606592,93.707127,-59.402247,250,125,20040310, 06:49:50.0000,-63.05229233,-60.30424233,-63.0540075,-60.30619383,-63.0531575,-60.305209,2.17411E-06
691,514,1,-97.325586,1.99468,-81.192481,250,125,20040310, 06:50:30.0000,-63.05484083,-60.307259,-63.0556901,-60.30835812,-63.05484083,-60.307259,4.62787E-08
691,515,1,-101.766224,0.717479,-89.070407,250,125,20040310, 06:51:10.0000,-63.05650603,-60.30945905,-63.05730754,-60.31054238,-63.05650603,-60.30945905,1.66463E-08
691,516,1,-98.814955,1.415586,-83.741416,250,125,20040310, 06:52:10.0000,-63.05814083,-60.31159233,-63.05979087,-60.31374238,-63.0589742,-60.31264389,3.28431E-08
691,517,1,-98.682532,1.459415,-81.916196,250,125,20040310, 06:52:50.0000,-63.06060754,-60.31479238,-63.0614242,-60.31584238,-63.06060754,-60.31479238,3.386E-08
691,518,1,-88.579741,14.943687,-69.348586,250,125,20040310, 06:53:30.0000,-63.0622242,-60.31687722,-63.06302458,-60.3179095,-63.0622242,-60.31687722,3.4671E-07
691,519,1,-98.786208,1.424988,-85.463774,250,125,20040310, 06:54:30.0000,-63.06385754,-60.31892722,-63.06547458,-60.32104442,-63.064673,-60.31999283,3.30613E-08
691,520,1,-101.900368,0.695657,-88.979285,250,125,20040310, 06:55:10.0000,-63.06629125,-60.32209442,-63.06705792,-60.32324442,-63.06629125,-60.32209442,1.614E-08
691,521,1,-102.78354,0.567646,-88.003444,250,125,20040310, 06:56:10.0000,-63.06775572,-60.32454478,-63.069123,-60.32728092,-63.068423,-60.32591267,1.317E-08
691,522,1,-103.704891,0.459137,-90.018599,250,125,20040310, 06:56:50.0000,-63.06975633,-60.32876425,-63.07029003,-60.33039123,-63.06975633,-60.32876425,1.06525E-08
691,523,1,-71.627022,740.848897,-52.655717,250,125,20040310, 06:57:50.0000,-63.0706865,-60.33215075,-63.07143665,-60.33580157,-63.07105332,-60.33396824,1.71885E-05
691,524,1,-99.279344,1.27203,-87.982134,250,125,20040310, 06:58:30.0000,-63.07180475,-60.33761742,-63.0721865,-60.33943408,-63.07180475,-60.33761742,2.95125E-08
691,525,1,-107.012549,0.214376,-91.568788,250,125,20040310, 06:59:10.0000,-63.07258806,-60.34125066,-63.0729878,-60.343039,-63.07258806,-60.34125066,4.97376E-09
691,526,1,-103.042854,0.534745,-86.549653,250,125,20040310, 07:00:10.0000,-63.07337142,-60.3448325,-63.07418808,-60.34848567,-63.0737865,-60.34665075,1.24067E-08
691,527,1,-100.326117,0.999586,-84.448102,250,125,20040310, 07:00:50.0000,-63.0745865,-60.35031742,-63.07498648,-60.35215066,-63.0745865,-60.35031742,2.31915E-08
691,528,1,-101.942768,0.688898,-89.255566,250,125,20040310, 07:01:50.0000,-63.07540317,-60.35396742,-63.07622142,-60.35763408,-63.07581983,-60.35580075,1.59832E-08
691,529,1,-102.118238,0.661619,-89.511977,250,125,20040310, 07:02:30.0000,-63.0766365,-60.35948408,-63.07703808,-60.36131742,-63.0766365,-60.35948408,1.53503E-08
691,530,1,-105.952927,0.273614,-92.191743,250,125,20040310, 07:03:30.0000,-63.07743811,-60.36308417,-63.07823811,-60.36658417,-63.07785318,-60.36483417,6.34815E-09
691,531,1,-103.883209,0.440667,-93.653356,250,125,20040310, 07:04:10.0000,-63.07863652,-60.3683675,-63.07902144,-60.37018417,-63.07863652,-60.3683675,1.0224E-08
691,532,1,-103.189021,0.517047,-90.876579,250,125,20040310, 07:05:10.0000,-63.07941985,-60.37198417,-63.08018811,-60.37560084,-63.07980477,-60.37378417,1.1996E-08
691,533,1,-105.226849,0.323405,-91.802747,250,125,20040310, 07:05:50.0000,-63.08058663,-60.37738482,-63.08097,-60.37916833,-63.08058663,-60.37738482,7.50335E-09
691,534,1,-104.0707,0.422048,-92.252212,250,125,20040310, 07:06:50.0000,-63.08137,-60.38093333,-63.08215477,-60.38450084,-63.08177,-60.38270167,9.79197E-09
691,535,1,-106.178906,0.259741,-93.416218,250,125,20040310, 07:07:30.0000,-63.08255332,-60.38630158,-63.08293667,-60.38808333,-63.08255332,-60.38630158,6.02628E-09
691,536,1,-99.740461,1.143894,-82.663638,250,125,20040310, 07:08:30.0000,-63.08331985,-60.3898675,-63.08405318,-60.3935175,-63.08368833,-60.391685,2.65396E-08
691,537,1,-100.341691,0.996008,-86.81597,250,125,20040310, 07:09:10.0000,-63.08442,-60.39535167,-63.08476997,-60.39715149,-63.08442,-60.39535167,2.31085E-08
691,538,1,-101.489087,0.764756,-90.092005,250,125,20040310, 07:10:10.0000,-63.08513667,-60.39895167,-63.08587167,-60.40251833,-63.085505,-60.40073333,1.77432E-08
691,539,1,-104.43105,0.388443,-93.436563,250,125,20040310, 07:10:50.0000,-63.08623833,-60.40430167,-63.08660333,-60.40606667,-63.08623833,-60.40430167,9.01229E-09
691,540,1,-97.6297,1.859781,-85.532471,250,125,20040310, 07:11:50.0000,-63.08695333,-60.40781833,-63.08765333,-60.41140167,-63.08730333,-60.4096,4.31489E-08
691,541,1,-96.944405,2.177666,-85.535008,250,125,20040310, 07:12:30.0000,-63.08800333,-60.4132,-63.08837,-60.41496833,-63.08800333,-60.4132,5.05242E-08
691,542,1,-99.550853,1.194941,-87.399402,250,125,20040310, 07:13:30.0000,-63.08873667,-60.41676833,-63.08945333,-60.420385,-63.08908652,-60.4185675,2.77239E-08
691,543,1,-98.9945,1.358257,-85.671382,250,125,20040310, 07:14:10.0000,-63.089805,-60.42216833,-63.09017167,-60.42396833,-63.089805,-60.42216833,3.1513E-08
691,544,1,-101.710062,0.726818,-91.298705,250,125,20040310, 07:15:10.0000,-63.09055318,-60.4257675,-63.09130333,-60.42936833,-63.09092167,-60.42756833,1.6863E-08
691,545,1,-102.576863,0.595313,-92.609967,250,125,20040310, 07:15:50.0000,-63.09167,-60.43115167,-63.09203668,-60.43295176,-63.09167,-60.43115167,1.38119E-08
691,546,1,-102.412381,0.618292,-91.342087,250,125,20040310, 07:16:50.0000,-63.09240335,-60.43475176,-63.09313668,-60.43833342,-63.09277,-60.43655167,1.4345E-08
691,547,1,-101.935033,0.690126,-92.156228,250,125,20040310, 07:17:30.0000,-63.09350498,-60.44010158,-63.09388668,-60.44186843,-63.09350498,-60.44010158,1.60117E-08
691,548,1,-79.397894,123.777697,-58.480082,250,125,20040310, 07:18:30.0000,-63.09425335,-60.44365176,-63.09495333,-60.44711667,-63.09460333,-60.44540167,2.87178E-06
691,549,1,-102.122943,0.660903,-90.372956,250,125,20040310, 07:19:10.0000,-63.09530333,-60.44881667,-63.09565333,-60.4505,-63.09530333,-60.44881667,1.53337E-08
691,550,1,-100.934953,0.868833,-90.535654,250,125,20040310, 07:20:10.0000,-63.09602,-60.45221833,-63.09673667,-60.45563333,-63.09636968,-60.45393174,2.01579E-08
691,551,1,-98.135264,1.65541,-86.87655,250,125,20040310, 07:21:10.0000,-63.09708667,-60.45735167,-63.09778833,-60.4608,-63.09743667,-60.45906667,3.84073E-08
691,552,1,-96.831408,2.23507,-85.393796,250,125,20040310, 07:21:50.0000,-63.09813833,-60.46253333,-63.09850333,-60.46426833,-63.09813833,-60.46253333,5.1856E-08
691,553,1,-96.780284,2.261535,-84.778126,250,125,20040310, 07:22:50.0000,-63.09885333,-60.46601667,-63.09957,-60.469485,-63.09922,-60.467735,5.24701E-08
691,554,1,-96.671822,2.318727,-84.903238,250,125,20040310, 07:23:50.0000,-63.09992,-60.47121667,-63.10065348,-60.47463582,-63.10027167,-60.47291667,5.3797E-08
691,555,1,-99.175556,1.302796,-87.31357,250,125,20040310, 07:24:30.0000,-63.10103668,-60.47638342,-63.10142002,-60.47810176,-63.10103668,-60.47638342,3.02263E-08
691,556,1,-99.546209,1.19622,-87.944118,250,125,20040310, 07:25:30.0000,-63.10177169,-60.47983509,-63.10248682,-60.48331915,-63.10212,-60.48156667,2.77536E-08
691,557,1,-100.002268,1.076973,-89.233592,250,125,20040310, 07:26:10.0000,-63.10285335,-60.48505176,-63.10323668,-60.48678342,-63.10285335,-60.48505176,2.49869E-08
691,558,1,-102.707641,0.577654,-89.569514,250,125,20040310, 07:27:10.0000,-63.10360525,-60.4885175,-63.1043535,-60.49193592,-63.10398668,-60.49023342,1.34022E-08
691,559,1,-102.768053,0.569674,-89.944331,250,125,20040310, 07:27:50.0000,-63.10472192,-60.49365083,-63.10510335,-60.49533342,-63.10472192,-60.49365083,1.32171E-08
691,560,1,-100.45427,0.970521,-89.880281,250,125,20040310, 07:28:50.0000,-63.10545525,-60.49703592,-63.10623858,-60.50050083,-63.10583813,-60.49876759,2.25171E-08
691,561,1,-98.536622,1.509279,-85.693681,250,125,20040310, 07:29:50.0000,-63.10663668,-60.50221675,-63.10738683,-60.5056175,-63.10700348,-60.50391741,3.50169E-08
691,562,1,-97.397258,1.962032,-87.686663,250,125,20040310, 07:30:30.0000,-63.10777017,-60.50731925,-63.10815525,-60.50905258,-63.10777017,-60.50731925,4.55213E-08
691,563,1,-100.077377,1.058508,-88.84766,250,125,20040310, 07:31:30.0000,-63.10853858,-60.51078417,-63.10930333,-60.51415,-63.10892017,-60.51245083,2.45585E-08
691,564,1,-100.826596,0.890784,-87.306736,250,125,20040310, 07:32:10.0000,-63.10967192,-60.5158675,-63.11005525,-60.51758592,-63.10967192,-60.5158675,2.06671E-08
691,565,1,-100.71855,0.913223,-88.118932,250,125,20040310, 07:33:10.0000,-63.1104535,-60.51930083,-63.1112535,-60.5227175,-63.1108535,-60.52100258,2.11878E-08
691,566,1,-100.936906,0.868443,-87.794168,250,125,20040310, 07:34:10.0000,-63.11163858,-60.5244175,-63.1124035,-60.52780083,-63.11203683,-60.52610083,2.01488E-08
691,567,1,-100.0266,1.070956,-88.065646,250,125,20040310, 07:34:50.0000,-63.11278683,-60.52951925,-63.11318683,-60.53123417,-63.11278683,-60.52951925,2.48473E-08
691,568,1,-101.474942,0.767251,-91.056548,250,125,20040310, 07:35:50.0000,-63.1135535,-60.53296925,-63.11420183,-60.53650167,-63.11388683,-60.53473417,1.78011E-08
691,569,1,-102.058424,0.670794,-91.416285,250,125,20040310, 07:36:30.0000,-63.11451842,-60.53826925,-63.1148202,-60.54006768,-63.11451842,-60.53826925,1.55632E-08
691,570,1,-100.712646,0.914465,-86.971797,250,125,20040310, 07:37:30.0000,-63.1151035,-60.54181925,-63.1157035,-60.54533592,-63.11540365,-60.54357007,2.12166E-08
691,571,1,-99.703459,1.153682,-88.954412,250,125,20040310, 07:38:30.0000,-63.11602018,-60.54706935,-63.11668683,-60.55053417,-63.11633685,-60.54880268,2.67667E-08
691,572,1,-99.767884,1.136694,-88.477033,250,125,20040310, 07:39:10.0000,-63.11702018,-60.55223601,-63.11735183,-60.55395167,-63.11702018,-60.55223601,2.63725E-08
691,573,1,-100.610731,0.936179,-88.714483,250,125,20040310, 07:40:10.0000,-63.11767018,-60.55566759,-63.11832033,-60.55910167,-63.11800381,-60.55738574,2.17204E-08
691,574,1,-102.682673,0.580985,-90.830128,250,125,20040310, 07:41:10.0000,-63.11863517,-60.560835,-63.11928702,-60.5642536,-63.11895352,-60.56255092,1.34795E-08
691,575,1,-100.983222,0.85923,-89.699389,250,125,20040310, 07:41:50.0000,-63.11962033,-60.56596833,-63.11995367,-60.56767017,-63.11962033,-60.56596833,1.99351E-08
691,576,1,-100.626425,0.932802,-89.753313,250,125,20040310, 07:42:50.0000,-63.12027033,-60.56940167,-63.12088518,-60.57286843,-63.12057033,-60.571135,2.1642E-08
691,577,1,-100.61714,0.934798,-90.02986,250,125,20040310, 07:43:50.0000,-63.12120183,-60.5746035,-63.12183715,-60.57803574,-63.1215185,-60.57631833,2.16883E-08
691,578,1,-99.238968,1.283911,-89.531434,250,125,20040310, 07:44:30.0000,-63.12215367,-60.5797535,-63.12245367,-60.58146833,-63.12215367,-60.5797535,2.97881E-08
691,579,1,-100.731232,0.91056,-86.73481,250,125,20040310, 07:45:30.0000,-63.12275183,-60.58320167,-63.12335367,-60.586685,-63.123037,-60.5849535,2.1126E-08
691,580,1,-101.988264,0.681719,-90.515087,250,125,20040310, 07:46:30.0000,-63.12365367,-60.58840167,-63.12420183,-60.59187017,-63.123937,-60.59012017,1.58166E-08
691,581,1,-99.272087,1.274158,-89.021787,250,125,20040310, 07:47:10.0000,-63.12443518,-60.5936536,-63.12466851,-60.59542027,-63.12443518,-60.5936536,2.95618E-08
691,582,1,-99.491535,1.211374,-88.788338,250,125,20040310, 07:48:10.0000,-63.12491851,-60.59717027,-63.12542035,-60.60072027,-63.12516851,-60.59896843,2.81052E-08
691,583,1,-101.590227,0.747152,-89.896744,250,125,20040310, 07:49:10.0000,-63.12568717,-60.60250442,-63.1262351,-60.60608434,-63.12595383,-60.6043025,1.73347E-08
691,584,1,-101.350454,0.789562,-90.768564,250,125,20040310, 07:49:50.0000,-63.12648717,-60.60786917,-63.12676851,-60.60963693,-63.12648717,-60.60786917,1.83187E-08
691,585,1,-100.820053,0.892127,-89.400984,250,125,20040310, 07:50:50.0000,-63.12701858,-60.61143775,-63.1275205,-60.61507108,-63.12726856,-60.61326898,2.06983E-08
691,586,1,-100.551253,0.949088,-88.653474,250,125,20040310, 07:51:30.0000,-63.12780383,-60.61685442,-63.12810383,-60.61863583,-63.12780383,-60.61685442,2.20199E-08
691,587,1,-99.019287,1.350527,-87.962639,250,125,20040310, 07:52:30.0000,-63.1284205,-60.6204025,-63.12905383,-60.62393775,-63.12873717,-60.62215442,3.13337E-08
691,588,1,-99.267406,1.275532,-88.335929,250,125,20040310, 07:53:30.0000,-63.1293705,-60.62573583,-63.1299705,-60.62933583,-63.1296705,-60.62753583,2.95937E-08
691,589,1,-99.861706,1.112401,-89.131509,250,125,20040310, 07:54:10.0000,-63.13025383,-60.63110442,-63.13055383,-60.6329025,-63.13025383,-60.63110442,2.58089E-08
691,590,1,-101.024445,0.851113,-88.667609,250,125,20040310, 07:55:10.0000,-63.13083717,-60.63467108,-63.13143717,-60.6381525,-63.13113717,-60.6364025,1.97467E-08
691,591,1,-99.620319,1.17598,-88.719073,250,125,20040310, 07:55:50.0000,-63.13173717,-60.6399025,-63.13205383,-60.64165442,-63.13173717,-60.6399025,2.7284E-08
691,592,1,-100.231884,1.021512,-88.48328,250,125,20040310, 07:56:50.0000,-63.13235383,-60.64340442,-63.13295398,-60.64690522,-63.13265383,-60.64516917,2.37002E-08
691,593,1,-100.85348,0.885286,-86.717207,250,125,20040310, 07:57:50.0000,-63.13325383,-60.64866917,-63.13387052,-60.65213786,-63.1335705,-60.6504025,2.05396E-08
691,594,1,-97.503658,1.914547,-84.82966,250,125,20040310, 07:58:30.0000,-63.1341705,-60.65388775,-63.13450383,-60.65563583,-63.1341705,-60.65388775,4.44196E-08
691,595,1,-98.224251,1.621835,-86.308445,250,125,20040310, 07:59:30.0000,-63.13480383,-60.6574025,-63.1354205,-60.66088583,-63.1351205,-60.65912108,3.76283E-08
691,596,1,-97.400844,1.960412,-86.416132,250,125,20040310, 08:00:30.0000,-63.13573719,-60.66265452,-63.13637052,-60.66611926,-63.13605383,-60.66438775,4.54837E-08
691,597,1,-98.352301,1.574714,-85.713374,250,125,20040310, 08:01:10.0000,-63.13667052,-60.6678526,-63.13698526,-60.66957119,-63.13667052,-60.6678526,3.65351E-08
691,598,1,-97.432338,1.946248,-86.953295,250,125,20040310, 08:02:10.0000,-63.13728719,-60.6713026,-63.13788733,-60.67477,-63.13758733,-60.67303667,4.5155E-08
691,599,1,-97.373425,1.972829,-87.908398,250,125,20040310, 08:03:10.0000,-63.13818719,-60.67646926,-63.13878733,-60.67988667,-63.13848719,-60.67817119,4.57718E-08
691,600,1,-97.298537,2.007142,-87.48393,250,125,20040310, 08:03:50.0000,-63.13908719,-60.68161926,-63.13938719,-60.68331926,-63.13908719,-60.68161926,4.65679E-08
691,601,1,-98.37615,1.56609,-86.851005,250,125,20040310, 08:04:50.0000,-63.139704,-60.68503867,-63.14032067,-60.68852,-63.1400205,-60.68677108,3.6335E-08
691,602,1,-96.485518,2.420361,-86.339887,250,125,20040310, 08:05:50.0000,-63.14063733,-60.69025533,-63.141254,-60.69375333,-63.140952,-60.692022,5.6155E-08
691,603,1,-98.824868,1.412359,-86.991028,250,125,20040310, 08:06:30.0000,-63.14157067,-60.69547,-63.14187067,-60.69715333,-63.14157067,-60.69547,3.27683E-08
691,604,1,-98.551065,1.504269,-87.924463,250,125,20040310, 08:07:30.0000,-63.14218733,-60.69885333,-63.14277067,-60.702272,-63.14248733,-60.70055333,3.49007E-08
691,605,1,-97.412408,1.9552,-87.134492,250,125,20040310, 08:08:30.0000,-63.14307067,-60.70400533,-63.14367067,-60.707472,-63.14337067,-60.70575333,4.53627E-08
691,606,1,-97.369308,1.9747,-85.025494,250,125,20040310, 08:09:10.0000,-63.14398733,-60.70918667,-63.144304,-60.71090333,-63.14398733,-60.70918667,4.58152E-08
691,607,1,-95.066459,3.355721,-84.046138,250,125,20040310, 08:10:10.0000,-63.144604,-60.71258867,-63.14518733,-60.716072,-63.14490402,-60.71433677,7.78564E-08
691,608,1,-95.39249,3.113027,-83.193402,250,125,20040310, 08:11:10.0000,-63.14548733,-60.717822,-63.14608733,-60.72133667,-63.14578733,-60.71958667,7.22256E-08
691,609,1,-96.87572,2.212381,-86.940315,250,125,20040310, 08:11:50.0000,-63.14638733,-60.72308867,-63.14668733,-60.724872,-63.14638733,-60.72308867,5.13296E-08
691,610,1,-96.576897,2.369966,-85.864317,250,125,20040310, 08:12:50.0000,-63.14698533,-60.72665533,-63.147554,-60.73025533,-63.1472705,-60.72845442,5.49858E-08
691,611,1,-96.929112,2.185348,-87.205705,250,125,20040310, 08:13:30.0000,-63.147852,-60.73205533,-63.14813733,-60.73388667,-63.147852,-60.73205533,5.07024E-08
691,612,1,-97.693576,1.832628,-86.595394,250,125,20040310, 08:14:30.0000,-63.14843733,-60.735672,-63.149052,-60.73925333,-63.148754,-60.737472,4.25189E-08
691,613,1,-96.943386,2.178178,-87.230174,250,125,20040310, 08:15:30.0000,-63.14932069,-60.74105343,-63.14992069,-60.74463878,-63.14962069,-60.74283878,5.05361E-08
691,614,1,-96.817573,2.242201,-85.324676,250,125,20040310, 08:16:10.0000,-63.15022069,-60.74645544,-63.15052069,-60.74827211,-63.15022069,-60.74645544,5.20215E-08
691,615,1,-92.933694,5.483559,-79.775689,250,125,20040310, 08:17:10.0000,-63.15083533,-60.75008867,-63.15143733,-60.75375533,-63.15113735,-60.75193878,1.27224E-07
691,616,1,-96.242383,2.559727,-84.611742,250,125,20040310, 08:17:50.0000,-63.15177069,-60.75558878,-63.15206868,-60.75742211,-63.15177069,-60.75558878,5.93884E-08
691,617,1,-98.349978,1.575557,-85.768155,250,125,20040310, 08:18:50.0000,-63.1523375,-60.75922083,-63.15291875,-60.76278958,-63.15263534,-60.76100544,3.65546E-08
691,618,1,-90.588953,9.40885,-73.759839,250,125,20040310, 08:19:30.0000,-63.15316875,-60.76458958,-63.15336875,-60.76637292,-63.15316875,-60.76458958,2.18295E-07
691,619,1,-99.933844,1.094076,-87.926022,250,125,20040310, 08:20:30.0000,-63.15355417,-60.76820417,-63.15396875,-60.7717375,-63.15376875,-60.7699875,2.53837E-08
691,620,1,-98.444364,1.541684,-84.386096,250,125,20040310, 08:21:30.0000,-63.15417083,-60.77347083,-63.15458542,-60.77700417,-63.15438542,-60.7752375,3.57687E-08
691,621,1,-95.705295,2.896692,-83.294785,250,125,20040310, 08:22:30.0000,-63.154802,-60.77875533,-63.15522083,-60.78232292,-63.15501875,-60.78055417,6.72064E-08
691,622,1,-97.826115,1.777544,-85.542825,250,125,20040310, 08:23:10.0000,-63.1554186,-60.78408603,-63.15560417,-60.78585625,-63.1554186,-60.78408603,4.12409E-08
691,623,1,-97.31662,1.998802,-85.23548,250,125,20040310, 08:24:10.0000,-63.15580208,-60.7876875,-63.15620208,-60.79135833,-63.15600208,-60.78950625,4.63744E-08
691,624,1,-97.531879,1.902147,-85.955628,250,125,20040310, 08:24:50.0000,-63.15640208,-60.79322292,-63.15660208,-60.79509167,-63.15640208,-60.79322292,4.41319E-08
691,625,1,-97.12133,2.090734,-86.451567,250,125,20040310, 08:25:50.0000,-63.15681875,-60.79697292,-63.15720208,-60.80068958,-63.15700417,-60.79884167,4.85073E-08
691,626,1,-97.53398,1.901227,-85.691563,250,125,20040310, 08:26:50.0000,-63.15740209,-60.80255637,-63.15776876,-60.80630846,-63.15757083,-60.80442292,4.41105E-08
691,627,1,-97.823043,1.778802,-85.929352,250,125,20040310, 08:27:30.0000,-63.15795208,-60.80820625,-63.15813542,-60.81007292,-63.15795208,-60.80820625,4.12701E-08
691,628,1,-96.591443,2.362041,-84.913151,250,125,20040310, 08:28:30.0000,-63.15833543,-60.81195846,-63.15872083,-60.81572292,-63.15853752,-60.8138397,5.48019E-08
691,629,1,-95.250502,3.216486,-83.439453,250,125,20040310, 08:29:10.0000,-63.15891876,-60.81762303,-63.15910417,-60.819525,-63.15891876,-60.81762303,7.46259E-08
691,630,1,-95.549445,3.00253,-84.304184,250,125,20040310, 08:30:10.0000,-63.15930209,-60.82144179,-63.15971883,-60.82527383,-63.15950217,-60.82335933,6.96619E-08
691,631,1,-96.467903,2.430197,-85.845116,250,125,20040310, 08:30:50.0000,-63.15990433,-60.8271905,-63.16010217,-60.82910717,-63.15990433,-60.8271905,5.63832E-08
691,632,1,-97.794829,1.790395,-85.385186,250,125,20040310, 08:31:50.0000,-63.16031883,-60.831026,-63.160721,-60.834876,-63.16050202,-60.83294091,4.15391E-08
691,633,1,-95.388976,3.115546,-85.231503,250,125,20040310, 08:32:30.0000,-63.16093767,-60.83680717,-63.16116883,-60.8387405,-63.16093767,-60.83680717,7.2284E-08
691,634,1,-96.460904,2.434117,-83.717949,250,125,20040310, 08:33:30.0000,-63.16136883,-60.84069267,-63.1617855,-60.8445405,-63.161571,-60.842626,5.64741E-08
691,635,1,-95.813067,2.825694,-83.529121,250,125,20040310, 08:34:10.0000,-63.16200217,-60.84637383,-63.16221883,-60.84823833,-63.16200217,-60.84637383,6.55592E-08
691,636,1,-98.892561,1.390515,-83.272692,250,125,20040310, 08:35:10.0000,-63.16241883,-60.8500905,-63.16280217,-60.85379267,-63.16260217,-60.85192383,3.22615E-08
691,637,1,-100.313821,1.00242,-85.527882,250,125,20040310, 08:36:10.0000,-63.16298767,-60.85567383,-63.16341883,-60.85935717,-63.16320433,-60.85750717,2.32572E-08
691,638,1,-96.313256,2.518293,-82.658594,250,125,20040310, 08:36:50.0000,-63.163621,-60.86122383,-63.16383549,-60.86307371,-63.163621,-60.86122383,5.84271E-08
691,639,1,-96.028518,2.688933,-83.379283,250,125,20040310, 08:37:50.0000,-63.1640355,-60.86492383,-63.1644355,-60.86867383,-63.1642355,-60.8667905,6.23862E-08
691,640,1,-94.744123,3.614262,-79.135926,250,125,20040310, 08:38:30.0000,-63.16463543,-60.8705897,-63.16486883,-60.87252383,-63.16463543,-60.8705897,8.38548E-08
691,641,1,-96.293795,2.529603,-83.070968,250,125,20040310, 08:39:30.0000,-63.165071,-60.87445933,-63.16545,-60.87840933,-63.16528551,-60.87642613,5.86895E-08
691,642,1,-96.035931,2.684347,-84.903568,250,125,20040310, 08:40:10.0000,-63.16563551,-60.88035946,-63.16590218,-60.88225946,-63.16563551,-60.88035946,6.22798E-08
691,643,1,-98.96486,1.367558,-85.78817,250,125,20040310, 08:41:10.0000,-63.16625421,-60.88408771,-63.1670232,-60.88770729,-63.16665436,-60.88589062,3.17288E-08
691,644,1,-98.705576,1.451691,-85.458037,250,125,20040310, 08:41:50.0000,-63.16738983,-60.88950717,-63.16775436,-60.89132395,-63.16738983,-60.88950717,3.36808E-08
691,645,1,-97.317321,1.99848,-84.089321,250,125,20040310, 08:42:50.0000,-63.16812088,-60.89313981,-63.16885436,-60.89673844,-63.16848783,-60.89494142,4.63669E-08
691,646,1,-98.086073,1.674266,-85.562397,250,125,20040310, 08:43:30.0000,-63.16925675,-60.89850808,-63.16968769,-60.90025511,-63.16925675,-60.89850808,3.88448E-08
691,647,1,-99.195108,1.296943,-86.808696,250,125,20040310, 08:44:30.0000,-63.17012102,-60.90199062,-63.17099008,-60.90543917,-63.17054008,-60.90373917,3.00905E-08
691,648,1,-101.324158,0.794358,-86.219395,250,125,20040310, 08:45:10.0000,-63.17140675,-60.9071225,-63.17182117,-60.90885583,-63.17140675,-60.9071225,1.843E-08
691,649,1,-105.105626,0.332559,-88.008299,250,125,20040310, 08:46:10.0000,-63.17222342,-60.91060808,-63.17302342,-60.91403917,-63.17262342,-60.91233917,7.71574E-09
691,650,1,-101.5852,0.748018,-89.576043,250,125,20040310, 08:46:50.0000,-63.17344008,-60.91573917,-63.17387117,-60.91745808,-63.17344008,-60.91573917,1.73548E-08
691,651,1,-100.517738,0.956441,-87.746024,250,125,20040310, 08:47:50.0000,-63.17429008,-60.91922475,-63.1751545,-60.92270808,-63.17472342,-60.92098917,2.21905E-08
691,652,1,-96.483973,2.421221,-83.911336,250,125,20040310, 08:48:30.0000,-63.17557117,-60.9244225,-63.17598786,-60.92615821,-63.17557117,-60.9244225,5.6175E-08
691,653,1,-95.246609,3.21937,-82.662475,250,125,20040310, 08:49:30.0000,-63.17640631,-60.92790648,-63.17727117,-60.93145583,-63.17683781,-60.92969129,7.46929E-08
691,654,1,-94.269011,4.032095,-83.445385,250,125,20040310, 08:50:10.0000,-63.17770675,-60.93320808,-63.17812342,-60.9349725,-63.17770675,-60.93320808,9.3549E-08
691,655,1,-95.275437,3.198071,-84.119917,250,125,20040310, 08:51:10.0000,-63.1785545,-60.93674142,-63.17945452,-60.94027487,-63.17899008,-60.93850808,7.41987E-08
691,656,1,-96.320347,2.514184,-84.151722,250,125,20040310, 08:51:50.0000,-63.1798903,-60.94205887,-63.18033786,-60.94384154,-63.1798903,-60.94205887,5.83318E-08
691,657,1,-95.790298,2.840547,-84.049581,250,125,20040310, 08:52:50.0000,-63.18077342,-60.94565808,-63.18163771,-60.94929074,-63.1812045,-60.9474725,6.59038E-08
691,658,1,-95.293361,3.1849,-85.564124,250,125,20040310, 08:53:30.0000,-63.182057,-60.95112567,-63.1825045,-60.95295808,-63.182057,-60.95112567,7.38931E-08
691,659,1,-94.753676,3.60632,-83.215417,250,125,20040310, 08:54:10.0000,-63.1829545,-60.95477475,-63.18339033,-60.95662333,-63.1829545,-60.95477475,8.36705E-08
691,660,1,-102.720669,0.575924,-88.42843,250,125,20040310, 08:55:10.0000,-63.183838,-60.95842567,-63.18472133,-60.96199233,-63.18427367,-60.96022567,1.33621E-08
691,661,1,-104.109656,0.418279,-90.686124,250,125,20040310, 08:55:50.0000,-63.18514033,-60.963759,-63.18557148,-60.96554312,-63.18514033,-60.963759,9.70453E-09
691,662,1,-98.711036,1.449867,-85.006408,250,125,20040310, 08:56:50.0000,-63.18595467,-60.967359,-63.18667133,-60.97109233,-63.18632148,-60.96922645,3.36385E-08
691,663,1,-95.699192,2.900766,-82.959011,250,125,20040310, 08:57:30.0000,-63.18702148,-60.97296219,-63.18737133,-60.974859,-63.18702148,-60.97296219,6.73009E-08
691,664,1,-95.375836,3.124987,-84.21485,250,125,20040310, 08:58:10.0000,-63.18772367,-60.97672567,-63.18809055,-60.97860978,-63.18772367,-60.97672567,7.25031E-08
691,665,1,-95.27398,3.199144,-83.091919,250,125,20040310, 08:59:10.0000,-63.18845467,-60.98049467,-63.18913798,-60.98426119,-63.18880467,-60.98239233,7.42236E-08
691,666,1,-95.986578,2.715026,-83.633052,250,125,20040310, 08:59:50.0000,-63.189488,-60.98619467,-63.18982133,-60.988128,-63.189488,-60.98619467,6.29915E-08
691,667,1,-95.450735,3.071555,-83.923924,250,125,20040310, 09:00:50.0000,-63.190138,-60.990059,-63.19075467,-60.99389467,-63.190438,-60.99197567,7.12634E-08
691,668,1,-104.054339,0.423641,-91.373106,250,125,20040310, 09:01:30.0000,-63.19107119,-60.99582714,-63.191388,-60.99772567,-63.19107119,-60.99582714,9.82893E-09
691,669,1,-96.19002,2.590776,-85.610799,250,125,20040310, 09:02:30.0000,-63.19167119,-60.99960821,-63.192269,-61.00344233,-63.191969,-61.00151133,6.01088E-08
691,670,1,-94.213885,4.083602,-81.394756,250,125,20040310, 09:03:10.0000,-63.19255467,-61.005378,-63.19283798,-61.00729221,-63.19255467,-61.005378,9.4744E-08
691,671,1,-92.822788,5.625395,-79.165362,250,125,20040310, 09:04:10.0000,-63.19313802,-61.00919246,-63.19372136,-61.01300913,-63.19342136,-61.01109246,1.30515E-07
691,672,1,-63.526117,4784.318626,-47.935978,250,125,20040310, 09:04:50.0000,-63.19400469,-61.01492814,-63.19430483,-61.01686233,-63.19400469,-61.01492814,0.000111001
691,673,1,-92.187167,6.512011,-79.595243,250,125,20040310, 09:05:30.0000,-63.194588,-61.018778,-63.19487133,-61.02071133,-63.194588,-61.018778,1.51086E-07
691,674,1,-96.292214,2.530524,-81.524998,250,125,20040310, 09:06:30.0000,-63.19516901,-61.02262814,-63.19573568,-61.02649481,-63.19545469,-61.02455913,5.87109E-08
691,675,1,-93.964967,4.324492,-81.094981,250,125,20040310, 09:07:10.0000,-63.19600467,-61.02844467,-63.19628567,-61.03039467,-63.19600467,-61.02844467,1.00333E-07
691,676,1,-95.228781,3.232613,-81.906125,250,125,20040310, 09:08:10.0000,-63.196569,-61.03234233,-63.19718817,-61.03614325,-63.19687136,-61.03425913,7.50001E-08
691,677,1,-96.936453,2.181658,-86.941622,250,125,20040310, 09:08:50.0000,-63.19750227,-61.03801061,-63.19780242,-61.03989325,-63.19750227,-61.03801061,5.06168E-08
691,678,1,-94.401478,3.910966,-84.146555,250,125,20040310, 09:09:50.0000,-63.19808817,-61.041779,-63.19870481,-61.04562886,-63.19840242,-61.04369567,9.07386E-08
691,679,1,-96.25763,2.550756,-85.160838,250,125,20040310, 09:10:30.0000,-63.19902148,-61.04754552,-63.19932148,-61.04946219,-63.19902148,-61.04754552,5.91803E-08
691,680,1,-95.535757,3.012008,-83.524363,250,125,20040310, 09:11:30.0000,-63.19960483,-61.05137658,-63.20018817,-61.05517658,-63.19988817,-61.05329567,6.98818E-08
691,681,1,-94.863969,3.515887,-83.720312,250,125,20040310, 09:12:10.0000,-63.2004715,-61.057079,-63.20078582,-61.05899403,-63.2004715,-61.057079,8.15724E-08
691,682,1,-96.514892,2.404045,-84.655407,250,125,20040310, 09:12:50.0000,-63.20108817,-61.06087658,-63.20138817,-61.06277658,-63.20108817,-61.06087658,5.57764E-08
691,683,1,-95.6895,2.907246,-84.147913,250,125,20040310, 09:13:50.0000,-63.20168817,-61.064679,-63.20230483,-61.068529,-63.20198817,-61.06661233,6.74513E-08
691,684,1,-95.907843,2.764697,-84.327242,250,125,20040310, 09:14:30.0000,-63.20260483,-61.07047658,-63.20290483,-61.07239567,-63.20260483,-61.07047658,6.4144E-08
691,685,1,-96.103175,2.643104,-85.114953,250,125,20040310, 09:15:30.0000,-63.20320483,-61.07430992,-63.20382136,-61.07817814,-63.2035215,-61.076229,6.13229E-08
691,686,1,-94.490096,3.831971,-82.94976,250,125,20040310, 09:16:10.0000,-63.2041215,-61.080129,-63.2044215,-61.08206233,-63.2041215,-61.080129,8.89059E-08
691,687,1,-94.807756,3.561691,-82.274446,250,125,20040310, 09:17:10.0000,-63.20473817,-61.08401233,-63.20535483,-61.08780992,-63.20503817,-61.08591233,8.26351E-08
691,688,1,-93.872149,4.417911,-81.984368,250,125,20040310, 09:17:50.0000,-63.20566908,-61.089729,-63.2059715,-61.091629,-63.20566908,-61.089729,1.025E-07
691,689,1,-94.263249,4.037448,-81.480466,250,125,20040310, 09:18:50.0000,-63.2062715,-61.09354325,-63.20688817,-61.09730992,-63.20658575,-61.09542658,9.36732E-08
691,690,1,-92.84381,5.598232,-81.428825,250,125,20040310, 09:19:30.0000,-63.20718817,-61.09917658,-63.20748817,-61.10109567,-63.20718817,-61.09917658,1.29885E-07
691,691,1,-92.932008,5.485687,-81.566434,250,125,20040310, 09:20:10.0000,-63.20780483,-61.10302658,-63.2081215,-61.10494325,-63.20780483,-61.10302658,1.27274E-07
691,692,1,-72.595177,592.808164,-53.146628,250,125,20040310, 09:21:10.0000,-63.20845483,-61.10689325,-63.20903833,-61.11071333,-63.20875242,-61.10880992,1.37538E-05
691,693,1,-97.979092,1.716021,-85.243361,250,125,20040310, 09:21:50.0000,-63.20933833,-61.11261083,-63.209655,-61.11449667,-63.20933833,-61.11261083,3.98136E-08
691,694,1,-97.776904,1.7978,-85.557529,250,125,20040310, 09:22:50.0000,-63.20998583,-61.11636333,-63.21063833,-61.12009417,-63.210305,-61.11824417,4.17109E-08
691,695,1,-94.927753,3.464628,-82.46644,250,125,20040310, 09:23:30.0000,-63.21095471,-61.12195926,-63.211255,-61.12384667,-63.21095471,-61.12195926,8.03831E-08
691,696,1,-95.62448,2.951099,-80.002007,250,125,20040310, 09:24:30.0000,-63.21158833,-61.12574417,-63.21221917,-61.12951333,-63.211905,-61.1276275,6.84687E-08
691,697,1,-95.960763,2.731213,-81.91637,250,125,20040310, 09:25:10.0000,-63.21252167,-61.13141083,-63.21283583,-61.13326083,-63.21252167,-61.13141083,6.33671E-08
691,698,1,-93.913689,4.375856,-80.367285,250,125,20040310, 09:26:10.0000,-63.213155,-61.1351275,-63.213805,-61.13889667,-63.21348805,-61.13701162,1.01525E-07
691,699,1,-93.168021,5.195529,-81.270195,250,125,20040310, 09:26:50.0000,-63.21413831,-61.14079403,-63.21445498,-61.14269403,-63.21413831,-61.14079403,1.20542E-07
691,700,1,-92.407145,6.190381,-78.581537,250,125,20040310, 09:27:50.0000,-63.21477164,-61.14459403,-63.21543817,-61.14841233,-63.21508817,-61.14649325,1.43624E-07
691,701,1,-92.064367,6.69877,-80.643011,250,125,20040310, 09:28:30.0000,-63.21578817,-61.15032658,-63.21610483,-61.15222658,-63.21578817,-61.15032658,1.55419E-07
691,702,1,-92.26169,6.401222,-81.796684,250,125,20040310, 09:29:10.0000,-63.2164215,-61.15416233,-63.21673817,-61.15609567,-63.2164215,-61.15416233,1.48515E-07
691,703,1,-91.691376,7.299519,-79.834555,250,125,20040310, 09:30:10.0000,-63.21705483,-61.158029,-63.21770488,-61.16184596,-63.21738817,-61.15995992,1.69357E-07
691,704,1,-90.411365,9.801564,-79.171044,250,125,20040310, 09:30:50.0000,-63.2180215,-61.16375992,-63.2183215,-61.16565992,-63.2180215,-61.16375992,2.27407E-07
691,705,1,-92.115931,6.619707,-78.253007,250,125,20040310, 09:31:50.0000,-63.21863819,-61.16759338,-63.21927167,-61.17141083,-63.218955,-61.16949667,1.53584E-07
691,706,1,-91.945977,6.883893,-79.413831,250,125,20040310, 09:32:30.0000,-63.21960483,-61.17329325,-63.21992164,-61.17522736,-63.21960483,-61.17329325,1.59714E-07
691,707,1,-93.802756,4.489069,-79.133841,250,125,20040310, 09:33:30.0000,-63.22023583,-61.17716333,-63.22087167,-61.18099667,-63.22053833,-61.17909417,1.04151E-07
691,708,1,-80.4127,97.985504,-61.143673,250,125,20040310, 09:34:10.0000,-63.22118847,-61.18291418,-63.221505,-61.18483,-63.22118847,-61.18291418,2.27337E-06
691,709,1,-92.737873,5.736468,-79.38819,250,125,20040310, 09:34:50.0000,-63.22183847,-61.18676161,-63.222155,-61.18869417,-63.22183847,-61.18676161,1.33092E-07
691,710,1,-93.480542,4.83479,-77.04493,250,125,20040310, 09:35:50.0000,-63.22247167,-61.19056083,-63.22308833,-61.19426333,-63.22277167,-61.19241083,1.12172E-07
691,711,1,-84.752274,36.074842,-66.282425,250,125,20040310, 09:36:30.0000,-63.22342157,-61.19617699,-63.22375503,-61.19807764,-63.22342157,-61.19617699,8.36975E-07
691,712,1,-90.629825,9.320717,-75.221821,250,125,20040310, 09:37:30.0000,-63.22407167,-61.20003,-63.224705,-61.20396333,-63.22438833,-61.20199417,2.16251E-07
691,713,1,-90.250904,10.17048,-74.955708,250,125,20040310, 09:38:10.0000,-63.22503836,-61.20592764,-63.22537195,-61.20786238,-63.22503836,-61.20592764,2.35966E-07
691,714,1,-92.368168,6.246188,-76.982849,250,125,20040310, 09:39:10.0000,-63.225705,-61.20979667,-63.22638833,-61.2136775,-63.22604083,-61.21173,1.44918E-07
691,715,1,-91.364406,7.870299,-77.364908,250,125,20040310, 09:39:50.0000,-63.22672181,-61.21561418,-63.22703833,-61.21758,-63.22672181,-61.21561418,1.82599E-07
691,716,1,-91.313824,7.962501,-77.501108,250,125,20040310, 09:40:30.0000,-63.22737167,-61.21954667,-63.22770505,-61.22149697,-63.22737167,-61.21954667,1.84739E-07
691,717,1,-92.409769,6.186642,-76.256676,250,125,20040310, 09:41:30.0000,-63.22802167,-61.22343,-63.22867172,-61.22732778,-63.228355,-61.2253775,1.43537E-07
691,718,1,-91.851129,7.035888,-77.111623,250,125,20040310, 09:42:10.0000,-63.22897195,-61.22922904,-63.22932167,-61.23114417,-63.22897195,-61.22922904,1.6324E-07
691,719,1,-92.683516,5.808717,-78.736677,250,125,20040310, 09:42:50.0000,-63.22962167,-61.23309667,-63.22993833,-61.23508,-63.22962167,-61.23309667,1.34769E-07
691,720,1,-92.587013,5.939236,-76.102393,250,125,20040310, 09:43:50.0000,-63.23023833,-61.23706083,-63.230855,-61.24094667,-63.230555,-61.23901333,1.37797E-07
691,721,1,-93.161475,5.203365,-76.877975,250,125,20040310, 09:44:30.0000,-63.23120775,-61.24282842,-63.23169108,-61.24452583,-63.23120775,-61.24282842,1.20724E-07
691,722,1,-92.05473,6.713653,-78.106211,250,125,20040310, 09:45:30.0000,-63.23232756,-61.24593573,-63.23392958,-61.2474885,-63.23307958,-61.24694625,1.55764E-07
691,723,1,-91.945996,6.883863,-77.651062,250,125,20040310, 09:46:10.0000,-63.23484625,-61.24761667,-63.23578167,-61.24753333,-63.23484625,-61.24761667,1.59713E-07
691,724,1,-91.133436,8.300195,-77.158972,250,125,20040310, 09:47:10.0000,-63.23673167,-61.24746667,-63.23868167,-61.2476,-63.23769833,-61.2475025,1.92573E-07
691,725,1,-92.077992,6.677788,-77.213994,250,125,20040310, 09:47:50.0000,-63.23964833,-61.24771917,-63.24063167,-61.24788583,-63.23964833,-61.24771917,1.54932E-07
691,726,1,-90.96391,8.630596,-77.480072,250,125,20040310, 09:48:30.0000,-63.241615,-61.2480025,-63.24259833,-61.24815,-63.241615,-61.2480025,2.00239E-07
691,727,1,-90.535996,9.524282,-76.934858,250,125,20040310, 09:49:10.0000,-63.24359583,-61.24823583,-63.24458167,-61.2483525,-63.24359583,-61.24823583,2.20974E-07
691,728,1,-91.166159,8.23789,-76.13468,250,125,20040310, 09:50:10.0000,-63.24558167,-61.2485,-63.24758167,-61.24873833,-63.24658167,-61.24861667,1.91128E-07
691,729,1,-90.042304,10.670909,-75.39844,250,125,20040310, 09:50:50.0000,-63.24859833,-61.24888583,-63.24961584,-61.24895,-63.24859833,-61.24888583,2.47577E-07
691,730,1,-89.820915,11.228981,-74.791959,250,125,20040310, 09:51:30.0000,-63.25063167,-61.24896667,-63.25164833,-61.249,-63.25063167,-61.24896667,2.60524E-07
691,731,1,-90.24618,10.181548,-76.79218,250,125,20040310, 09:52:10.0000,-63.252665,-61.24901667,-63.25368167,-61.249,-63.252665,-61.24901667,2.36223E-07
691,732,1,-89.830345,11.204625,-75.990805,250,125,20040310, 09:52:50.0000,-63.25468167,-61.24898333,-63.25568167,-61.24896667,-63.25468167,-61.24898333,2.59959E-07
691,733,1,-89.782651,11.328352,-73.669085,250,125,20040310, 09:53:50.0000,-63.25669833,-61.24895,-63.25871759,-61.24906918,-63.257715,-61.24898583,2.6283E-07
691,734,1,-91.19783,8.178034,-75.596262,250,125,20040310, 09:54:30.0000,-63.25973217,-61.24916667,-63.26074883,-61.24925258,-63.25973217,-61.24916667,1.89739E-07
691,735,1,-90.637241,9.304816,-74.890101,250,125,20040310, 09:55:10.0000,-63.2617655,-61.24931925,-63.26278217,-61.24936667,-63.2617655,-61.24931925,2.15882E-07
691,736,1,-90.882929,8.793037,-76.074607,250,125,20040310, 09:55:50.0000,-63.26378217,-61.2494,-63.26478217,-61.24945,-63.26378217,-61.2494,2.04008E-07
691,737,1,-89.976615,10.833538,-75.642629,250,125,20040310, 09:56:50.0000,-63.26579883,-61.2495,-63.26778217,-61.24960258,-63.26678217,-61.24955,2.5135E-07
691,738,1,-89.197806,12.961381,-73.234736,250,125,20040310, 09:57:30.0000,-63.26878217,-61.24966925,-63.26978232,-61.24971667,-63.26878217,-61.24966925,3.00718E-07
691,739,1,-88.628039,14.778416,-75.636235,250,125,20040310, 09:58:10.0000,-63.27078493,-61.24976928,-63.27179967,-61.24978333,-63.27078493,-61.24976928,3.42875E-07
691,740,1,-89.42229,12.308435,-76.504565,250,125,20040310, 09:58:50.0000,-63.27279883,-61.24973333,-63.27379883,-61.2497,-63.27279883,-61.24973333,2.85569E-07
691,741,1,-89.354936,12.500814,-75.291838,250,125,20040310, 09:59:50.0000,-63.27479876,-61.24971667,-63.27678217,-61.24976667,-63.27579883,-61.24975,2.90032E-07
691,742,1,-90.296349,10.064609,-77.392376,250,125,20040310, 10:00:30.0000,-63.27779883,-61.24978333,-63.27878232,-61.24981667,-63.27779883,-61.24978333,2.3351E-07
691,743,1,-90.189731,10.314752,-76.62536,250,125,20040310, 10:01:10.0000,-63.27978292,-61.24985,-63.2807655,-61.24986667,-63.27978292,-61.24985,2.39313E-07
691,744,1,-90.663017,9.249753,-78.491402,250,125,20040310, 10:01:50.0000,-63.28178217,-61.24986667,-63.28278217,-61.24988333,-63.28178217,-61.24986667,2.14604E-07
691,745,1,-90.595716,9.394209,-78.543637,250,125,20040310, 10:02:30.0000,-63.28379883,-61.2499,-63.28479899,-61.24991667,-63.28379883,-61.2499,2.17956E-07
691,746,1,-90.239926,10.196222,-75.596663,250,125,20040310, 10:03:30.0000,-63.28581574,-61.24993333,-63.28779883,-61.25,-63.28680008,-61.24998333,2.36563E-07
691,747,1,-92.272105,6.385888,-78.80698,250,125,20040310, 10:04:10.0000,-63.288783,-61.24998333,-63.28978342,-61.24996667,-63.288783,-61.24998333,1.48159E-07
691,748,1,-93.214143,5.140644,-79.796251,250,125,20040310, 10:04:50.0000,-63.290767,-61.24996667,-63.29176574,-61.24996667,-63.290767,-61.24996667,1.19268E-07
691,749,1,-91.658894,7.354318,-76.649328,250,125,20040310, 10:05:50.0000,-63.29274883,-61.24995,-63.29474967,-61.24995,-63.29374907,-61.24995,1.70628E-07
691,750,1,-90.927346,8.703567,-75.663384,250,125,20040310, 10:06:30.0000,-63.29575008,-61.24996667,-63.2967655,-61.24998333,-63.29575008,-61.24996667,2.01932E-07
691,751,1,-90.200755,10.288602,-74.108152,250,125,20040310, 10:07:10.0000,-63.29776574,-61.25001667,-63.29876675,-61.25001667,-63.29776574,-61.25001667,2.38707E-07
691,752,1,-95.557783,2.996771,-78.972006,250,125,20040310, 10:07:50.0000,-63.29976574,-61.25,-63.300767,-61.24996667,-63.29976574,-61.25,6.95283E-08
691,753,1,-96.885641,2.207332,-82.939055,250,125,20040310, 10:08:30.0000,-63.3017655,-61.24995,-63.3027655,-61.25003333,-63.3017655,-61.24995,5.12125E-08
691,754,1,-94.335216,3.971095,-79.66303,250,125,20040310, 10:09:30.0000,-63.30374883,-61.25010258,-63.3057655,-61.25023333,-63.30474907,-61.25018333,9.21337E-08
691,755,1,-99.347101,1.252338,-83.485354,250,125,20040310, 10:10:10.0000,-63.3067655,-61.25025,-63.3077655,-61.25028333,-63.3067655,-61.25025,2.90556E-08
691,756,1,-102.033975,0.674581,-91.294652,250,125,20040310, 10:10:50.0000,-63.30874883,-61.25026667,-63.30974883,-61.25031667,-63.30874883,-61.25026667,1.5651E-08
691,757,1,-99.084478,1.330405,-83.6443,250,125,20040310, 10:11:30.0000,-63.31074883,-61.25031667,-63.31174883,-61.25031667,-63.31074883,-61.25031667,3.08668E-08
691,758,1,-97.387964,1.966235,-81.50902,250,125,20040310, 10:12:30.0000,-63.31273217,-61.25028333,-63.31473217,-61.25025,-63.31373217,-61.25026667,4.56188E-08
691,759,1,-97.592421,1.875814,-79.451909,250,125,20040310, 10:13:10.0000,-63.31575169,-61.25021667,-63.31676796,-61.25021667,-63.31575169,-61.25021667,4.35209E-08
691,760,1,-92.205855,6.484049,-74.515212,250,125,20040310, 10:13:50.0000,-63.31778217,-61.25021408,-63.3187824,-61.25021929,-63.31778217,-61.25021408,1.50437E-07
691,761,1,-92.58817,5.937653,-79.240333,250,125,20040310, 10:14:30.0000,-63.31978217,-61.25023333,-63.32078217,-61.25023592,-63.31978217,-61.25023333,1.3776E-07
691,762,1,-92.801995,5.652393,-80.600751,250,125,20040310, 10:15:30.0000,-63.32178342,-61.25025,-63.32379915,-61.25026667,-63.32279883,-61.25025,1.31142E-07
691,763,1,-94.582129,3.751621,-83.028594,250,125,20040310, 10:16:10.0000,-63.32479933,-61.250286,-63.32579933,-61.2503,-63.32479933,-61.250286,8.70417E-08
691,764,1,-94.768473,3.594053,-82.494901,250,125,20040310, 10:16:50.0000,-63.32679933,-61.25031933,-63.32779933,-61.25031667,-63.32679933,-61.25031933,8.33859E-08
691,765,1,-94.978883,3.424077,-83.374465,250,125,20040310, 10:17:30.0000,-63.32879933,-61.25033333,-63.32979933,-61.25035,-63.32879933,-61.25033333,7.94423E-08
691,766,1,-93.056841,5.330252,-79.627125,250,125,20040310, 10:18:30.0000,-63.330816,-61.25036667,-63.33283267,-61.25043333,-63.331816,-61.25041667,1.23668E-07
691,767,1,-93.669852,4.628568,-82.33404,250,125,20040310, 10:19:10.0000,-63.33383267,-61.25043333,-63.33483391,-61.25041667,-63.33383267,-61.25043333,1.07388E-07
691,768,1,-93.645435,4.654664,-84.229823,250,125,20040310, 10:19:50.0000,-63.33583267,-61.2504,-63.33683267,-61.2504,-63.33583267,-61.2504,1.07993E-07
691,769,1,-91.106783,8.35129,-79.237845,250,125,20040310, 10:20:30.0000,-63.33783267,-61.2504,-63.33883267,-61.2504,-63.33783267,-61.2504,1.93759E-07
691,770,1,-93.507151,4.805259,-79.541338,250,125,20040310, 10:21:30.0000,-63.33983267,-61.2504,-63.34183267,-61.25038333,-63.34083267,-61.2504,1.11487E-07
691,771,1,-93.282365,5.060522,-81.784254,250,125,20040310, 10:22:10.0000,-63.34283267,-61.25036667,-63.34383267,-61.25036667,-63.34283267,-61.25036667,1.1741E-07
691,772,1,-92.869115,5.565707,-80.655717,250,125,20040310, 10:22:50.0000,-63.34483267,-61.25036667,-63.34583182,-61.25033333,-63.34483267,-61.25036667,1.2913E-07
691,773,1,-92.303911,6.339291,-79.748203,250,125,20040310, 10:23:30.0000,-63.34683267,-61.25029733,-63.34783267,-61.25026667,-63.34683267,-61.25029733,1.47078E-07
691,774,1,-92.876797,5.555871,-80.459469,250,125,20040310, 10:24:10.0000,-63.34883267,-61.25023333,-63.34983267,-61.25016667,-63.34883267,-61.25023333,1.28902E-07
691,775,1,-92.516104,6.037004,-80.026999,250,125,20040310, 10:25:10.0000,-63.35084933,-61.25011667,-63.352866,-61.24998333,-63.351866,-61.25005,1.40065E-07
691,776,1,-91.644885,7.37808,-78.529851,250,125,20040310, 10:25:50.0000,-63.35388533,-61.2499,-63.35489933,-61.24981667,-63.35388533,-61.2499,1.71179E-07
691,777,1,-93.294146,5.046813,-78.447885,250,125,20040310, 10:26:30.0000,-63.35591624,-61.24978333,999,999,-63.35591624,-61.24978333,1.17092E-07
