Process_ID,Interval,Layer,Sv_mean,NASC,Sv_max,Height_mean,Depth_mean,Date_M,Time_M,Lat_S,Lon_S,Lat_E,Lon_E,Lat_M,Lon_M,ABC
676,1,1,-81.234395,81.558541,-73.435653,251.43,125.715,20030301, 01:10:30.0000,-62.41976699,-60.71654951,-62.41811707,-60.71869943,-62.41893166,-60.71760201,1.89225E-06
676,2,1,-85.034672,33.997087,-79.693105,251.43,125.715,20030301, 01:11:10.0000,-62.41728374,-60.71978285,-62.41645041,-60.72086618,-62.41728374,-60.71978285,7.88769E-07
676,3,1,-93.904356,4.410352,-86.26796,251.43,125.715,20030301, 01:11:50.0000,-62.41561458,-60.7219525,-62.41476464,-60.72300243,-62.41561458,-60.7219525,1.02325E-07
676,4,1,-90.922908,8.7623,-82.585825,251.43,125.715,20030301, 01:12:50.0000,-62.41393171,-60.72410228,-62.41228374,-60.72629951,-62.41311464,-60.7252195,2.03295E-07
676,5,1,-93.674447,4.65012,-84.741197,251.43,125.715,20030301, 01:13:30.0000,-62.4114504,-60.72731626,-62.41054757,-60.72810162,-62.4114504,-60.72731626,1.07888E-07
676,6,1,-100.077979,1.064415,-91.400059,251.43,125.715,20030301, 01:14:10.0000,-62.40963374,-60.72869967,-62.40871715,-60.72936634,-62.40963374,-60.72869967,2.46956E-08
676,7,1,-106.716259,0.230825,-93.793497,251.43,125.715,20030301, 01:15:10.0000,-62.40781707,-60.72998309,-62.40596458,-60.73126833,-62.40688167,-60.73060133,5.35539E-09
676,8,1,-106.811873,0.225799,-92.674096,251.43,125.715,20030301, 01:15:50.0000,-62.40506472,-60.73191797,-62.40413131,-60.73255162,-62.40506472,-60.73191797,5.23878E-09
676,9,1,-111.063593,0.08483,-98.041457,251.43,125.715,20030301, 01:16:30.0000,-62.40323132,-60.73323434,-62.40233033,-60.73386867,-62.40323132,-60.73323434,1.96815E-09
676,10,1,-98.971189,1.373378,-89.00147,251.43,125.715,20030301, 01:17:30.0000,-62.40141418,-60.73433458,-62.3995813,-60.73475041,-62.40048083,-60.73456717,3.18639E-08
676,11,1,-97.013998,2.155307,-87.525863,251.43,125.715,20030301, 01:18:10.0000,-62.39866458,-60.7349175,-62.39776465,-60.735067,-62.39866458,-60.7349175,5.00054E-08
676,12,1,-95.937516,2.761578,-84.857999,251.43,125.715,20030301, 01:19:10.0000,-62.3968313,-60.73525041,-62.39503231,-60.73543316,-62.39593091,-60.73540049,6.40716E-08
676,13,1,-98.75463,1.443597,-90.220115,251.43,125.715,20030301, 01:19:50.0000,-62.3941466,-60.73519887,-62.39326632,-60.73476641,-62.3941466,-60.73519887,3.3493E-08
676,14,1,-92.860642,5.608475,-80.861408,251.43,125.715,20030301, 01:20:50.0000,-62.39243291,-60.73429974,-62.39076383,-60.7331305,-62.39158089,-60.7338152,1.30123E-07
676,15,1,-96.310359,2.534388,-89.221516,251.43,125.715,20030301, 01:21:30.0000,-62.38999799,-60.73224698,-62.3892644,-60.73129717,-62.38999799,-60.73224698,5.88005E-08
676,16,1,-93.339734,5.02268,-84.744432,251.43,125.715,20030301, 01:22:30.0000,-62.38851632,-60.73036615,-62.38703291,-60.72836615,-62.38776423,-60.72938041,1.16532E-07
676,17,1,-91.678608,7.362887,-85.014886,251.43,125.715,20030301, 01:23:10.0000,-62.38628299,-60.72734949,-62.38554966,-60.72634949,-62.38628299,-60.72734949,1.70827E-07
676,18,1,-93.496024,4.845142,-82.975292,251.43,125.715,20030301, 01:24:10.0000,-62.38481383,-60.7253466,-62.38333299,-60.72334949,-62.38408291,-60.72434949,1.12413E-07
676,19,1,-99.174543,1.310553,-82.607908,251.43,125.715,20030301, 01:25:10.0000,-62.38261375,-60.72236258,-62.38114767,-60.7203965,-62.38186632,-60.72138282,3.04063E-08
676,20,1,-107.692566,0.184354,-93.143929,251.43,125.715,20030301, 01:25:50.0000,-62.38043089,-60.71943041,-62.37968291,-60.71844949,-62.38043089,-60.71943041,4.27721E-09
676,21,1,-117.189702,0.020698,-103.588244,251.43,125.715,20030301, 01:26:50.0000,-62.37891632,-60.71746615,-62.37741624,-60.71548282,-62.3781805,-60.71647937,4.8023E-10
676,22,1,-101.506047,0.766133,-86.964861,251.43,125.715,20030301, 01:27:30.0000,-62.37664805,-60.71448041,-62.37589717,-60.71347994,-62.37664805,-60.71448041,1.77751E-08
676,23,1,-109.205347,0.130129,-95.854679,251.43,125.715,20030301, 01:28:30.0000,-62.37513299,-60.71248282,-62.37363138,-60.71053041,-62.37438082,-60.71149698,3.01913E-09
676,24,1,-88.976291,13.717654,-71.457144,251.43,125.715,20030301, 01:29:10.0000,-62.37289756,-60.70953041,-62.37213138,-60.70853041,-62.37289756,-60.70953041,3.18264E-07
676,25,1,-101.396697,0.785668,-83.810584,251.43,125.715,20030301, 01:30:10.0000,-62.37139957,-60.70753282,-62.36989957,-60.70553282,-62.37064805,-60.70653041,1.82284E-08
676,26,1,-101.459244,0.774434,-92.655416,251.43,125.715,20030301, 01:30:50.0000,-62.36911632,-60.70454949,-62.36836624,-60.70358282,-62.36911632,-60.70454949,1.79677E-08
676,27,1,-100.2687,1.018683,-88.995773,251.43,125.715,20030301, 01:31:50.0000,-62.36759966,-60.70261615,-62.36608291,-60.70064949,-62.36684957,-60.70163282,2.36345E-08
676,28,1,-100.402096,0.987869,-91.244195,251.43,125.715,20030301, 01:32:30.0000,-62.36529966,-60.69966615,-62.36454966,-60.69869949,-62.36529966,-60.69966615,2.29196E-08
676,29,1,-101.262539,0.810317,-90.162435,251.43,125.715,20030301, 01:33:30.0000,-62.36379966,-60.69769949,-62.36228137,-60.69569706,-62.36304915,-60.69668231,1.88002E-08
676,30,1,-100.758927,0.909947,-90.737301,251.43,125.715,20030301, 01:34:10.0000,-62.36151422,-60.69469706,-62.36074915,-60.69369898,-62.36151422,-60.69469706,2.11118E-08
676,31,1,-99.783054,1.139209,-85.400881,251.43,125.715,20030301, 01:35:10.0000,-62.35998248,-60.69269898,-62.35844804,-60.69074706,-62.35919932,-60.69171565,2.64309E-08
676,32,1,-96.475473,2.439842,-84.018811,251.43,125.715,20030301, 01:36:10.0000,-62.35769804,-60.68974706,-62.35621422,-60.68779706,-62.35694932,-60.68878231,5.6607E-08
676,33,1,-98.469701,1.541483,-85.490332,251.43,125.715,20030301, 01:36:50.0000,-62.35546471,-60.68683088,-62.35471422,-60.68589706,-62.35546471,-60.68683088,3.57641E-08
676,34,1,-99.859054,1.119447,-86.676912,251.43,125.715,20030301, 01:37:50.0000,-62.35394747,-60.68494747,-62.35239915,-60.68304897,-62.35316598,-60.68401564,2.59724E-08
676,35,1,-100.643471,0.934462,-87.710192,251.43,125.715,20030301, 01:38:30.0000,-62.35163106,-60.68207992,-62.35088265,-60.68111564,-62.35163106,-60.68207992,2.16805E-08
676,36,1,-99.294407,1.274877,-84.588382,251.43,125.715,20030301, 01:39:30.0000,-62.35011408,-60.68012945,-62.34866439,-60.67799602,-62.34939715,-60.67907992,2.95785E-08
676,37,1,-98.083192,1.684961,-88.176825,251.43,125.715,20030301, 01:40:10.0000,-62.34796439,-60.67691268,-62.34726382,-60.67587992,-62.34796439,-60.67691268,3.90929E-08
676,38,1,-99.233623,1.292845,-84.543442,251.43,125.715,20030301, 01:41:10.0000,-62.34653074,-60.67489612,-62.34504932,-60.67291564,-62.34578106,-60.67389659,2.99954E-08
676,39,1,-99.496908,1.216797,-84.490608,251.43,125.715,20030301, 01:42:10.0000,-62.34431439,-60.67192935,-62.34288248,-60.66988231,-62.34359915,-60.67089915,2.8231E-08
676,40,1,-99.571618,1.196044,-88.26081,251.43,125.715,20030301, 01:42:50.0000,-62.34216439,-60.66886325,-62.34144765,-60.66784648,-62.34216439,-60.66886325,2.77495E-08
676,41,1,-104.724703,0.365123,-89.946209,251.43,125.715,20030301, 01:43:50.0000,-62.34074707,-60.66682982,-62.33929772,-60.66472935,-62.34001598,-60.66578214,8.47124E-09
676,42,1,-104.783805,0.360187,-90.253874,251.43,125.715,20030301, 01:44:30.0000,-62.33858265,-60.66368214,-62.33786408,-60.66261278,-62.33858265,-60.66368214,8.35673E-09
676,43,1,-110.20211,0.103442,-93.590029,251.43,125.715,20030301, 01:45:30.0000,-62.33714932,-60.66156547,-62.33573265,-60.6594488,-62.33644932,-60.66049897,2.39997E-09
676,44,1,-107.363753,0.198854,-93.879955,251.43,125.715,20030301, 01:46:10.0000,-62.33503074,-60.65839612,-62.33431598,-60.65736564,-62.33503074,-60.65839612,4.61362E-09
676,45,1,-105.3261,0.317906,-91.004305,251.43,125.715,20030301, 01:47:10.0000,-62.33358049,-60.65634659,-62.33211374,-60.65432982,-62.33283106,-60.65532992,7.37577E-09
676,46,1,-113.567202,0.047664,-98.310198,251.43,125.715,20030301, 01:48:10.0000,-62.33139932,-60.65328231,-62.33001374,-60.65116315,-62.33071598,-60.65221564,1.10585E-09
676,47,1,-66.559923,2392.856312,-51.149163,251.43,125.715,20030301, 01:48:50.0000,-62.32929915,-60.65014897,-62.32856598,-60.64916564,-62.32929915,-60.65014897,5.55168E-05
676,48,1,-71.350613,794.04965,-52.980396,251.43,125.715,20030301, 01:49:50.0000,-62.32783099,-60.64816315,-62.32641598,-60.64611564,-62.32713248,-60.64714897,1.84228E-05
676,49,1,-74.607934,375.072733,-53.038904,251.43,125.715,20030301, 01:50:50.0000,-62.32569765,-60.64506315,-62.32433074,-60.64291214,-62.32501439,-60.64399602,8.70209E-06
676,50,1,-106.450363,0.245399,-92.793879,251.43,125.715,20030301, 01:51:30.0000,-62.32366439,-60.64179659,-62.32298106,-60.64074659,-62.32366439,-60.64179659,5.69352E-09
676,51,1,-100.176633,1.040509,-87.106765,251.43,125.715,20030301, 01:52:30.0000,-62.32228106,-60.63972992,-62.32084715,-60.63767992,-62.32158248,-60.63869897,2.41409E-08
676,52,1,-101.102766,0.840683,-88.333753,251.43,125.715,20030301, 01:53:10.0000,-62.32011343,-60.63662945,-62.31939715,-60.63557992,-62.32011343,-60.63662945,1.95048E-08
676,53,1,-82.951168,54.927785,-63.630695,251.43,125.715,20030301, 01:54:10.0000,-62.31869715,-60.63449602,-62.31733105,-60.63222933,-62.31801598,-60.63334897,1.27438E-06
676,54,1,-103.396303,0.495768,-92.008258,251.43,125.715,20030301, 01:55:10.0000,-62.31666372,-60.63111313,-62.31526381,-60.62899714,-62.31596381,-60.630046,1.15024E-08
676,55,1,-99.854867,1.120527,-89.495199,251.43,125.715,20030301, 01:55:50.0000,-62.31454771,-60.6279799,-62.31386565,-60.62694847,-62.31454771,-60.6279799,2.59974E-08
676,56,1,-103.917708,0.439681,-91.566857,251.43,125.715,20030301, 01:56:50.0000,-62.31316438,-60.62587933,-62.31179771,-60.6236799,-62.312497,-60.62477883,1.02011E-08
676,57,1,-104.001899,0.43124,-92.506633,251.43,125.715,20030301, 01:57:30.0000,-62.31113231,-60.62256514,-62.31044771,-60.6214799,-62.31113231,-60.62256514,1.00052E-08
676,58,1,-102.655154,0.588022,-90.383036,251.43,125.715,20030301, 01:58:30.0000,-62.30976565,-60.62041514,-62.30836564,-60.61833179,-62.30904898,-60.61934847,1.36427E-08
676,59,1,-95.407704,3.119885,-82.796104,251.43,125.715,20030301, 01:59:30.0000,-62.30766538,-60.61728179,-62.30623042,-60.61517896,-62.30694732,-60.61624531,7.23847E-08
676,60,1,-96.846503,2.240055,-85.649862,251.43,125.715,20030301, 02:00:10.0000,-62.30554897,-60.61411487,-62.30486399,-60.61301265,-62.30554897,-60.61411487,5.19717E-08
676,61,1,-96.64046,2.348892,-85.759803,251.43,125.715,20030301, 02:01:10.0000,-62.30418231,-60.61194821,-62.30278073,-60.60986276,-62.30349897,-60.61088179,5.44968E-08
676,62,1,-95.167755,3.29711,-83.020566,251.43,125.715,20030301, 02:02:10.0000,-62.30206407,-60.6088461,-62.30059732,-60.60686265,-62.30133231,-60.60786513,7.64965E-08
676,63,1,-91.201977,8.216961,-80.95567,251.43,125.715,20030301, 02:02:50.0000,-62.29988231,-60.60583179,-62.29918008,-60.60476211,-62.29988231,-60.60583179,1.90642E-07
676,64,1,-95.815768,2.84009,-85.788492,251.43,125.715,20030301, 02:03:50.0000,-62.29846399,-60.60367931,-62.29706407,-60.60157943,-62.29776303,-60.60262824,6.58932E-08
676,65,1,-96.295716,2.542947,-81.670611,251.43,125.715,20030301, 02:04:30.0000,-62.29636407,-60.6005461,-62.29564872,-60.59951513,-62.29636407,-60.6005461,5.89991E-08
676,66,1,-96.192801,2.603927,-82.070977,251.43,125.715,20030301, 02:05:30.0000,-62.29493205,-60.59854846,-62.29353011,-60.59654517,-62.29421538,-60.59754846,6.04139E-08
676,67,1,-91.130897,8.352554,-80.253665,251.43,125.715,20030301, 02:06:30.0000,-62.29284897,-60.59551513,-62.29146407,-60.59342943,-62.2921474,-60.59446211,1.93788E-07
676,68,1,-84.681171,36.880082,-75.628828,251.43,125.715,20030301, 02:07:10.0000,-62.29074675,-60.59237943,-62.29003073,-60.59137943,-62.29074675,-60.59237943,8.55658E-07
676,69,1,-90.767473,9.081584,-79.75421,251.43,125.715,20030301, 02:08:10.0000,-62.2893474,-60.59037943,-62.28796564,-60.58831513,-62.28866564,-60.58934846,2.10703E-07
676,70,1,-88.959341,13.771295,-82.239867,251.43,125.715,20030301, 02:09:10.0000,-62.28728042,-60.58731303,-62.28586564,-60.58536513,-62.28658231,-60.58636513,3.19509E-07
676,71,1,-84.229959,40.917871,-76.663729,251.43,125.715,20030301, 02:09:50.0000,-62.28516407,-60.5843961,-62.28448011,-60.58339517,-62.28516407,-60.5843961,9.49339E-07
676,72,1,-88.536096,15.180965,-79.461738,251.43,125.715,20030301, 02:10:50.0000,-62.28376407,-60.58237943,-62.28236407,-60.58036211,-62.28308073,-60.58137943,3.52215E-07
676,73,1,-87.70959,18.363266,-77.772943,251.43,125.715,20030301, 02:11:50.0000,-62.2816474,-60.57932943,-62.28023073,-60.57726276,-62.28093073,-60.5782961,4.26048E-07
676,74,1,-86.195271,26.024465,-75.656151,251.43,125.715,20030301, 02:12:30.0000,-62.27954663,-60.57619596,-62.27884897,-60.57516513,-62.27954663,-60.57619596,6.03796E-07
676,75,1,-87.97628,17.269547,-82.057199,251.43,125.715,20030301, 02:13:30.0000,-62.27811564,-60.57413179,-62.27666407,-60.57207943,-62.27739731,-60.57311263,4.00672E-07
676,76,1,-89.045752,13.499999,-83.133228,251.43,125.715,20030301, 02:14:10.0000,-62.27598231,-60.57108154,-62.27529872,-60.56999821,-62.27598231,-60.57108154,3.13215E-07
676,77,1,-84.370472,39.615184,-77.173102,251.43,125.715,20030301, 02:15:10.0000,-62.27459872,-60.56893154,-62.27323007,-60.56687941,-62.27389897,-60.56788179,9.19115E-07
676,78,1,-83.727008,45.941809,-68.387123,251.43,125.715,20030301, 02:16:10.0000,-62.27251397,-60.56584596,-62.27111405,-60.56379608,-62.27181405,-60.56482941,1.0659E-06
676,79,1,-90.771708,9.072733,-82.395451,251.43,125.715,20030301, 02:16:50.0000,-62.27041405,-60.56274608,-62.26971497,-60.56166463,-62.27041405,-60.56274608,2.10497E-07
676,80,1,-86.33636,25.192597,-75.980382,251.43,125.715,20030301, 02:17:50.0000,-62.26899864,-60.56059762,-62.26763163,-60.55849796,-62.26831405,-60.55954542,5.84495E-07
676,81,1,-84.790114,35.966444,-73.924261,251.43,125.715,20030301, 02:18:50.0000,-62.2669133,-60.55742929,-62.26548163,-60.55534796,-62.26619739,-60.55637941,8.3446E-07
676,82,1,-90.057043,10.695588,-82.769118,251.43,125.715,20030301, 02:19:30.0000,-62.26474863,-60.55434795,-62.26406496,-60.55331462,-62.26474863,-60.55434795,2.48149E-07
676,83,1,-90.307776,10.095582,-82.182582,251.43,125.715,20030301, 02:20:30.0000,-62.26338197,-60.55226462,-62.26198197,-60.55019795,-62.26269623,-60.55122881,2.34228E-07
676,84,1,-91.727043,7.281228,-83.676858,251.43,125.715,20030301, 02:21:30.0000,-62.26128197,-60.54918128,-62.25989707,-60.54709561,-62.26058041,-60.54814488,1.68932E-07
676,85,1,-98.244849,1.623394,-86.752356,251.43,125.715,20030301, 02:22:10.0000,-62.25919707,-60.54607894,-62.25847956,-60.54507881,-62.25919707,-60.54607894,3.76645E-08
676,86,1,-85.481168,30.675537,-72.827506,251.43,125.715,20030301, 02:23:10.0000,-62.25776262,-60.54416181,-62.2563129,-60.54227881,-62.25702967,-60.54324561,7.11706E-07
676,87,1,-96.759394,2.285438,-87.10882,251.43,125.715,20030301, 02:24:10.0000,-62.25561343,-60.54127848,-62.25424623,-60.53922881,-62.25493197,-60.54026462,5.30246E-08
676,88,1,-89.394488,12.458338,-76.503366,251.43,125.715,20030301, 02:24:50.0000,-62.25354676,-60.53819515,-62.25284863,-60.53718128,-62.25354676,-60.53819515,2.89047E-07
676,89,1,-84.259515,40.640348,-76.976754,251.43,125.715,20030301, 02:25:50.0000,-62.25214623,-60.53617881,-62.25073072,-60.53421275,-62.25144676,-60.53517767,9.429E-07
676,90,1,-88.203566,16.388997,-80.707169,251.43,125.715,20030301, 02:26:30.0000,-62.25002956,-60.53324548,-62.24932929,-60.53226181,-62.25002956,-60.53324548,3.80242E-07
676,91,1,-79.972065,109.069283,-69.004301,251.43,125.715,20030301, 02:27:30.0000,-62.24861343,-60.53126262,-62.24721262,-60.52929515,-62.2479153,-60.53029795,2.53052E-06
676,92,1,-76.434148,246.31684,-63.128115,251.43,125.715,20030301, 02:28:30.0000,-62.24651496,-60.52831462,-62.24509676,-60.52636262,-62.24579707,-60.52734561,5.71482E-06
676,93,1,-90.81589,8.980902,-81.260136,251.43,125.715,20030301, 02:29:30.0000,-62.2444153,-60.52541496,-62.24301374,-60.52356301,-62.24371374,-60.52447894,2.08367E-07
676,94,1,-83.728429,45.926788,-74.854796,251.43,125.715,20030301, 02:30:10.0000,-62.24233197,-60.52264795,-62.2416629,-60.52167881,-62.24233197,-60.52264795,1.06555E-06
676,95,1,-84.968689,34.517554,-76.273788,251.43,125.715,20030301, 02:31:10.0000,-62.24097967,-60.52072894,-62.23953,-60.518795,-62.24028162,-60.51976496,8.00844E-07
676,96,1,-85.303635,31.955486,-74.430239,251.43,125.715,20030301, 02:32:10.0000,-62.23883041,-60.51781228,-62.23741374,-60.51576228,-62.23813162,-60.51678162,7.41402E-07
676,97,1,-75.543229,302.402942,-64.959024,251.43,125.715,20030301, 02:32:50.0000,-62.23673162,-60.51479795,-62.2360153,-60.51383128,-62.23673162,-60.51479795,7.01607E-06
676,98,1,-91.967993,6.888262,-78.601901,251.43,125.715,20030301, 02:33:50.0000,-62.23529623,-60.51286214,-62.2338301,-60.51092848,-62.23454863,-60.51188162,1.59815E-07
676,99,1,-83.626253,47.020114,-70.942223,251.43,125.715,20030301, 02:34:50.0000,-62.23311365,-60.50996214,-62.23169829,-60.50803128,-62.23239863,-60.50899795,1.09092E-06
676,100,1,-83.604105,47.260517,-72.420658,251.43,125.715,20030301, 02:35:30.0000,-62.23099621,-60.50702879,-62.23026343,-60.50601181,-62.23099621,-60.50702879,1.09649E-06
676,101,1,-83.45452,48.916671,-70.533067,251.43,125.715,20030301, 02:36:30.0000,-62.22956496,-60.50501462,-62.22811341,-60.50309593,-62.22884863,-60.50404795,1.13492E-06
676,102,1,-89.112205,13.295004,-76.775028,251.43,125.715,20030301, 02:37:10.0000,-62.22738163,-60.50213078,-62.22666497,-60.50113078,-62.22738163,-60.50213078,3.08458E-07
676,103,1,-87.507931,19.236047,-79.197004,251.43,125.715,20030301, 02:38:10.0000,-62.2259483,-60.50011412,-62.22451497,-60.49808036,-62.22524675,-60.49909512,4.46297E-07
676,104,1,-80.908771,87.9087,-70.896049,251.43,125.715,20030301, 02:39:10.0000,-62.22378163,-60.49706412,-62.22231373,-60.49509559,-62.22304787,-60.49608078,2.03958E-06
676,105,1,-78.577372,150.37365,-64.809789,251.43,125.715,20030301, 02:39:50.0000,-62.22157977,-60.49414466,-62.22086454,-60.49318078,-62.22157977,-60.49414466,3.48883E-06
676,106,1,-77.195615,206.703306,-64.039227,251.43,125.715,20030301, 02:40:50.0000,-62.22011373,-60.49219559,-62.21871496,-60.49014744,-62.21941311,-60.49119377,4.79574E-06
676,107,1,-86.997025,21.637466,-77.184086,251.43,125.715,20030301, 02:41:30.0000,-62.21801364,-60.48912803,-62.21729644,-60.48814466,-62.21801364,-60.48912803,5.02013E-07
676,108,1,-80.574245,94.947685,-68.153405,251.43,125.715,20030301, 02:42:30.0000,-62.21658162,-60.4872141,-62.21511311,-60.48529466,-62.21586248,-60.48624497,2.20289E-06
676,109,1,-84.074508,42.409012,-73.087834,251.43,125.715,20030301, 02:43:30.0000,-62.2143812,-60.48431453,-62.21294644,-60.48229466,-62.21366248,-60.48332831,9.83935E-07
676,110,1,-79.53247,120.687399,-65.504314,251.43,125.715,20030301, 02:44:10.0000,-62.21223162,-60.48129744,-62.21151341,-60.48031179,-62.21223162,-60.48129744,2.80008E-06
676,111,1,-88.426773,15.567957,-77.586022,251.43,125.715,20030301, 02:45:10.0000,-62.21076497,-60.47933078,-62.20929675,-60.4773626,-62.21003162,-60.47833077,3.61193E-07
676,112,1,-85.139959,33.182802,-70.167854,251.43,125.715,20030301, 02:45:50.0000,-62.20854593,-60.47641179,-62.20779829,-60.4754312,-62.20854593,-60.47641179,7.69877E-07
676,113,1,-92.966718,5.473147,-83.239866,251.43,125.715,20030301, 02:46:50.0000,-62.20704829,-60.4744641,-62.20558008,-60.47242846,-62.20629829,-60.47344744,1.26983E-07
676,114,1,-88.279107,16.106392,-76.214453,251.43,125.715,20030301, 02:47:50.0000,-62.20484665,-60.47141164,-62.20336453,-60.46939744,-62.20411311,-60.47039466,3.73686E-07
676,115,1,-92.673961,5.85481,-83.191003,251.43,125.715,20030301, 02:48:30.0000,-62.20259665,-60.46839497,-62.20184542,-60.4673945,-62.20259665,-60.46839497,1.35838E-07
676,116,1,-84.428784,39.086841,-73.333055,251.43,125.715,20030301, 02:49:30.0000,-62.20109583,-60.46641167,-62.19957888,-60.46454555,-62.20034581,-60.46546164,9.06857E-07
676,117,1,-80.064936,106.761671,-72.213705,251.43,125.715,20030301, 02:50:10.0000,-62.19877877,-60.46367877,-62.19801248,-60.46272831,-62.19877877,-60.46367877,2.47699E-06
676,118,1,-83.08864,53.216333,-75.188407,251.43,125.715,20030301, 02:51:10.0000,-62.19727998,-60.46169497,-62.19582915,-60.45972831,-62.19656211,-60.46067786,1.23468E-06
676,119,1,-81.897653,70.007355,-73.574033,251.43,125.715,20030301, 02:51:50.0000,-62.19509593,-60.45872846,-62.19436311,-60.45772799,-62.19509593,-60.45872846,1.62425E-06
676,120,1,-76.208637,259.444972,-64.332012,251.43,125.715,20030301, 02:52:50.0000,-62.19363008,-60.45674593,-62.1921812,-60.45479786,-62.19291222,-60.45577799,6.0194E-06
676,121,1,-77.016857,215.388863,-67.196707,251.43,125.715,20030301, 02:53:50.0000,-62.19144786,-60.45383077,-62.18997927,-60.45196179,-62.19069633,-60.45287875,4.99725E-06
676,122,1,-74.611504,374.764589,-66.057257,251.43,125.715,20030301, 02:54:30.0000,-62.18929829,-60.4509141,-62.18866496,-60.44971325,-62.18929829,-60.4509141,8.69494E-06
676,123,1,-77.53044,191.366059,-69.831522,251.43,125.715,20030301, 02:55:30.0000,-62.18811538,-60.44834658,-62.18729915,-60.44531282,-62.18768166,-60.44685913,4.4399E-06
676,124,1,-78.530312,152.011948,-68.370865,251.43,125.715,20030301, 02:56:30.0000,-62.18688248,-60.44377949,-62.18598205,-60.44071239,-62.18641538,-60.44226239,3.52684E-06
676,125,1,-78.934444,138.504695,-70.833585,251.43,125.715,20030301, 02:57:10.0000,-62.18551538,-60.43917949,-62.18499872,-60.43771282,-62.18551538,-60.43917949,3.21346E-06
676,126,1,-82.187847,65.482352,-75.420801,251.43,125.715,20030301, 02:58:10.0000,-62.18448058,-60.43630842,-62.18336514,-60.43364592,-62.18391422,-60.43496013,1.51926E-06
676,127,1,-82.515305,60.726522,-72.069001,251.43,125.715,20030301, 02:59:10.0000,-62.18279755,-60.43229346,-62.18169665,-60.42957663,-62.18224847,-60.43094592,1.40892E-06
676,128,1,-81.891631,70.104482,-75.0482,251.43,125.715,20030301, 02:59:50.0000,-62.18114755,-60.42820931,-62.18059847,-60.42681259,-62.18114755,-60.42820931,1.6265E-06
676,129,1,-80.845111,89.206769,-69.465444,251.43,125.715,20030301, 03:00:50.0000,-62.180063,-60.42544267,-62.17896398,-60.42269285,-62.17951415,-60.42405997,2.06969E-06
676,130,1,-82.393883,62.448305,-70.896259,251.43,125.715,20030301, 03:01:30.0000,-62.17839749,-60.42132663,-62.17784665,-60.4199433,-62.17839749,-60.42132663,1.44887E-06
676,131,1,-76.6725,233.1626,-61.682027,251.43,125.715,20030301, 03:02:30.0000,-62.177263,-60.41859358,-62.17602976,-60.41595951,-62.17664633,-60.41729267,5.40962E-06
676,132,1,-77.521304,191.76906,-68.237255,251.43,125.715,20030301, 03:03:30.0000,-62.17543128,-60.41461256,-62.17429709,-60.4118089,-62.17484724,-60.41322596,4.44925E-06
676,133,1,-72.132048,663.291101,-66.590287,251.43,125.715,20030301, 03:04:10.0000,-62.17376513,-60.41039538,-62.17321298,-60.40897504,-62.17376513,-60.41039538,1.53891E-05
676,134,1,-79.112897,132.928834,-68.984778,251.43,125.715,20030301, 03:05:10.0000,-62.17266278,-60.40759223,-62.17154633,-60.404876,-62.17209725,-60.406226,3.08409E-06
676,135,1,-76.134526,263.910275,-59.783982,251.43,125.715,20030301, 03:06:10.0000,-62.17098057,-60.40357596,-62.16984724,-60.4009593,-62.17041375,-60.40227557,6.123E-06
676,136,1,-80.54568,95.57425,-68.94795,251.43,125.715,20030301, 03:06:50.0000,-62.16929612,-60.39962557,-62.16872976,-60.39827618,-62.16929612,-60.39962557,2.21743E-06
676,137,1,-90.058207,10.692721,-74.398542,251.43,125.715,20030301, 03:07:50.0000,-62.1681639,-60.3969093,-62.16703035,-60.39420871,-62.16759732,-60.39555951,2.48083E-07
676,138,1,-76.858456,223.389799,-62.148701,251.43,125.715,20030301, 03:08:50.0000,-62.1664639,-60.39284263,-62.16533035,-60.39017537,-62.16589724,-60.39149355,5.18288E-06
676,139,1,-90.268495,10.187307,-79.805997,251.43,125.715,20030301, 03:09:30.0000,-62.1647639,-60.38884263,-62.16418033,-60.38752533,-62.1647639,-60.38884263,2.36357E-07
676,140,1,-91.669828,7.377788,-78.402082,251.43,125.715,20030301, 03:10:30.0000,-62.16363042,-60.38624223,-62.16252945,-60.3836589,-62.16309631,-60.38494355,1.71173E-07
676,141,1,-87.824639,17.88319,-78.555016,251.43,125.715,20030301, 03:11:30.0000,-62.16196462,-60.3823459,-62.16078033,-60.37977533,-62.16137945,-60.38105987,4.14909E-07
676,142,1,-86.054844,26.879706,-78.798415,251.43,125.715,20030301, 03:12:10.0000,-62.160213,-60.37844267,-62.15964732,-60.37709285,-62.160213,-60.37844267,6.23638E-07
676,143,1,-88.110156,16.745315,-80.530886,251.43,125.715,20030301, 03:13:10.0000,-62.15909642,-60.37574285,-62.15799631,-60.3730593,-62.15854846,-60.3743959,3.88509E-07
676,144,1,-79.53231,120.691834,-70.330972,251.43,125.715,20030301, 03:14:10.0000,-62.15743042,-60.37177654,-62.15632965,-60.36926022,-62.15688179,-60.37052974,2.80018E-06
676,145,1,-78.105935,167.615995,-70.130786,251.43,125.715,20030301, 03:14:50.0000,-62.15574732,-60.36795951,-62.15518162,-60.36666323,-62.15574732,-60.36795951,3.88887E-06
676,146,1,-82.15625,65.960492,-75.935741,251.43,125.715,20030301, 03:15:50.0000,-62.15459631,-60.36534263,-62.15343179,-60.36272974,-62.15401267,-60.36400867,1.53035E-06
676,147,1,-83.128683,52.727923,-75.650579,251.43,125.715,20030301, 03:16:50.0000,-62.15286462,-60.36141308,-62.15169612,-60.35882557,-62.15227945,-60.36010987,1.22334E-06
676,148,1,-86.920132,22.023977,-80.341313,251.43,125.715,20030301, 03:17:30.0000,-62.15111267,-60.35757533,-62.15051398,-60.35629374,-62.15111267,-60.35757533,5.1098E-07
676,149,1,-85.664604,29.406852,-79.502145,251.43,125.715,20030301, 03:18:30.0000,-62.14994795,-60.35502923,-62.14878033,-60.352443,-62.1493639,-60.35371022,6.82271E-07
676,150,1,-84.195986,41.239211,-77.467779,251.43,125.715,20030301, 03:19:30.0000,-62.14821298,-60.35117688,-62.14703057,-60.34862596,-62.14762965,-60.34989263,9.56794E-07
676,151,1,-85.744494,28.870849,-78.65014,251.43,125.715,20030301, 03:20:10.0000,-62.14644762,-60.34737857,-62.14588155,-60.34609583,-62.14644762,-60.34737857,6.69835E-07
676,152,1,-87.115501,21.055173,-80.148745,251.43,125.715,20030301, 03:21:10.0000,-62.14529707,-60.34484317,-62.14413057,-60.34234355,-62.14471367,-60.34360867,4.88503E-07
676,153,1,-87.780373,18.066401,-80.413388,251.43,125.715,20030301, 03:22:10.0000,-62.14356267,-60.34107633,-62.14238095,-60.3385119,-62.14298095,-60.33979524,4.1916E-07
676,154,1,-85.353587,31.590041,-72.288267,251.43,125.715,20030301, 03:22:50.0000,-62.14178033,-60.337242,-62.14119707,-60.33595886,-62.14178033,-60.337242,7.32923E-07
676,155,1,-84.944847,34.707572,-78.447743,251.43,125.715,20030301, 03:23:50.0000,-62.14061427,-60.33469521,-62.139446,-60.33212533,-62.14001365,-60.33342529,8.05253E-07
676,156,1,-86.084408,26.697349,-78.162362,251.43,125.715,20030301, 03:24:50.0000,-62.138847,-60.330842,-62.13769761,-60.32837855,-62.13826374,-60.32959317,6.19407E-07
676,157,1,-87.306461,20.149432,-82.114659,251.43,125.715,20030301, 03:25:50.0000,-62.13711267,-60.32720967,-62.1359961,-60.32480984,-62.13653032,-60.32604196,4.67489E-07
676,158,1,-88.339462,15.884102,-79.951959,251.43,125.715,20030301, 03:26:30.0000,-62.13543032,-60.32359196,-62.13484677,-60.32237579,-62.13543032,-60.32359196,3.68528E-07
676,159,1,-91.164654,8.287882,-82.823786,251.43,125.715,20030301, 03:27:30.0000,-62.1342801,-60.32117579,-62.1331461,-60.31879317,-62.13371365,-60.32000963,1.92288E-07
676,160,1,-90.812812,8.987268,-81.70911,251.43,125.715,20030301, 03:28:30.0000,-62.13254821,-60.31764581,-62.13143041,-60.31522553,-62.13198154,-60.31647915,2.08514E-07
676,161,1,-90.626836,9.380485,-82.251947,251.43,125.715,20030301, 03:29:30.0000,-62.13093018,-60.31389159,-62.13003033,-60.31120767,-62.13048033,-60.31255867,2.17637E-07
676,162,1,-89.410067,12.413728,-75.319589,251.43,125.715,20030301, 03:30:30.0000,-62.12958123,-60.30982492,-62.12868117,-60.307058,-62.12913032,-60.30845762,2.88012E-07
676,163,1,-97.038166,2.143346,-87.433936,251.43,125.715,20030301, 03:31:30.0000,-62.12823154,-60.30567795,-62.12733117,-60.302908,-62.12778032,-60.30427429,4.97279E-08
676,164,1,-99.361498,1.255333,-91.31804,251.43,125.715,20030301, 03:32:10.0000,-62.12689677,-60.30155804,-62.12644799,-60.30020863,-62.12689677,-60.30155804,2.91251E-08
676,165,1,-98.760663,1.441593,-83.575907,251.43,125.715,20030301, 03:33:10.0000,-62.12601342,-60.29884133,-62.12513032,-60.29614196,-62.12556367,-60.29750767,3.34465E-08
676,166,1,-98.024031,1.708071,-83.609375,251.43,125.715,20030301, 03:34:10.0000,-62.12468117,-60.29479025,-62.12379698,-60.29204196,-62.12424684,-60.29339159,3.96291E-08
676,167,1,-102.729476,0.578045,-91.85932,251.43,125.715,20030301, 03:35:10.0000,-62.12336466,-60.29070863,-62.12249675,-60.287958,-62.12293214,-60.28932855,1.34113E-08
676,168,1,-100.205282,1.033667,-87.943435,251.43,125.715,20030301, 03:36:10.0000,-62.1220479,-60.28659159,-62.12116547,-60.28377855,-62.12161343,-60.28519138,2.39822E-08
676,169,1,-101.675487,0.736818,-88.418615,251.43,125.715,20030301, 03:37:10.0000,-62.1207145,-60.28239133,-62.11984698,-60.27957429,-62.12028018,-60.28099159,1.7095E-08
676,170,1,-107.038382,0.214324,-94.063833,251.43,125.715,20030301, 03:38:10.0000,-62.11938123,-60.27814159,-62.1184988,-60.27536128,-62.11894821,-60.27674521,4.97255E-09
676,171,1,-101.691618,0.734086,-90.818514,251.43,125.715,20030301, 03:38:50.0000,-62.11806365,-60.27399095,-62.11761487,-60.27262855,-62.11806365,-60.27399095,1.70316E-08
676,172,1,-102.879479,0.55842,-91.851286,251.43,125.715,20030301, 03:39:50.0000,-62.11714799,-60.27127529,-62.11626351,-60.26847492,-62.11671456,-60.26987387,1.2956E-08
676,173,1,-102.141079,0.661913,-92.368883,251.43,125.715,20030301, 03:40:50.0000,-62.11581466,-60.26707429,-62.11489783,-60.26427467,-62.11536365,-60.26569196,1.53571E-08
676,174,1,-100.842932,0.892515,-91.184846,251.43,125.715,20030301, 03:41:50.0000,-62.11444698,-60.26287529,-62.11353122,-60.26007382,-62.11399675,-60.26147358,2.07073E-08
676,175,1,-101.270811,0.808775,-87.034041,251.43,125.715,20030301, 03:42:50.0000,-62.11308197,-60.25864456,-62.1121301,-60.25597363,-62.11259683,-60.25730821,1.87645E-08
676,176,1,-102.736114,0.577162,-90.024955,251.43,125.715,20030301, 03:43:50.0000,-62.11169698,-60.25460762,-62.11079683,-60.25180821,-62.11124789,-60.25320821,1.33908E-08
676,177,1,-103.099725,0.530807,-91.606684,251.43,125.715,20030301, 03:44:30.0000,-62.11033117,-60.25040692,-62.10988016,-60.24897488,-62.11033117,-60.25040692,1.23153E-08
676,178,1,-99.508498,1.213554,-84.851504,251.43,125.715,20030301, 03:45:30.0000,-62.10941455,-60.24759049,-62.10853117,-60.244808,-62.1089645,-60.24620692,2.81558E-08
676,179,1,-93.795262,4.522544,-82.004139,251.43,125.715,20030301, 03:46:30.0000,-62.10811462,-60.24344385,-62.10722985,-60.24065622,-62.1076653,-60.24204453,1.04928E-07
676,180,1,-93.52404,4.813987,-82.993442,251.43,125.715,20030301, 03:47:30.0000,-62.10677994,-60.23923981,-62.10588107,-60.23643981,-62.10631449,-60.23784129,1.1169E-07
676,181,1,-93.158468,5.236754,-81.163952,251.43,125.715,20030301, 03:48:30.0000,-62.10544795,-60.23501051,-62.10456318,-60.23212289,-62.10499863,-60.23354453,1.21498E-07
676,182,1,-90.992613,8.622787,-77.159873,251.43,125.715,20030301, 03:49:10.0000,-62.10409675,-60.230708,-62.10363007,-60.22934129,-62.10409675,-60.230708,2.00058E-07
676,183,1,-89.937003,10.99534,-76.274547,251.43,125.715,20030301, 03:50:10.0000,-62.10316455,-60.22797382,-62.1022645,-60.22525692,-62.10271342,-60.226608,2.55104E-07
676,184,1,-85.965551,27.438085,-75.301747,251.43,125.715,20030301, 03:51:10.0000,-62.10183101,-60.22387289,-62.10099673,-60.22112462,-62.1014145,-60.22249133,6.36593E-07
676,185,1,-88.997506,13.650806,-75.783863,251.43,125.715,20030301, 03:52:10.0000,-62.10054768,-60.21975622,-62.09964673,-60.21705687,-62.10011462,-60.21839453,3.16713E-07
676,186,1,-91.003364,8.601468,-78.89396,251.43,125.715,20030301, 03:53:10.0000,-62.09918116,-60.21565796,-62.09829795,-60.2129112,-62.09872985,-60.21428955,1.99563E-07
676,187,1,-98.469779,1.541456,-87.028201,251.43,125.715,20030301, 03:54:10.0000,-62.09784673,-60.2114902,-62.09694673,-60.20864129,-62.09739652,-60.21007289,3.57634E-08
676,188,1,-100.993243,0.862154,-87.806019,251.43,125.715,20030301, 03:54:50.0000,-62.09649789,-60.20720715,-62.09604683,-60.20577488,-62.09649789,-60.20720715,2.00029E-08
676,189,1,-101.28965,0.805274,-87.866279,251.43,125.715,20030301, 03:55:50.0000,-62.09558008,-60.20439133,-62.09464795,-60.20166051,-62.09511462,-60.20302786,1.86832E-08
676,190,1,-98.199946,1.640266,-84.629374,251.43,125.715,20030301, 03:56:50.0000,-62.09419782,-60.20027462,-62.0933146,-60.19754175,-62.0937644,-60.19890761,3.8056E-08
676,191,1,-93.619127,4.709733,-77.5941,251.43,125.715,20030301, 03:57:50.0000,-62.09286433,-60.196174,-62.09196317,-60.19345617,-62.09241327,-60.19482427,1.09271E-07
676,192,1,-92.657228,5.877413,-72.260735,251.43,125.715,20030301, 03:58:50.0000,-62.09151449,-60.19207462,-62.09061462,-60.18927718,-62.09106317,-60.190674,1.36362E-07
676,193,1,-96.816557,2.255554,-87.560545,251.43,125.715,20030301, 03:59:50.0000,-62.09014782,-60.18784129,-62.08923101,-60.18509071,-62.0896965,-60.18647283,5.23313E-08
676,194,1,-95.656843,2.945945,-87.534945,251.43,125.715,20030301, 04:00:30.0000,-62.08879795,-60.18371051,-62.0883465,-60.18229067,-62.08879795,-60.18371051,6.83491E-08
676,195,1,-98.354285,1.582998,-86.523184,251.43,125.715,20030301, 04:01:30.0000,-62.08789659,-60.18094089,-62.08702992,-60.17817309,-62.08746348,-60.17957484,3.67273E-08
676,196,1,-99.641539,1.176942,-87.107004,251.43,125.715,20030301, 04:02:30.0000,-62.0865818,-60.17677721,-62.08568116,-60.17412462,-62.08613007,-60.17544129,2.73063E-08
676,197,1,-99.551283,1.201657,-88.523802,251.43,125.715,20030301, 04:03:30.0000,-62.08524847,-60.17279388,-62.08441338,-60.17010791,-62.08483015,-60.17147484,2.78798E-08
676,198,1,-98.356274,1.582274,-86.85859,251.43,125.715,20030301, 04:04:30.0000,-62.08398104,-60.16871054,-62.08308005,-60.16580682,-62.0835318,-60.16727721,3.67105E-08
676,199,1,-94.068557,4.246716,-82.678201,251.43,125.715,20030301, 04:05:30.0000,-62.0826153,-60.1643265,-62.08174659,-60.16130642,-62.08218005,-60.16284015,9.85284E-08
676,200,1,-94.783651,3.602001,-83.849032,251.43,125.715,20030301, 04:06:10.0000,-62.08128106,-60.15978976,-62.08081325,-60.15825528,-62.08128106,-60.15978976,8.35703E-08
676,201,1,-98.144767,1.66124,-83.784596,251.43,125.715,20030301, 04:07:10.0000,-62.0803296,-60.15670547,-62.07937992,-60.15363976,-62.07984769,-60.15517564,3.85426E-08
676,202,1,-96.857865,2.234202,-86.056025,251.43,125.715,20030301, 04:07:50.0000,-62.07889769,-60.15210974,-62.07842983,-60.1505395,-62.07889769,-60.15210974,5.18359E-08
676,203,1,-94.196858,4.123093,-79.264504,251.43,125.715,20030301, 04:08:50.0000,-62.07797992,-60.14895528,-62.07706325,-60.14578862,-62.07751315,-60.14738827,9.56602E-08
676,204,1,-91.96003,6.900903,-81.02155,251.43,125.715,20030301, 04:09:30.0000,-62.07659765,-60.14418945,-62.07614769,-60.14260897,-62.07659765,-60.14418945,1.60108E-07
676,205,1,-93.817323,4.499628,-79.5806,251.43,125.715,20030301, 04:10:30.0000,-62.07567969,-60.14102241,-62.07469659,-60.13787309,-62.07519648,-60.13947161,1.04396E-07
676,206,1,-96.348043,2.512492,-86.993722,251.43,125.715,20030301, 04:11:10.0000,-62.07422992,-60.13627195,-62.07374769,-60.13462641,-62.07422992,-60.13627195,5.82925E-08
676,207,1,-98.195864,1.641809,-89.32668,251.43,125.715,20030301, 04:12:10.0000,-62.07328103,-60.13300897,-62.07233106,-60.12972195,-62.07281436,-60.13137564,3.80917E-08
676,208,1,-97.756713,1.816509,-86.886179,251.43,125.715,20030301, 04:12:50.0000,-62.07184636,-60.12807241,-62.07134659,-60.12647195,-62.07184636,-60.12807241,4.2145E-08
676,209,1,-98.190337,1.643899,-82.911773,251.43,125.715,20030301, 04:13:50.0000,-62.07084772,-60.12490528,-62.06989769,-60.12179231,-62.07036292,-60.12333875,3.81402E-08
676,210,1,-97.888651,1.762154,-81.076907,251.43,125.715,20030301, 04:14:50.0000,-62.06941513,-60.12022641,-62.06841436,-60.11729308,-62.06893103,-60.11874308,4.08839E-08
676,211,1,-97.106381,2.109944,-83.394024,251.43,125.715,20030301, 04:15:30.0000,-62.06786359,-60.11584308,-62.06731436,-60.11437718,-62.06786359,-60.11584308,4.8953E-08
676,212,1,-95.653932,2.94792,-84.84407,251.43,125.715,20030301, 04:16:30.0000,-62.06676436,-60.11294385,-62.06567878,-60.11008976,-62.06621436,-60.11152641,6.83949E-08
676,213,1,-96.960532,2.182005,-85.460271,251.43,125.715,20030301, 04:17:10.0000,-62.06512878,-60.10863976,-62.06458103,-60.10714385,-62.06512878,-60.10863976,5.06249E-08
676,214,1,-100.037103,1.074481,-87.783981,251.43,125.715,20030301, 04:18:10.0000,-62.06402992,-60.10565642,-62.06294657,-60.10265637,-62.06347945,-60.10415502,2.49291E-08
676,215,1,-98.947441,1.380908,-84.107389,251.43,125.715,20030301, 04:18:50.0000,-62.06241412,-60.10115816,-62.06184745,-60.09964235,-62.06241412,-60.10115816,3.20386E-08
676,216,1,-102.370244,0.627891,-88.846233,251.43,125.715,20030301, 04:19:50.0000,-62.06129692,-60.09812564,-62.06017958,-60.09502208,-62.06073103,-60.09657641,1.45678E-08
676,217,1,-100.665879,0.929653,-90.899579,251.43,125.715,20030301, 04:20:30.0000,-62.05964659,-60.09343862,-62.05916513,-60.09180897,-62.05964659,-60.09343862,2.1569E-08
676,218,1,-98.852891,1.411302,-88.526226,251.43,125.715,20030301, 04:21:30.0000,-62.05873179,-60.09009231,-62.05794769,-60.08662487,-62.05833082,-60.08833744,3.27437E-08
676,219,1,-97.741847,1.822738,-87.62787,251.43,125.715,20030301, 04:22:10.0000,-62.05754846,-60.08492564,-62.05714769,-60.08324231,-62.05754846,-60.08492564,4.22895E-08
676,220,1,-97.641737,1.865242,-88.207804,251.43,125.715,20030301, 04:23:10.0000,-62.05673105,-60.08157075,-62.05589764,-60.07817037,-62.05629771,-60.0798719,4.32756E-08
676,221,1,-96.869353,2.2283,-85.267858,251.43,125.715,20030301, 04:23:50.0000,-62.05548179,-60.07644231,-62.05506439,-60.07470415,-62.05548179,-60.07644231,5.1699E-08
676,222,1,-96.174294,2.615047,-85.646952,251.43,125.715,20030301, 04:24:50.0000,-62.05464772,-60.07295528,-62.05378105,-60.06950523,-62.05421513,-60.07124154,6.06719E-08
676,223,1,-96.125577,2.644546,-82.928768,251.43,125.715,20030301, 04:25:30.0000,-62.05336325,-60.06777195,-62.05294745,-60.06605816,-62.05336325,-60.06777195,6.13563E-08
676,224,1,-94.346218,3.983704,-82.112216,251.43,125.715,20030301, 04:26:10.0000,-62.05254745,-60.06435816,-62.05214771,-60.06265523,-62.05254745,-60.06435816,9.24262E-08
676,225,1,-91.995919,6.84411,-78.040891,251.43,125.715,20030301, 04:27:10.0000,-62.05176301,-60.06092114,-62.05096301,-60.0575378,-62.05136423,-60.0592378,1.58791E-07
676,226,1,-89.017763,13.587283,-70.816566,251.43,125.715,20030301, 04:27:50.0000,-62.05054756,-60.05582114,-62.05014634,-60.0540878,-62.05054756,-60.05582114,3.1524E-07
676,227,1,-92.276394,6.416077,-77.226643,251.43,125.715,20030301, 04:28:50.0000,-62.04972958,-60.05235292,-62.04884756,-60.04900447,-62.04929634,-60.05062114,1.4886E-07
676,228,1,-95.212832,3.263065,-80.933257,251.43,125.715,20030301, 04:29:50.0000,-62.04841301,-60.04737236,-62.04771581,-60.04404145,-62.0479975,-60.04573875,7.57066E-08
676,229,1,-95.910168,2.779023,-84.210053,251.43,125.715,20030301, 04:30:30.0000,-62.04756541,-60.04230285,-62.04741581,-60.04052479,-62.04756541,-60.04230285,6.44763E-08
676,230,1,-100.450822,0.976847,-88.696424,251.43,125.715,20030301, 04:31:30.0000,-62.04724915,-60.0387406,-62.04691542,-60.03510292,-62.04708248,-60.03692393,2.26639E-08
676,231,1,-102.593766,0.596393,-89.115024,251.43,125.715,20030301, 04:32:10.0000,-62.04673248,-60.0332906,-62.04654915,-60.03147393,-62.04673248,-60.0332906,1.3837E-08
676,232,1,-103.072271,0.534173,-91.182626,251.43,125.715,20030301, 04:33:10.0000,-62.04636533,-60.02966867,-62.04603208,-60.02606951,-62.04619915,-60.0278906,1.23934E-08
676,233,1,-102.3479,0.63113,-88.295821,251.43,125.715,20030301, 04:34:10.0000,-62.04586533,-60.02426867,-62.04551581,-60.02065726,-62.04568204,-60.02246909,1.46429E-08
676,234,1,-103.578811,0.475366,-89.212314,251.43,125.715,20030301, 04:34:50.0000,-62.04533211,-60.01883659,-62.04516534,-60.01703673,-62.04533211,-60.01883659,1.1029E-08
676,235,1,-98.963866,1.375696,-84.362994,251.43,125.715,20030301, 04:35:50.0000,-62.04498204,-60.01523706,-62.04461537,-60.01163706,-62.04479874,-60.01345285,3.19176E-08
676,236,1,-98.850383,1.412117,-82.495669,251.43,125.715,20030301, 04:36:30.0000,-62.04444867,-60.009852,-62.04426581,-60.0080406,-62.04444867,-60.009852,3.27626E-08
676,237,1,-92.403473,6.231056,-73.377553,251.43,125.715,20030301, 04:37:30.0000,-62.04408211,-60.00620325,-62.04373207,-60.00253611,-62.04391581,-60.00435726,1.44567E-07
676,238,1,-105.86321,0.280923,-92.524944,251.43,125.715,20030301, 04:38:10.0000,-62.04354906,-60.00073971,-62.04338208,-59.99893618,-62.04354906,-60.00073971,6.51773E-09
676,239,1,-103.172336,0.522006,-89.968548,251.43,125.715,20030301, 04:39:10.0000,-62.04319906,-59.99708971,-62.04286537,-59.99338576,-62.04303248,-59.9952406,1.21111E-08
676,240,1,-103.879385,0.443578,-92.648419,251.43,125.715,20030301, 04:39:50.0000,-62.04266581,-59.99155726,-62.04246545,-59.98970325,-62.04266581,-59.99155726,1.02915E-08
676,241,1,-99.24061,1.290767,-80.617478,251.43,125.715,20030301, 04:40:50.0000,-62.04226545,-59.98783659,-62.04188204,-59.98415243,-62.04208067,-59.98598533,2.99472E-08
676,242,1,-101.374257,0.789738,-86.688648,251.43,125.715,20030301, 04:41:30.0000,-62.04171545,-59.98228537,-62.04153204,-59.9804178,-62.04171545,-59.98228537,1.83228E-08
676,243,1,-101.885701,0.702003,-86.245858,251.43,125.715,20030301, 04:42:30.0000,-62.04134878,-59.97855203,-62.04101545,-59.97480325,-62.04118248,-59.97667393,1.62872E-08
676,244,1,-99.619366,1.182966,-83.517032,251.43,125.715,20030301, 04:43:10.0000,-62.04083211,-59.97293659,-62.04064871,-59.97108447,-62.04083211,-59.97293659,2.74461E-08
676,245,1,-95.530946,3.032594,-79.65384,251.43,125.715,20030301, 04:44:10.0000,-62.04046544,-59.96920319,-62.0400974,-59.96546772,-62.040282,-59.96733533,7.03595E-08
676,246,1,-92.510609,6.079223,-77.140079,251.43,125.715,20030301, 04:44:50.0000,-62.03989878,-59.96358659,-62.0396987,-59.96170236,-62.03989878,-59.96358659,1.41045E-07
676,247,1,-97.951953,1.736655,-80.314644,251.43,125.715,20030301, 04:45:50.0000,-62.03949906,-59.95982304,-62.03911573,-59.95600638,-62.0393148,-59.95793878,4.02923E-08
676,248,1,-101.173154,0.827168,-86.213183,251.43,125.715,20030301, 04:46:30.0000,-62.03893081,-59.95413485,-62.03873211,-59.95226985,-62.03893081,-59.95413485,1.91912E-08
676,249,1,-94.792322,3.594817,-76.789005,251.43,125.715,20030301, 04:47:30.0000,-62.0385324,-59.95040638,-62.03818203,-59.94665236,-62.03836541,-59.94851951,8.34036E-08
676,250,1,-104.507597,0.383839,-88.75208,251.43,125.715,20030301, 04:48:10.0000,-62.03801537,-59.94480236,-62.03781573,-59.94295632,-62.03801537,-59.94480236,8.90548E-09
676,251,1,-102.198452,0.653226,-86.700438,251.43,125.715,20030301, 04:49:10.0000,-62.03761407,-59.94110236,-62.03721479,-59.93740632,-62.0373987,-59.93925236,1.51556E-08
676,252,1,-108.006545,0.171496,-93.97954,251.43,125.715,20030301, 04:49:50.0000,-62.037,-59.93555236,-62.03683067,-59.933684,-62.037,-59.93555236,3.9789E-09
676,253,1,-102.247423,0.645902,-85.061774,251.43,125.715,20030301, 04:50:50.0000,-62.03664906,-59.93180632,-62.03626537,-59.92806902,-62.03646573,-59.92993872,1.49856E-08
676,254,1,-99.033343,1.353863,-81.541133,251.43,125.715,20030301, 04:51:30.0000,-62.03606573,-59.92620632,-62.03586533,-59.92436725,-62.03606573,-59.92620632,3.14111E-08
676,255,1,-104.620389,0.373999,-87.979862,251.43,125.715,20030301, 04:52:30.0000,-62.03566573,-59.92253966,-62.03528239,-59.91883872,-62.03546573,-59.92068966,8.67717E-09
676,256,1,-105.141632,0.3317,-93.552837,251.43,125.715,20030301, 04:53:10.0000,-62.03513239,-59.91697205,-62.03496537,-59.91508439,-62.03513239,-59.91697205,7.6958E-09
676,257,1,-83.370764,49.86921,-66.420113,251.43,125.715,20030301, 04:54:10.0000,-62.03478239,-59.91323966,-62.03436537,-59.90951772,-62.03456537,-59.91136902,1.15702E-06
676,258,1,-94.676035,3.692372,-76.176633,251.43,125.715,20030301, 04:54:50.0000,-62.03418203,-59.90763569,-62.03401537,-59.90573439,-62.03418203,-59.90763569,8.5667E-08
676,259,1,-98.016823,1.710908,-79.299107,251.43,125.715,20030301, 04:55:50.0000,-62.03383203,-59.90383569,-62.03346573,-59.90008966,-62.0336487,-59.90195236,3.96949E-08
676,260,1,-101.143172,0.832898,-85.098871,251.43,125.715,20030301, 04:56:30.0000,-62.03328239,-59.89820632,-62.03308239,-59.89633966,-62.03328239,-59.89820632,1.93241E-08
676,261,1,-103.201993,0.518453,-84.810805,251.43,125.715,20030301, 04:57:30.0000,-62.03286573,-59.89443966,-62.03244906,-59.89068966,-62.03266479,-59.89255632,1.20287E-08
676,262,1,-105.268401,0.322158,-89.808645,251.43,125.715,20030301, 04:58:10.0000,-62.03226479,-59.88880632,-62.0320824,-59.88693878,-62.03226479,-59.88880632,7.47441E-09
676,263,1,-101.914272,0.6974,-86.658336,251.43,125.715,20030301, 04:59:10.0000,-62.03191479,-59.88507299,-62.03153239,-59.88133966,-62.03171537,-59.88320236,1.61804E-08
676,264,1,-110.81757,0.089774,-94.2251,251.43,125.715,20030301, 04:59:50.0000,-62.03131522,-59.87948406,-62.03111529,-59.87765154,-62.03131522,-59.87948406,2.08286E-09
676,265,1,-94.545979,3.804617,-76.259796,251.43,125.715,20030301, 05:00:50.0000,-62.03091533,-59.87581859,-62.0305474,-59.87213439,-62.03073064,-59.87398519,8.82712E-08
676,266,1,-95.660445,2.943502,-82.10288,251.43,125.715,20030301, 05:01:30.0000,-62.0303487,-59.87025236,-62.03016573,-59.86838966,-62.0303487,-59.87025236,6.82924E-08
676,267,1,-93.093327,5.315894,-78.038656,251.43,125.715,20030301, 05:02:30.0000,-62.02996537,-59.86653439,-62.02958239,-59.86277299,-62.02976537,-59.86465236,1.23334E-07
676,268,1,-99.318875,1.267714,-84.978165,251.43,125.715,20030301, 05:03:10.0000,-62.02936525,-59.86090108,-62.02913203,-59.85905236,-62.02936525,-59.86090108,2.94123E-08
676,269,1,-76.418493,247.206376,-58.193394,251.43,125.715,20030301, 05:04:10.0000,-62.02888065,-59.85721859,-62.02841383,-59.85350108,-62.02863231,-59.85535538,5.73545E-06
676,270,1,-77.30894,201.379343,-60.057142,251.43,125.715,20030301, 05:04:50.0000,-62.02819906,-59.85163966,-62.02801573,-59.84978872,-62.02819906,-59.85163966,4.67222E-06
676,271,1,-82.076121,67.188786,-64.902364,251.43,125.715,20030301, 05:05:50.0000,-62.02784898,-59.84792109,-62.02749898,-59.84418878,-62.02766528,-59.84605146,1.55885E-06
676,272,1,-81.675331,73.684443,-65.935895,251.43,125.715,20030301, 05:06:30.0000,-62.02729898,-59.84237211,-62.02709862,-59.8405348,-62.02729898,-59.84237211,1.70956E-06
676,273,1,-97.418769,1.963505,-85.08071,251.43,125.715,20030301, 05:07:30.0000,-62.02688129,-59.83873878,-62.02644898,-59.83510544,-62.02664898,-59.83690544,4.55554E-08
676,274,1,-104.895617,0.351032,-93.2994,251.43,125.715,20030301, 05:08:10.0000,-62.02626565,-59.83328878,-62.02608192,-59.83146775,-62.02626565,-59.83328878,8.14433E-09
676,275,1,-99.142051,1.320395,-84.927916,251.43,125.715,20030301, 05:09:10.0000,-62.02588203,-59.82961895,-62.02551462,-59.82593872,-62.02569898,-59.82777211,3.06346E-08
676,276,1,-71.993959,684.719974,-59.03358,251.43,125.715,20030301, 05:09:50.0000,-62.02529862,-59.82406813,-62.02509897,-59.82223872,-62.02529862,-59.82406813,1.58862E-05
676,277,1,-95.923957,2.770214,-79.315775,251.43,125.715,20030301, 05:10:50.0000,-62.02489862,-59.82040146,-62.02451528,-59.81670146,-62.02471564,-59.81855538,6.42719E-08
676,278,1,-71.273101,808.348876,-52.838589,251.43,125.715,20030301, 05:11:50.0000,-62.02433195,-59.8148348,-62.02398057,-59.81111675,-62.02416367,-59.81296683,1.87546E-05
676,279,1,-94.305931,4.020831,-80.683514,251.43,125.715,20030301, 05:12:30.0000,-62.02378057,-59.80926813,-62.02358195,-59.80745146,-62.02378057,-59.80926813,9.32876E-08
676,280,1,-74.287521,403.791184,-58.574485,251.43,125.715,20030301, 05:13:30.0000,-62.02338231,-59.80562103,-62.02299897,-59.80193872,-62.02318231,-59.80377205,9.36839E-06
676,281,1,-95.44085,3.096164,-80.690869,251.43,125.715,20030301, 05:14:10.0000,-62.02281528,-59.80010146,-62.02263195,-59.79826675,-62.02281528,-59.80010146,7.18343E-08
676,282,1,-90.522672,9.608193,-77.056351,251.43,125.715,20030301, 05:15:10.0000,-62.02241528,-59.79641951,-62.0219639,-59.79276813,-62.02219795,-59.79460538,2.2292E-07
676,283,1,-78.836349,141.668745,-63.034341,251.43,125.715,20030301, 05:15:50.0000,-62.02171564,-59.79097205,-62.02146462,-59.78915641,-62.02171564,-59.79097205,3.28687E-06
676,284,1,-85.063498,33.772185,-68.746087,251.43,125.715,20030301, 05:16:50.0000,-62.02118049,-59.78735101,-62.02066528,-59.78370146,-62.02091521,-59.78551731,7.83551E-07
676,285,1,-94.406386,3.928894,-85.093966,251.43,125.715,20030301, 05:17:30.0000,-62.02043057,-59.78190146,-62.02018231,-59.78005538,-62.02043057,-59.78190146,9.11546E-08
676,286,1,-74.538992,381.074319,-57.207432,251.43,125.715,20030301, 05:18:30.0000,-62.01994724,-59.77821675,-62.01946521,-59.77448398,-62.01969897,-59.77633872,8.84134E-06
676,287,1,-88.349723,15.84662,-79.069772,251.43,125.715,20030301, 05:19:10.0000,-62.01923231,-59.77267211,-62.01901564,-59.77083872,-62.01923231,-59.77267211,3.67659E-07
676,288,1,-68.657004,1476.415386,-57.298794,251.43,125.715,20030301, 05:20:10.0000,-62.01879858,-59.76900101,-62.01831528,-59.76536813,-62.01856564,-59.76718872,3.42544E-05
676,289,1,-77.901036,175.713579,-70.310957,251.43,125.715,20030301, 05:20:50.0000,-62.01806564,-59.76357205,-62.01783195,-59.76175146,-62.01806564,-59.76357205,4.07674E-06
676,290,1,-78.377663,157.449993,-68.428378,251.43,125.715,20030301, 05:21:50.0000,-62.01761382,-59.75991767,-62.0171639,-59.7562848,-62.01738231,-59.75812205,3.65301E-06
676,291,1,-94.684851,3.684884,-85.882193,251.43,125.715,20030301, 05:22:30.0000,-62.01693057,-59.7544348,-62.01671524,-59.75260101,-62.01693057,-59.7544348,8.54933E-08
676,292,1,-96.641477,2.348342,-84.869972,251.43,125.715,20030301, 05:23:30.0000,-62.01649897,-59.75077205,-62.01604862,-59.7471348,-62.01628195,-59.74895146,5.44841E-08
676,293,1,-100.0347,1.075075,-90.548996,251.43,125.715,20030301, 05:24:10.0000,-62.0158139,-59.7453348,-62.01556462,-59.74350538,-62.0158139,-59.7453348,2.49429E-08
676,294,1,-95.549659,3.019556,-81.579328,251.43,125.715,20030301, 05:25:10.0000,-62.01531528,-59.7416848,-62.01486462,-59.73800538,-62.01508195,-59.73985146,7.00569E-08
676,295,1,-90.874774,8.859955,-80.36306,251.43,125.715,20030301, 05:25:50.0000,-62.01463195,-59.73613341,-62.01441564,-59.73425538,-62.01463195,-59.73613341,2.05561E-07
676,296,1,-92.493038,6.103868,-82.201113,251.43,125.715,20030301, 05:26:50.0000,-62.01419858,-59.73236767,-62.01376446,-59.72860451,-62.0139818,-59.73046642,1.41616E-07
676,297,1,-95.521809,3.038981,-86.323625,251.43,125.715,20030301, 05:27:30.0000,-62.01351446,-59.72675451,-62.01324861,-59.72488472,-62.01351446,-59.72675451,7.05076E-08
676,298,1,-96.004544,2.719284,-87.92293,251.43,125.715,20030301, 05:28:30.0000,-62.01299779,-59.72303784,-62.01251521,-59.71930065,-62.01274889,-59.72117117,6.30903E-08
676,299,1,-93.634731,4.692841,-83.014376,251.43,125.715,20030301, 05:29:10.0000,-62.01229795,-59.71743769,-62.01204854,-59.7155839,-62.01229795,-59.71743769,1.08879E-07
676,300,1,-89.700542,11.610601,-79.822834,251.43,125.715,20030301, 05:30:10.0000,-62.01179846,-59.71374822,-62.01128041,-59.7100839,-62.01154779,-59.71192117,2.69378E-07
676,301,1,-85.925146,27.694551,-77.380816,251.43,125.715,20030301, 05:30:50.0000,-62.01103187,-59.70825057,-62.01079889,-59.70640444,-62.01103187,-59.70825057,6.42543E-07
676,302,1,-85.048122,33.891964,-75.492815,251.43,125.715,20030301, 05:31:50.0000,-62.01056524,-59.70453426,-62.01008187,-59.70091724,-62.01033187,-59.70271724,7.8633E-07
676,303,1,-80.001436,108.334137,-70.971172,251.43,125.715,20030301, 05:32:30.0000,-62.00984854,-59.69910057,-62.0096152,-59.69726724,-62.00984854,-59.69910057,2.51347E-06
676,304,1,-75.995444,272.498754,-66.268959,251.43,125.715,20030301, 05:33:30.0000,-62.00938041,-59.69545057,-62.00888111,-59.69178778,-62.00913111,-59.69360444,6.32226E-06
676,305,1,-82.14626,66.112406,-75.009724,251.43,125.715,20030301, 05:34:10.0000,-62.0086318,-59.68996642,-62.00838187,-59.68815057,-62.0086318,-59.68996642,1.53388E-06
676,306,1,-75.099199,334.956985,-63.054015,251.43,125.715,20030301, 05:35:10.0000,-62.00814778,-59.68632111,-62.0076652,-59.68265057,-62.00789889,-59.68450444,7.77136E-06
676,307,1,-75.836594,282.65038,-66.145209,251.43,125.715,20030301, 05:35:50.0000,-62.00743033,-59.68081683,-62.00718222,-59.67898778,-62.00743033,-59.68081683,6.55779E-06
676,308,1,-79.124326,132.579474,-68.794955,251.43,125.715,20030301, 05:36:50.0000,-62.00693183,-59.67716675,-62.00648111,-59.67347111,-62.00669846,-59.67531642,3.07599E-06
676,309,1,-77.425855,196.030413,-68.70346,251.43,125.715,20030301, 05:37:30.0000,-62.00623187,-59.67161724,-62.00599854,-59.66976724,-62.00623187,-59.67161724,4.54812E-06
676,310,1,-76.84796,223.930351,-68.4612,251.43,125.715,20030301, 05:38:10.0000,-62.00574889,-59.66792111,-62.00549683,-59.66604925,-62.00574889,-59.66792111,5.19543E-06
676,311,1,-72.908431,554.709792,-61.402374,251.43,125.715,20030301, 05:39:10.0000,-62.00524693,-59.66420129,-62.00474698,-59.66055008,-62.00498026,-59.66236642,1.28699E-05
676,312,1,-77.796752,179.983946,-69.118691,251.43,125.715,20030301, 05:39:50.0000,-62.00449842,-59.65871592,-62.00426444,-59.65687111,-62.00449842,-59.65871592,4.17582E-06
676,313,1,-84.206018,41.144056,-75.507689,251.43,125.715,20030301, 05:40:50.0000,-62.00401508,-59.65501592,-62.00353026,-59.65133309,-62.0037652,-59.65316724,9.54586E-07
676,314,1,-84.144097,41.73489,-75.985268,251.43,125.715,20030301, 05:41:30.0000,-62.00326365,-59.64951675,-62.00299693,-59.64769976,-62.00326365,-59.64951675,9.68294E-07
676,315,1,-89.275524,12.804321,-78.128797,251.43,125.715,20030301, 05:42:30.0000,-62.00274778,-59.64588667,-62.00224846,-59.64223309,-62.00249698,-59.64405008,2.97074E-07
676,316,1,-91.517669,7.640856,-81.983754,251.43,125.715,20030301, 05:43:10.0000,-62.00201516,-59.64043342,-62.00179698,-59.63860008,-62.00201516,-59.64043342,1.77276E-07
676,317,1,-88.905398,13.943416,-79.445444,251.43,125.715,20030301, 05:44:10.0000,-62.00156374,-59.6367339,-62.00104778,-59.63307111,-62.00129707,-59.63490057,3.23502E-07
676,318,1,-91.888908,7.014845,-84.0311,251.43,125.715,20030301, 05:44:50.0000,-62.00078111,-59.63125444,-62.00051556,-59.62945444,-62.00078111,-59.63125444,1.62752E-07
676,319,1,-93.28152,5.090458,-83.413972,251.43,125.715,20030301, 05:45:50.0000,-62.00026359,-59.62761642,-61.99976556,-59.62392111,-62.00001365,-59.62578342,1.18104E-07
676,320,1,-93.133573,5.266858,-84.308919,251.43,125.715,20030301, 05:46:30.0000,-61.99949854,-59.62206724,-61.9992318,-59.62023309,-61.99949854,-59.62206724,1.22197E-07
676,321,1,-87.972002,17.286566,-71.954689,251.43,125.715,20030301, 05:47:30.0000,-61.99896513,-59.61841796,-61.99846365,-59.61471675,-61.9987152,-59.61658244,4.01067E-07
676,322,1,-89.310844,12.700607,-78.740527,251.43,125.715,20030301, 05:48:10.0000,-61.99819881,-59.61285357,-61.99793039,-59.61098382,-61.99819881,-59.61285357,2.94668E-07
676,323,1,-87.003488,21.605293,-77.318427,251.43,125.715,20030301, 05:49:10.0000,-61.99763018,-59.60914934,-61.99706365,-59.60541675,-61.99733187,-59.60728244,5.01266E-07
676,324,1,-85.735321,28.931893,-68.593355,251.43,125.715,20030301, 05:49:50.0000,-61.99679881,-59.60357024,-61.99654881,-59.6017369,-61.99679881,-59.60357024,6.71251E-07
676,325,1,-92.058968,6.745468,-81.131792,251.43,125.715,20030301, 05:50:50.0000,-61.99629853,-59.59986716,-61.99579846,-59.59613301,-61.99604706,-59.59800049,1.56502E-07
676,326,1,-97.782646,1.805695,-86.959965,251.43,125.715,20030301, 05:51:30.0000,-61.99554881,-59.59427024,-61.99529846,-59.59243301,-61.99554881,-59.59427024,4.18941E-08
676,327,1,-96.562087,2.391664,-85.394708,251.43,125.715,20030301, 05:52:30.0000,-61.99503024,-59.59059967,-61.99451427,-59.58697017,-61.99476358,-59.58878301,5.54892E-08
676,328,1,-94.633309,3.728877,-85.414189,251.43,125.715,20030301, 05:53:10.0000,-61.9942488,-59.58513684,-61.99399842,-59.58329925,-61.9942488,-59.58513684,8.6514E-08
676,329,1,-88.831314,14.183307,-79.143598,251.43,125.715,20030301, 05:54:10.0000,-61.99376547,-59.58143684,-61.99331358,-59.57776789,-61.99356547,-59.57958684,3.29068E-07
676,330,1,-94.599247,3.758238,-83.307915,251.43,125.715,20030301, 05:54:50.0000,-61.99293094,-59.57608803,-61.99239521,-59.57462376,-61.99293094,-59.57608803,8.71952E-08
676,331,1,-87.318115,20.095436,-76.991398,251.43,125.715,20030301, 05:55:50.0000,-61.9917103,-59.5733706,-61.99034333,-59.57082167,-61.99102715,-59.57208919,4.66236E-07
676,332,1,-82.280739,64.096611,-70.592608,251.43,125.715,20030301, 05:56:30.0000,-61.98964385,-59.56953924,-61.98894412,-59.5682549,-61.98964385,-59.56953924,1.48711E-06
676,333,1,-88.744691,14.469044,-80.797054,251.43,125.715,20030301, 05:57:10.0000,-61.98824231,-59.5669877,-61.98754415,-59.56570496,-61.98824231,-59.5669877,3.35697E-07
676,334,1,-86.551197,23.976693,-77.634623,251.43,125.715,20030301, 05:58:10.0000,-61.98684385,-59.5643877,-61.98544397,-59.5617531,-61.98616222,-59.56307444,5.56285E-07
676,335,1,-98.81234,1.424541,-87.221988,251.43,125.715,20030301, 05:58:50.0000,-61.98474394,-59.56040606,-61.98404521,-59.55914043,-61.98474394,-59.56040606,3.30509E-08
676,336,1,-99.622133,1.182213,-88.50732,251.43,125.715,20030301, 05:59:50.0000,-61.98336078,-59.55785637,-61.98196078,-59.5552549,-61.98266081,-59.55657163,2.74286E-08
676,337,1,-102.381716,0.626235,-92.830209,251.43,125.715,20030301, 06:00:30.0000,-61.9812619,-59.55392381,-61.98054415,-59.55260496,-61.9812619,-59.55392381,1.45293E-08
676,338,1,-99.228137,1.29448,-88.798921,251.43,125.715,20030301, 06:01:10.0000,-61.97982745,-59.55127157,-61.97910931,-59.54993971,-61.97982745,-59.55127157,3.00333E-08
676,339,1,-90.841075,8.928972,-81.420452,251.43,125.715,20030301, 06:02:10.0000,-61.97837857,-59.54864048,-61.97696078,-59.5459549,-61.9776619,-59.54730714,2.07162E-07
676,340,1,-95.838562,2.825223,-86.804434,251.43,125.715,20030301, 06:02:50.0000,-61.97624524,-59.54460714,-61.97552745,-59.54322157,-61.97624524,-59.54460714,6.55482E-08
676,341,1,-94.978831,3.443704,-85.44117,251.43,125.715,20030301, 06:03:30.0000,-61.97479412,-59.54187157,-61.97404412,-59.54058824,-61.97479412,-59.54187157,7.98977E-08
676,342,1,-90.570166,9.503692,-78.648366,251.43,125.715,20030301, 06:04:30.0000,-61.97332735,-59.53922376,-61.97189382,-59.53647098,-61.97261078,-59.5378549,2.20496E-07
676,343,1,-83.67581,46.486616,-74.764663,251.43,125.715,20030301, 06:05:10.0000,-61.97119521,-59.53512376,-61.97047697,-59.53376901,-61.97119521,-59.53512376,1.07854E-06
676,344,1,-80.337465,100.268028,-73.543409,251.43,125.715,20030301, 06:05:50.0000,-61.96974382,-59.53242098,-61.96899521,-59.53112376,-61.96974382,-59.53242098,2.32633E-06
676,345,1,-77.727245,182.887665,-71.466023,251.43,125.715,20030301, 06:06:50.0000,-61.96825894,-59.52978764,-61.96682561,-59.52713764,-61.96752715,-59.52843764,4.24319E-06
676,346,1,-80.353235,99.904596,-71.502162,251.43,125.715,20030301, 06:07:30.0000,-61.96604402,-59.52597615,-61.96520696,-59.52504029,-61.96604402,-59.52597615,2.31789E-06
676,347,1,-77.035664,214.458134,-68.184097,251.43,125.715,20030301, 06:08:10.0000,-61.96434191,-59.52412524,-61.96351068,-59.52315949,-61.96434191,-59.52412524,4.97566E-06
676,348,1,-86.87784,22.239496,-76.602385,251.43,125.715,20030301, 06:09:10.0000,-61.96265858,-59.52217201,-61.9609405,-59.52027542,-61.96180894,-59.52119073,5.1598E-07
676,349,1,-87.339248,19.99789,-77.704394,251.43,125.715,20030301, 06:09:50.0000,-61.96004402,-59.51939402,-61.95917735,-59.51849402,-61.96004402,-59.51939402,4.63973E-07
676,350,1,-86.186884,26.074774,-73.218471,251.43,125.715,20030301, 06:10:30.0000,-61.95832538,-59.51760712,-61.95749402,-59.51671068,-61.95832538,-59.51760712,6.04963E-07
676,351,1,-72.937237,551.042673,-60.748912,251.43,125.715,20030301, 06:11:30.0000,-61.95666068,-59.51577615,-61.95497524,-59.51394029,-61.95582735,-59.51484282,1.27848E-05
676,352,1,-76.880178,222.275236,-62.926169,251.43,125.715,20030301, 06:12:10.0000,-61.95410894,-59.51307561,-61.95324167,-59.51224167,-61.95410894,-59.51307561,5.15703E-06
676,353,1,-72.268525,642.771235,-60.223319,251.43,125.715,20030301, 06:12:50.0000,-61.95237407,-59.51140894,-61.95149402,-59.51054282,-61.95237407,-59.51140894,1.4913E-05
676,354,1,-72.431293,619.126793,-58.419999,251.43,125.715,20030301, 06:13:50.0000,-61.95065712,-59.50962538,-61.94896068,-59.50782615,-61.94979204,-59.50872538,1.43644E-05
676,355,1,-86.244496,25.731156,-73.236662,251.43,125.715,20030301, 06:14:30.0000,-61.94809204,-59.50690712,-61.947225,-59.50600833,-61.94809204,-59.50690712,5.96991E-07
676,356,1,-108.961224,0.137653,-93.864322,251.43,125.715,20030301, 06:15:10.0000,-61.94637735,-59.50512735,-61.94549204,-59.50424204,-61.94637735,-59.50512735,3.1937E-09
676,357,1,-93.17902,5.212031,-78.11408,251.43,125.715,20030301, 06:16:10.0000,-61.94464204,-59.50340871,-61.94294204,-59.50169045,-61.94379402,-59.50254402,1.20925E-07
676,358,1,-98.070184,1.690015,-82.040509,251.43,125.715,20030301, 06:16:50.0000,-61.94209073,-59.50080894,-61.94122504,-59.49992504,-61.94209073,-59.50080894,3.92102E-08
676,359,1,-99.048895,1.349023,-85.37687,251.43,125.715,20030301, 06:17:50.0000,-61.940375,-59.49900833,-61.93867524,-59.49719029,-61.93954228,-59.4981074,3.12988E-08
676,360,1,-101.976976,0.687403,-86.326547,251.43,125.715,20030301, 06:18:30.0000,-61.93782735,-59.49627735,-61.93695894,-59.49539228,-61.93782735,-59.49627735,1.59485E-08
676,361,1,-106.434088,0.24632,-90.680594,251.43,125.715,20030301, 06:19:10.0000,-61.93609167,-59.49450833,-61.935225,-59.49360667,-61.93609167,-59.49450833,5.7149E-09
676,362,1,-102.507644,0.608337,-88.412208,251.43,125.715,20030301, 06:20:10.0000,-61.93437362,-59.49269029,-61.93266068,-59.49084282,-61.93351068,-59.49176068,1.41141E-08
676,363,1,-106.31609,0.253105,-93.631286,251.43,125.715,20030301, 06:20:50.0000,-61.93180854,-59.48990691,-61.9309752,-59.48897358,-61.93180854,-59.48990691,5.8723E-09
676,364,1,-97.205057,2.062544,-85.793158,251.43,125.715,20030301, 06:21:30.0000,-61.93014045,-59.48802379,-61.92929187,-59.4871252,-61.93014045,-59.48802379,4.78532E-08
676,365,1,-98.114801,1.672741,-80.952966,251.43,125.715,20030301, 06:22:30.0000,-61.92844167,-59.48629167,-61.92672333,-59.48465833,-61.92757538,-59.48545871,3.88094E-08
676,366,1,-94.582629,3.772646,-76.658135,251.43,125.715,20030301, 06:23:10.0000,-61.92584187,-59.48379187,-61.92495891,-59.48294224,-61.92584187,-59.48379187,8.75295E-08
676,367,1,-94.420373,3.916261,-76.851985,251.43,125.715,20030301, 06:23:50.0000,-61.92409187,-59.48205854,-61.923225,-59.481175,-61.92409187,-59.48205854,9.08615E-08
676,368,1,-100.537098,0.957633,-87.88793,251.43,125.715,20030301, 06:24:50.0000,-61.92235712,-59.48029204,-61.92059187,-59.47855854,-61.92147538,-59.47940871,2.22181E-08
676,369,1,-100.954839,0.869811,-84.072626,251.43,125.715,20030301, 06:25:30.0000,-61.91972538,-59.47769204,-61.91885871,-59.47684363,-61.91972538,-59.47769204,2.01806E-08
676,370,1,-98.988309,1.367975,-85.469363,251.43,125.715,20030301, 06:26:10.0000,-61.91799231,-59.47600897,-61.91710667,-59.47515833,-61.91799231,-59.47600897,3.17385E-08
676,371,1,-100.712394,0.91975,-88.81035,251.43,125.715,20030301, 06:27:10.0000,-61.91619187,-59.47429187,-61.914425,-59.47254167,-61.91530854,-59.47340854,2.13392E-08
676,372,1,-102.823987,0.565601,-89.611085,251.43,125.715,20030301, 06:27:50.0000,-61.91355667,-59.47170833,-61.91267333,-59.47084167,-61.91355667,-59.47170833,1.31226E-08
676,373,1,-101.44321,0.777299,-88.174272,251.43,125.715,20030301, 06:28:30.0000,-61.911775,-59.470025,-61.91087692,-59.46926026,-61.911775,-59.470025,1.80342E-08
676,374,1,-93.969034,4.345157,-75.92489,251.43,125.715,20030301, 06:29:10.0000,-61.9099752,-59.46854187,-61.90905662,-59.46782496,-61.9099752,-59.46854187,1.00812E-07
676,375,1,-100.7952,0.902379,-83.721217,251.43,125.715,20030301, 06:30:10.0000,-61.90812358,-59.4670935,-61.90629167,-59.46554333,-61.90721026,-59.46634487,2.09362E-08
676,376,1,-103.007202,0.542237,-87.867871,251.43,125.715,20030301, 06:30:50.0000,-61.9053752,-59.4647435,-61.90447314,-59.4639915,-61.9053752,-59.4647435,1.25805E-08
676,377,1,-101.855231,0.706945,-91.40359,251.43,125.715,20030301, 06:31:30.0000,-61.903575,-59.46322667,-61.90267496,-59.46245829,-61.903575,-59.46322667,1.64019E-08
676,378,1,-105.224522,0.325429,-90.365526,251.43,125.715,20030301, 06:32:30.0000,-61.90177564,-59.46171154,-61.89999125,-59.460243,-61.90087692,-59.46097692,7.55031E-09
676,379,1,-105.507723,0.304885,-92.723701,251.43,125.715,20030301, 06:33:10.0000,-61.8990915,-59.4595432,-61.89820662,-59.45880997,-61.8990915,-59.4595432,7.07367E-09
676,380,1,-100.342123,1.001605,-86.91666,251.43,125.715,20030301, 06:33:50.0000,-61.89730647,-59.45805817,-61.89640647,-59.4572932,-61.89730647,-59.45805817,2.32383E-08
676,381,1,-99.236873,1.291878,-79.649718,251.43,125.715,20030301, 06:34:50.0000,-61.89549359,-59.45654359,-61.89372314,-59.45502484,-61.89460829,-59.45577663,2.9973E-08
676,382,1,-104.68362,0.368593,-88.712558,251.43,125.715,20030301, 06:35:30.0000,-61.89281026,-59.45429487,-61.89192283,-59.45354125,-61.89281026,-59.45429487,8.55175E-09
676,383,1,-102.040063,0.67749,-86.809623,251.43,125.715,20030301, 06:36:10.0000,-61.89102314,-59.45280987,-61.89012496,-59.45207496,-61.89102314,-59.45280987,1.57185E-08
676,384,1,-103.099191,0.530872,-91.416472,251.43,125.715,20030301, 06:37:10.0000,-61.88924187,-59.4512752,-61.88745691,-59.44965854,-61.88835796,-59.45045796,1.23168E-08
676,385,1,-101.993793,0.684746,-88.804676,251.43,125.715,20030301, 06:37:50.0000,-61.88655792,-59.44885792,-61.88567314,-59.4480415,-61.88655792,-59.44885792,1.58869E-08
676,386,1,-101.063708,0.848278,-88.504197,251.43,125.715,20030301, 06:38:30.0000,-61.88477328,-59.44722496,-61.88387314,-59.44647654,-61.88477328,-59.44722496,1.9681E-08
676,387,1,-93.046986,5.372919,-75.103047,251.43,125.715,20030301, 06:39:30.0000,-61.88299129,-59.44575796,-61.88122458,-59.44422458,-61.88210617,-59.444993,1.24658E-07
676,388,1,-104.904006,0.350355,-88.295196,251.43,125.715,20030301, 06:40:10.0000,-61.88034129,-59.44342463,-61.87945891,-59.44264224,-61.88034129,-59.44342463,8.12861E-09
676,389,1,-100.597048,0.944505,-85.80732,251.43,125.715,20030301, 06:40:50.0000,-61.8785915,-59.44187484,-61.87770647,-59.4410915,-61.8785915,-59.44187484,2.19135E-08
676,390,1,-97.158109,2.084962,-82.534649,251.43,125.715,20030301, 06:41:50.0000,-61.87682692,-59.44032692,-61.87505796,-59.43877463,-61.87594187,-59.43954187,4.83734E-08
676,391,1,-93.627358,4.700815,-80.977059,251.43,125.715,20030301, 06:42:30.0000,-61.87417496,-59.43800997,-61.87329183,-59.43727516,-61.87417496,-59.43800997,1.09064E-07
676,392,1,-94.943551,3.471793,-81.270517,251.43,125.715,20030301, 06:43:10.0000,-61.87242458,-59.43652458,-61.87155617,-59.43572633,-61.87242458,-59.43652458,8.05493E-08
676,393,1,-95.331572,3.175058,-82.230274,251.43,125.715,20030301, 06:44:10.0000,-61.87067283,-59.43494125,-61.86892496,-59.4333933,-61.86979125,-59.43415792,7.36648E-08
676,394,1,-96.990151,2.167174,-84.082021,251.43,125.715,20030301, 06:44:50.0000,-61.86805617,-59.43259125,-61.86717458,-59.43179125,-61.86805617,-59.43259125,5.02808E-08
676,395,1,-91.95991,6.901094,-74.564677,251.43,125.715,20030301, 06:45:30.0000,-61.86628995,-59.43095997,-61.86540813,-59.43019317,-61.86628995,-59.43095997,1.60113E-07
676,396,1,-96.679292,2.327983,-82.889402,251.43,125.715,20030301, 06:46:30.0000,-61.86452653,-59.42940986,-61.86274125,-59.42782458,-61.86363976,-59.42860984,5.40117E-08
676,397,1,-97.478058,1.936882,-88.014232,251.43,125.715,20030301, 06:47:10.0000,-61.86184316,-59.42704316,-61.86095792,-59.42622458,-61.86184316,-59.42704316,4.49378E-08
676,398,1,-96.435899,2.462175,-82.495868,251.43,125.715,20030301, 06:47:50.0000,-61.86007458,-59.42540617,-61.85925967,-59.42436933,-61.86007458,-59.42540617,5.71251E-08
676,399,1,-95.093267,3.354148,-81.647394,251.43,125.715,20030301, 06:48:50.0000,-61.85855967,-59.42305267,-61.85737799,-59.41994887,-61.85795984,-59.42153293,7.78199E-08
676,400,1,-93.865814,4.449668,-84.791837,251.43,125.715,20030301, 06:49:30.0000,-61.85679472,-59.41833241,-61.8561945,-59.41669833,-61.85679472,-59.41833241,1.03237E-07
676,401,1,-93.18902,5.200043,-79.118266,251.43,125.715,20030301, 06:50:10.0000,-61.85559453,-59.41506966,-61.854993,-59.41344917,-61.85559453,-59.41506966,1.20647E-07
676,402,1,-94.291284,4.034414,-82.28327,251.43,125.715,20030301, 06:51:10.0000,-61.8543927,-59.41183358,-61.85319472,-59.40863241,-61.85380955,-59.41024887,9.36028E-08
676,403,1,-93.227729,5.1539,-80.673366,251.43,125.715,20030301, 06:51:50.0000,-61.85261117,-59.406965,-61.85212983,-59.40516408,-61.85261117,-59.406965,1.19576E-07
676,404,1,-92.094953,6.689807,-79.624797,251.43,125.715,20030301, 06:52:30.0000,-61.85176393,-59.40325162,-61.85142992,-59.40127951,-61.85176393,-59.40325162,1.55211E-07
676,405,1,-92.646718,5.891653,-77.67298,251.43,125.715,20030301, 06:53:30.0000,-61.85112977,-59.39929531,-61.85052977,-59.39527864,-61.85082982,-59.39729556,1.36693E-07
676,406,1,-93.970165,4.344026,-82.310214,251.43,125.715,20030301, 06:54:10.0000,-61.8502306,-59.39326692,-61.84991315,-59.39124556,-61.8502306,-59.39326692,1.00786E-07
676,407,1,-93.455874,4.890142,-80.423075,251.43,125.715,20030301, 06:54:50.0000,-61.84959822,-59.38922686,-61.84929729,-59.38721709,-61.84959822,-59.38922686,1.13457E-07
676,408,1,-93.463877,4.881139,-81.128574,251.43,125.715,20030301, 06:55:30.0000,-61.84899648,-59.38521223,-61.84869648,-59.38322889,-61.84899648,-59.38521223,1.13248E-07
676,409,1,-94.80819,3.581706,-79.702866,251.43,125.715,20030301, 06:56:30.0000,-61.84839822,-59.38124531,-61.84784824,-59.37717889,-61.84814726,-59.37921692,8.30994E-08
676,410,1,-95.374233,3.144022,-80.162409,251.43,125.715,20030301, 06:57:10.0000,-61.84754635,-59.37514478,-61.84722982,-59.37311223,-61.84754635,-59.37514478,7.29447E-08
676,411,1,-92.842947,5.631372,-78.065911,251.43,125.715,20030301, 06:57:50.0000,-61.84691315,-59.37111223,-61.84659635,-59.36909478,-61.84691315,-59.37111223,1.30654E-07
676,412,1,-96.84773,2.239422,-82.181762,251.43,125.715,20030301, 06:58:30.0000,-61.84627982,-59.36711399,-61.84599822,-59.36512864,-61.84627982,-59.36711399,5.1957E-08
676,413,1,-93.902593,4.412144,-79.823324,251.43,125.715,20030301, 06:59:30.0000,-61.8458153,-59.36310026,-61.8457,-59.35899353,-61.84575,-59.36104618,1.02367E-07
676,414,1,-93.354314,5.005847,-78.588456,251.43,125.715,20030301, 07:00:10.0000,-61.84566667,-59.35689447,-61.84561491,-59.35476223,-61.84566667,-59.35689447,1.16141E-07
676,415,1,-96.799397,2.264484,-84.401031,251.43,125.715,20030301, 07:00:50.0000,-61.84555,-59.35267686,-61.84551667,-59.35058359,-61.84555,-59.35267686,5.25385E-08
676,416,1,-83.465145,48.797148,-63.844354,251.43,125.715,20030301, 07:01:30.0000,-61.84546667,-59.34851047,-61.84543333,-59.34642864,-61.84546667,-59.34851047,1.13215E-06
676,417,1,-100.493416,0.967314,-88.258065,251.43,125.715,20030301, 07:02:30.0000,-61.84538333,-59.34436692,-61.8453,-59.34021114,-61.84535,-59.34227714,2.24427E-08
676,418,1,-103.761069,0.455829,-89.274298,251.43,125.715,20030301, 07:03:10.0000,-61.84526667,-59.33812951,-61.84521667,-59.33611285,-61.84526667,-59.33812951,1.05757E-08
676,419,1,-101.487777,0.769363,-91.284495,251.43,125.715,20030301, 07:03:50.0000,-61.84516667,-59.33411285,-61.84513189,-59.33209787,-61.84516667,-59.33411285,1.78501E-08
676,420,1,-98.767285,1.439396,-85.8451,251.43,125.715,20030301, 07:04:50.0000,-61.84506667,-59.33006223,-61.84498333,-59.3259512,-61.84503147,-59.32800914,3.33956E-08
676,421,1,-99.553714,1.200985,-86.146718,251.43,125.715,20030301, 07:05:30.0000,-61.84493333,-59.32391743,-61.84491667,-59.32191599,-61.84493333,-59.32391743,2.78642E-08
676,422,1,-70.964897,867.799117,-51.289887,251.43,125.715,20030301, 07:06:10.0000,-61.84488333,-59.31988265,-61.84483333,-59.31782714,-61.84488333,-59.31988265,2.01339E-05
676,423,1,-76.529198,240.9845,-54.972733,251.43,125.715,20030301, 07:07:10.0000,-61.8448,-59.31577854,-61.84471522,-59.31164787,-61.84476667,-59.3137277,5.5911E-06
676,424,1,-70.257049,1021.419297,-50.941242,251.43,125.715,20030301, 07:07:50.0000,-61.84465,-59.30956187,-61.84459863,-59.30751684,-61.84465,-59.30956187,2.3698E-05
676,425,1,-78.960058,137.690239,-59.198335,251.43,125.715,20030301, 07:08:30.0000,-61.84453333,-59.3054659,-61.84449821,-59.3033952,-61.84453333,-59.3054659,3.19456E-06
676,426,1,-74.063531,425.163392,-54.268969,251.43,125.715,20030301, 07:09:10.0000,-61.84448333,-59.30134778,-61.84446667,-59.299278,-61.84448333,-59.30134778,9.86425E-06
676,427,1,-96.576811,2.38357,-85.703455,251.43,125.715,20030301, 07:10:10.0000,-61.84443154,-59.29722675,-61.84431667,-59.29311187,-61.84438333,-59.29518111,5.53014E-08
676,428,1,-97.885892,1.763274,-87.064545,251.43,125.715,20030301, 07:10:50.0000,-61.84426667,-59.29107767,-61.84421667,-59.2890659,-61.84426667,-59.29107767,4.09099E-08
676,429,1,-95.246701,3.237717,-79.43242,251.43,125.715,20030301, 07:11:30.0000,-61.84418333,-59.28704467,-61.84413333,-59.28502854,-61.84418333,-59.28704467,7.51185E-08
676,430,1,-98.437467,1.552967,-86.342742,251.43,125.715,20030301, 07:12:30.0000,-61.8441,-59.28301187,-61.84408333,-59.27901187,-61.84409855,-59.2810159,3.60305E-08
676,431,1,-98.211512,1.635904,-88.654023,251.43,125.715,20030301, 07:13:10.0000,-61.8441,-59.27701187,-61.84408333,-59.2750159,-61.8441,-59.27701187,3.79547E-08
676,432,1,-100.351931,0.999346,-90.020909,251.43,125.715,20030301, 07:13:50.0000,-61.84406667,-59.27299434,-61.84406667,-59.27096187,-61.84406667,-59.27299434,2.31859E-08
676,433,1,-101.21071,0.820045,-89.971256,251.43,125.715,20030301, 07:14:50.0000,-61.84405,-59.26892854,-61.84405,-59.2648952,-61.84405,-59.266911,1.90259E-08
676,434,1,-98.518096,1.524401,-88.333098,251.43,125.715,20030301, 07:15:30.0000,-61.84405,-59.26287605,-61.84401667,-59.26084434,-61.84405,-59.26287605,3.53678E-08
676,435,1,-96.370136,2.499743,-85.855371,251.43,125.715,20030301, 07:16:30.0000,-61.84401667,-59.2588159,-61.84403333,-59.254811,-61.84401667,-59.25679923,5.79967E-08
676,436,1,-97.285592,2.024649,-86.689938,251.43,125.715,20030301, 07:17:10.0000,-61.84405,-59.25283402,-61.8441,-59.25088316,-61.84405,-59.25283402,4.6974E-08
676,437,1,-101.676311,0.736678,-90.83736,251.43,125.715,20030301, 07:17:50.0000,-61.84411667,-59.2489461,-61.84413333,-59.24703308,-61.84411667,-59.2489461,1.70917E-08
676,438,1,-71.702416,732.263332,-53.451173,251.43,125.715,20030301, 07:18:50.0000,-61.84413333,-59.2450961,-61.84411667,-59.2411659,-61.84413333,-59.24313033,1.69893E-05
676,439,1,-70.450628,976.891128,-55.703135,251.43,125.715,20030301, 07:19:30.0000,-61.84413333,-59.23917789,-61.84413333,-59.23717767,-61.84413333,-59.23917789,2.26649E-05
676,440,1,-97.033137,2.14583,-84.87239,251.43,125.715,20030301, 07:20:30.0000,-61.84413333,-59.23518256,-61.84416667,-59.23117767,-61.84416667,-59.23318256,4.97856E-08
676,441,1,-95.346861,3.1639,-82.832468,251.43,125.715,20030301, 07:21:10.0000,-61.8442,-59.22917854,-61.84421667,-59.22719923,-61.8442,-59.22917854,7.34059E-08
676,442,1,-97.80226,1.797558,-87.202404,251.43,125.715,20030301, 07:21:50.0000,-61.84423333,-59.225211,-61.84426667,-59.22319923,-61.84423333,-59.225211,4.17053E-08
676,443,1,-70.300224,1011.31513,-54.178167,251.43,125.715,20030301, 07:22:50.0000,-61.84428333,-59.2212165,-61.84433333,-59.21729434,-61.8443,-59.21924923,2.34636E-05
676,444,1,-94.006426,4.307907,-79.429282,251.43,125.715,20030301, 07:23:30.0000,-61.84433142,-59.21534558,-61.84431667,-59.2134159,-61.84433142,-59.21534558,9.99481E-08
676,445,1,-94.736371,3.641429,-82.262322,251.43,125.715,20030301, 07:24:30.0000,-61.84431667,-59.21146003,-61.84433333,-59.2076159,-61.84431821,-59.20954821,8.44851E-08
676,446,1,-94.802914,3.586059,-81.62401,251.43,125.715,20030301, 07:25:10.0000,-61.84433333,-59.20566176,-61.84435,-59.20372688,-61.84433333,-59.20566176,8.32004E-08
676,447,1,-96.886252,2.219646,-86.544856,251.43,125.715,20030301, 07:26:10.0000,-61.84438333,-59.2017961,-61.84441667,-59.19797756,-61.8444,-59.19988308,5.14982E-08
676,448,1,-93.336415,5.02652,-83.470382,251.43,125.715,20030301, 07:26:50.0000,-61.84441667,-59.19606487,-61.84441667,-59.19411641,-61.84441667,-59.19606487,1.16621E-07
676,449,1,-90.442531,9.78714,-80.395908,251.43,125.715,20030301, 07:27:30.0000,-61.84443141,-59.19219548,-61.84441667,-59.19027756,-61.84443141,-59.19219548,2.27072E-07
676,450,1,-91.440971,7.776995,-81.303282,251.43,125.715,20030301, 07:28:30.0000,-61.84443333,-59.18834337,-61.84441861,-59.18449337,-61.84441667,-59.18642881,1.80435E-07
676,451,1,-91.520383,7.636083,-81.311738,251.43,125.715,20030301, 07:29:10.0000,-61.84445,-59.18258154,-61.84445,-59.18064423,-61.84445,-59.18258154,1.77165E-07
676,452,1,-88.493938,15.329047,-76.917891,251.43,125.715,20030301, 07:30:10.0000,-61.84443333,-59.17871197,-61.8444,-59.1748961,-61.84441667,-59.17681641,3.5565E-07
676,453,1,-89.202989,13.01997,-76.977315,251.43,125.715,20030301, 07:30:50.0000,-61.84441513,-59.17301641,-61.84438333,-59.17113308,-61.84441513,-59.17301641,3.02077E-07
676,454,1,-94.549374,3.801645,-84.071607,251.43,125.715,20030301, 07:31:50.0000,-61.84438333,-59.1692461,-61.84436667,-59.16546641,-61.84438333,-59.16734531,8.82023E-08
676,455,1,-99.694196,1.162758,-88.743375,251.43,125.715,20030301, 07:32:30.0000,-61.84436667,-59.16356487,-61.844348,-59.161628,-61.84436667,-59.16356487,2.69772E-08
676,456,1,-97.082325,2.121663,-86.530067,251.43,125.715,20030301, 07:33:30.0000,-61.84433333,-59.15971556,-61.84433333,-59.15588061,-61.84433333,-59.15779412,4.92249E-08
676,457,1,-91.550358,7.583559,-81.792201,251.43,125.715,20030301, 07:34:10.0000,-61.84433172,-59.15394889,-61.84433333,-59.15204889,-61.84433172,-59.15394889,1.75947E-07
676,458,1,-84.450484,38.892021,-71.881764,251.43,125.715,20030301, 07:35:10.0000,-61.84433145,-59.15012933,-61.8443,-59.14628223,-61.84431667,-59.148196,9.02337E-07
676,459,1,-89.731612,11.527835,-80.458825,251.43,125.715,20030301, 07:35:50.0000,-61.84428333,-59.14434325,-61.84428333,-59.1423961,-61.84428333,-59.14434325,2.67458E-07
676,460,1,-96.531086,2.408798,-85.974929,251.43,125.715,20030301, 07:36:50.0000,-61.84428333,-59.14046266,-61.8443,-59.13662933,-61.84428333,-59.1385452,5.58867E-08
676,461,1,-85.994981,27.252783,-76.784101,251.43,125.715,20030301, 07:37:30.0000,-61.84428333,-59.13470921,-61.84425,-59.13277573,-61.84428333,-59.13470921,6.32294E-07
676,462,1,-87.595153,18.853571,-76.409181,251.43,125.715,20030301, 07:38:30.0000,-61.84423333,-59.13084423,-61.84423133,-59.126978,-61.84423138,-59.12890992,4.37423E-07
676,463,1,-66.93417,2195.29009,-52.842023,251.43,125.715,20030301, 07:39:10.0000,-61.84421667,-59.12506187,-61.84423333,-59.12317659,-61.84421667,-59.12506187,5.09331E-05
676,464,1,-74.245794,407.689475,-57.266661,251.43,125.715,20030301, 07:40:10.0000,-61.84426667,-59.1212767,-61.84428333,-59.11741214,-61.84426667,-59.11934718,9.45884E-06
676,465,1,-98.771466,1.438011,-88.509375,251.43,125.715,20030301, 07:40:50.0000,-61.84428333,-59.1154952,-61.84428333,-59.11356089,-61.84428333,-59.1154952,3.33634E-08
676,466,1,-93.680717,4.643413,-82.077064,251.43,125.715,20030301, 07:41:30.0000,-61.84426667,-59.1116101,-61.84428333,-59.10969442,-61.84426667,-59.1116101,1.07732E-07
676,467,1,-85.534496,30.301167,-73.954913,251.43,125.715,20030301, 07:42:30.0000,-61.8443,-59.10776395,-61.84435,-59.10387775,-61.84433333,-59.10581478,7.0302E-07
676,468,1,-84.960756,34.580666,-74.462864,251.43,125.715,20030301, 07:43:10.0000,-61.84435,-59.10196385,-61.84435,-59.10004267,-61.84435,-59.10196385,8.02309E-07
676,469,1,-96.915459,2.204769,-82.527218,251.43,125.715,20030301, 07:44:10.0000,-61.84436667,-59.09812775,-61.84435,-59.09427943,-61.84436667,-59.09623051,5.1153E-08
676,470,1,-103.275766,0.509721,-89.90874,251.43,125.715,20030301, 07:44:50.0000,-61.84433333,-59.09232775,-61.84433333,-59.09041395,-61.84433333,-59.09232775,1.18261E-08
676,471,1,-101.191044,0.823767,-85.912644,251.43,125.715,20030301, 07:45:50.0000,-61.84435,-59.0884787,-61.84436667,-59.08464718,-61.84435,-59.08657745,1.91123E-08
676,472,1,-102.78525,0.570668,-90.508374,251.43,125.715,20030301, 07:46:30.0000,-61.84438333,-59.08274325,-61.8444,-59.08084239,-61.84438333,-59.08274325,1.32401E-08
676,473,1,-103.565802,0.476792,-89.790364,251.43,125.715,20030301, 07:47:30.0000,-61.8444,-59.07891187,-61.84438333,-59.07511385,-61.8444,-59.07700921,1.10621E-08
676,474,1,-102.238408,0.647244,-89.017278,251.43,125.715,20030301, 07:48:10.0000,-61.84435,-59.07319325,-61.84431667,-59.07127659,-61.84435,-59.07319325,1.50168E-08
676,475,1,-96.829364,2.248912,-86.578701,251.43,125.715,20030301, 07:49:10.0000,-61.8443,-59.06935992,-61.84428333,-59.06549456,-61.84428333,-59.06743051,5.21772E-08
676,476,1,-90.236015,10.263782,-79.969863,251.43,125.715,20030301, 07:49:50.0000,-61.84428541,-59.06355846,-61.84428333,-59.06161187,-61.84428541,-59.06355846,2.38131E-07
676,477,1,-88.697543,14.626979,-72.324845,251.43,125.715,20030301, 07:50:50.0000,-61.84428333,-59.0596952,-61.84425,-59.05587659,-61.84426667,-59.05777775,3.39362E-07
676,478,1,-83.99073,43.235049,-69.911513,251.43,125.715,20030301, 07:51:30.0000,-61.84426466,-59.05394255,-61.84425,-59.05201187,-61.84426466,-59.05394255,1.0031E-06
676,479,1,-94.581594,3.773545,-84.775851,251.43,125.715,20030301, 07:52:10.0000,-61.84423333,-59.05009718,-61.8442,-59.04812659,-61.84423333,-59.05009718,8.75503E-08
676,480,1,-87.454154,19.475722,-75.650655,251.43,125.715,20030301, 07:53:10.0000,-61.8442,-59.04617775,-61.84416472,-59.0422952,-61.84418333,-59.04426385,4.51858E-07
676,481,1,-94.010221,4.304144,-85.071652,251.43,125.715,20030301, 07:53:50.0000,-61.84413333,-59.04034325,-61.84411667,-59.0383952,-61.84413333,-59.04034325,9.98608E-08
676,482,1,-92.07984,6.713128,-79.828042,251.43,125.715,20030301, 07:54:50.0000,-61.84410162,-59.03643214,-61.8441,-59.03253051,-61.84411667,-59.034476,1.55752E-07
676,483,1,-88.846227,14.134687,-77.420273,251.43,125.715,20030301, 07:55:30.0000,-61.84408333,-59.03057843,-61.84405,-59.02862659,-61.84408333,-59.03057843,3.2794E-07
676,484,1,-84.114154,42.023627,-63.335062,251.43,125.715,20030301, 07:56:30.0000,-61.84403333,-59.02667659,-61.84403333,-59.02281463,-61.84403333,-59.02472789,9.74993E-07
676,485,1,-111.607022,0.074853,-94.750073,251.43,125.715,20030301, 07:57:10.0000,-61.84403137,-59.0209098,-61.844,-59.01899375,-61.84403137,-59.0209098,1.73666E-09
676,486,1,-113.119738,0.052837,-93.764432,251.43,125.715,20030301, 07:58:10.0000,-61.844,-59.01711098,-61.84396667,-59.01334796,-61.84398333,-59.01524796,1.22587E-09
676,487,1,-95.932307,2.764892,-81.077924,251.43,125.715,20030301, 07:58:50.0000,-61.84395,-59.01146098,-61.84394829,-59.00959786,-61.84395,-59.01146098,6.41485E-08
676,488,1,-93.256084,5.12036,-79.318733,251.43,125.715,20030301, 07:59:50.0000,-61.84391667,-59.00776098,-61.84386667,-59.00406293,-61.8439,-59.00591098,1.18798E-07
676,489,1,-98.7261,1.453111,-84.319699,251.43,125.715,20030301, 08:00:30.0000,-61.84385,-59.0022312,-61.84385,-59.00037764,-61.84385,-59.0022312,3.37138E-08
676,490,1,-102.559408,0.60113,-86.379631,251.43,125.715,20030301, 08:01:30.0000,-61.84381667,-58.99852764,-61.84376667,-58.99482686,-61.84378333,-58.99667708,1.39469E-08
676,491,1,-110.420683,0.098365,-95.110233,251.43,125.715,20030301, 08:02:10.0000,-61.84373162,-58.9929812,-61.84368333,-58.99114526,-61.84373162,-58.9929812,2.28217E-09
676,492,1,-107.066681,0.212932,-94.026923,251.43,125.715,20030301, 08:03:10.0000,-61.84365,-58.98929431,-61.84358333,-58.98560894,-61.84361667,-58.98746453,4.94025E-09
676,493,1,-111.724948,0.072847,-97.67847,251.43,125.715,20030301, 08:04:10.0000,-61.84353333,-58.98379786,-61.84316404,-58.98028684,-61.84341325,-58.98201624,1.69014E-09
676,494,1,-112.160789,0.065892,-95.146296,251.43,125.715,20030301, 08:04:50.0000,-61.84287917,-58.97852917,-61.84262991,-58.97678291,-61.84287917,-58.97852917,1.52876E-09
676,495,1,-85.124023,33.304788,-64.071044,251.43,125.715,20030301, 08:05:50.0000,-61.8423975,-58.97500292,-61.84193208,-58.9713875,-61.84214875,-58.97320292,7.72707E-07
676,496,1,-94.045825,4.269003,-80.496006,251.43,125.715,20030301, 08:06:30.0000,-61.84171504,-58.96959878,-61.84151542,-58.96778625,-61.84171504,-58.96959878,9.90455E-08
676,497,1,-104.029961,0.428462,-90.515203,251.43,125.715,20030301, 08:07:30.0000,-61.84131417,-58.96596958,-61.84088083,-58.96238625,-61.8410975,-58.96418625,9.94079E-09
676,498,1,-100.089675,1.061552,-80.370137,251.43,125.715,20030301, 08:08:10.0000,-61.84064875,-58.96062083,-61.84039875,-58.95886958,-61.84064875,-58.96062083,2.46292E-08
676,499,1,-123.034376,0.005389,-106.733992,251.43,125.715,20030301, 08:09:10.0000,-61.84016542,-58.95706958,-61.83969875,-58.953485,-61.8399475,-58.95528625,1.2502E-10
676,500,1,-120.311973,0.010086,-103.393541,251.43,125.715,20030301, 08:09:50.0000,-61.83946417,-58.9516875,-61.83923208,-58.94993625,-61.83946417,-58.9516875,2.34E-10
676,501,1,-114.47296,0.038691,-100.000941,251.43,125.715,20030301, 08:10:50.0000,-61.83901417,-58.9481875,-61.83858208,-58.94468625,-61.83879875,-58.9464375,8.9768E-10
676,502,1,-96.016531,2.711789,-74.505777,251.43,125.715,20030301, 08:11:50.0000,-61.83836417,-58.94290292,-61.83791542,-58.93943625,-61.83813208,-58.94117083,6.29164E-08
676,503,1,-122.318603,0.006354,-103.658936,251.43,125.715,20030301, 08:12:30.0000,-61.83771542,-58.9376875,-61.83749875,-58.93596958,-61.83771542,-58.9376875,1.4742E-10
676,504,1,-116.728096,0.02302,-98.376798,251.43,125.715,20030301, 08:13:30.0000,-61.83729875,-58.93425417,-61.83683208,-58.93080292,-61.83706417,-58.93252083,5.3408E-10
676,505,1,-113.837681,0.044786,-96.997563,251.43,125.715,20030301, 08:14:30.0000,-61.83663083,-58.92906958,-61.83624875,-58.92555417,-61.83643208,-58.92732083,1.03908E-09
676,506,1,-110.360367,0.099741,-95.42399,251.43,125.715,20030301, 08:15:10.0000,-61.83603208,-58.92380292,-61.83583208,-58.92206958,-61.83603208,-58.92380292,2.31409E-09
676,507,1,-119.572388,0.011958,-98.982417,251.43,125.715,20030301, 08:16:10.0000,-61.83563208,-58.92035417,-61.8351975,-58.91686958,-61.83539871,-58.91861916,2.7745E-10
676,508,1,-120.947882,0.008712,-101.923453,251.43,125.715,20030301, 08:17:10.0000,-61.83496417,-58.91513625,-61.83449875,-58.91161958,-61.83473208,-58.9133875,2.0213E-10
676,509,1,-118.418096,0.015599,-103.733456,251.43,125.715,20030301, 08:17:50.0000,-61.83428208,-58.90985292,-61.83406417,-58.90806958,-61.83428208,-58.90985292,3.6192E-10
676,510,1,-115.103443,0.033463,-101.145457,251.43,125.715,20030301, 08:18:50.0000,-61.83386542,-58.9062875,-61.83349871,-58.90276916,-61.83368208,-58.90453625,7.7638E-10
676,511,1,-111.269393,0.080904,-96.000481,251.43,125.715,20030301, 08:19:30.0000,-61.83333068,-58.90101874,-61.833132,-58.89926867,-61.83333068,-58.90101874,1.87706E-09
676,512,1,-110.923551,0.08761,-95.021676,251.43,125.715,20030301, 08:20:30.0000,-61.832932,-58.89753533,-61.83249867,-58.89407,-61.83273067,-58.89580333,2.03265E-09
676,513,1,-115.490419,0.03061,-97.832667,251.43,125.715,20030301, 08:21:30.0000,-61.83229867,-58.89232,-61.83191533,-58.88883533,-61.83209867,-58.89058533,7.1019E-10
676,514,1,-110.816523,0.089796,-97.537111,251.43,125.715,20030301, 08:22:10.0000,-61.83171393,-58.88710162,-61.83148163,-58.88536626,-61.83171393,-58.88710162,2.08336E-09
676,515,1,-117.538095,0.019103,-100.74234,251.43,125.715,20030301, 08:23:10.0000,-61.83123163,-58.88363293,-61.83079733,-58.88013533,-61.83101533,-58.881902,4.4321E-10
676,516,1,-116.389734,0.024885,-100.051563,251.43,125.715,20030301, 08:24:10.0000,-61.83056533,-58.87838667,-61.83016533,-58.87492,-61.83036533,-58.87666867,5.7736E-10
676,517,1,-91.436628,7.784776,-72.587713,251.43,125.715,20030301, 08:24:50.0000,-61.82994867,-58.87318533,-61.82974867,-58.87143667,-61.82994867,-58.87318533,1.80615E-07
676,518,1,-111.425953,0.078039,-98.395822,251.43,125.715,20030301, 08:25:50.0000,-61.82954867,-58.869702,-61.82914867,-58.86625333,-61.82934867,-58.867952,1.8106E-09
676,519,1,-114.577419,0.037772,-99.229338,251.43,125.715,20030301, 08:26:30.0000,-61.828932,-58.86453667,-61.82869867,-58.86282,-61.828932,-58.86453667,8.7635E-10
676,520,1,-100.896867,0.8815,-79.933393,251.43,125.715,20030301, 08:27:30.0000,-61.82846533,-58.86110333,-61.82801533,-58.85763533,-61.828232,-58.85937,2.04518E-08
676,521,1,-107.220877,0.205504,-96.039468,251.43,125.715,20030301, 08:28:30.0000,-61.82778197,-58.85586966,-61.827332,-58.85240333,-61.82756496,-58.85413293,4.76792E-09
676,522,1,-94.930108,3.482556,-75.737137,251.43,125.715,20030301, 08:29:10.0000,-61.82711393,-58.85066966,-61.82688163,-58.84896626,-61.82711393,-58.85066966,8.07991E-08
676,523,1,-108.12871,0.166739,-90.219882,251.43,125.715,20030301, 08:30:10.0000,-61.82666533,-58.847252,-61.82629867,-58.84377,-61.826482,-58.84550333,3.86853E-09
676,524,1,-111.116657,0.0838,-93.997689,251.43,125.715,20030301, 08:31:10.0000,-61.82611533,-58.84205333,-61.82574867,-58.83865333,-61.825932,-58.84035333,1.94425E-09
676,525,1,-107.365175,0.198789,-96.480728,251.43,125.715,20030301, 08:31:50.0000,-61.82556533,-58.83696867,-61.82534867,-58.83523667,-61.82556533,-58.83696867,4.61211E-09
676,526,1,-108.597162,0.14969,-95.994051,251.43,125.715,20030301, 08:32:50.0000,-61.82514867,-58.83348533,-61.82466533,-58.83002,-61.82491533,-58.831752,3.47297E-09
676,527,1,-115.882736,0.027966,-96.853436,251.43,125.715,20030301, 08:33:50.0000,-61.824414,-58.82825333,-61.82388067,-58.82472,-61.82414733,-58.82648667,6.4885E-10
676,528,1,-117.175297,0.020767,-101.58401,251.43,125.715,20030301, 08:34:30.0000,-61.82363067,-58.82297,-61.823382,-58.82121867,-61.82363067,-58.82297,4.8182E-10
676,529,1,-95.847504,2.819412,-74.776845,251.43,125.715,20030301, 08:35:30.0000,-61.823132,-58.81947,-61.82261533,-58.81596867,-61.82288067,-58.81771867,6.54134E-08
676,530,1,-96.840752,2.243023,-77.493362,251.43,125.715,20030301, 08:36:10.0000,-61.822364,-58.814202,-61.82214867,-58.81241867,-61.822364,-58.814202,5.20406E-08
676,531,1,-105.255519,0.323115,-91.575701,251.43,125.715,20030301, 08:37:10.0000,-61.82193067,-58.810652,-61.82149822,-58.8071322,-61.82169867,-58.808902,7.49661E-09
676,532,1,-84.860544,35.387875,-69.116252,251.43,125.715,20030301, 08:37:50.0000,-61.821282,-58.80538667,-61.821082,-58.803602,-61.821282,-58.80538667,8.21037E-07
676,533,1,-104.54285,0.380736,-85.759698,251.43,125.715,20030301, 08:38:50.0000,-61.820882,-58.801802,-61.82051529,-58.79815292,-61.82069867,-58.79996867,8.83348E-09
676,534,1,-107.934071,0.174382,-95.055977,251.43,125.715,20030301, 08:39:50.0000,-61.82034867,-58.79636867,-61.81996533,-58.79278533,-61.82014867,-58.79458533,4.04585E-09
676,535,1,-104.040868,0.427388,-92.811821,251.43,125.715,20030301, 08:40:30.0000,-61.819782,-58.791002,-61.819582,-58.789202,-61.819782,-58.791002,9.91586E-09
676,536,1,-103.546972,0.478863,-91.504943,251.43,125.715,20030301, 08:41:30.0000,-61.819382,-58.78735333,-61.81898192,-58.78375108,-61.81918192,-58.78555108,1.11102E-08
676,537,1,-84.346377,39.83559,-65.097493,251.43,125.715,20030301, 08:42:10.0000,-61.81876525,-58.78193442,-61.81856525,-58.78013442,-61.81876525,-58.78193442,9.24229E-07
676,538,1,-104.397887,0.393659,-92.512742,251.43,125.715,20030301, 08:43:10.0000,-61.81836525,-58.77830108,-61.81798192,-58.77475108,-61.81818192,-58.7765025,9.13331E-09
676,539,1,-101.792123,0.717293,-89.965903,251.43,125.715,20030301, 08:43:50.0000,-61.81781526,-58.77298449,-61.81759858,-58.77118583,-61.81781526,-58.77298449,1.6642E-08
676,540,1,-96.976271,2.174111,-77.48628,251.43,125.715,20030301, 08:44:50.0000,-61.81741383,-58.76941775,-61.81699858,-58.76590108,-61.81719858,-58.7676525,5.04417E-08
676,541,1,-97.187033,2.071122,-78.105964,251.43,125.715,20030301, 08:45:50.0000,-61.81679858,-58.76413583,-61.81641525,-58.7606025,-61.81661525,-58.76238442,4.80523E-08
676,542,1,-102.38991,0.625055,-87.903742,251.43,125.715,20030301, 08:46:30.0000,-61.81623192,-58.75883583,-61.81603192,-58.75706775,-61.81623192,-58.75883583,1.45019E-08
676,543,1,-102.027553,0.679444,-84.36853,251.43,125.715,20030301, 08:47:30.0000,-61.81583192,-58.7553025,-61.81541525,-58.75173442,-61.81561525,-58.75353583,1.57638E-08
676,544,1,-104.784307,0.360146,-89.669297,251.43,125.715,20030301, 08:48:10.0000,-61.81521383,-58.74995108,-61.81499717,-58.74818442,-61.81521383,-58.74995108,8.35577E-09
676,545,1,-103.432009,0.491709,-87.698437,251.43,125.715,20030301, 08:49:10.0000,-61.8147805,-58.7464025,-61.81436383,-58.74285108,-61.81456526,-58.74463449,1.14082E-08
676,546,1,-101.043437,0.852246,-83.090339,251.43,125.715,20030301, 08:50:10.0000,-61.81411525,-58.74108583,-61.81368192,-58.7376025,-61.81388192,-58.7393525,1.9773E-08
676,547,1,-104.032604,0.428202,-87.942571,251.43,125.715,20030301, 08:50:50.0000,-61.8134805,-58.73583583,-61.81326376,-58.73408402,-61.8134805,-58.73583583,9.93474E-09
676,548,1,-89.186557,13.069327,-67.889787,251.43,125.715,20030301, 08:51:50.0000,-61.81304717,-58.73235108,-61.81259858,-58.72886917,-61.81281525,-58.73061775,3.03222E-07
676,549,1,-87.278349,20.280285,-67.937187,251.43,125.715,20030301, 08:52:30.0000,-61.8123805,-58.72715108,-61.81216383,-58.72538583,-61.8123805,-58.72715108,4.70524E-07
676,550,1,-100.639934,0.935224,-85.44912,251.43,125.715,20030301, 08:53:30.0000,-61.81193192,-58.7236525,-61.81146383,-58.72016917,-61.81169717,-58.72191775,2.16982E-08
676,551,1,-98.683199,1.467537,-79.85475,251.43,125.715,20030301, 08:54:30.0000,-61.8112305,-58.71843583,-61.81076525,-58.71496917,-61.81099858,-58.71671775,3.40484E-08
676,552,1,-101.317345,0.800156,-86.269195,251.43,125.715,20030301, 08:55:10.0000,-61.81053192,-58.71325108,-61.81031383,-58.71153442,-61.81053192,-58.71325108,1.85645E-08
676,553,1,-99.406306,1.242448,-84.622025,251.43,125.715,20030301, 08:56:10.0000,-61.81009858,-58.7098025,-61.8096805,-58.7063525,-61.80988192,-58.70808583,2.88261E-08
676,554,1,-98.833156,1.417729,-79.355934,251.43,125.715,20030301, 08:57:10.0000,-61.80946383,-58.70461775,-61.80898192,-58.70116917,-61.8092305,-58.70290108,3.28929E-08
676,555,1,-103.644815,0.468196,-89.729156,251.43,125.715,20030301, 08:57:50.0000,-61.80874858,-58.69943583,-61.80851383,-58.69768583,-61.80874858,-58.69943583,1.08626E-08
676,556,1,-105.629727,0.29644,-90.710114,251.43,125.715,20030301, 08:58:50.0000,-61.8082805,-58.69596775,-61.80781525,-58.69243583,-61.80804858,-58.69418583,6.87772E-09
676,557,1,-106.10132,0.265936,-91.238002,251.43,125.715,20030301, 08:59:30.0000,-61.80761525,-58.69066917,-61.80739858,-58.68893442,-61.80761525,-58.69066917,6.17E-09
676,558,1,-106.619858,0.236006,-91.072626,251.43,125.715,20030301, 09:00:30.0000,-61.80718192,-58.68713583,-61.80674717,-58.6836525,-61.80696525,-58.68536917,5.47559E-09
676,559,1,-83.000892,54.302487,-61.600145,251.43,125.715,20030301, 09:01:30.0000,-61.80651525,-58.6819025,-61.80609717,-58.67838442,-61.80629858,-58.68013583,1.25988E-06
676,560,1,-106.785977,0.227149,-89.632981,251.43,125.715,20030301, 09:02:10.0000,-61.80588184,-58.67660025,-61.80568183,-58.6748335,-61.80588184,-58.67660025,5.27011E-09
676,561,1,-106.072415,0.267712,-88.920181,251.43,125.715,20030301, 09:03:10.0000,-61.8053985,-58.67306833,-61.80471367,-58.66966833,-61.80506367,-58.671385,6.2112E-09
676,562,1,-110.341825,0.100167,-93.602482,251.43,125.715,20030301, 09:03:50.0000,-61.80438033,-58.66796683,-61.80411367,-58.66621683,-61.80438033,-58.66796683,2.32399E-09
676,563,1,-95.646018,2.953297,-74.368119,251.43,125.715,20030301, 09:04:50.0000,-61.80386367,-58.66445167,-61.80328026,-58.66095128,-61.803597,-58.662685,6.85197E-08
676,564,1,-107.026551,0.214909,-90.680296,251.43,125.715,20030301, 09:05:30.0000,-61.80296367,-58.65921833,-61.80263033,-58.65750167,-61.80296367,-58.65921833,4.98611E-09
676,565,1,-104.239291,0.4083,-88.848658,251.43,125.715,20030301, 09:06:30.0000,-61.80231367,-58.65571683,-61.80173033,-58.65215167,-61.80201367,-58.6539335,9.47301E-09
676,566,1,-103.817866,0.449907,-88.946527,251.43,125.715,20030301, 09:07:10.0000,-61.80143033,-58.65040017,-61.80111367,-58.64866833,-61.80143033,-58.65040017,1.04383E-08
676,567,1,-104.447504,0.389187,-89.351547,251.43,125.715,20030301, 09:08:10.0000,-61.80078033,-58.6469335,-61.800147,-58.64335017,-61.800447,-58.645135,9.02956E-09
676,568,1,-106.042244,0.269578,-92.203509,251.43,125.715,20030301, 09:08:50.0000,-61.799847,-58.641535,-61.799547,-58.63975017,-61.799847,-58.641535,6.2545E-09
676,569,1,-93.522326,4.815888,-72.405468,251.43,125.715,20030301, 09:09:50.0000,-61.799247,-58.6379835,-61.798597,-58.63451833,-61.79891367,-58.63626683,1.11734E-07
676,570,1,-104.646755,0.371735,-90.450821,251.43,125.715,20030301, 09:10:30.0000,-61.79828033,-58.63281833,-61.79794626,-58.63102943,-61.79828033,-58.63281833,8.62465E-09
676,571,1,-102.663422,0.586904,-89.104363,251.43,125.715,20030301, 09:11:30.0000,-61.797647,-58.62926683,-61.79708146,-58.6256461,-61.7973485,-58.62746833,1.36168E-08
676,572,1,-100.452204,0.976537,-88.192379,251.43,125.715,20030301, 09:12:10.0000,-61.796797,-58.623835,-61.796497,-58.6220335,-61.796797,-58.623835,2.26567E-08
676,573,1,-91.587988,7.518135,-71.335106,251.43,125.715,20030301, 09:13:10.0000,-61.7961985,-58.62026683,-61.7955985,-58.6166835,-61.795897,-58.618485,1.74429E-07
676,574,1,-100.928349,0.875133,-88.833201,251.43,125.715,20030301, 09:13:50.0000,-61.79533183,-58.61490017,-61.795047,-58.61310017,-61.79533183,-58.61490017,2.0304E-08
676,575,1,-100.420232,0.983752,-87.532238,251.43,125.715,20030301, 09:14:50.0000,-61.79476367,-58.61131683,-61.79421367,-58.60776683,-61.79448033,-58.6095335,2.28241E-08
676,576,1,-100.944412,0.871902,-88.233674,251.43,125.715,20030301, 09:15:30.0000,-61.793897,-58.60596683,-61.79356367,-58.6041335,-61.793897,-58.60596683,2.02291E-08
676,577,1,-101.35869,0.792574,-88.622338,251.43,125.715,20030301, 09:16:30.0000,-61.79326367,-58.60230017,-61.79273183,-58.59871683,-61.79299692,-58.60048308,1.83886E-08
676,578,1,-101.068797,0.847285,-88.863105,251.43,125.715,20030301, 09:17:10.0000,-61.792447,-58.5969335,-61.79214692,-58.59513308,-61.792447,-58.5969335,1.96579E-08
676,579,1,-100.363627,0.996658,-88.999831,251.43,125.715,20030301, 09:18:10.0000,-61.791847,-58.5933835,-61.79124617,-58.58979558,-61.79153026,-58.59161641,2.31235E-08
676,580,1,-101.07829,0.845435,-89.606394,251.43,125.715,20030301, 09:18:50.0000,-61.79096367,-58.58800017,-61.79068175,-58.58623258,-61.79096367,-58.58800017,1.9615E-08
676,581,1,-100.0797,1.063993,-87.440598,251.43,125.715,20030301, 09:19:50.0000,-61.79041278,-58.58444531,-61.7897985,-58.5808835,-61.79011367,-58.5826835,2.46858E-08
676,582,1,-101.080883,0.84493,-89.633872,251.43,125.715,20030301, 09:20:30.0000,-61.78949691,-58.57909966,-61.789197,-58.57731833,-61.78949691,-58.57909966,1.96033E-08
676,583,1,-99.250465,1.287841,-88.073399,251.43,125.715,20030301, 09:21:30.0000,-61.78891367,-58.57551683,-61.78833183,-58.57196683,-61.78863033,-58.57371683,2.98793E-08
676,584,1,-99.903302,1.108099,-88.206659,251.43,125.715,20030301, 09:22:10.0000,-61.78801367,-58.57016833,-61.78771367,-58.568385,-61.78801367,-58.57016833,2.57091E-08
676,585,1,-102.076366,0.67185,-90.053233,251.43,125.715,20030301, 09:23:10.0000,-61.7874135,-58.56661592,-61.78679683,-58.5629675,-61.78709691,-58.56476787,1.55876E-08
676,586,1,-100.639847,0.935242,-88.818248,251.43,125.715,20030301, 09:23:50.0000,-61.7864961,-58.56122854,-61.78618133,-58.55948,-61.7864961,-58.56122854,2.16986E-08
676,587,1,-100.29168,1.013307,-86.955424,251.43,125.715,20030301, 09:24:50.0000,-61.78589683,-58.55770083,-61.7853135,-58.55418417,-61.785596,-58.55593,2.35098E-08
676,588,1,-91.804372,7.152729,-73.212122,251.43,125.715,20030301, 09:25:30.0000,-61.78503017,-58.55243417,-61.78473017,-58.55070083,-61.78503017,-58.55243417,1.65951E-07
676,589,1,-101.162263,0.829245,-88.722053,251.43,125.715,20030301, 09:26:30.0000,-61.78443171,-58.54895043,-61.78389683,-58.54548417,-61.7841635,-58.5472175,1.92394E-08
676,590,1,-96.706945,2.313207,-80.154104,251.43,125.715,20030301, 09:27:30.0000,-61.78363175,-58.54380083,-61.78304683,-58.5404675,-61.78334842,-58.54213417,5.36689E-08
676,591,1,-101.39919,0.785217,-90.47804,251.43,125.715,20030301, 09:28:10.0000,-61.78273175,-58.53880242,-61.78244675,-58.53713376,-61.78273175,-58.53880242,1.82179E-08
676,592,1,-101.760574,0.722523,-87.798447,251.43,125.715,20030301, 09:29:10.0000,-61.78216508,-58.53540083,-61.78173017,-58.53198417,-61.78194842,-58.53368417,1.67633E-08
676,593,1,-99.712066,1.157984,-84.163952,251.43,125.715,20030301, 09:30:10.0000,-61.7814635,-58.53031592,-61.780846,-58.526932,-61.7811635,-58.52864925,2.68665E-08
676,594,1,-101.007085,0.85941,-88.465612,251.43,125.715,20030301, 09:30:50.0000,-61.78056276,-58.52526187,-61.78029675,-58.5235488,-61.78056276,-58.52526187,1.99392E-08
676,595,1,-101.499804,0.767235,-89.477588,251.43,125.715,20030301, 09:31:50.0000,-61.78004683,-58.52185083,-61.7794961,-58.51837854,-61.77977943,-58.52012854,1.78007E-08
676,596,1,-102.67762,0.584988,-90.55514,251.43,125.715,20030301, 09:32:30.0000,-61.77919683,-58.51665083,-61.77891276,-58.51494715,-61.77919683,-58.51665083,1.35724E-08
676,597,1,-101.563851,0.756004,-89.354446,251.43,125.715,20030301, 09:33:30.0000,-61.77861504,-58.51320043,-61.77806276,-58.50962854,-61.77834553,-58.51140877,1.75401E-08
676,598,1,-102.266884,0.643014,-89.547466,251.43,125.715,20030301, 09:34:30.0000,-61.77776467,-58.50791133,-61.77718017,-58.50441592,-61.77746276,-58.50616187,1.49186E-08
676,599,1,-103.473525,0.487031,-90.341151,251.43,125.715,20030301, 09:35:10.0000,-61.77689842,-58.50263258,-61.7766135,-58.50083258,-61.77689842,-58.50263258,1.12996E-08
676,600,1,-103.577967,0.475458,-89.752193,251.43,125.715,20030301, 09:36:10.0000,-61.77632943,-58.4990452,-61.7757461,-58.49557854,-61.77604675,-58.49731709,1.10311E-08
676,601,1,-102.780774,0.571257,-88.901418,251.43,125.715,20030301, 09:36:50.0000,-61.77544683,-58.49381592,-61.7751635,-58.49203417,-61.77544683,-58.49381592,1.32538E-08
676,602,1,-103.509538,0.483009,-91.669391,251.43,125.715,20030301, 09:37:50.0000,-61.77488009,-58.49026547,-61.7743135,-58.48676592,-61.7746135,-58.48850083,1.12063E-08
676,603,1,-103.311717,0.505519,-90.66462,251.43,125.715,20030301, 09:38:30.0000,-61.7740135,-58.48500083,-61.77373017,-58.48328258,-61.7740135,-58.48500083,1.17286E-08
676,604,1,-102.072561,0.672439,-87.541472,251.43,125.715,20030301, 09:39:30.0000,-61.77343009,-58.48151547,-61.77284683,-58.47800083,-61.77313175,-58.47976592,1.56013E-08
676,605,1,-104.146795,0.41709,-90.258347,251.43,125.715,20030301, 09:40:10.0000,-61.77256342,-58.47628214,-61.7722634,-58.47454871,-61.77256342,-58.47628214,9.67693E-09
676,606,1,-79.6194,118.29569,-60.248553,251.43,125.715,20030301, 09:41:10.0000,-61.7719635,-58.47281592,-61.7713317,-58.46926701,-61.77164683,-58.47106592,2.74459E-06
676,607,1,-60.990186,8627.606726,-46.432397,251.43,125.715,20030301, 09:41:50.0000,-61.77104683,-58.46748417,-61.77074842,-58.46573417,-61.77104683,-58.46748417,0.00020017
676,608,1,-103.990862,0.432337,-90.533931,251.43,125.715,20030301, 09:42:50.0000,-61.77044798,-58.46397775,-61.76984833,-58.46039833,-61.77014658,-58.4621812,1.00307E-08
676,609,1,-96.761721,2.284214,-78.126688,251.43,125.715,20030301, 09:43:30.0000,-61.7695634,-58.45861375,-61.76923175,-58.4568175,-61.7695634,-58.45861375,5.29962E-08
676,610,1,-98.944701,1.38178,-82.317303,251.43,125.715,20030301, 09:44:30.0000,-61.76894833,-58.45506667,-61.76841333,-58.45158167,-61.76868,-58.453315,3.20588E-08
676,611,1,-106.125924,0.264434,-92.334163,251.43,125.715,20030301, 09:45:10.0000,-61.76813167,-58.44981667,-61.76784667,-58.44806667,-61.76813167,-58.44981667,6.13514E-09
676,612,1,-103.732763,0.45881,-87.364651,251.43,125.715,20030301, 09:46:10.0000,-61.76753167,-58.44633167,-61.76696333,-58.44288167,-61.76724667,-58.4446,1.06449E-08
676,613,1,-104.802552,0.358636,-91.249642,251.43,125.715,20030301, 09:47:10.0000,-61.76666333,-58.44114833,-61.76606333,-58.4377,-61.76636333,-58.43943333,8.32074E-09
676,614,1,-101.294922,0.804298,-89.538248,251.43,125.715,20030301, 09:47:50.0000,-61.76574667,-58.43594833,-61.76543,-58.43419833,-61.76574667,-58.43594833,1.86606E-08
676,615,1,-66.27416,2555.600009,-48.392286,251.43,125.715,20030301, 09:48:50.0000,-61.76513,-58.432415,-61.76454667,-58.42888167,-61.76484667,-58.43064833,5.92927E-05
676,616,1,-101.904981,0.698893,-87.726799,251.43,125.715,20030301, 09:49:30.0000,-61.76426333,-58.42708167,-61.76394667,-58.42534833,-61.76426333,-58.42708167,1.62151E-08
676,617,1,-72.53343,604.736141,-53.748275,251.43,125.715,20030301, 09:50:30.0000,-61.76364667,-58.42358333,-61.76301333,-58.42011667,-61.76331333,-58.42186667,1.40305E-05
676,618,1,-67.431163,1957.909407,-50.284662,251.43,125.715,20030301, 09:51:10.0000,-61.76269667,-58.41838333,-61.76238167,-58.41668333,-61.76269667,-58.41838333,4.54256E-05
676,619,1,-75.646646,295.286982,-54.35827,251.43,125.715,20030301, 09:52:10.0000,-61.76208,-58.41496667,-61.76149833,-58.411465,-61.76178167,-58.41323167,6.85098E-06
676,620,1,-80.61035,94.161621,-60.928039,251.43,125.715,20030301, 09:52:50.0000,-61.76123,-58.40969833,-61.76094833,-58.40793167,-61.76123,-58.40969833,2.18465E-06
676,621,1,-101.026464,0.855584,-87.196313,251.43,125.715,20030301, 09:53:50.0000,-61.76068,-58.406165,-61.76013,-58.40263333,-61.76041333,-58.4044,1.98505E-08
676,622,1,-102.788217,0.570279,-87.745386,251.43,125.715,20030301, 09:54:30.0000,-61.75986333,-58.40088167,-61.75958,-58.3991,-61.75986333,-58.40088167,1.32311E-08
676,623,1,-100.593676,0.945238,-87.28893,251.43,125.715,20030301, 09:55:30.0000,-61.75931333,-58.397315,-61.75874667,-58.39369833,-61.75903167,-58.39549833,2.19306E-08
676,624,1,-98.479726,1.537929,-85.187886,251.43,125.715,20030301, 09:56:10.0000,-61.75844667,-58.39191667,-61.75816333,-58.39014833,-61.75844667,-58.39191667,3.56816E-08
676,625,1,-101.015639,0.857719,-86.072393,251.43,125.715,20030301, 09:57:10.0000,-61.75788,-58.38835,-61.757365,-58.384765,-61.75761333,-58.386565,1.99E-08
676,626,1,-89.983018,10.879456,-72.207645,251.43,125.715,20030301, 09:57:50.0000,-61.75711333,-58.382965,-61.75684667,-58.381165,-61.75711333,-58.382965,2.52415E-07
676,627,1,-73.25376,512.310068,-53.605639,251.43,125.715,20030301, 09:58:50.0000,-61.756565,-58.37939833,-61.75603,-58.37584833,-61.75629833,-58.37763167,1.18861E-05
676,628,1,-105.092104,0.335505,-90.445781,251.43,125.715,20030301, 09:59:30.0000,-61.75576333,-58.37406667,-61.75549667,-58.372265,-61.75576333,-58.37406667,7.78407E-09
676,629,1,-105.189246,0.328083,-90.587563,251.43,125.715,20030301, 10:00:30.0000,-61.75522983,-58.37044742,-61.75471496,-58.3668812,-61.75497983,-58.36864917,7.61189E-09
676,630,1,-104.755553,0.362538,-91.203911,251.43,125.715,20030301, 10:01:10.0000,-61.75444833,-58.36509833,-61.75419833,-58.36329833,-61.75444833,-58.36509833,8.41128E-09
676,631,1,-103.603146,0.47271,-90.253621,251.43,125.715,20030301, 10:02:10.0000,-61.75394825,-58.36151408,-61.753415,-58.35795,-61.7536965,-58.35973075,1.09674E-08
676,632,1,-104.429856,0.390772,-90.536087,251.43,125.715,20030301, 10:03:10.0000,-61.75314825,-58.35616408,-61.75266333,-58.3526,-61.75289833,-58.35438167,9.06633E-09
676,633,1,-103.146447,0.525127,-91.388648,251.43,125.715,20030301, 10:03:50.0000,-61.75239667,-58.350865,-61.75214667,-58.34911667,-61.75239667,-58.350865,1.21835E-08
676,634,1,-102.752634,0.57497,-85.004857,251.43,125.715,20030301, 10:04:50.0000,-61.75188167,-58.34735,-61.75136317,-58.34378075,-61.75163158,-58.34558075,1.33399E-08
676,635,1,-99.791304,1.137047,-83.666034,251.43,125.715,20030301, 10:05:30.0000,-61.75108167,-58.34198333,-61.75083159,-58.34018085,-61.75108167,-58.34198333,2.63807E-08
676,636,1,-100.226925,1.028529,-84.864885,251.43,125.715,20030301, 10:06:30.0000,-61.75068333,-58.33839742,-61.75069825,-58.33488075,-61.75068333,-58.33664742,2.3863E-08
676,637,1,-103.032909,0.539036,-88.695916,251.43,125.715,20030301, 10:07:10.0000,-61.75065,-58.33313075,-61.75058333,-58.33134742,-61.75065,-58.33313075,1.25062E-08
676,638,1,-102.246961,0.645971,-88.654267,251.43,125.715,20030301, 10:08:10.0000,-61.75053333,-58.32956408,-61.7505,-58.32603075,-61.75050175,-58.3277825,1.49872E-08
676,639,1,-102.55157,0.602216,-89.441512,251.43,125.715,20030301, 10:09:10.0000,-61.7505,-58.32424742,-61.75041492,-58.32058075,-61.75046667,-58.32243075,1.39721E-08
676,640,1,-105.475229,0.307175,-92.598319,251.43,125.715,20030301, 10:09:50.0000,-61.75036492,-58.31874742,-61.75031667,-58.31689742,-61.75036492,-58.31874742,7.12679E-09
676,641,1,-102.17937,0.656103,-87.987861,251.43,125.715,20030301, 10:10:50.0000,-61.75031667,-58.31504742,-61.75026667,-58.31138075,-61.7503,-58.31321408,1.52223E-08
676,642,1,-105.528361,0.30344,-91.570193,251.43,125.715,20030301, 10:11:30.0000,-61.75026667,-58.30958075,-61.75023333,-58.30774742,-61.75026667,-58.30958075,7.04014E-09
676,643,1,-102.731423,0.577785,-84.997054,251.43,125.715,20030301, 10:12:30.0000,-61.7502,-58.30588075,-61.75018333,-58.30216408,-61.75018333,-58.30401408,1.34053E-08
676,644,1,-102.417989,0.621026,-88.290157,251.43,125.715,20030301, 10:13:10.0000,-61.7502,-58.30029567,-61.75018333,-58.29841233,-61.7502,-58.30029567,1.44085E-08
676,645,1,-101.618508,0.746549,-88.054676,251.43,125.715,20030301, 10:14:10.0000,-61.75018158,-58.29653075,-61.75013333,-58.29274341,-61.75015,-58.29466233,1.73207E-08
676,646,1,-102.66411,0.586811,-86.789389,251.43,125.715,20030301, 10:15:10.0000,-61.75013333,-58.29089742,-61.75013333,-58.28718075,-61.75013333,-58.28906233,1.36146E-08
676,647,1,-104.23317,0.408876,-91.182065,251.43,125.715,20030301, 10:15:50.0000,-61.75013333,-58.28533075,-61.7501,-58.28351408,-61.75013333,-58.28533075,9.48637E-09
676,648,1,-98.781743,1.434613,-84.206041,251.43,125.715,20030301, 10:16:50.0000,-61.75008333,-58.28171408,-61.75005,-58.2781325,-61.75008158,-58.27991583,3.32846E-08
676,649,1,-100.877704,0.885398,-88.208858,251.43,125.715,20030301, 10:17:30.0000,-61.74999825,-58.27636408,-61.74991492,-58.27458075,-61.74999825,-58.27636408,2.05422E-08
676,650,1,-99.292805,1.275347,-84.334037,251.43,125.715,20030301, 10:18:30.0000,-61.74983333,-58.27274742,-61.74968333,-58.26907886,-61.74975,-58.27089341,2.95894E-08
676,651,1,-77.498557,192.776095,-57.087173,251.43,125.715,20030301, 10:19:30.0000,-61.74971913,-58.26727294,-61.74988333,-58.26374742,-61.74981846,-58.26549692,4.47261E-06
676,652,1,-65.755596,2879.714074,-49.717975,251.43,125.715,20030301, 10:20:10.0000,-61.74988333,-58.26197846,-61.74979825,-58.26016583,-61.74988333,-58.26197846,6.68125E-05
676,653,1,-66.793982,2267.308982,-48.365425,251.43,125.715,20030301, 10:21:10.0000,-61.74973333,-58.25841538,-61.7498521,-58.25494563,-61.74973333,-58.2566622,5.2604E-05
676,654,1,-96.72654,2.302793,-85.794583,251.43,125.715,20030301, 10:22:10.0000,-61.75003544,-58.2532623,-61.75035167,-58.24981667,-61.75020167,-58.25155,5.34273E-08
676,655,1,-98.781017,1.434852,-86.825508,251.43,125.715,20030301, 10:22:50.0000,-61.75051667,-58.24808205,-61.75066917,-58.24634167,-61.75051667,-58.24808205,3.32901E-08
676,656,1,-99.084716,1.337942,-88.407824,251.43,125.715,20030301, 10:23:50.0000,-61.75081915,-58.24464179,-61.75116877,-58.24116019,-61.7510025,-58.24289167,3.10417E-08
676,657,1,-97.289182,2.022976,-85.476242,251.43,125.715,20030301, 10:24:50.0000,-61.7513355,-58.23942833,-61.75163579,-58.2359896,-61.75148778,-58.23770889,4.69352E-08
676,658,1,-98.085017,1.684253,-88.641174,251.43,125.715,20030301, 10:25:30.0000,-61.75176917,-58.23424167,-61.75191851,-58.2325464,-61.75176917,-58.23424167,3.90765E-08
676,659,1,-97.912494,1.752506,-85.015856,251.43,125.715,20030301, 10:26:30.0000,-61.75206667,-58.23079863,-61.75235251,-58.22735821,-61.7522025,-58.22905833,4.066E-08
676,660,1,-100.731744,0.915661,-88.422049,251.43,125.715,20030301, 10:27:30.0000,-61.75250246,-58.2256896,-61.75278599,-58.2223068,-61.75265246,-58.2239896,2.12443E-08
676,661,1,-99.293932,1.275016,-88.019783,251.43,125.715,20030301, 10:28:30.0000,-61.75291884,-58.22064489,-61.75316933,-58.21724,-61.75305,-58.21896026,2.95818E-08
676,662,1,-91.935839,6.939449,-73.687988,251.43,125.715,20030301, 10:29:10.0000,-61.75330246,-58.21550873,-61.75343564,-58.21379359,-61.75330246,-58.21550873,1.61003E-07
676,663,1,-97.726484,1.829197,-87.406044,251.43,125.715,20030301, 10:30:10.0000,-61.75358592,-58.2120575,-61.75391883,-58.208545,-61.75375252,-58.21032228,4.24394E-08
676,664,1,-100.771007,0.90742,-89.421987,251.43,125.715,20030301, 10:31:10.0000,-61.75408585,-58.20673894,-61.75445251,-58.20324154,-61.754271,-58.20497833,2.10531E-08
676,665,1,-98.383716,1.572307,-84.64538,251.43,125.715,20030301, 10:31:50.0000,-61.75460258,-58.20150492,-61.75475179,-58.19971538,-61.75460258,-58.20150492,3.64792E-08
676,666,1,-98.467985,1.542093,-85.307902,251.43,125.715,20030301, 10:32:50.0000,-61.75488563,-58.19795808,-61.7551523,-58.19440808,-61.75503599,-58.19617347,3.57782E-08
676,667,1,-95.327557,3.177995,-80.471517,251.43,125.715,20030301, 10:33:30.0000,-61.75531925,-58.19263825,-61.75550222,-58.19089222,-61.75531925,-58.19263825,7.37329E-08
676,668,1,-101.342901,0.795461,-87.584207,251.43,125.715,20030301, 10:34:30.0000,-61.75568837,-58.18915561,-61.75605258,-58.1856575,-61.75586924,-58.18742172,1.84556E-08
676,669,1,-94.224722,4.096724,-76.08381,251.43,125.715,20030301, 10:35:30.0000,-61.75623579,-58.1839254,-61.75655211,-58.18037675,-61.75640175,-58.18214742,9.50484E-08
676,670,1,-84.151672,41.662155,-64.696747,251.43,125.715,20030301, 10:36:10.0000,-61.75671883,-58.17862617,-61.75686842,-58.17686408,-61.75671883,-58.17862617,9.66607E-07
676,671,1,-103.01436,0.541343,-88.34594,251.43,125.715,20030301, 10:37:10.0000,-61.75700179,-58.17508026,-61.75730183,-58.1715465,-61.75715217,-58.17327617,1.25598E-08
676,672,1,-100.092098,1.06096,-85.457537,251.43,125.715,20030301, 10:38:10.0000,-61.75741855,-58.1697812,-61.75766933,-58.166254,-61.757536,-58.16802333,2.46154E-08
676,673,1,-100.394161,0.989676,-83.601724,251.43,125.715,20030301, 10:38:50.0000,-61.75776933,-58.16445667,-61.75790258,-58.16268825,-61.75776933,-58.16445667,2.29615E-08
676,674,1,-100.446429,0.977836,-85.704771,251.43,125.715,20030301, 10:39:50.0000,-61.75806667,-58.16090477,-61.75833333,-58.15727067,-61.75820258,-58.15907417,2.26869E-08
676,675,1,-101.433477,0.779043,-89.23262,251.43,125.715,20030301, 10:40:30.0000,-61.75845267,-58.155454,-61.75856933,-58.15358467,-61.75845267,-58.155454,1.80746E-08
676,676,1,-103.134815,0.526535,-91.216333,251.43,125.715,20030301, 10:41:30.0000,-61.75870265,-58.15172347,-61.75895253,-58.14814141,-61.758836,-58.14992067,1.22162E-08
676,677,1,-100.8864,0.883627,-89.15003,251.43,125.715,20030301, 10:42:30.0000,-61.759086,-58.14639,-61.75938521,-58.14289598,-61.75921925,-58.14464083,2.05011E-08
676,678,1,-94.935956,3.47787,-81.009317,251.43,125.715,20030301, 10:43:10.0000,-61.75953508,-58.14111408,-61.7597018,-58.13928015,-61.75953508,-58.14111408,8.06903E-08
676,679,1,-96.181163,2.610914,-79.531424,251.43,125.715,20030301, 10:44:10.0000,-61.75988683,-58.13748075,-61.76028558,-58.13384192,-61.76008683,-58.13566408,6.0576E-08
676,680,1,-101.678229,0.736353,-86.450138,251.43,125.715,20030301, 10:44:50.0000,-61.76045175,-58.13201233,-61.76065175,-58.13014742,-61.76045175,-58.13201233,1.70842E-08
676,681,1,-102.250957,0.645377,-88.380726,251.43,125.715,20030301, 10:45:50.0000,-61.7608518,-58.12827835,-61.7612518,-58.12451168,-61.76103683,-58.12639567,1.49734E-08
676,682,1,-103.910495,0.440412,-90.200349,251.43,125.715,20030301, 10:46:30.0000,-61.76145217,-58.12262617,-61.76165211,-58.12072463,-61.76145217,-58.12262617,1.0218E-08
676,683,1,-103.03852,0.53834,-89.643732,251.43,125.715,20030301, 10:47:10.0000,-61.76186842,-58.11881408,-61.76206842,-58.11689567,-61.76186842,-58.11881408,1.24901E-08
676,684,1,-100.81576,0.898117,-84.79693,251.43,125.715,20030301, 10:48:10.0000,-61.76226842,-58.11496408,-61.76265175,-58.11116233,-61.76245188,-58.11306265,2.08373E-08
676,685,1,-106.545468,0.240083,-91.71422,251.43,125.715,20030301, 10:48:50.0000,-61.76283508,-58.10923075,-61.76305183,-58.10736317,-61.76283508,-58.10923075,5.57019E-09
676,686,1,-103.877503,0.443771,-89.052245,251.43,125.715,20030301, 10:49:50.0000,-61.7632685,-58.105478,-61.76365179,-58.10167846,-61.76345218,-58.10355712,1.0296E-08
676,687,1,-89.656814,11.728096,-69.962419,251.43,125.715,20030301, 10:50:30.0000,-61.7638518,-58.09978015,-61.76405183,-58.09787983,-61.7638518,-58.09978015,2.72104E-07
676,688,1,-104.574072,0.378009,-91.571763,251.43,125.715,20030301, 10:51:30.0000,-61.76425376,-58.09601265,-61.7646685,-58.09231317,-61.76446855,-58.09416265,8.77021E-09
676,689,1,-103.541675,0.479448,-91.292391,251.43,125.715,20030301, 10:52:10.0000,-61.76486855,-58.09044598,-61.76506849,-58.0885966,-61.76486855,-58.09044598,1.11237E-08
676,690,1,-106.424556,0.246861,-92.079821,251.43,125.715,20030301, 10:53:10.0000,-61.76525357,-58.08669524,-61.76565225,-58.08289192,-61.76545176,-58.08478065,5.72745E-09
676,691,1,-105.166765,0.329786,-91.966641,251.43,125.715,20030301, 10:53:50.0000,-61.76585182,-58.0809966,-61.76606846,-58.07909692,-61.76585182,-58.0809966,7.65139E-09
676,692,1,-87.969347,17.297139,-69.586896,251.43,125.715,20030301, 10:54:30.0000,-61.76626891,-58.07720647,-61.76645176,-58.07529732,-61.76626891,-58.07720647,4.01312E-07
676,693,1,-91.988652,6.855572,-72.138139,251.43,125.715,20030301, 10:55:30.0000,-61.76663508,-58.07338075,-61.76701855,-58.06959598,-61.76682043,-58.07147932,1.59057E-07
676,694,1,-100.945025,0.871779,-87.669277,251.43,125.715,20030301, 10:56:10.0000,-61.7672185,-58.06771317,-61.76740182,-58.0658466,-61.7672185,-58.06771317,2.02262E-08
676,695,1,-72.803761,568.241315,-53.67783,251.43,125.715,20030301, 10:57:10.0000,-61.76761842,-58.06396233,-61.76805218,-58.06017379,-61.76782033,-58.0620465,1.31838E-05
676,696,1,-110.079389,0.106407,-95.903771,251.43,125.715,20030301, 10:57:50.0000,-61.76826847,-58.05826349,-61.76846892,-58.05635858,-61.76826847,-58.05826349,2.46876E-09
676,697,1,-59.94788,10967.83496,-43.276138,251.43,125.715,20030301, 10:58:50.0000,-61.76865175,-58.05444742,-61.76906855,-58.0505941,-61.76885183,-58.052528,0.000254466
676,698,1,-66.608714,2366.124348,-51.465994,251.43,125.715,20030301, 10:59:30.0000,-61.76925188,-58.04862744,-61.7694526,-58.04668551,-61.76925188,-58.04862744,5.48966E-05
676,699,1,-88.08245,16.852484,-69.400061,251.43,125.715,20030301, 11:00:10.0000,-61.76965258,-58.04478567,-61.7698385,-58.04285492,-61.76965258,-58.04478567,3.90996E-07
676,700,1,-67.051498,2136.776829,-48.281554,251.43,125.715,20030301, 11:01:10.0000,-61.77003553,-58.04092366,-61.77043709,-58.03707744,-61.77023772,-58.03897585,4.95755E-05
676,701,1,-100.975418,0.865699,-85.553413,251.43,125.715,20030301, 11:01:50.0000,-61.77063599,-58.03515149,-61.77081932,-58.03320149,-61.77063599,-58.03515149,2.00852E-08
676,702,1,-105.090889,0.335599,-89.668983,251.43,125.715,20030301, 11:02:50.0000,-61.77100225,-58.03128967,-61.77140188,-58.02742744,-61.77120225,-58.02934192,7.78625E-09
676,703,1,-104.257182,0.406622,-90.309092,251.43,125.715,20030301, 11:03:30.0000,-61.77160258,-58.02548567,-61.7718026,-58.02353551,-61.77160258,-58.02548567,9.43407E-09
676,704,1,-99.290099,1.276142,-88.502835,251.43,125.715,20030301, 11:04:10.0000,-61.77198592,-58.02157158,-61.77215517,-58.01965492,-61.77198592,-58.02157158,2.96079E-08
676,705,1,-102.344755,0.631587,-87.30485,251.43,125.715,20030301, 11:05:10.0000,-61.77235258,-58.01773825,-61.772736,-58.013904,-61.77253593,-58.01581884,1.46535E-08
676,706,1,-100.82689,0.895818,-87.273795,251.43,125.715,20030301, 11:05:50.0000,-61.77292183,-58.012019,-61.77313599,-58.01006816,-61.77292183,-58.012019,2.0784E-08
676,707,1,-101.463791,0.773624,-86.116907,251.43,125.715,20030301, 11:06:50.0000,-61.77333599,-58.00816816,-61.77372043,-58.00432744,-61.77353553,-58.00625699,1.79489E-08
676,708,1,-101.573835,0.754268,-89.689715,251.43,125.715,20030301, 11:07:30.0000,-61.7739185,-58.00239467,-61.77411886,-58.00045699,-61.7739185,-58.00239467,1.74998E-08
676,709,1,-102.652328,0.588405,-89.096213,251.43,125.715,20030301, 11:08:10.0000,-61.7743185,-57.99851133,-61.77448517,-57.9965465,-61.7743185,-57.99851133,1.36516E-08
676,710,1,-69.861278,1118.873813,-50.760879,251.43,125.715,20030301, 11:09:10.0000,-61.77468517,-57.99461317,-61.77506851,-57.99077789,-61.77488517,-57.99269467,2.59591E-05
676,711,1,-99.921519,1.103461,-86.948881,251.43,125.715,20030301, 11:09:50.0000,-61.77526858,-57.98887892,-61.77545183,-57.986978,-61.77526858,-57.98887892,2.56015E-08
676,712,1,-72.258375,644.275273,-52.61603,251.43,125.715,20030301, 11:10:30.0000,-61.77565183,-57.98502983,-61.775837,-57.98307983,-61.77565183,-57.98502983,1.49479E-05
676,713,1,-96.242797,2.574122,-81.6794,251.43,125.715,20030301, 11:11:30.0000,-61.77603517,-57.98114467,-61.77640188,-57.97726077,-61.77620183,-57.9791965,5.97224E-08
676,714,1,-97.052191,2.136435,-83.054915,251.43,125.715,20030301, 11:12:10.0000,-61.77660183,-57.9752965,-61.77678709,-57.97336077,-61.77660183,-57.9752965,4.95676E-08
676,715,1,-97.005494,2.159532,-82.964844,251.43,125.715,20030301, 11:13:10.0000,-61.77698553,-57.97142585,-61.77736857,-57.96759378,-61.77718561,-57.96950829,5.01035E-08
676,716,1,-94.006444,4.30789,-79.137366,251.43,125.715,20030301, 11:13:50.0000,-61.7775522,-57.96570699,-61.77773526,-57.96377877,-61.7775522,-57.96570699,9.99477E-08
676,717,1,-87.841713,17.813024,-70.280842,251.43,125.715,20030301, 11:14:30.0000,-61.77793593,-57.96180218,-61.77811933,-57.95983467,-61.77793593,-57.96180218,4.13281E-07
676,718,1,-99.327839,1.2651,-84.996042,251.43,125.715,20030301, 11:15:30.0000,-61.77828587,-57.9579054,-61.7786194,-57.95408657,-61.77845267,-57.956004,2.93517E-08
676,719,1,-95.965755,2.74368,-83.965886,251.43,125.715,20030301, 11:16:10.0000,-61.77880228,-57.95222268,-61.77898567,-57.950341,-61.77880228,-57.95222268,6.36563E-08
676,720,1,-97.268557,2.032606,-86.447967,251.43,125.715,20030301, 11:17:10.0000,-61.77916893,-57.94843948,-61.77948573,-57.94465701,-61.77931894,-57.94653935,4.71587E-08
676,721,1,-94.566901,3.786333,-83.407235,251.43,125.715,20030301, 11:17:50.0000,-61.77963526,-57.94277881,-61.77980189,-57.94091254,-61.77963526,-57.94277881,8.7847E-08
676,722,1,-68.131004,1666.51214,-51.369508,251.43,125.715,20030301, 11:18:50.0000,-61.77996856,-57.93899588,-61.78028567,-57.93520767,-61.78013567,-57.937091,3.86649E-05
676,723,1,-97.495102,1.929296,-85.56671,251.43,125.715,20030301, 11:19:30.0000,-61.78045239,-57.93328795,-61.78060192,-57.93139367,-61.78045239,-57.93328795,4.47617E-08
676,724,1,-97.62681,1.871664,-82.630222,251.43,125.715,20030301, 11:20:30.0000,-61.78078525,-57.929477,-61.78113561,-57.92572268,-61.78095192,-57.927577,4.34246E-08
676,725,1,-98.390015,1.570028,-87.172337,251.43,125.715,20030301, 11:21:10.0000,-61.78131933,-57.92383733,-61.7814853,-57.92192838,-61.78131933,-57.92383733,3.64263E-08
676,726,1,-99.612058,1.184958,-86.098164,251.43,125.715,20030301, 11:22:10.0000,-61.78165228,-57.92002496,-61.781969,-57.916241,-61.78180204,-57.91811088,2.74923E-08
676,727,1,-97.598535,1.883889,-85.588976,251.43,125.715,20030301, 11:22:50.0000,-61.78211942,-57.91436975,-61.78228333,-57.91250308,-61.78211942,-57.91436975,4.37083E-08
676,728,1,-101.290164,0.805179,-89.471032,251.43,125.715,20030301, 11:23:50.0000,-61.78245268,-57.91065117,-61.78281907,-57.90689022,-61.78263608,-57.90878642,1.8681E-08
676,729,1,-99.411957,1.240833,-88.884744,251.43,125.715,20030301, 11:24:30.0000,-61.78300198,-57.90504296,-61.78316858,-57.90321033,-61.78300198,-57.90504296,2.87887E-08
676,730,1,-98.862179,1.408287,-84.515787,251.43,125.715,20030301, 11:25:30.0000,-61.78333531,-57.90137826,-61.78365235,-57.89774086,-61.78350235,-57.89955752,3.26738E-08
676,731,1,-99.058435,1.346063,-86.696135,251.43,125.715,20030301, 11:26:10.0000,-61.78383575,-57.89592583,-61.78401864,-57.8941116,-61.78383575,-57.89592583,3.12301E-08
676,732,1,-89.292479,12.75443,-69.419477,251.43,125.715,20030301, 11:27:10.0000,-61.78418531,-57.89227826,-61.78455395,-57.88854296,-61.78436942,-57.890417,2.95917E-07
676,733,1,-92.380532,6.264057,-75.214319,251.43,125.715,20030301, 11:27:50.0000,-61.78473608,-57.88665308,-61.78491943,-57.8847696,-61.78473608,-57.88665308,1.45333E-07
676,734,1,-96.72477,2.303732,-80.937176,251.43,125.715,20030301, 11:28:50.0000,-61.78510276,-57.88290293,-61.78543608,-57.87915033,-61.78526933,-57.88103733,5.34491E-08
676,735,1,-100.722021,0.917713,-88.125355,251.43,125.715,20030301, 11:29:30.0000,-61.7855861,-57.87728626,-61.78575283,-57.8754355,-61.7855861,-57.87728626,2.12919E-08
676,736,1,-98.193048,1.642873,-88.037589,251.43,125.715,20030301, 11:30:30.0000,-61.78591867,-57.87359467,-61.78625242,-57.86983768,-61.78608538,-57.87172744,3.81164E-08
676,737,1,-100.918343,0.877152,-87.552553,251.43,125.715,20030301, 11:31:10.0000,-61.78641667,-57.86793642,-61.78656867,-57.86609467,-61.78641667,-57.86793642,2.03509E-08
676,738,1,-99.67227,1.168643,-86.72224,251.43,125.715,20030301, 11:32:10.0000,-61.78673569,-57.86422407,-61.78706867,-57.86049267,-61.78690205,-57.86236077,2.71138E-08
676,739,1,-101.269509,0.809018,-88.558067,251.43,125.715,20030301, 11:32:50.0000,-61.78726943,-57.85860293,-61.78745205,-57.8567941,-61.78726943,-57.85860293,1.87701E-08
676,740,1,-98.63439,1.484123,-86.277919,251.43,125.715,20030301, 11:33:50.0000,-61.78763533,-57.85496133,-61.78801937,-57.85128968,-61.78783575,-57.85312342,3.44333E-08
676,741,1,-97.769903,1.811001,-87.935662,251.43,125.715,20030301, 11:34:30.0000,-61.78820275,-57.849467,-61.78838569,-57.84762171,-61.78820275,-57.849467,4.20172E-08
676,742,1,-97.532057,1.912948,-86.989329,251.43,125.715,20030301, 11:35:30.0000,-61.78855242,-57.84577342,-61.7888695,-57.8420855,-61.78870282,-57.84395232,4.43825E-08
676,743,1,-98.372562,1.57635,-87.238375,251.43,125.715,20030301, 11:36:10.0000,-61.78905282,-57.84026899,-61.78923886,-57.8384696,-61.78905282,-57.84026899,3.6573E-08
676,744,1,-96.635631,2.351505,-85.5892,251.43,125.715,20030301, 11:37:10.0000,-61.7894361,-57.83665293,-61.78976902,-57.83303837,-61.78960283,-57.83486883,5.45575E-08
676,745,1,-96.832271,2.247407,-85.022391,251.43,125.715,20030301, 11:37:50.0000,-61.78995275,-57.83118642,-61.79011872,-57.8293441,-61.78995275,-57.83118642,5.21423E-08
676,746,1,-100.678213,0.927017,-86.782443,251.43,125.715,20030301, 11:38:50.0000,-61.79028533,-57.827528,-61.79067067,-57.82386133,-61.79048533,-57.825678,2.15078E-08
676,747,1,-99.893108,1.110703,-85.759817,251.43,125.715,20030301, 11:39:30.0000,-61.79088538,-57.82207744,-61.79108805,-57.82029073,-61.79088538,-57.82207744,2.57695E-08
676,748,1,-80.479632,97.038879,-58.946552,251.43,125.715,20030301, 11:40:30.0000,-61.791302,-57.81849467,-61.79168533,-57.81481133,-61.79150205,-57.81667538,2.25141E-06
676,749,1,-100.701156,0.922133,-88.364119,251.43,125.715,20030301, 11:41:10.0000,-61.79186867,-57.81299467,-61.792052,-57.81116133,-61.79186867,-57.81299467,2.13945E-08
676,750,1,-99.361037,1.255467,-85.125085,251.43,125.715,20030301, 11:42:10.0000,-61.792252,-57.80931133,-61.792652,-57.805728,-61.792454,-57.80751133,2.91282E-08
676,751,1,-100.24184,1.025002,-85.877583,251.43,125.715,20030301, 11:43:10.0000,-61.79281867,-57.80394667,-61.79318533,-57.800378,-61.79300205,-57.80217744,2.37812E-08
676,752,1,-99.536476,1.205761,-87.435504,251.43,125.715,20030301, 11:43:50.0000,-61.79336867,-57.79854467,-61.79355236,-57.7967074,-61.79336867,-57.79854467,2.7975E-08
676,753,1,-102.553835,0.601901,-88.159482,251.43,125.715,20030301, 11:44:50.0000,-61.793752,-57.79484467,-61.79413533,-57.79124467,-61.793954,-57.79303,1.39648E-08
676,754,1,-72.8771,558.726039,-57.299027,251.43,125.715,20030301, 11:45:30.0000,-61.79431909,-57.78940663,-61.79448333,-57.787578,-61.79431909,-57.78940663,1.2963E-05
676,755,1,-104.568974,0.378453,-86.550012,251.43,125.715,20030301, 11:46:30.0000,-61.794652,-57.785778,-61.79498533,-57.782128,-61.79481867,-57.783978,8.78051E-09
676,756,1,-105.338501,0.317,-92.155664,251.43,125.715,20030301, 11:47:10.0000,-61.79513533,-57.78029667,-61.795302,-57.778478,-61.79513533,-57.78029667,7.35474E-09
676,757,1,-93.051271,5.367621,-71.74456,251.43,125.715,20030301, 11:48:10.0000,-61.795502,-57.776628,-61.79581867,-57.77294667,-61.79566867,-57.774778,1.24535E-07
676,758,1,-72.609636,594.217362,-54.335195,251.43,125.715,20030301, 11:48:50.0000,-61.79596909,-57.77110663,-61.79611917,-57.76925583,-61.79596909,-57.77110663,1.37865E-05
676,759,1,-61.679093,7362.064727,-44.151159,251.43,125.715,20030301, 11:49:50.0000,-61.7962854,-57.76739399,-61.79663533,-57.763576,-61.79646868,-57.76549456,0.000170808
676,760,1,-64.520383,3827.107319,-48.043722,251.43,125.715,20030301, 11:50:30.0000,-61.79682069,-57.76164456,-61.79700208,-57.75974375,-61.79682069,-57.76164456,8.8793E-05
676,761,1,-96.521723,2.413997,-80.329747,251.43,125.715,20030301, 11:51:30.0000,-61.797152,-57.75781133,-61.79750217,-57.75399067,-61.7973357,-57.75588824,5.60073E-08
676,762,1,-101.613749,0.747367,-85.21086,251.43,125.715,20030301, 11:52:10.0000,-61.79765,-57.75209222,-61.79778333,-57.75019283,-61.79765,-57.75209222,1.73397E-08
676,763,1,-102.884939,0.557718,-88.034493,251.43,125.715,20030301, 11:52:50.0000,-61.79790244,-57.7482565,-61.79803333,-57.74632617,-61.79790244,-57.7482565,1.29397E-08
676,764,1,-103.546576,0.478907,-89.35306,251.43,125.715,20030301, 11:53:50.0000,-61.79813577,-57.7444065,-61.79835217,-57.74057617,-61.79825214,-57.74249103,1.11112E-08
676,765,1,-68.202534,1639.288835,-49.772587,251.43,125.715,20030301, 11:54:30.0000,-61.79846882,-57.73865746,-61.7986,-57.73672073,-61.79846882,-57.73865746,3.80333E-05
676,766,1,-103.116313,0.528783,-89.040305,251.43,125.715,20030301, 11:55:30.0000,-61.79873543,-57.73479363,-61.79901667,-57.7309603,-61.79888333,-57.73289067,1.22683E-08
676,767,1,-69.149608,1318.099354,-51.729952,251.43,125.715,20030301, 11:56:10.0000,-61.79913542,-57.72902708,-61.79925208,-57.72709167,-61.79913542,-57.72902708,3.05813E-05
676,768,1,-102.073533,0.672288,-92.088674,251.43,125.715,20030301, 11:57:10.0000,-61.79936875,-57.72514167,-61.79965251,-57.72123908,-61.79951874,-57.7231772,1.55978E-08
676,769,1,-106.949357,0.218763,-93.798765,251.43,125.715,20030301, 11:57:50.0000,-61.79978542,-57.71930833,-61.7999,-57.71735833,-61.79978542,-57.71930833,5.07553E-09
676,770,1,-104.310402,0.401669,-89.414541,251.43,125.715,20030301, 11:58:30.0000,-61.8,-57.71541042,-61.80010209,-57.71347697,-61.8,-57.71541042,9.31916E-09
676,771,1,-103.708468,0.461384,-88.77051,251.43,125.715,20030301, 11:59:30.0000,-61.80023333,-57.71152073,-61.800552,-57.70759267,-61.80036875,-57.70954167,1.07046E-08
676,772,1,-104.77733,0.360725,-90.667682,251.43,125.715,20030301, 12:00:10.0000,-61.8007354,-57.70564192,-61.80091867,-57.703676,-61.8007354,-57.70564192,8.3692E-09
676,773,1,-103.881401,0.443373,-89.690534,251.43,125.715,20030301, 12:01:10.0000,-61.801102,-57.70169267,-61.80143533,-57.69779267,-61.801254,-57.69974267,1.02867E-08
676,774,1,-95.551763,3.018093,-78.61346,251.43,125.715,20030301, 12:01:50.0000,-61.80161909,-57.69578754,-61.801802,-57.69384267,-61.80161909,-57.69578754,7.0023E-08
676,775,1,-105.003243,0.34244,-94.096569,251.43,125.715,20030301, 12:02:30.0000,-61.80196873,-57.69190859,-61.8021525,-57.68993667,-61.80196873,-57.69190859,7.94498E-09
676,776,1,-104.32879,0.399972,-90.933634,251.43,125.715,20030301, 12:03:30.0000,-61.80233547,-57.68795769,-61.80270208,-57.684025,-61.80250208,-57.68597708,9.27979E-09
676,777,1,-102.742593,0.576301,-88.289989,251.43,125.715,20030301, 12:04:10.0000,-61.80290214,-57.68207436,-61.80306875,-57.68014167,-61.80290214,-57.68207436,1.33708E-08
676,778,1,-101.623849,0.745631,-86.155751,251.43,125.715,20030301, 12:04:50.0000,-61.80325208,-57.67822708,-61.80343542,-57.67627708,-61.80325208,-57.67822708,1.72994E-08
676,779,1,-72.89039,557.018907,-51.87165,251.43,125.715,20030301, 12:05:50.0000,-61.80363547,-57.67434103,-61.80398542,-57.67050833,-61.80381875,-57.67241042,1.29234E-05
676,780,1,-99.699819,1.161254,-85.254378,251.43,125.715,20030301, 12:06:30.0000,-61.8041355,-57.66859067,-61.80430251,-57.66667241,-61.8041355,-57.66859067,2.69423E-08
676,781,1,-104.471471,0.387045,-88.975899,251.43,125.715,20030301, 12:07:30.0000,-61.80448542,-57.66479167,-61.80480208,-57.66095833,-61.80463542,-57.66289167,8.97987E-09
676,782,1,-105.467002,0.307758,-90.798329,251.43,125.715,20030301, 12:08:10.0000,-61.80495217,-57.65900733,-61.80508556,-57.65709,-61.80495217,-57.65900733,7.14031E-09
676,783,1,-102.188684,0.654697,-89.100206,251.43,125.715,20030301, 12:09:10.0000,-61.80525208,-57.65516042,-61.80555244,-57.6513065,-61.80538543,-57.65325821,1.51897E-08
676,784,1,-98.024901,1.707729,-79.870324,251.43,125.715,20030301, 12:09:50.0000,-61.80572094,-57.64939316,-61.8058855,-57.64745733,-61.80572094,-57.64939316,3.96212E-08
676,785,1,-104.994554,0.343126,-92.267918,251.43,125.715,20030301, 12:10:30.0000,-61.80603333,-57.64553825,-61.80618333,-57.64358971,-61.80603333,-57.64553825,7.96089E-09
676,786,1,-76.468149,244.395954,-56.629286,251.43,125.715,20030301, 12:11:30.0000,-61.80630217,-57.64165733,-61.80665208,-57.637775,-61.80645417,-57.63970833,5.67025E-06
676,787,1,-102.871648,0.559428,-87.135814,251.43,125.715,20030301, 12:12:10.0000,-61.80683542,-57.63586042,-61.80698542,-57.63394375,-61.80683542,-57.63586042,1.29793E-08
676,788,1,-107.686631,0.184606,-89.853803,251.43,125.715,20030301, 12:13:10.0000,-61.80715259,-57.63200227,-61.80746876,-57.62817487,-61.80730231,-57.63009128,4.28306E-09
676,789,1,-112.751255,0.057515,-99.125968,251.43,125.715,20030301, 12:13:50.0000,-61.80760259,-57.62625485,-61.80775208,-57.624375,-61.80760259,-57.62625485,1.33442E-09
676,790,1,-102.54263,0.603456,-87.247672,251.43,125.715,20030301, 12:14:30.0000,-61.80791883,-57.62247617,-61.80808583,-57.62053667,-61.80791883,-57.62247617,1.40008E-08
676,791,1,-100.878642,0.885207,-81.758018,251.43,125.715,20030301, 12:15:30.0000,-61.80825417,-57.61859167,-61.80860216,-57.6146408,-61.80843585,-57.61661976,2.05378E-08
676,792,1,-102.107423,0.667063,-87.28683,251.43,125.715,20030301, 12:16:10.0000,-61.80875208,-57.61269167,-61.80891875,-57.61075833,-61.80875208,-57.61269167,1.54766E-08
676,793,1,-92.795108,5.693746,-72.455703,251.43,125.715,20030301, 12:17:10.0000,-61.80910214,-57.6087765,-61.80945208,-57.60485833,-61.80926875,-57.60684167,1.32101E-07
676,794,1,-103.393177,0.496125,-86.681975,251.43,125.715,20030301, 12:17:50.0000,-61.80963583,-57.60285333,-61.80981957,-57.60084851,-61.80963583,-57.60285333,1.15106E-08
676,795,1,-108.900853,0.13958,-92.17242,251.43,125.715,20030301, 12:18:30.0000,-61.81000285,-57.59884916,-61.81018625,-57.596865,-61.81000285,-57.59884916,3.23841E-09
676,796,1,-74.700178,367.190233,-55.307078,251.43,125.715,20030301, 12:19:30.0000,-61.81035257,-57.59488582,-61.81073592,-57.590919,-61.81053548,-57.59290756,8.51921E-06
676,797,1,-104.836923,0.355809,-90.117893,251.43,125.715,20030301, 12:20:10.0000,-61.81091881,-57.58892423,-61.81110215,-57.58690756,-61.81091881,-57.58892423,8.25515E-09
676,798,1,-101.308814,0.801729,-85.376283,251.43,125.715,20030301, 12:20:50.0000,-61.8112875,-57.58494167,-61.81150258,-57.58295492,-61.8112875,-57.58494167,1.8601E-08
676,799,1,-106.734718,0.229846,-90.739565,251.43,125.715,20030301, 12:21:50.0000,-61.81170292,-57.58099833,-61.81208548,-57.57705756,-61.81190292,-57.579015,5.33268E-09
676,800,1,-107.444493,0.195191,-92.24953,251.43,125.715,20030301, 12:22:30.0000,-61.81228835,-57.57508657,-61.81246925,-57.57310492,-61.81228835,-57.57508657,4.52864E-09
676,801,1,-99.833083,1.126161,-83.694067,251.43,125.715,20030301, 12:23:10.0000,-61.81265222,-57.57122556,-61.81285258,-57.56933567,-61.81265222,-57.57122556,2.61282E-08
676,802,1,-101.901744,0.699414,-85.634813,251.43,125.715,20030301, 12:24:10.0000,-61.8130385,-57.56740233,-61.81341925,-57.563619,-61.8132355,-57.56549283,1.62272E-08
676,803,1,-100.04127,1.07345,-83.164608,251.43,125.715,20030301, 12:24:50.0000,-61.81361965,-57.56171716,-61.81380279,-57.55981651,-61.81361965,-57.56171716,2.49052E-08
676,804,1,-67.025941,2149.388076,-51.074713,251.43,125.715,20030301, 12:25:50.0000,-61.81400504,-57.55785309,-61.81440504,-57.55393642,-61.8141885,-57.55590233,4.98681E-05
676,805,1,-89.653267,11.73768,-71.980399,251.43,125.715,20030301, 12:26:30.0000,-61.81460258,-57.551969,-61.81471927,-57.55007138,-61.81460258,-57.551969,2.72327E-07
676,806,1,-103.543952,0.479197,-91.560487,251.43,125.715,20030301, 12:27:30.0000,-61.81483639,-57.54818309,-61.81515597,-57.5444505,-61.81498633,-57.546314,1.11179E-08
676,807,1,-77.241844,204.514708,-58.394636,251.43,125.715,20030301, 12:28:10.0000,-61.8153392,-57.54256482,-61.81551967,-57.540667,-61.8153392,-57.54256482,4.74496E-06
676,808,1,-72.360287,629.332605,-53.013482,251.43,125.715,20030301, 12:28:50.0000,-61.81570223,-57.53877543,-61.81586889,-57.53684,-61.81570223,-57.53877543,1.46012E-05
676,809,1,-106.111674,0.265303,-87.30298,251.43,125.715,20030301, 12:29:50.0000,-61.81603556,-57.53489,-61.81633557,-57.53105876,-61.81618592,-57.5329856,6.15531E-09
676,810,1,-100.580587,0.948091,-88.804831,251.43,125.715,20030301, 12:30:30.0000,-61.81648585,-57.52913642,-61.81665258,-57.52718825,-61.81648585,-57.52913642,2.19967E-08
676,811,1,-100.661291,0.930636,-85.663888,251.43,125.715,20030301, 12:31:30.0000,-61.81681883,-57.52529283,-61.81718632,-57.52148085,-61.81700265,-57.52338483,2.15918E-08
676,812,1,-106.254641,0.256711,-90.906454,251.43,125.715,20030301, 12:32:10.0000,-61.81735299,-57.5196005,-61.81751967,-57.51773367,-61.81735299,-57.5196005,5.95598E-09
676,813,1,-94.158152,4.160004,-73.050712,251.43,125.715,20030301, 12:33:10.0000,-61.81766975,-57.51584942,-61.81795267,-57.512104,-61.81780307,-57.51396625,9.65166E-08
676,814,1,-103.748901,0.457108,-86.583974,251.43,125.715,20030301, 12:33:50.0000,-61.81810225,-57.51022525,-61.81828593,-57.50837138,-61.81810225,-57.51022525,1.06054E-08
676,815,1,-107.865598,0.177153,-92.935693,251.43,125.715,20030301, 12:34:50.0000,-61.81846968,-57.5064835,-61.81885231,-57.50275795,-61.81866973,-57.50464652,4.11015E-09
676,816,1,-90.049341,10.714571,-70.441109,251.43,125.715,20030301, 12:35:30.0000,-61.81900225,-57.50088967,-61.81913558,-57.49900858,-61.81900225,-57.50088967,2.4859E-07
676,817,1,-102.636725,0.590523,-87.051087,251.43,125.715,20030301, 12:36:30.0000,-61.81928558,-57.49713967,-61.81958585,-57.49331976,-61.819436,-57.49522067,1.37008E-08
676,818,1,-103.800706,0.451688,-90.236129,251.43,125.715,20030301, 12:37:10.0000,-61.81975217,-57.4913595,-61.81993556,-57.48944222,-61.81975217,-57.4913595,1.04796E-08
676,819,1,-103.827604,0.448899,-90.094503,251.43,125.715,20030301, 12:37:50.0000,-61.82011883,-57.48750733,-61.82028626,-57.48551482,-61.82011883,-57.48750733,1.04149E-08
676,820,1,-106.720848,0.230581,-93.81355,251.43,125.715,20030301, 12:38:50.0000,-61.82043633,-57.48354733,-61.82068633,-57.479664,-61.82055308,-57.481613,5.34974E-09
676,821,1,-100.726963,0.916669,-87.455396,251.43,125.715,20030301, 12:39:30.0000,-61.82081968,-57.47774715,-61.82096965,-57.47581418,-61.82081968,-57.47774715,2.12677E-08
676,822,1,-106.51036,0.242032,-93.350555,251.43,125.715,20030301, 12:40:30.0000,-61.82111968,-57.4738835,-61.82145308,-57.47004942,-61.82128626,-57.47198442,5.6154E-09
676,823,1,-102.970123,0.546886,-88.951542,251.43,125.715,20030301, 12:41:10.0000,-61.82161884,-57.46812605,-61.82190533,-57.466254,-61.82161884,-57.46812605,1.26883E-08
676,824,1,-103.270724,0.510313,-91.198625,251.43,125.715,20030301, 12:42:10.0000,-61.8223228,-57.46448905,-61.82344533,-57.461626,-61.82282467,-57.462976,1.18398E-08
676,825,1,-101.991185,0.685158,-90.907297,251.43,125.715,20030301, 12:42:50.0000,-61.82407342,-57.460332,-61.82469233,-57.45896308,-61.82407342,-57.460332,1.58964E-08
676,826,1,-100.315051,1.007868,-91.141766,251.43,125.715,20030301, 12:43:30.0000,-61.82532533,-57.457566,-61.82597533,-57.45618267,-61.82532533,-57.457566,2.33836E-08
676,827,1,-98.745588,1.446605,-84.154663,251.43,125.715,20030301, 12:44:30.0000,-61.82664533,-57.45479267,-61.828009,-57.45199642,-61.82731067,-57.453412,3.35628E-08
676,828,1,-98.345861,1.586072,-85.652323,251.43,125.715,20030301, 12:45:10.0000,-61.82869533,-57.45059267,-61.82937867,-57.449173,-61.82869533,-57.45059267,3.67986E-08
676,829,1,-95.799737,2.850593,-81.782986,251.43,125.715,20030301, 12:46:10.0000,-61.83006227,-57.44775879,-61.831362,-57.44490933,-61.83072567,-57.44634267,6.61368E-08
676,830,1,-89.34255,12.608224,-73.136483,251.43,125.715,20030301, 12:46:50.0000,-61.83202867,-57.44348967,-61.832712,-57.442076,-61.83202867,-57.44348967,2.92524E-07
676,831,1,-104.311649,0.401554,-89.685084,251.43,125.715,20030301, 12:47:30.0000,-61.833362,-57.44070933,-61.83401206,-57.4393562,-61.833362,-57.44070933,9.31649E-09
676,832,1,-72.793896,569.533513,-55.876114,251.43,125.715,20030301, 12:48:30.0000,-61.834662,-57.43794267,-61.83592592,-57.435142,-61.83527873,-57.43650921,1.32138E-05
676,833,1,-101.733386,0.72706,-85.649899,251.43,125.715,20030301, 12:49:10.0000,-61.8365592,-57.43377239,-61.837179,-57.43235867,-61.8365592,-57.43377239,1.68686E-08
676,834,1,-101.752142,0.723927,-86.323729,251.43,125.715,20030301, 12:50:10.0000,-61.83781233,-57.43098892,-61.83911206,-57.42812286,-61.838462,-57.42953967,1.67959E-08
676,835,1,-74.716581,365.805995,-57.249196,251.43,125.715,20030301, 12:50:50.0000,-61.839762,-57.42669267,-61.84046227,-57.42527239,-61.839762,-57.42669267,8.48709E-06
676,836,1,-102.55555,0.601664,-90.739361,251.43,125.715,20030301, 12:51:30.0000,-61.84114539,-57.42384255,-61.84181206,-57.42242286,-61.84114539,-57.42384255,1.39593E-08
676,837,1,-103.49634,0.484479,-90.417364,251.43,125.715,20030301, 12:52:30.0000,-61.84247894,-57.42095879,-61.84381227,-57.41800572,-61.84314533,-57.41950633,1.12404E-08
676,838,1,-104.249258,0.407364,-91.004284,251.43,125.715,20030301, 12:53:10.0000,-61.844462,-57.41653967,-61.84512867,-57.41508967,-61.844462,-57.41653967,9.45129E-09
676,839,1,-103.783224,0.45351,-90.665207,251.43,125.715,20030301, 12:53:50.0000,-61.84579533,-57.413673,-61.84647867,-57.41223967,-61.84579533,-57.413673,1.05219E-08
676,840,1,-107.485054,0.193376,-93.519708,251.43,125.715,20030301, 12:54:50.0000,-61.847162,-57.41080633,-61.848512,-57.407873,-61.84783167,-57.40933967,4.48654E-09
676,841,1,-117.72676,0.018291,-101.968893,251.43,125.715,20030301, 12:55:30.0000,-61.84919512,-57.4064931,-61.849862,-57.405123,-61.84919512,-57.4064931,4.2437E-10
676,842,1,-104.269485,0.405472,-89.911609,251.43,125.715,20030301, 12:56:10.0000,-61.85054533,-57.40368967,-61.85121227,-57.40223905,-61.85054533,-57.40368967,9.40738E-09
676,843,1,-69.307553,1271.023689,-50.257208,251.43,125.715,20030301, 12:57:10.0000,-61.85189567,-57.40075558,-61.85329533,-57.39775333,-61.85259533,-57.39925633,2.94891E-05
676,844,1,-101.576842,0.753746,-85.891802,251.43,125.715,20030301, 12:57:50.0000,-61.85399867,-57.39625572,-61.85469561,-57.39480572,-61.85399867,-57.39625572,1.74877E-08
676,845,1,-97.088135,2.118827,-79.232052,251.43,125.715,20030301, 12:58:30.0000,-61.85537873,-57.39338953,-61.85607894,-57.39195572,-61.85537873,-57.39338953,4.91591E-08
676,846,1,-99.598957,1.188539,-86.984889,251.43,125.715,20030301, 12:59:30.0000,-61.856765,-57.39045333,-61.85814539,-57.38743953,-61.85744533,-57.38893967,2.75754E-08
676,847,1,-98.899028,1.396388,-86.434861,251.43,125.715,20030301, 13:00:10.0000,-61.85884567,-57.38592225,-61.85954533,-57.38443967,-61.85884567,-57.38592225,3.23977E-08
676,848,1,-98.691725,1.464659,-87.318464,251.43,125.715,20030301, 13:00:50.0000,-61.86022867,-57.382973,-61.860912,-57.381473,-61.86022867,-57.382973,3.39817E-08
676,849,1,-100.986378,0.863517,-89.26784,251.43,125.715,20030301, 13:01:30.0000,-61.86157867,-57.379973,-61.86226233,-57.37850867,-61.86157867,-57.379973,2.00345E-08
676,850,1,-99.773749,1.141653,-81.358869,251.43,125.715,20030301, 13:02:30.0000,-61.86292567,-57.377123,-61.86423174,-57.37429255,-61.86357867,-57.375723,2.64876E-08
676,851,1,-107.271314,0.203132,-92.962514,251.43,125.715,20030301, 13:03:10.0000,-61.86489533,-57.37284267,-61.86554567,-57.37142533,-61.86489533,-57.37284267,4.71287E-09
676,852,1,-94.080088,4.235456,-75.475082,251.43,125.715,20030301, 13:04:10.0000,-61.866212,-57.370073,-61.86754539,-57.36737889,-61.86687867,-57.36869267,9.82671E-08
676,853,1,-67.319346,2008.974267,-51.389047,251.43,125.715,20030301, 13:04:50.0000,-61.86822867,-57.36604267,-61.868912,-57.36464267,-61.86822867,-57.36604267,4.66104E-05
676,854,1,-75.513989,304.445803,-58.443683,251.43,125.715,20030301, 13:05:30.0000,-61.86956206,-57.36320921,-61.87022873,-57.36187588,-61.86956206,-57.36320921,7.06347E-06
676,855,1,-99.518056,1.210886,-88.500269,251.43,125.715,20030301, 13:06:30.0000,-61.87088167,-57.36054567,-61.87222867,-57.35780933,-61.87156206,-57.35919255,2.80939E-08
676,856,1,-95.380208,3.1397,-80.869884,251.43,125.715,20030301, 13:07:10.0000,-61.87289841,-57.35646223,-61.87356233,-57.355142,-61.87289841,-57.35646223,7.28444E-08
676,857,1,-97.200653,2.064637,-83.463276,251.43,125.715,20030301, 13:08:10.0000,-61.87421233,-57.353792,-61.87552873,-57.35100921,-61.874862,-57.35240633,4.79018E-08
676,858,1,-98.443249,1.550901,-88.579101,251.43,125.715,20030301, 13:08:50.0000,-61.876229,-57.349642,-61.87692894,-57.34834212,-61.876229,-57.349642,3.59826E-08
676,859,1,-80.280467,101.592641,-64.416412,251.43,125.715,20030301, 13:09:50.0000,-61.87759539,-57.34699255,-61.87893208,-57.34422533,-61.87827873,-57.34560921,2.35706E-06
676,860,1,-98.053252,1.696617,-85.74346,251.43,125.715,20030301, 13:10:30.0000,-61.87961233,-57.34287533,-61.88027867,-57.34150933,-61.87961233,-57.34287533,3.93633E-08
676,861,1,-72.506427,608.507909,-54.939392,251.43,125.715,20030301, 13:11:10.0000,-61.88094539,-57.34017588,-61.88159567,-57.338842,-61.88094539,-57.34017588,1.4118E-05
676,862,1,-84.384423,39.488133,-65.152065,251.43,125.715,20030301, 13:12:10.0000,-61.88224567,-57.33750867,-61.88356233,-57.33482533,-61.88291233,-57.336192,9.16167E-07
676,863,1,-99.3881,1.247668,-87.861082,251.43,125.715,20030301, 13:12:50.0000,-61.88419567,-57.333492,-61.88484567,-57.33217533,-61.88419567,-57.333492,2.89472E-08
676,864,1,-68.554703,1511.605924,-51.775702,251.43,125.715,20030301, 13:13:50.0000,-61.88549567,-57.330892,-61.88679567,-57.32829508,-61.88614573,-57.32959497,3.50709E-05
676,865,1,-96.748742,2.291051,-85.205398,251.43,125.715,20030301, 13:14:30.0000,-61.887479,-57.326992,-61.888129,-57.325692,-61.887479,-57.326992,5.31549E-08
676,866,1,-99.11579,1.328403,-84.732575,251.43,125.715,20030301, 13:15:30.0000,-61.888796,-57.32439133,-61.89005967,-57.32183067,-61.88942633,-57.32309733,3.08204E-08
676,867,1,-101.470778,0.77238,-89.671796,251.43,125.715,20030301, 13:16:10.0000,-61.89070991,-57.32059684,-61.891343,-57.31931642,-61.89070991,-57.32059684,1.79201E-08
676,868,1,-67.347433,1996.023586,-49.282896,251.43,125.715,20030301, 13:17:10.0000,-61.89199295,-57.31804983,-61.89329439,-57.31551122,-61.892643,-57.31679733,4.63099E-05
676,869,1,-99.471884,1.223829,-89.26972,251.43,125.715,20030301, 13:17:50.0000,-61.89395991,-57.31423265,-61.894593,-57.312964,-61.89395991,-57.31423265,2.83941E-08
676,870,1,-91.675128,7.368789,-72.796479,251.43,125.715,20030301, 13:18:50.0000,-61.89525967,-57.31164733,-61.89655991,-57.30908017,-61.895893,-57.31033308,1.70964E-07
676,871,1,-102.0151,0.681395,-92.91236,251.43,125.715,20030301, 13:19:30.0000,-61.89722633,-57.30783067,-61.89789627,-57.3065408,-61.89722633,-57.30783067,1.58091E-08
676,872,1,-100.639782,0.935257,-85.656912,251.43,125.715,20030301, 13:20:30.0000,-61.898596,-57.305208,-61.899913,-57.302574,-61.899246,-57.30387467,2.1699E-08
676,873,1,-68.08613,1683.821201,-53.448246,251.43,125.715,20030301, 13:21:10.0000,-61.90057772,-57.30126122,-61.90127633,-57.29998308,-61.90057772,-57.30126122,3.90665E-05
676,874,1,-96.4136,2.47485,-85.277616,251.43,125.715,20030301, 13:22:10.0000,-61.901943,-57.29873067,-61.90337633,-57.29638308,-61.90265967,-57.29756642,5.74192E-08
