Process_ID,Interval,Layer,Sv_mean,NASC,Sv_max,Height_mean,Depth_mean,Date_M,Time_M,Lat_S,Lon_S,Lat_E,Lon_E,Lat_M,Lon_M,ABC
689,1,1,-90.915573,8.727192,-79.810355,250,125,20040211, 03:33:30.0000,-62.99719483,-61.40637933,-62.99640988,-61.40368953,-62.99681067,-61.40504267,2.0248E-07
689,2,1,-93.925321,4.364151,-83.006979,250,125,20040211, 03:34:30.0000,-62.99602762,-61.40236048,-62.99523267,-61.39965933,-62.99563219,-61.40100807,1.01253E-07
689,3,1,-96.656794,2.326765,-86.280986,250,125,20040211, 03:35:30.0000,-62.99484328,-61.39830647,-62.99406553,-61.39562474,-62.9944615,-61.39696842,5.39835E-08
689,4,1,-77.086193,210.7718,-58.341136,250,125,20040211, 03:36:30.0000,-62.99366683,-61.39426715,-62.99286009,-61.39149034,-62.99325058,-61.39287933,4.89013E-06
689,5,1,-70.772728,901.90131,-54.286681,250,125,20040211, 03:37:30.0000,-62.99244808,-61.390106,-62.99165983,-61.38734425,-62.99206009,-61.38872872,2.09251E-05
689,6,1,-77.118148,209.226661,-63.663647,250,125,20040211, 03:38:30.0000,-62.9912765,-61.38598933,-62.99048142,-61.38328933,-62.99087789,-61.38464488,4.85428E-06
689,7,1,-92.358139,6.260629,-81.021285,250,125,20040211, 03:39:30.0000,-62.99011122,-61.38194488,-62.98936067,-61.379226,-62.98972762,-61.38057714,1.45253E-07
689,8,1,-90.114398,10.495232,-78.122442,250,125,20040211, 03:40:30.0000,-62.98897675,-61.37789034,-62.98819483,-61.37526267,-62.98858179,-61.37655701,2.43501E-07
689,9,1,-87.336074,19.898689,-75.726625,250,125,20040211, 03:41:30.0000,-62.98780995,-61.3739398,-62.98703308,-61.37132709,-62.98742761,-61.37264376,4.61671E-07
689,10,1,-81.961593,68.591848,-63.771526,250,125,20040211, 03:42:30.0000,-62.98664808,-61.36996775,-62.98587733,-61.36730933,-62.98626122,-61.36866154,1.5914E-06
689,11,1,-92.794374,5.66232,-83.418616,250,125,20040211, 03:43:30.0000,-62.985494,-61.365976,-62.98472789,-61.36326154,-62.98511641,-61.36462709,1.31372E-07
689,12,1,-91.83329,7.064848,-78.827769,250,125,20040211, 03:44:30.0000,-62.98434974,-61.36187709,-62.98357817,-61.35916267,-62.98396094,-61.36052709,1.63912E-07
689,13,1,-93.563589,4.743216,-82.702955,250,125,20040211, 03:45:30.0000,-62.98317762,-61.35779381,-62.98238299,-61.35504354,-62.9827765,-61.35641092,1.10048E-07
689,14,1,-96.171557,2.601813,-86.907882,250,125,20040211, 03:46:30.0000,-62.981978,-61.35367867,-62.98119467,-61.350973,-62.98159444,-61.35231111,6.03649E-08
689,15,1,-92.277129,6.378505,-77.276013,250,125,20040211, 03:47:30.0000,-62.980794,-61.34964267,-62.97969422,-61.34553231,-62.98041067,-61.34830933,1.47988E-07
689,16,1,-93.551508,4.75643,-80.544884,250,125,20040211, 03:48:50.0000,-62.97934369,-61.34416327,-62.97864467,-61.341412,-62.97901111,-61.34277778,1.10354E-07
689,17,1,-95.977474,2.720723,-86.580421,250,125,20040211, 03:49:50.0000,-62.97828299,-61.34004354,-62.977528,-61.33732867,-62.97791077,-61.33870974,6.31237E-08
689,18,1,-94.446251,3.870854,-80.516072,250,125,20040211, 03:50:50.0000,-62.97716575,-61.33595867,-62.97641079,-61.33320984,-62.97677717,-61.33457533,8.9808E-08
689,19,1,-94.783955,3.581264,-80.458818,250,125,20040211, 03:51:50.0000,-62.97604383,-61.33182533,-62.97530983,-61.32907267,-62.9756765,-61.33043933,8.30892E-08
689,20,1,-96.081994,2.656027,-81.180454,250,125,20040211, 03:52:50.0000,-62.97494317,-61.32767267,-62.97426133,-61.32488433,-62.97460486,-61.32627705,6.16227E-08
689,21,1,-94.831463,3.542302,-80.655109,250,125,20040211, 03:53:50.0000,-62.97389467,-61.323512,-62.97319467,-61.32077867,-62.97354439,-61.32212756,8.21852E-08
689,22,1,-95.96775,2.726822,-80.707416,250,125,20040211, 03:54:50.0000,-62.97284467,-61.319412,-62.972128,-61.31668433,-62.97249467,-61.318051,6.32652E-08
689,23,1,-93.986548,4.303056,-79.130313,250,125,20040211, 03:55:50.0000,-62.97176106,-61.31532756,-62.97101133,-61.31257867,-62.971378,-61.31394533,9.98355E-08
689,24,1,-91.904222,6.950398,-77.689901,250,125,20040211, 03:56:50.0000,-62.97064992,-61.31119976,-62.96991133,-61.30843433,-62.97029467,-61.30984533,1.61257E-07
689,25,1,-90.038008,10.681469,-77.849202,250,125,20040211, 03:57:50.0000,-62.96956133,-61.30704533,-62.96886133,-61.30419533,-62.96921106,-61.30562756,2.47822E-07
689,26,1,-89.813256,11.248801,-76.819722,250,125,20040211, 03:58:50.0000,-62.96849467,-61.30282867,-62.96734467,-61.29877867,-62.96811133,-61.301462,2.60984E-07
689,27,1,-86.392823,24.725756,-72.182002,250,125,20040211, 04:00:10.0000,-62.966967,-61.29739533,-62.96619439,-61.29461089,-62.96658367,-61.296012,5.73664E-07
689,28,1,-84.789698,35.765317,-73.359856,250,125,20040211, 04:01:10.0000,-62.96582772,-61.29321642,-62.96509305,-61.29047219,-62.96546077,-61.29184308,8.29794E-07
689,29,1,-86.258567,25.502056,-74.4853,250,125,20040211, 04:02:10.0000,-62.96474783,-61.289072,-62.963993,-61.28630533,-62.96437633,-61.28767683,5.91675E-07
689,30,1,-87.410632,19.559991,-75.21225,250,125,20040211, 04:03:10.0000,-62.963593,-61.28495533,-62.96277633,-61.28233867,-62.96318134,-61.28365091,4.53813E-07
689,31,1,-89.082026,13.311567,-77.35916,250,125,20040211, 04:04:10.0000,-62.962393,-61.28100533,-62.961643,-61.278272,-62.96200978,-61.27963914,3.08843E-07
689,32,1,-89.092835,13.278479,-75.499067,250,125,20040211, 04:05:10.0000,-62.96124783,-61.27691017,-62.96045967,-61.27416017,-62.96085967,-61.27553867,3.08075E-07
689,33,1,-87.107475,20.97415,-72.58099,250,125,20040211, 04:06:10.0000,-62.96005967,-61.272772,-62.9592645,-61.270022,-62.95965967,-61.27140533,4.86623E-07
689,34,1,-88.269758,16.049298,-75.533877,250,125,20040211, 04:07:10.0000,-62.958893,-61.2686435,-62.958093,-61.26590533,-62.958493,-61.26728867,3.72361E-07
689,35,1,-85.647109,29.357627,-71.327231,250,125,20040211, 04:08:10.0000,-62.95770955,-61.26453819,-62.95692633,-61.261872,-62.9573145,-61.263172,6.81129E-07
689,36,1,-89.165506,13.058138,-74.185703,250,125,20040211, 04:09:10.0000,-62.956543,-61.260572,-62.95580967,-61.25801717,-62.95617645,-61.25927247,3.02963E-07
689,37,1,-89.791363,11.30565,-76.382826,250,125,20040211, 04:10:10.0000,-62.95546443,-61.25673847,-62.95441117,-61.252928,-62.95512633,-61.25545533,2.62303E-07
689,38,1,-86.780301,22.615269,-73.742444,250,125,20040211, 04:11:30.0000,-62.95402783,-61.25171133,-62.9532945,-61.24932242,-62.95366117,-61.25050575,5.24699E-07
689,39,1,-87.606493,18.697458,-76.054968,250,125,20040211, 04:12:30.0000,-62.95293256,-61.24808709,-62.9522445,-61.24565575,-62.95258342,-61.24690575,4.33801E-07
689,40,1,-87.136452,20.834669,-75.964948,250,125,20040211, 04:13:30.0000,-62.95192783,-61.24445575,-62.95091122,-61.24082822,-62.95157783,-61.24326133,4.83387E-07
689,41,1,-84.677108,36.704644,-73.064615,250,125,20040211, 04:14:50.0000,-62.95056033,-61.23963617,-62.9498606,-61.23723709,-62.95021089,-61.23842146,8.51587E-07
689,42,1,-84.009066,42.808035,-72.539247,250,125,20040211, 04:15:50.0000,-62.94949423,-61.23606024,-62.94847726,-61.23252043,-62.94916117,-61.23489467,9.93193E-07
689,43,1,-85.873824,27.864386,-73.789658,250,125,20040211, 04:17:10.0000,-62.94812783,-61.23133908,-62.94747726,-61.22893709,-62.94781089,-61.2301548,6.46484E-07
689,44,1,-88.910325,13.848392,-76.223283,250,125,20040211, 04:18:10.0000,-62.94714367,-61.227708,-62.9461445,-61.224028,-62.9468106,-61.22650376,3.21298E-07
689,45,1,-91.002283,8.554676,-79.954126,250,125,20040211, 04:19:30.0000,-62.9458445,-61.22276133,-62.94526089,-61.22017691,-62.94554423,-61.22147691,1.98478E-07
689,46,1,-92.200259,6.49241,-79.640071,250,125,20040211, 04:20:30.0000,-62.94498814,-61.21887181,-62.94427148,-61.21498847,-62.94472621,-61.21758342,1.50631E-07
689,47,1,-92.719887,5.760274,-82.194602,250,125,20040211, 04:21:50.0000,-62.94407144,-61.21367152,-62.94365481,-61.21102181,-62.94385475,-61.212338,1.33645E-07
689,48,1,-92.533341,6.013091,-79.099446,250,125,20040211, 04:22:50.0000,-62.94342142,-61.20967133,-62.94269288,-61.20570486,-62.94317617,-61.208338,1.3951E-07
689,49,1,-90.69534,9.181167,-79.795117,250,125,20040211, 04:24:10.0000,-62.9424595,-61.20440467,-62.9420095,-61.20175467,-62.94222142,-61.20307133,2.13013E-07
689,50,1,-90.299796,10.056624,-80.590088,250,125,20040211, 04:25:10.0000,-62.94180475,-61.20042133,-62.94115475,-61.19645467,-62.94160475,-61.199088,2.33325E-07
689,51,1,-89.199554,12.956164,-78.33539,250,125,20040211, 04:26:30.0000,-62.94090509,-61.19514072,-62.94042685,-61.19254072,-62.94065998,-61.1938566,3.00597E-07
689,52,1,-89.853234,11.145729,-74.87569,250,125,20040211, 04:27:30.0000,-62.94021054,-61.19127551,-62.93958861,-61.18742551,-62.93998832,-61.18998993,2.58593E-07
689,53,1,-90.568138,9.454054,-75.583282,250,125,20040211, 04:28:50.0000,-62.93937665,-61.18613494,-62.93893832,-61.18358494,-62.93915539,-61.18484314,2.19344E-07
689,54,1,-90.252527,10.16668,-75.590571,250,125,20040211, 04:29:50.0000,-62.93868825,-61.18232267,-62.93800521,-61.17840838,-62.9384434,-61.18104026,2.35878E-07
689,55,1,-92.403701,6.195291,-77.229738,250,125,20040211, 04:31:10.0000,-62.93782167,-61.17705673,-62.93740492,-61.17438933,-62.93762203,-61.17570959,1.43737E-07
689,56,1,-91.306629,7.975702,-75.963379,250,125,20040211, 04:32:10.0000,-62.93716063,-61.17309251,-62.9363274,-61.16919293,-62.93689376,-61.17179171,1.85045E-07
689,57,1,-91.259445,8.062826,-75.312831,250,125,20040211, 04:33:30.0000,-62.93602203,-61.16788756,-62.93539396,-61.16539251,-62.93571043,-61.16662504,1.87066E-07
689,58,1,-91.058299,8.445044,-75.14344,250,125,20040211, 04:34:30.0000,-62.9350887,-61.16410959,-62.93452203,-61.16150959,-62.93480981,-61.16282259,1.95934E-07
689,59,1,-93.031885,5.360969,-73.730788,250,125,20040211, 04:35:30.0000,-62.9342266,-61.16018973,-62.93333855,-61.15635316,-62.93394315,-61.15890592,1.2438E-07
689,60,1,-94.791325,3.575191,-80.687997,250,125,20040211, 04:36:50.0000,-62.93302709,-61.15507504,-62.93241073,-61.15249293,-62.93271058,-61.15380897,8.29483E-08
689,61,1,-92.498934,6.060918,-78.292257,250,125,20040211, 04:37:50.0000,-62.93212709,-61.15120316,-62.9312774,-61.14735423,-62.93183855,-61.14990838,1.4062E-07
689,62,1,-90.550416,9.49271,-77.886518,250,125,20040211, 04:39:10.0000,-62.93100491,-61.14613435,-62.93039407,-61.14372089,-62.93069407,-61.14490959,2.20241E-07
689,63,1,-90.236652,10.203911,-76.215795,250,125,20040211, 04:40:10.0000,-62.93009376,-61.14250316,-62.92922203,-61.13883756,-62.92978855,-61.14130316,2.36742E-07
689,64,1,-92.527538,6.021131,-79.617546,250,125,20040211, 04:41:30.0000,-62.92894407,-61.13763756,-62.9283774,-61.13515423,-62.92865981,-61.13637259,1.39697E-07
689,65,1,-90.691702,9.18886,-75.424841,250,125,20040211, 04:42:30.0000,-62.92810537,-61.13393756,-62.9271774,-61.13025423,-62.92779407,-61.13273756,2.13191E-07
689,66,1,-86.917849,21.910232,-69.181906,250,125,20040211, 04:43:50.0000,-62.9268887,-61.12900959,-62.92632203,-61.12648756,-62.92660981,-61.12775592,5.08341E-07
689,67,1,-89.693996,11.561982,-74.055177,250,125,20040211, 04:44:50.0000,-62.9260274,-61.12522089,-62.9251387,-61.12148756,-62.92574407,-61.12397089,2.6825E-07
689,68,1,-90.885732,8.787364,-74.657657,250,125,20040211, 04:46:10.0000,-62.9248274,-61.12022089,-62.92424303,-61.11768393,-62.92454407,-61.11894293,2.03876E-07
689,69,1,-82.584272,59.429847,-63.797921,250,125,20040211, 04:47:10.0000,-62.92397167,-61.11640673,-62.92310498,-61.11263489,-62.92367663,-61.11513987,1.37884E-06
689,70,1,-89.511116,12.059248,-73.833639,250,125,20040211, 04:48:30.0000,-62.92281037,-61.11140816,-62.92221037,-61.10901964,-62.92251037,-61.1101915,2.79788E-07
689,71,1,-90.203856,10.281257,-73.79862,250,125,20040211, 04:49:30.0000,-62.92187729,-61.10785384,-62.92102704,-61.10421964,-62.92157636,-61.1066506,2.38536E-07
689,72,1,-96.168616,2.603576,-81.769925,250,125,20040211, 04:50:50.0000,-62.92074359,-61.10300256,-62.92019359,-61.10065256,-62.92047652,-61.10181782,6.04058E-08
689,73,1,-96.339849,2.50292,-83.37323,250,125,20040211, 04:51:50.0000,-62.91990513,-61.09950256,-62.91904359,-61.09590256,-62.91962652,-61.09830115,5.80704E-08
689,74,1,-97.926767,1.736822,-83.478261,250,125,20040211, 04:53:10.0000,-62.91876026,-61.09466923,-62.91792179,-61.09100769,-62.91848826,-61.09345608,4.02961E-08
689,75,1,-93.218926,5.134986,-77.351091,250,125,20040211, 04:54:30.0000,-62.91762179,-61.08975769,-62.91704359,-61.08725256,-62.91732692,-61.08851923,1.19137E-07
689,76,1,-89.416232,12.325615,-71.939778,250,125,20040211, 04:55:30.0000,-62.91676026,-61.08595769,-62.91591057,-61.08209228,-62.91649286,-61.08467143,2.85968E-07
689,77,1,-92.058976,6.707092,-74.235325,250,125,20040211, 04:56:50.0000,-62.91559298,-61.08082191,-62.91495528,-61.07830894,-62.91527724,-61.07957561,1.55612E-07
689,78,1,-81.535578,75.661344,-63.486241,250,125,20040211, 04:57:50.0000,-62.91465964,-61.07702191,-62.91407195,-61.07447561,-62.91436057,-61.07575894,1.75542E-06
689,79,1,-95.507851,3.031424,-82.818067,250,125,20040211, 04:58:50.0000,-62.91378862,-61.07315894,-62.91291057,-61.06932033,-62.91351057,-61.07185894,7.03323E-08
689,80,1,-92.462067,6.112588,-78.038395,250,125,20040211, 05:00:10.0000,-62.9125939,-61.06808699,-62.91199298,-61.06558376,-62.9122939,-61.06685894,1.41819E-07
689,81,1,-90.499119,9.6055,-76.281042,250,125,20040211, 05:01:10.0000,-62.91171057,-61.06430366,-62.9108939,-61.06048699,-62.9114439,-61.06302561,2.22858E-07
689,82,1,-78.491845,152.492089,-60.167713,250,125,20040211, 05:02:30.0000,-62.91061057,-61.05925366,-62.91002724,-61.05683699,-62.91032195,-61.05803699,3.53798E-06
689,83,1,-95.426967,3.088411,-83.607209,250,125,20040211, 05:03:30.0000,-62.90971057,-61.05560894,-62.9088439,-61.05190894,-62.90941057,-61.05440366,7.16545E-08
689,84,1,-94.119422,4.173397,-82.593325,250,125,20040211, 05:04:50.0000,-62.90857195,-61.05065894,-62.9079939,-61.04817033,-62.90828862,-61.04940894,9.68273E-08
689,85,1,-85.965919,27.279725,-72.961306,250,125,20040211, 05:05:50.0000,-62.90769286,-61.04692143,-62.90684286,-61.04322143,-62.90742724,-61.04569228,6.32919E-07
689,86,1,-92.054139,6.714566,-77.356815,250,125,20040211, 05:07:10.0000,-62.90656046,-61.0419866,-62.90596046,-61.0395085,-62.9062719,-61.04074183,1.55785E-07
689,87,1,-92.395412,6.207127,-79.328191,250,125,20040211, 05:08:10.0000,-62.90565523,-61.03826993,-62.90476046,-61.03444183,-62.90536046,-61.0369866,1.44012E-07
689,88,1,-78.698927,145.391531,-64.240162,250,125,20040211, 05:09:30.0000,-62.9044719,-61.0331866,-62.90386046,-61.03069183,-62.90414286,-61.03195,3.37324E-06
689,89,1,-78.541654,150.753161,-64.490815,250,125,20040211, 05:10:30.0000,-62.90356046,-61.02937516,-62.90272187,-61.02555309,-62.90327712,-61.0281085,3.49764E-06
689,90,1,-85.906279,27.65693,-71.345623,250,125,20040211, 05:11:50.0000,-62.90243807,-61.02430457,-62.90182707,-61.02184163,-62.90214374,-61.02307496,6.41671E-07
689,91,1,-91.459997,7.698962,-78.849821,250,125,20040211, 05:12:50.0000,-62.90152146,-61.02063359,-62.90061041,-61.01686976,-62.90121041,-61.01940309,1.78624E-07
689,92,1,-89.028208,13.477554,-76.923045,250,125,20040211, 05:14:10.0000,-62.90032187,-61.01563642,-62.89977614,-61.0131665,-62.90004374,-61.01440829,3.12694E-07
689,93,1,-81.045486,84.699974,-68.0368,250,125,20040211, 05:15:10.0000,-62.89948854,-61.01193642,-62.89857707,-61.00825309,-62.89918854,-61.01069163,1.96513E-06
689,94,1,-83.070705,53.132634,-67.203967,250,125,20040211, 05:16:30.0000,-62.89826009,-61.00701863,-62.89764342,-61.00460197,-62.89794342,-61.00580197,1.23273E-06
689,95,1,-88.267337,16.058246,-77.205689,250,125,20040211, 05:17:30.0000,-62.89734374,-61.00338642,-62.89648854,-60.99971976,-62.89705948,-61.00218316,3.72569E-07
689,96,1,-81.950313,68.770239,-70.42196,250,125,20040211, 05:18:50.0000,-62.8962052,-60.99845829,-62.89561041,-60.99599163,-62.89591041,-60.99722496,1.59554E-06
689,97,1,-72.630641,587.987019,-55.267015,250,125,20040211, 05:19:50.0000,-62.89531041,-60.99478642,-62.89442614,-60.99095457,-62.8950052,-60.99350829,1.36419E-05
689,98,1,-91.640493,7.385545,-79.958958,250,125,20040211, 05:21:10.0000,-62.89413818,-60.98970542,-62.89342614,-60.9873165,-62.89381041,-60.98850309,1.71353E-07
689,99,1,-94.108529,4.183877,-82.841233,250,125,20040211, 05:22:10.0000,-62.89301446,-60.98623374,-62.89209755,-60.98412843,-62.89257707,-60.98515309,9.70705E-08
689,100,1,-93.312741,5.025251,-79.846528,250,125,20040211, 05:23:10.0000,-62.89161513,-60.98314692,-62.8902807,-60.97996139,-62.89114894,-60.98213122,1.16591E-07
689,101,1,-89.053284,13.399957,-75.295396,250,125,20040211, 05:24:30.0000,-62.88984846,-60.97886359,-62.88898088,-60.97676176,-62.88941421,-60.97779509,3.10893E-07
689,102,1,-94.785022,3.580385,-80.792387,250,125,20040211, 05:25:30.0000,-62.88856041,-60.97573122,-62.88728228,-60.97254789,-62.8881307,-60.97466139,8.30688E-08
689,103,1,-93.862795,4.427436,-82.418387,250,125,20040211, 05:26:50.0000,-62.88685948,-60.97152843,-62.88599846,-60.96951359,-62.8864312,-60.97051724,1.02721E-07
689,104,1,-93.418349,4.904525,-78.368987,250,125,20040211, 05:27:50.0000,-62.88553172,-60.96846344,-62.88424736,-60.96521139,-62.88509779,-60.96741225,1.1379E-07
689,105,1,-93.932673,4.356769,-83.138935,250,125,20040211, 05:29:10.0000,-62.88382676,-60.964102,-62.88297602,-60.96192806,-62.88341029,-60.96301936,1.01082E-07
689,106,1,-94.377272,3.932826,-84.399227,250,125,20040211, 05:30:10.0000,-62.88256029,-60.96088088,-62.88131446,-60.95771225,-62.88214877,-60.95983088,9.12458E-08
689,107,1,-92.833125,5.612022,-81.74503,250,125,20040211, 05:31:30.0000,-62.88089821,-60.95667974,-62.88003181,-60.95468029,-62.88046487,-60.95567974,1.30205E-07
689,108,1,-94.40094,3.91145,-83.590839,250,125,20040211, 05:32:30.0000,-62.87961537,-60.95366407,-62.87836024,-60.95046919,-62.87922691,-60.95260252,9.07499E-08
689,109,1,-88.453409,15.384769,-74.111652,250,125,20040211, 05:33:50.0000,-62.87792597,-60.94944459,-62.8770487,-60.9473474,-62.87748203,-60.94840252,3.56943E-07
689,110,1,-90.346325,9.949456,-72.672926,250,125,20040211, 05:34:50.0000,-62.87662691,-60.94628585,-62.87538063,-60.94303257,-62.87621024,-60.94518585,2.30838E-07
689,111,1,-94.396457,3.91549,-82.563001,250,125,20040211, 05:36:10.0000,-62.87494358,-60.94198585,-62.8740487,-60.93986919,-62.8744987,-60.9409474,9.08436E-08
689,112,1,-93.184794,5.175501,-81.539526,250,125,20040211, 05:37:10.0000,-62.8735987,-60.93880252,-62.87273063,-60.93661125,-62.87316537,-60.93770252,1.20077E-07
689,113,1,-91.269176,8.044782,-76.895556,250,125,20040211, 05:38:10.0000,-62.87229358,-60.93550252,-62.87098203,-60.93216919,-62.87186024,-60.93440252,1.86648E-07
689,114,1,-94.847553,3.529202,-80.895789,250,125,20040211, 05:39:30.0000,-62.87054264,-60.93104924,-62.86967663,-60.92878488,-62.87010991,-60.92991803,8.18813E-08
689,115,1,-94.701507,3.649902,-83.436708,250,125,20040211, 05:40:30.0000,-62.86923154,-60.9276847,-62.86834762,-60.92551667,-62.86879762,-60.9266,8.46817E-08
689,116,1,-91.316991,7.956695,-77.967986,250,125,20040211, 05:41:30.0000,-62.86789325,-60.92441803,-62.86655991,-60.92104641,-62.86745991,-60.9232847,1.84604E-07
689,117,1,-85.605742,29.638599,-70.785205,250,125,20040211, 05:42:50.0000,-62.86611537,-60.91993073,-62.86523203,-60.91771407,-62.86567691,-60.91881919,6.87647E-07
689,118,1,-85.061826,33.593034,-71.144729,250,125,20040211, 05:43:50.0000,-62.86479729,-60.91661591,-62.86389729,-60.91442792,-62.86433203,-60.91551407,7.79395E-07
689,119,1,-91.941903,6.890355,-81.021425,250,125,20040211, 05:44:50.0000,-62.8634487,-60.91328585,-62.86257691,-60.91100252,-62.86301537,-60.91213585,1.59864E-07
689,120,1,-89.871885,11.097965,-74.559751,250,125,20040211, 05:45:50.0000,-62.86214711,-60.90984881,-62.86076537,-60.90643585,-62.86169358,-60.90870252,2.57485E-07
689,121,1,-88.660872,14.667112,-75.794622,250,125,20040211, 05:47:10.0000,-62.86031537,-60.90531919,-62.8593987,-60.90305252,-62.85986024,-60.9041974,3.40293E-07
689,122,1,-96.311697,2.519197,-84.291474,250,125,20040211, 05:48:10.0000,-62.85894853,-60.90191373,-62.85805918,-60.89962755,-62.8584987,-60.90078073,5.84481E-08
689,123,1,-90.775396,9.013475,-75.659873,250,125,20040211, 05:49:10.0000,-62.85761013,-60.89848546,-62.85671013,-60.89620212,-62.85714853,-60.89731879,2.09122E-07
689,124,1,-86.76006,22.720914,-70.504073,250,125,20040211, 05:50:10.0000,-62.85624853,-60.89508039,-62.85488186,-60.89170212,-62.85579346,-60.89396373,5.2715E-07
689,125,1,-89.727453,11.473251,-76.497759,250,125,20040211, 05:51:30.0000,-62.85443186,-60.89056879,-62.85352675,-60.88828528,-62.8539758,-60.88941531,2.66192E-07
689,126,1,-90.443354,9.729634,-75.503783,250,125,20040211, 05:52:30.0000,-62.85308179,-60.88713528,-62.85219704,-60.88488198,-62.85264341,-60.88601862,2.25738E-07
689,127,1,-84.709374,36.432957,-68.94945,250,125,20040211, 05:53:30.0000,-62.85173128,-60.8837841,-62.85084737,-60.88156141,-62.85129308,-60.88266744,8.45284E-07
689,128,1,-89.771798,11.356698,-72.883532,250,125,20040211, 05:54:30.0000,-62.85039846,-60.88041862,-62.84909846,-60.87695195,-62.8499758,-60.87924865,2.63488E-07
689,129,1,-87.808412,17.848046,-74.541465,250,125,20040211, 05:55:50.0000,-62.84864795,-60.8758341,-62.84771462,-60.87355077,-62.84818071,-60.87468276,4.14094E-07
689,130,1,-89.535933,11.990534,-73.058508,250,125,20040211, 05:56:50.0000,-62.84726462,-60.8724341,-62.84638179,-60.87011862,-62.84682675,-60.87128528,2.78193E-07
689,131,1,-95.812171,2.826277,-83.070691,250,125,20040211, 05:57:50.0000,-62.84593128,-60.86896744,-62.84501512,-60.86673528,-62.84548071,-60.86783276,6.55727E-08
689,132,1,-95.321314,3.164466,-84.604992,250,125,20040211, 05:58:50.0000,-62.84454704,-60.86562741,-62.84318128,-60.86226256,-62.84408071,-60.86451609,7.3419E-08
689,133,1,-92.561387,5.974385,-81.874008,250,125,20040211, 06:00:10.0000,-62.84275936,-60.86108276,-62.84188128,-60.85876744,-62.84230974,-60.8599341,1.38612E-07
689,134,1,-89.422121,12.308915,-76.633488,250,125,20040211, 06:01:10.0000,-62.84143128,-60.85761744,-62.84055974,-60.85536744,-62.84100974,-60.8564841,2.8558E-07
689,135,1,-88.38645,15.623805,-75.425944,250,125,20040211, 06:02:10.0000,-62.84008179,-60.85426862,-62.83871404,-60.85089943,-62.83961462,-60.85315077,3.62489E-07
689,136,1,-87.74895,18.094094,-75.417865,250,125,20040211, 06:03:30.0000,-62.83834308,-60.84965077,-62.83756462,-60.84712231,-62.83796008,-60.84839033,4.19803E-07
689,137,1,-88.56647,14.98942,-76.205228,250,125,20040211, 06:04:30.0000,-62.83716462,-60.84585564,-62.83637641,-60.84333897,-62.83677641,-60.84458897,3.47771E-07
689,138,1,-87.181459,20.619871,-72.497521,250,125,20040211, 06:05:30.0000,-62.83597646,-60.84207251,-62.83524269,-60.83953744,-62.83559308,-60.84082231,4.78403E-07
689,139,1,-90.830806,8.899205,-78.502552,250,125,20040211, 06:06:30.0000,-62.83498837,-60.83822366,-62.83478333,-60.83416203,-62.83485,-60.83687366,2.06471E-07
689,140,1,-89.284181,12.706144,-78.040764,250,125,20040211, 06:07:50.0000,-62.83471667,-60.83279033,-62.83462117,-60.82997389,-62.83468333,-60.83140699,2.94796E-07
689,141,1,-88.539105,15.084166,-77.044823,250,125,20040211, 06:08:50.0000,-62.83455498,-60.82854485,-62.83441667,-60.82414485,-62.83452165,-60.82709485,3.49969E-07
689,142,1,-72.201618,649.037868,-56.308464,250,125,20040211, 06:10:10.0000,-62.83437165,-60.82267819,-62.83428333,-60.81972819,-62.83433333,-60.82121152,1.50584E-05
689,143,1,-72.351469,627.02509,-56.152839,250,125,20040211, 06:11:10.0000,-62.83425498,-60.81824485,-62.8342,-60.81524485,-62.83423333,-60.81674485,1.45477E-05
689,144,1,-66.786898,2258.094296,-52.204975,250,125,20040211, 06:12:10.0000,-62.83415,-60.81374485,-62.83405,-60.81072819,-62.8341,-60.81224485,5.23902E-05
689,145,1,-72.387562,621.835686,-54.701455,250,125,20040211, 06:13:10.0000,-62.83398832,-60.80922819,-62.83385,-60.80469959,-62.83395496,-60.80771626,1.44273E-05
689,146,1,-89.717832,11.498698,-76.019987,250,125,20040211, 06:14:30.0000,-62.83378333,-60.8032113,-62.83368333,-60.80017797,-62.83373333,-60.80169959,2.66782E-07
689,147,1,-89.799847,11.283585,-79.441544,250,125,20040211, 06:15:30.0000,-62.83362163,-60.7986613,-62.83353333,-60.7956113,-62.83358333,-60.79714463,2.61791E-07
689,148,1,-68.657523,1467.842699,-55.564621,250,125,20040211, 06:16:30.0000,-62.83348333,-60.79409959,-62.8334,-60.79107797,-62.83345,-60.79257797,3.40555E-05
689,149,1,-85.037333,33.783023,-73.151329,250,125,20040211, 06:17:30.0000,-62.83332115,-60.78955702,-62.83323829,-60.78654463,-62.83328333,-60.78804463,7.83803E-07
689,150,1,-84.991389,34.142316,-70.557748,250,125,20040211, 06:18:30.0000,-62.8332,-60.78505702,-62.83308333,-60.78062797,-62.83315,-60.78359036,7.92139E-07
689,151,1,-94.07508,4.216226,-84.546638,250,125,20040211, 06:19:50.0000,-62.833,-60.77914036,-62.8329,-60.77617797,-62.83295,-60.7776613,9.7821E-08
689,152,1,-93.071528,5.312257,-80.161892,250,125,20040211, 06:20:50.0000,-62.83286667,-60.77469463,-62.83281667,-60.77167797,-62.83283333,-60.77318967,1.2325E-07
689,153,1,-91.167992,8.234413,-78.616061,250,125,20040211, 06:21:50.0000,-62.83281667,-60.77022369,-62.83290448,-60.76577369,-62.83285,-60.76874138,1.91047E-07
689,154,1,-88.099047,16.692723,-77.217849,250,125,20040211, 06:23:10.0000,-62.83288333,-60.76427797,-62.83283333,-60.76127369,-62.83285,-60.76279463,3.87289E-07
689,155,1,-92.126868,6.603057,-81.851934,250,125,20040211, 06:24:10.0000,-62.83278333,-60.75980634,-62.83271667,-60.75684308,-62.83273333,-60.75832641,1.53198E-07
689,156,1,-93.867628,4.422512,-83.775011,250,125,20040211, 06:25:10.0000,-62.8327,-60.75537451,-62.83271667,-60.75245496,-62.8327,-60.75390974,1.02607E-07
689,157,1,-94.264992,4.035828,-83.768111,250,125,20040211, 06:26:10.0000,-62.83272874,-60.75099138,-62.83271667,-60.74663678,-62.83273333,-60.74954308,9.36356E-08
689,158,1,-92.471889,6.09878,-82.967964,250,125,20040211, 06:27:30.0000,-62.8327,-60.74519308,-62.83263333,-60.74227797,-62.83266667,-60.74372797,1.41498E-07
689,159,1,-92.966117,5.442772,-83.183314,250,125,20040211, 06:28:30.0000,-62.83260496,-60.74082797,-62.83251667,-60.73652745,-62.83258333,-60.73937301,1.26278E-07
689,160,1,-92.795901,5.66033,-82.228999,250,125,20040211, 06:29:50.0000,-62.8325,-60.73510646,-62.8325,-60.73231078,-62.8325,-60.73371078,1.31326E-07
689,161,1,-91.63633,7.392627,-80.86025,250,125,20040211, 06:30:50.0000,-62.8325,-60.73092369,-62.83248333,-60.72666871,-62.8325,-60.72951078,1.71517E-07
689,162,1,-90.075003,10.590868,-79.956265,250,125,20040211, 06:32:10.0000,-62.83245,-60.72527255,-62.83236667,-60.72247143,-62.8324,-60.72385588,2.4572E-07
689,163,1,-88.460021,15.361362,-78.063646,250,125,20040211, 06:33:10.0000,-62.83233333,-60.7210881,-62.83235,-60.71701946,-62.83233333,-60.71972094,3.564E-07
689,164,1,-84.79706,35.704734,-72.68522,250,125,20040211, 06:34:30.0000,-62.83235,-60.71570427,-62.83228333,-60.71302564,-62.83233333,-60.71437094,8.28388E-07
689,165,1,-81.536267,75.649333,-68.910738,250,125,20040211, 06:35:30.0000,-62.83223333,-60.71170427,-62.83215,-60.70773291,-62.83218773,-60.71035186,1.75515E-06
689,166,1,-85.662827,29.251571,-71.792817,250,125,20040211, 06:36:50.0000,-62.83215,-60.70640427,-62.83213773,-60.70243519,-62.83215,-60.70506964,6.78668E-07
689,167,1,-88.968395,13.664457,-78.175941,250,125,20040211, 06:38:10.0000,-62.83211667,-60.70113902,-62.83205,-60.69851902,-62.83208333,-60.69982236,3.1703E-07
689,168,1,-89.901955,11.02139,-78.374294,250,125,20040211, 06:39:10.0000,-62.83202107,-60.69721413,-62.83198333,-60.69336494,-62.83201667,-60.69592094,2.55708E-07
689,169,1,-86.518033,24.02307,-68.254826,250,125,20040211, 06:40:30.0000,-62.83196667,-60.69213291,-62.83188333,-60.68843569,-62.83193333,-60.69089957,5.57361E-07
689,170,1,-92.996863,5.404376,-81.846759,250,125,20040211, 06:41:50.0000,-62.83188333,-60.68721456,-62.83188333,-60.68354746,-62.83188333,-60.68598415,1.25387E-07
689,171,1,-92.885714,5.544475,-81.198701,250,125,20040211, 06:43:10.0000,-62.83188333,-60.68233177,-62.83183333,-60.67868415,-62.83186667,-60.68111624,1.28638E-07
689,172,1,-80.001721,107.710928,-61.144093,250,125,20040211, 06:44:30.0000,-62.83181667,-60.67745569,-62.83177113,-60.67373569,-62.83181667,-60.67621902,2.49901E-06
689,173,1,-91.389571,7.824827,-78.875419,250,125,20040211, 06:45:50.0000,-62.83175,-60.67249746,-62.8317,-60.66886853,-62.83173333,-60.67126748,1.81544E-07
689,174,1,-91.763176,7.179831,-79.756689,250,125,20040211, 06:47:10.0000,-62.83168821,-60.66768415,-62.8317,-60.66406748,-62.83168333,-60.66648519,1.6658E-07
689,175,1,-90.074024,10.593256,-77.664183,250,125,20040211, 06:48:30.0000,-62.8317,-60.66284957,-62.83166667,-60.65921624,-62.83168333,-60.66164957,2.45775E-07
689,176,1,-94.234301,4.064449,-81.965078,250,125,20040211, 06:49:50.0000,-62.83166667,-60.65796624,-62.8317,-60.65421413,-62.83168333,-60.65670279,9.42996E-08
689,177,1,-94.343553,3.963479,-83.085284,250,125,20040211, 06:51:10.0000,-62.83171667,-60.65295041,-62.8317,-60.64922075,-62.83171667,-60.65170408,9.1957E-08
689,178,1,-92.905625,5.519113,-75.360039,250,125,20040211, 06:52:50.0000,-62.83168333,-60.64798274,-62.8309253,-60.64405059,-62.83143783,-60.64577696,1.28049E-07
689,179,1,-90.268791,10.128677,-73.386691,250,125,20040211, 06:54:30.0000,-62.83060959,-60.64338585,-62.82914239,-60.64231667,-62.82987617,-60.64257617,2.34996E-07
689,180,1,-90.960052,8.638266,-71.126341,250,125,20040211, 06:56:30.0000,-62.8288088,-60.64232893,-62.82698821,-60.64379024,-62.82792607,-60.64272863,2.00417E-07
689,181,1,-86.60125,23.56714,-63.145059,250,125,20040211, 07:01:30.0000,-62.82680488,-60.64419024,-62.82696667,-60.64776185,-62.8267456,-60.64672893,5.46783E-07
689,182,1,-90.711412,9.147251,-75.23971,250,125,20040211, 07:09:10.0000,-62.8269956,-60.64795787,-62.82774538,-60.65153333,-62.82738333,-60.6504,2.12226E-07
689,183,1,-92.653563,5.848918,-78.011844,250,125,20040211, 07:16:50.0000,-62.82775,-60.65164538,-62.82835,-60.65546187,-62.82805,-60.6533452,1.35701E-07
689,184,1,-94.077907,4.213482,-80.58055,250,125,20040211, 07:25:50.0000,-62.82838333,-60.65567902,-62.82874577,-60.65989577,-62.82865,-60.65807859,9.77573E-08
689,185,1,-95.677091,2.915565,-80.646715,250,125,20040211, 07:35:10.0000,-62.82876667,-60.66004528,-62.82838805,-60.66365724,-62.82875,-60.66139547,6.76443E-08
689,186,1,-76.11463,263.614242,-57.472376,250,125,20040211, 07:39:30.0000,-62.82810906,-60.66389094,-62.82611244,-60.6632791,-62.82739239,-60.6641,6.11613E-06
689,187,1,-78.866783,139.879342,-57.919821,250,125,20040211, 07:41:10.0000,-62.82574222,-60.66261778,-62.82466281,-60.65972989,-62.8253926,-60.66172317,3.24535E-06
689,188,1,-69.702667,1153.891992,-49.717867,250,125,20040211, 07:42:30.0000,-62.82425842,-60.65861279,-62.82341281,-60.65622989,-62.82384162,-60.65744569,2.67715E-05
689,189,1,-96.540447,2.389941,-86.285004,250,125,20040211, 07:43:30.0000,-62.82297556,-60.65496444,-62.82204577,-60.65239983,-62.82252556,-60.65368556,5.54492E-08
689,190,1,-97.325217,1.994849,-87.831744,250,125,20040211, 07:44:30.0000,-62.82154667,-60.65111889,-62.8205291,-60.64853316,-62.82104577,-60.64983316,4.62827E-08
689,191,1,-86.971094,21.643249,-66.291171,250,125,20040211, 07:45:30.0000,-62.82003057,-60.64718707,-62.8190137,-60.64451987,-62.8195291,-60.64584983,5.02147E-07
689,192,1,-99.359534,1.248758,-89.733241,250,125,20040211, 07:46:10.0000,-62.81848,-60.64320222,-62.81796244,-60.6418665,-62.81848,-60.64320222,2.89725E-08
689,193,1,-95.451984,3.070672,-77.619286,250,125,20040211, 07:47:10.0000,-62.81744614,-60.64053415,-62.81640111,-60.63776889,-62.81691778,-60.63915222,7.12429E-08
689,194,1,-97.508102,1.912589,-88.483055,250,125,20040211, 07:48:10.0000,-62.81588057,-60.63635837,-62.81484577,-60.63358316,-62.8153637,-60.63496987,4.43741E-08
689,195,1,-97.593734,1.875247,-86.596323,250,125,20040211, 07:49:10.0000,-62.8143137,-60.63220777,-62.81324992,-60.62943731,-62.81377947,-60.63081749,4.35078E-08
689,196,1,-96.630082,2.34112,-86.097359,250,125,20040211, 07:49:50.0000,-62.81272947,-60.62806749,-62.81221333,-60.62670222,-62.81272947,-60.62806749,5.43165E-08
689,197,1,-95.339152,3.151495,-78.379643,250,125,20040211, 07:50:50.0000,-62.81169667,-60.62532333,-62.81068057,-60.62250837,-62.81119704,-60.62390777,7.31181E-08
689,198,1,-98.159151,1.646329,-86.986483,250,125,20040211, 07:51:50.0000,-62.81017892,-60.62109933,-62.80916373,-60.61834118,-62.80966281,-60.61972176,3.81966E-08
689,199,1,-96.800584,2.250989,-86.888807,250,125,20040211, 07:52:30.0000,-62.80862993,-60.61697313,-62.80809577,-60.61558316,-62.80862993,-60.61697313,5.22254E-08
689,200,1,-97.704692,1.827943,-85.81591,250,125,20040211, 07:53:30.0000,-62.80757993,-60.61420204,-62.80661281,-60.61143842,-62.80709577,-60.61283316,4.24103E-08
689,201,1,-96.548183,2.385688,-87.422415,250,125,20040211, 07:54:30.0000,-62.80611244,-60.61005398,-62.80511373,-60.60730327,-62.80561244,-60.60867064,5.53505E-08
689,202,1,-95.499199,3.037469,-84.557666,250,125,20040211, 07:55:30.0000,-62.80459686,-60.60595274,-62.80352892,-60.60324933,-62.80406658,-60.60459983,7.04726E-08
689,203,1,-98.399244,1.557785,-89.884562,250,125,20040211, 07:56:30.0000,-62.80299686,-60.6019194,-62.80196237,-60.59924966,-62.80247892,-60.60058267,3.61423E-08
689,204,1,-96.971331,2.164207,-87.272693,250,125,20040211, 07:57:10.0000,-62.80143488,-60.59788642,-62.80091345,-60.5965192,-62.80143488,-60.59788642,5.02119E-08
689,205,1,-97.11623,2.093191,-86.95421,250,125,20040211, 07:58:10.0000,-62.80036795,-60.5951359,-62.79927885,-60.59238655,-62.79982974,-60.59376821,4.85643E-08
689,206,1,-98.483787,1.527753,-88.854202,250,125,20040211, 07:59:10.0000,-62.79875008,-60.59100435,-62.79772904,-60.58826633,-62.79822974,-60.58961821,3.54455E-08
689,207,1,-86.003734,27.043221,-72.127597,250,125,20040211, 08:00:10.0000,-62.79721346,-60.58691923,-62.79616218,-60.58418249,-62.79669641,-60.58556821,6.27432E-07
689,208,1,-95.447715,3.073692,-85.197479,250,125,20040211, 08:00:50.0000,-62.79562885,-60.58279915,-62.79511308,-60.58143487,-62.79562885,-60.58279915,7.1313E-08
689,209,1,-90.72398,9.120818,-74.060091,250,125,20040211, 08:01:50.0000,-62.79457974,-60.58005154,-62.79354571,-60.57727045,-62.79406256,-60.5786835,2.11613E-07
689,210,1,-90.967382,8.623701,-76.23692,250,125,20040211, 08:02:50.0000,-62.79302974,-60.57583487,-62.79202974,-60.5729059,-62.79251366,-60.57435764,2.00079E-07
689,211,1,-92.243349,6.428312,-83.54465,250,125,20040211, 08:03:30.0000,-62.79152885,-60.57148655,-62.79102867,-60.570082,-62.79152885,-60.57148655,1.49144E-07
689,212,1,-92.527463,6.021235,-80.011938,250,125,20040211, 08:04:30.0000,-62.79051366,-60.56871976,-62.78946346,-60.5659859,-62.78999552,-60.56735321,1.39699E-07
689,213,1,-91.046179,8.468645,-79.650764,250,125,20040211, 08:05:30.0000,-62.78893013,-60.56460705,-62.78789589,-60.56185016,-62.78841206,-60.56321549,1.96482E-07
689,214,1,-77.304808,200.424598,-58.085395,250,125,20040211, 08:06:30.0000,-62.78737974,-60.56050154,-62.78634533,-60.557732,-62.78687885,-60.55911988,4.65007E-06
689,215,1,-89.719336,11.494716,-80.274882,250,125,20040211, 08:07:10.0000,-62.78581308,-60.55635154,-62.78529641,-60.5550059,-62.78581308,-60.55635154,2.6669E-07
689,216,1,-91.022649,8.514653,-80.03161,250,125,20040211, 08:08:10.0000,-62.78478013,-60.55365256,-62.78372885,-60.55096582,-62.78425008,-60.55231683,1.97549E-07
689,217,1,-94.564339,3.76702,-82.913219,250,125,20040211, 08:09:10.0000,-62.78319641,-60.54960154,-62.78216206,-60.54689883,-62.78267974,-60.54825154,8.73989E-08
689,218,1,-94.689481,3.660022,-82.28184,250,125,20040211, 08:10:10.0000,-62.78162917,-60.54555,-62.78057974,-60.54285154,-62.78109641,-60.54420154,8.49165E-08
689,219,1,-93.899346,4.390331,-81.883234,250,125,20040211, 08:10:50.0000,-62.78004552,-60.54146582,-62.77951366,-60.54009098,-62.78004552,-60.54146582,1.0186E-07
689,220,1,-65.343437,3148.38697,-48.06304,250,125,20040211, 08:11:50.0000,-62.77898291,-60.53873249,-62.77793401,-60.53601803,-62.77846675,-60.5373835,7.3046E-05
689,221,1,-76.974935,216.241146,-57.02596,250,125,20040211, 08:12:50.0000,-62.77741301,-60.53468469,-62.77636348,-60.53198595,-62.77689552,-60.53334915,5.01703E-06
689,222,1,-92.632242,5.877704,-81.165138,250,125,20040211, 08:13:50.0000,-62.77584533,-60.53061533,-62.77478015,-60.52785711,-62.77530008,-60.5292335,1.36369E-07
689,223,1,-95.278519,3.195803,-82.240242,250,125,20040211, 08:14:30.0000,-62.77426218,-60.52646582,-62.77372923,-60.52506683,-62.77426218,-60.52646582,7.41461E-08
689,224,1,-93.150696,5.216297,-81.862105,250,125,20040211, 08:15:30.0000,-62.77321301,-60.52368903,-62.77215008,-60.52093768,-62.77267885,-60.52229915,1.21024E-07
689,225,1,-86.817798,22.420848,-77.511028,250,125,20040211, 08:16:30.0000,-62.77163015,-60.51956928,-62.77058008,-60.51681911,-62.77111341,-60.51820244,5.20188E-07
689,226,1,-89.479288,12.147951,-80.631158,250,125,20040211, 08:17:30.0000,-62.77007995,-60.51545209,-62.76906341,-60.51271911,-62.76957949,-60.51408419,2.81846E-07
689,227,1,-87.159009,20.726739,-78.904282,250,125,20040211, 08:18:10.0000,-62.76854949,-60.51134899,-62.7680286,-60.5100445,-62.76854949,-60.51134899,4.80883E-07
689,228,1,-89.205868,12.93734,-78.433548,250,125,20040211, 08:19:10.0000,-62.76747995,-60.50898881,-62.76566675,-60.50751667,-62.76688008,-60.50821789,3.0016E-07
689,229,1,-90.79564,8.971557,-78.164691,250,125,20040211, 08:20:50.0000,-62.76511308,-60.50749564,-62.76347538,-60.5090659,-62.76416256,-60.50800411,2.0815E-07
689,230,1,-88.914934,13.833704,-79.363322,250,125,20040211, 08:22:50.0000,-62.76323739,-60.50970042,-62.76245,-60.51319128,-62.76268789,-60.51143634,3.20957E-07
689,231,1,-82.238891,64.34914,-56.574917,250,125,20040211, 08:27:50.0000,-62.7625,-60.51354133,-62.76331667,-60.51709573,-62.76301667,-60.51572496,1.49297E-06
689,232,1,-84.538346,37.89634,-64.795015,250,125,20040211, 08:35:50.0000,-62.76335,-60.51726256,-62.76416667,-60.52067906,-62.76388333,-60.51949573,8.79236E-07
689,233,1,-85.956638,27.33808,-62.907719,250,125,20040211, 08:47:10.0000,-62.76418333,-60.52073333,-62.76493333,-60.52389581,-62.76433333,-60.52176667,6.34273E-07
689,234,1,-84.541054,37.872719,-70.390275,250,125,20040211, 08:57:50.0000,-62.76496667,-60.52402915,-62.76596248,-60.52716248,-62.76543333,-60.52553333,8.78688E-07
689,235,1,-87.204513,20.510701,-72.90956,250,125,20040211, 09:06:30.0000,-62.76601667,-60.52729581,-62.76685,-60.53067902,-62.7664,-60.52873333,4.7587E-07
689,236,1,-87.578056,18.820287,-76.944871,250,125,20040211, 09:13:30.0000,-62.76686667,-60.53082902,-62.76844179,-60.52973308,-62.76724569,-60.53148333,4.36651E-07
689,237,1,-90.977526,8.60358,-79.105977,250,125,20040211, 09:15:50.0000,-62.7687758,-60.52916131,-62.76995499,-60.5272989,-62.76913818,-60.52851576,1.99612E-07
689,238,1,-97.128337,2.087364,-84.531152,250,125,20040211, 09:17:10.0000,-62.77042151,-60.52666576,-62.77197145,-60.52471584,-62.77090374,-60.5260339,4.84291E-08
689,239,1,-97.102074,2.100025,-83.725147,250,125,20040211, 09:18:30.0000,-62.77253451,-60.52407828,-62.77368293,-60.52268374,-62.77308769,-60.52340385,4.87228E-08
689,240,1,-67.315128,1999.48904,-46.890927,250,125,20040211, 09:19:30.0000,-62.77426785,-60.52191936,-62.77616749,-60.51989917,-62.77487191,-60.52114856,4.63903E-05
689,241,1,-93.511051,4.800946,-82.916344,250,125,20040211, 09:20:50.0000,-62.776818,-60.51932817,-62.77821692,-60.51816231,-62.7775121,-60.51873365,1.11387E-07
689,242,1,-88.500208,15.219874,-78.597063,250,125,20040211, 09:21:50.0000,-62.77893096,-60.51757809,-62.78043276,-60.5163839,-62.77966363,-60.51697849,3.53117E-07
689,243,1,-76.901478,219.929768,-57.542961,250,125,20040211, 09:22:30.0000,-62.7812143,-60.51575237,-62.7819802,-60.51509521,-62.7812143,-60.51575237,5.10261E-06
689,244,1,-73.598606,470.5126,-53.499057,250,125,20040211, 09:23:30.0000,-62.78276282,-60.51442897,-62.7843681,-60.5131319,-62.78354763,-60.5137819,1.09164E-05
689,245,1,-93.695825,4.600969,-83.633499,250,125,20040211, 09:24:10.0000,-62.78521282,-60.51249974,-62.78606282,-60.51184974,-62.78521282,-60.51249974,1.06747E-07
689,246,1,-69.813561,1124.801104,-50.432223,250,125,20040211, 09:25:10.0000,-62.78692989,-60.51115345,-62.78865998,-60.50973223,-62.78779472,-60.51045089,2.60966E-05
689,247,1,-78.807977,141.786255,-68.345051,250,125,20040211, 09:25:50.0000,-62.78952866,-60.5090504,-62.79039533,-60.5084004,-62.78952866,-60.5090504,3.28959E-06
689,248,1,-85.129622,33.072698,-72.628623,250,125,20040211, 09:26:30.0000,-62.79130998,-60.50778223,-62.79222586,-60.50712874,-62.79130998,-60.50778223,7.67322E-07
689,249,1,-83.343637,49.896275,-75.412845,250,125,20040211, 09:27:30.0000,-62.79314367,-60.506432,-62.79494655,-60.50467414,-62.79404721,-60.50560668,1.15765E-06
689,250,1,-85.203341,32.516045,-67.283036,250,125,20040211, 09:28:10.0000,-62.79584069,-60.50375498,-62.79675833,-60.50285417,-62.79584069,-60.50375498,7.54407E-07
689,251,1,-87.622733,18.627671,-76.903367,250,125,20040211, 09:28:50.0000,-62.79769332,-60.50195279,-62.79864167,-60.50099167,-62.79769332,-60.50195279,4.32182E-07
689,252,1,-86.143771,26.185128,-70.25988,250,125,20040211, 09:29:30.0000,-62.79959205,-60.49999128,-62.8005429,-60.49897772,-62.79959205,-60.49999128,6.07523E-07
689,253,1,-85.685162,29.101521,-69.510335,250,125,20040211, 09:30:10.0000,-62.80147415,-60.49797585,-62.80244343,-60.49700269,-62.80147415,-60.49797585,6.75187E-07
689,254,1,-96.808911,2.246678,-84.049597,250,125,20040211, 09:30:50.0000,-62.80339367,-60.4960525,-62.80437538,-60.49512462,-62.80339367,-60.4960525,5.21253E-08
689,255,1,-82.106033,66.348107,-60.705357,250,125,20040211, 09:31:50.0000,-62.8053601,-60.49412323,-62.8072929,-60.49219043,-62.8063121,-60.49315881,1.53935E-06
689,256,1,-100.719779,0.912965,-89.561314,250,125,20040211, 09:32:30.0000,-62.80827716,-60.49122284,-62.80925969,-60.49025304,-62.80827716,-60.49122284,2.11818E-08
689,257,1,-88.367976,15.690408,-70.108697,250,125,20040211, 09:33:10.0000,-62.81022677,-60.48927323,-62.81124367,-60.488273,-62.81022677,-60.48927323,3.64034E-07
689,258,1,-101.03607,0.848838,-89.876755,250,125,20040211, 09:33:50.0000,-62.81222624,-60.4873071,-62.81324081,-60.48632585,-62.81222624,-60.4873071,1.9694E-08
689,259,1,-100.643804,0.929076,-87.857388,250,125,20040211, 09:34:30.0000,-62.81424343,-60.4853399,-62.8152244,-60.48435894,-62.81424343,-60.4853399,2.15556E-08
689,260,1,-94.849637,3.527509,-76.24538,250,125,20040211, 09:35:10.0000,-62.81620872,-60.48334128,-62.8172101,-60.48229377,-62.81620872,-60.48334128,8.1842E-08
689,261,1,-93.177393,5.184328,-75.848962,250,125,20040211, 09:35:50.0000,-62.81821049,-60.48128951,-62.8192101,-60.48029377,-62.81821049,-60.48128951,1.20282E-07
689,262,1,-100.42566,0.976935,-89.71726,250,125,20040211, 09:36:30.0000,-62.82021049,-60.47927284,-62.82119382,-60.47825618,-62.82021049,-60.47927284,2.2666E-08
689,263,1,-101.795924,0.71259,-91.192675,250,125,20040211, 09:37:10.0000,-62.82219382,-60.47723951,-62.82317716,-60.47621904,-62.82219382,-60.47723951,1.65329E-08
689,264,1,-101.414842,0.777943,-91.391892,250,125,20040211, 09:37:50.0000,-62.82417538,-60.47519538,-62.82517538,-60.47420795,-62.82417538,-60.47519538,1.80491E-08
689,265,1,-100.930637,0.869697,-90.42202,250,125,20040211, 09:38:30.0000,-62.82615872,-60.47320795,-62.82714382,-60.47218951,-62.82615872,-60.47320795,2.01779E-08
689,266,1,-84.251271,40.485987,-66.164883,250,125,20040211, 09:39:10.0000,-62.82810872,-60.47115795,-62.82907739,-60.47015595,-62.82810872,-60.47115795,9.39319E-07
689,267,1,-96.409993,2.462819,-79.057701,250,125,20040211, 09:39:50.0000,-62.83004543,-60.46915881,-62.83094696,-60.46790213,-62.83004543,-60.46915881,5.71401E-08
689,268,1,-100.116845,1.048932,-87.325488,250,125,20040211, 09:40:30.0000,-62.8317181,-60.46632521,-62.83236635,-60.46446763,-62.8317181,-60.46632521,2.43364E-08
689,269,1,-101.26124,0.805949,-91.338272,250,125,20040211, 09:41:10.0000,-62.83282513,-60.46237,-62.83306256,-60.46015333,-62.83282513,-60.46237,1.86989E-08
689,270,1,-101.503669,0.762193,-89.245493,250,125,20040211, 09:42:10.0000,-62.83313333,-60.45782042,-62.83318333,-60.45306026,-62.83316667,-60.45547291,1.76837E-08
689,271,1,-104.170722,0.412439,-91.007643,250,125,20040211, 09:42:50.0000,-62.83318333,-60.45063957,-62.8332,-60.44819359,-62.83318333,-60.45063957,9.56903E-09
689,272,1,-104.362061,0.394662,-93.046633,250,125,20040211, 09:43:30.0000,-62.83321667,-60.44576026,-62.83324614,-60.44327455,-62.83321667,-60.44576026,9.15659E-09
689,273,1,-106.441804,0.244485,-95.379491,250,125,20040211, 09:44:10.0000,-62.83326667,-60.44082291,-62.83328333,-60.43832692,-62.83326667,-60.44082291,5.6723E-09
689,274,1,-103.24941,0.509907,-87.384984,250,125,20040211, 09:44:50.0000,-62.83328333,-60.43584359,-62.8333,-60.43337692,-62.83328333,-60.43584359,1.18304E-08
689,275,1,-100.61846,0.934514,-87.843249,250,125,20040211, 09:45:30.0000,-62.83328333,-60.43091026,-62.83328333,-60.43091026,-62.83328333,-60.43091026,2.16817E-08
689,276,1,-100.629566,0.932127,-87.195254,250,125,20040211, 09:45:50.0000,-62.83328333,-60.42842692,-62.8333,-60.42591026,-62.83328333,-60.42842692,2.16264E-08
689,277,1,-99.304321,1.264736,-86.052008,250,125,20040211, 09:46:30.0000,-62.83331667,-60.42337692,-62.83333333,-60.42086026,-62.83331667,-60.42337692,2.93432E-08
689,278,1,-96.532958,2.394066,-82.70027,250,125,20040211, 09:47:10.0000,-62.83334598,-60.41832692,-62.83335,-60.41576026,-62.83334598,-60.41832692,5.55449E-08
689,279,1,-93.479859,4.835551,-82.045619,250,125,20040211, 09:47:50.0000,-62.83331667,-60.41319675,-62.8333,-60.41064583,-62.83331667,-60.41319675,1.1219E-07
689,280,1,-95.435144,3.082602,-83.405023,250,125,20040211, 09:48:30.0000,-62.83328333,-60.4081,-62.83326667,-60.40552917,-62.83328333,-60.4081,7.15197E-08
689,281,1,-98.930494,1.378423,-86.369219,250,125,20040211, 09:49:10.0000,-62.83328333,-60.40297917,-62.8333,-60.40040956,-62.83328333,-60.40297917,3.19809E-08
689,282,1,-94.620472,3.718644,-82.466297,250,125,20040211, 09:49:50.0000,-62.83331667,-60.39786667,-62.8333,-60.3953,-62.83331667,-60.39786667,8.62766E-08
689,283,1,-94.357119,3.951117,-81.853481,250,125,20040211, 09:50:30.0000,-62.83328333,-60.39273333,-62.83328333,-60.39019583,-62.83328333,-60.39273333,9.16702E-08
689,284,1,-96.88619,2.207054,-83.137736,250,125,20040211, 09:51:10.0000,-62.83328333,-60.38761667,-62.83326667,-60.3850625,-62.83328333,-60.38761667,5.1206E-08
689,285,1,-99.396071,1.238297,-87.386547,250,125,20040211, 09:51:50.0000,-62.83328333,-60.3825125,-62.83328333,-60.37993333,-62.83328333,-60.3825125,2.87298E-08
689,286,1,-99.358692,1.249001,-86.484159,250,125,20040211, 09:52:30.0000,-62.83328333,-60.37736634,-62.83328333,-60.37482124,-62.83328333,-60.37736634,2.89782E-08
689,287,1,-99.347808,1.252135,-86.399851,250,125,20040211, 09:53:10.0000,-62.83328333,-60.37227886,-62.8333,-60.36969259,-62.83328333,-60.37227886,2.90509E-08
689,288,1,-97.582053,1.880297,-86.646352,250,125,20040211, 09:53:50.0000,-62.8333,-60.36713301,-62.8333,-60.36713301,-62.8333,-60.36713301,4.36249E-08
689,289,1,-96.269393,2.543856,-84.321144,250,125,20040211, 09:54:10.0000,-62.8333,-60.36454553,-62.8333,-60.36195821,-62.8333,-60.36454553,5.90202E-08
689,290,1,-99.348231,1.252013,-84.971129,250,125,20040211, 09:54:50.0000,-62.83331667,-60.35942886,-62.83331667,-60.35689967,-62.83331667,-60.35942886,2.90481E-08
689,291,1,-98.461779,1.535515,-87.039405,250,125,20040211, 09:55:30.0000,-62.8333297,-60.35432487,-62.83333333,-60.3517622,-62.8333297,-60.35432487,3.56256E-08
689,292,1,-97.698299,1.830636,-84.775177,250,125,20040211, 09:56:10.0000,-62.83331667,-60.34916634,-62.83333333,-60.34657487,-62.83331667,-60.34916634,4.24727E-08
689,293,1,-100.96876,0.862096,-87.047582,250,125,20040211, 09:56:50.0000,-62.83332968,-60.34399184,-62.83333333,-60.34141634,-62.83332968,-60.34399184,2.00016E-08
689,294,1,-94.865451,3.514688,-80.320092,250,125,20040211, 09:57:30.0000,-62.83335,-60.33883301,-62.83335,-60.3362622,-62.83335,-60.33883301,8.15446E-08
689,295,1,-94.752983,3.606895,-78.542364,250,125,20040211, 09:58:10.0000,-62.83336667,-60.33369967,-62.83336667,-60.3310879,-62.83336667,-60.33369967,8.36839E-08
689,296,1,-86.810377,22.459191,-72.487739,250,125,20040211, 09:58:50.0000,-62.83333333,-60.32848301,-62.83331667,-60.32586634,-62.83333333,-60.32848301,5.21077E-07
689,297,1,-88.487669,15.263879,-74.696961,250,125,20040211, 09:59:30.0000,-62.8333,-60.32326634,-62.8333,-60.32066634,-62.8333,-60.32326634,3.54138E-07
689,298,1,-89.864225,11.117557,-78.006041,250,125,20040211, 10:00:10.0000,-62.83328748,-60.31808301,-62.83328748,-60.31808301,-62.83328748,-60.31808301,2.57939E-07
689,299,1,-88.472089,15.318735,-74.071401,250,125,20040211, 10:00:30.0000,-62.83326667,-60.31544154,-62.83325,-60.31286634,-62.83326667,-60.31544154,3.55411E-07
689,300,1,-87.07871,21.11353,-72.899599,250,125,20040211, 10:01:10.0000,-62.83325,-60.31024553,-62.83325,-60.30761634,-62.83325,-60.31024553,4.89857E-07
689,301,1,-94.463996,3.85507,-80.483226,250,125,20040211, 10:01:50.0000,-62.83325,-60.30502886,-62.83325,-60.30243301,-62.83325,-60.30502886,8.94418E-08
689,302,1,-90.977614,8.603406,-77.853901,250,125,20040211, 10:02:30.0000,-62.83321667,-60.29984553,-62.8332,-60.29724967,-62.83321667,-60.29984553,1.99608E-07
689,303,1,-89.036349,13.452312,-75.72895,250,125,20040211, 10:03:10.0000,-62.83316667,-60.29461634,-62.83315,-60.29202886,-62.83316667,-60.29461634,3.12108E-07
689,304,1,-94.924051,3.467582,-79.716719,250,125,20040211, 10:03:50.0000,-62.83316667,-60.28944553,-62.83315,-60.2868622,-62.83316667,-60.28944553,8.04516E-08
689,305,1,-83.848103,44.424397,-70.17315,250,125,20040211, 10:04:30.0000,-62.83311667,-60.28423301,-62.8331,-60.28159553,-62.83311667,-60.28423301,1.03069E-06
689,306,1,-100.04629,1.066112,-90.111373,250,125,20040211, 10:05:10.0000,-62.83308748,-60.27899553,-62.83308748,-60.27899553,-62.83308748,-60.27899553,2.4735E-08
689,307,1,-97.342233,1.987049,-84.736742,250,125,20040211, 10:05:30.0000,-62.83305415,-60.27639967,-62.83305,-60.27378398,-62.83305415,-60.27639967,4.61017E-08
689,308,1,-101.454059,0.770949,-87.773501,250,125,20040211, 10:06:10.0000,-62.83305,-60.2711622,-62.83305,-60.2685622,-62.83305,-60.2711622,1.78869E-08
689,309,1,-101.462155,0.769514,-87.907533,250,125,20040211, 10:06:50.0000,-62.83303333,-60.26594967,-62.83303333,-60.2633622,-62.83303333,-60.26594967,1.78536E-08
689,310,1,-96.187962,2.592004,-80.58966,250,125,20040211, 10:07:30.0000,-62.83301667,-60.26076634,-62.83300415,-60.2582122,-62.83301667,-60.26076634,6.01373E-08
689,311,1,-93.362155,4.968397,-79.966763,250,125,20040211, 10:08:10.0000,-62.83298333,-60.25562886,-62.83296667,-60.25301634,-62.83298333,-60.25562886,1.15272E-07
689,312,1,-94.045651,4.244893,-83.170163,250,125,20040211, 10:08:50.0000,-62.83296667,-60.25044553,-62.83295,-60.24787886,-62.83296667,-60.25044553,9.84861E-08
689,313,1,-94.641997,3.700259,-82.552222,250,125,20040211, 10:09:30.0000,-62.83293333,-60.24532794,-62.83291667,-60.24276127,-62.83293333,-60.24532794,8.585E-08
689,314,1,-91.272321,8.038958,-77.32286,250,125,20040211, 10:10:10.0000,-62.8329,-60.24018203,-62.83288333,-60.23763203,-62.8329,-60.24018203,1.86512E-07
689,315,1,-92.273563,6.383745,-79.333462,250,125,20040211, 10:10:50.0000,-62.83286667,-60.23506536,-62.83286667,-60.23251536,-62.83286667,-60.23506536,1.4811E-07
689,316,1,-89.739689,11.440971,-78.535605,250,125,20040211, 10:11:30.0000,-62.83285,-60.22995714,-62.83285,-60.22995714,-62.83285,-60.22995714,2.65443E-07
689,317,1,-93.176084,5.185891,-80.588495,250,125,20040211, 10:11:50.0000,-62.83283333,-60.22742794,-62.83281667,-60.22489461,-62.83283333,-60.22742794,1.20318E-07
689,318,1,-86.884303,22.080123,-69.553869,250,125,20040211, 10:12:30.0000,-62.83281667,-60.22235357,-62.8328,-60.21981127,-62.83281667,-60.22235357,5.12283E-07
689,319,1,-98.209019,1.627534,-87.290432,250,125,20040211, 10:13:10.0000,-62.83278333,-60.21727794,-62.83276667,-60.21472794,-62.83278333,-60.21727794,3.77605E-08
689,320,1,-98.561407,1.50069,-84.290429,250,125,20040211, 10:13:50.0000,-62.83275407,-60.21219431,-62.83275,-60.20963171,-62.83275407,-60.21219431,3.48176E-08
689,321,1,-105.176964,0.327141,-90.400617,250,125,20040211, 10:14:30.0000,-62.83273333,-60.20709431,-62.83271667,-60.20453171,-62.83273333,-60.20709431,7.59003E-09
689,322,1,-103.94693,0.434249,-91.912781,250,125,20040211, 10:15:10.0000,-62.8327,-60.20199431,-62.83265,-60.19944431,-62.8327,-60.20199431,1.00751E-08
689,323,1,-102.223626,0.645757,-89.37479,250,125,20040211, 10:15:50.0000,-62.83261667,-60.19691098,-62.8326,-60.19436098,-62.83261667,-60.19691098,1.49823E-08
689,324,1,-88.770768,14.300625,-69.509982,250,125,20040211, 10:16:30.0000,-62.83261667,-60.19182764,-62.83265,-60.18929431,-62.83261667,-60.19182764,3.3179E-07
689,325,1,-99.089644,1.328824,-86.123047,250,125,20040211, 10:17:10.0000,-62.83264593,-60.18679431,-62.83266667,-60.18431098,-62.83264593,-60.18679431,3.08302E-08
689,326,1,-100.464649,0.968204,-85.892906,250,125,20040211, 10:17:50.0000,-62.83268333,-60.18179431,-62.8327,-60.17926098,-62.83268333,-60.18179431,2.24634E-08
689,327,1,-99.709816,1.151994,-84.465579,250,125,20040211, 10:18:30.0000,-62.83273333,-60.17673718,-62.83273333,-60.17421098,-62.83273333,-60.17673718,2.67275E-08
689,328,1,-102.373737,0.623818,-91.254257,250,125,20040211, 10:19:10.0000,-62.83271667,-60.17166504,-62.8327,-60.16909431,-62.83271667,-60.17166504,1.44733E-08
689,329,1,-99.128397,1.317019,-86.48284,250,125,20040211, 10:19:50.0000,-62.83268333,-60.16654491,-62.83268333,-60.16396504,-62.83268333,-60.16654491,3.05563E-08
689,330,1,-99.584305,1.185772,-90.808137,250,125,20040211, 10:20:30.0000,-62.83268333,-60.16141098,-62.83268333,-60.16141098,-62.83268333,-60.16141098,2.75112E-08
689,331,1,-101.25133,0.807791,-89.240706,250,125,20040211, 10:20:50.0000,-62.83268333,-60.15886504,-62.83266667,-60.15631504,-62.83268333,-60.15886504,1.87416E-08
689,332,1,-92.427088,6.162019,-75.075281,250,125,20040211, 10:21:30.0000,-62.83265,-60.1537533,-62.83265,-60.15121098,-62.83265,-60.1537533,1.42965E-07
689,333,1,-99.062052,1.337293,-85.193912,250,125,20040211, 10:22:10.0000,-62.83263333,-60.14864837,-62.83261667,-60.14606997,-62.83263333,-60.14864837,3.10266E-08
689,334,1,-97.669582,1.842781,-83.734695,250,125,20040211, 10:22:50.0000,-62.8326,-60.14351098,-62.83258333,-60.14094837,-62.8326,-60.14351098,4.27545E-08
689,335,1,-96.856423,2.222233,-82.256583,250,125,20040211, 10:23:30.0000,-62.83256667,-60.13839431,-62.83255,-60.13582764,-62.83256667,-60.13839431,5.15582E-08
689,336,1,-92.973219,5.433879,-73.663285,250,125,20040211, 10:24:10.0000,-62.83255,-60.13326504,-62.83255,-60.13069431,-62.83255,-60.13326504,1.26072E-07
689,337,1,-103.297514,0.50429,-87.905886,250,125,20040211, 10:24:50.0000,-62.83255,-60.12814431,-62.83256667,-60.12558171,-62.83255,-60.12814431,1.17001E-08
689,338,1,-105.303591,0.317741,-92.744342,250,125,20040211, 10:25:30.0000,-62.83256667,-60.12301098,-62.83256667,-60.12044431,-62.83256667,-60.12301098,7.37192E-09
689,339,1,-91.620901,7.418938,-73.399063,250,125,20040211, 10:26:10.0000,-62.83255,-60.11788171,-62.83255,-60.11531997,-62.83255,-60.11788171,1.72127E-07
689,340,1,-86.332919,25.069168,-70.335462,250,125,20040211, 10:26:50.0000,-62.83256667,-60.11276504,-62.8326,-60.11021098,-62.83256667,-60.11276504,5.81632E-07
689,341,1,-102.096354,0.664961,-88.627722,250,125,20040211, 10:27:30.0000,-62.83261667,-60.1076533,-62.83263333,-60.10514431,-62.83261667,-60.1076533,1.54278E-08
689,342,1,-100.478654,0.965087,-89.234628,250,125,20040211, 10:28:10.0000,-62.83265,-60.10261504,-62.83265,-60.10261504,-62.83265,-60.10261504,2.23911E-08
689,343,1,-96.878639,2.210894,-80.481937,250,125,20040211, 10:28:30.0000,-62.83268333,-60.10009431,-62.8327,-60.09754837,-62.83268333,-60.10009431,5.12951E-08
689,344,1,-102.8092,0.564302,-88.630675,250,125,20040211, 10:29:10.0000,-62.83272978,-60.09501997,-62.83275,-60.09247821,-62.83272978,-60.09501997,1.30924E-08
689,345,1,-95.545162,3.005493,-81.672804,250,125,20040211, 10:29:50.0000,-62.83276667,-60.08994103,-62.83278333,-60.08737789,-62.83276667,-60.08994103,6.97307E-08
689,346,1,-99.7078,1.152529,-84.278668,250,125,20040211, 10:30:30.0000,-62.83281667,-60.08484073,-62.83285,-60.0823074,-62.83281667,-60.08484073,2.67399E-08
689,347,1,-97.158674,2.072834,-81.152336,250,125,20040211, 10:31:10.0000,-62.83285,-60.0797574,-62.83286667,-60.07722672,-62.83285,-60.0797574,4.8092E-08
689,348,1,-90.360144,9.917847,-74.844029,250,125,20040211, 10:31:50.0000,-62.83286667,-60.07469338,-62.83288333,-60.07216405,-62.83286667,-60.07469338,2.30105E-07
689,349,1,-93.856502,4.433857,-78.951889,250,125,20040211, 10:32:30.0000,-62.83291667,-60.06961005,-62.83295,-60.06704338,-62.83291667,-60.06961005,1.0287E-07
689,350,1,-98.597197,1.488374,-84.370358,250,125,20040211, 10:33:10.0000,-62.83295,-60.06449338,-62.83296667,-60.06192672,-62.83295,-60.06449338,3.45319E-08
689,351,1,-83.513168,47.986057,-71.287028,250,125,20040211, 10:33:50.0000,-62.83295,-60.05936005,-62.83298333,-60.05679073,-62.83295,-60.05936005,1.11333E-06
689,352,1,-84.764644,35.972236,-67.680151,250,125,20040211, 10:34:30.0000,-62.833,-60.05421017,-62.83301667,-60.0516435,-62.833,-60.05421017,8.34595E-07
689,353,1,-97.675391,1.840317,-85.535247,250,125,20040211, 10:35:10.0000,-62.83303333,-60.04907308,-62.83304624,-60.04651017,-62.83303333,-60.04907308,4.26974E-08
689,354,1,-95.098235,3.331258,-80.047552,250,125,20040211, 10:35:50.0000,-62.83305,-60.04393752,-62.83306667,-60.04137684,-62.83305,-60.04393752,7.72888E-08
689,355,1,-99.428199,1.22917,-88.228598,250,125,20040211, 10:36:30.0000,-62.83308333,-60.03882684,-62.83308333,-60.03882684,-62.83308333,-60.03882684,2.85181E-08
689,356,1,-92.141381,6.581028,-76.113303,250,125,20040211, 10:36:50.0000,-62.8331,-60.03625641,-62.8331,-60.03368974,-62.8331,-60.03625641,1.52687E-07
689,357,1,-97.310091,2.001809,-85.726253,250,125,20040211, 10:37:30.0000,-62.83311667,-60.03112684,-62.83311667,-60.02856017,-62.83311667,-60.03112684,4.64441E-08
689,358,1,-98.557937,1.50189,-86.882555,250,125,20040211, 10:38:10.0000,-62.83311667,-60.02600641,-62.8331,-60.02347308,-62.83311667,-60.02600641,3.48455E-08
689,359,1,-92.758018,5.709921,-79.176805,250,125,20040211, 10:38:50.0000,-62.83308333,-60.02093974,-62.83308333,-60.01841017,-62.83308333,-60.02093974,1.32476E-07
689,360,1,-91.407465,7.792652,-78.211576,250,125,20040211, 10:39:30.0000,-62.8331,-60.01588779,-62.8331,-60.01332085,-62.8331,-60.01588779,1.80798E-07
689,361,1,-92.177173,6.527014,-79.854603,250,125,20040211, 10:40:10.0000,-62.83311667,-60.01075641,-62.83311667,-60.00820641,-62.83311667,-60.01075641,1.51434E-07
689,362,1,-91.416699,7.776102,-80.370169,250,125,20040211, 10:40:50.0000,-62.83302043,-60.00568974,-62.83275707,-60.00323636,-62.83302043,-60.00568974,1.80414E-07
689,363,1,-92.234907,6.44082,-80.463905,250,125,20040211, 10:41:30.0000,-62.83227717,-60.00097883,-62.83169904,-59.99876771,-62.83227717,-60.00097883,1.49434E-07
689,364,1,-92.665863,5.832377,-81.640093,250,125,20040211, 10:42:10.0000,-62.83113237,-59.99651771,-62.83054721,-59.99424856,-62.83113237,-59.99651771,1.35317E-07
689,365,1,-96.032935,2.6862,-83.618966,250,125,20040211, 10:42:50.0000,-62.82993112,-59.99199696,-62.82933081,-59.98969596,-62.82993112,-59.99199696,6.23227E-08
689,366,1,-92.288315,6.362097,-79.290893,250,125,20040211, 10:43:30.0000,-62.82874374,-59.9873819,-62.82874374,-59.9873819,-62.82874374,-59.9873819,1.47608E-07
689,367,1,-91.478438,7.666339,-77.308194,250,125,20040211, 10:43:50.0000,-62.82814778,-59.98508391,-62.82756195,-59.98280577,-62.82814778,-59.98508391,1.77867E-07
689,368,1,-91.551308,7.538779,-74.823887,250,125,20040211, 10:44:30.0000,-62.82696128,-59.98051556,-62.82633237,-59.97820497,-62.82696128,-59.98051556,1.74908E-07
689,369,1,-96.145985,2.617178,-84.130855,250,125,20040211, 10:45:10.0000,-62.82572795,-59.97583598,-62.82513171,-59.97351932,-62.82572795,-59.97583598,6.07214E-08
689,370,1,-93.909718,4.379858,-81.092518,250,125,20040211, 10:45:50.0000,-62.8245326,-59.97119309,-62.8239326,-59.96887244,-62.8245326,-59.97119309,1.01617E-07
689,371,1,-93.405413,4.919156,-79.074109,250,125,20040211, 10:46:30.0000,-62.82333054,-59.96654856,-62.8227275,-59.96426363,-62.82333054,-59.96654856,1.1413E-07
689,372,1,-94.489267,3.832703,-81.140692,250,125,20040211, 10:47:10.0000,-62.82211178,-59.96195497,-62.82211178,-59.96195497,-62.82211178,-59.96195497,8.89228E-08
689,373,1,-94.256296,4.043917,-80.615653,250,125,20040211, 10:47:30.0000,-62.82151041,-59.95964509,-62.82089927,-59.95732244,-62.82151041,-59.95964509,9.38232E-08
689,374,1,-93.822029,4.469191,-81.776494,250,125,20040211, 10:48:10.0000,-62.82029927,-59.95500179,-62.81969374,-59.9526819,-62.82029927,-59.95500179,1.0369E-07
689,375,1,-91.804127,7.112449,-78.952893,250,125,20040211, 10:48:50.0000,-62.8190826,-59.95038911,-62.81846387,-59.94811176,-62.8190826,-59.95038911,1.65016E-07
689,376,1,-87.815586,17.818587,-74.566946,250,125,20040211, 10:49:30.0000,-62.8178326,-59.94585577,-62.81716438,-59.94359673,-62.8178326,-59.94585577,4.1341E-07
689,377,1,-91.140561,8.286588,-75.181778,250,125,20040211, 10:50:10.0000,-62.81651504,-59.94133222,-62.81586593,-59.93908512,-62.81651504,-59.94133222,1.92258E-07
689,378,1,-95.920386,2.756724,-80.829512,250,125,20040211, 10:50:50.0000,-62.8152326,-59.93683911,-62.81459902,-59.93456765,-62.8152326,-59.93683911,6.3959E-08
689,379,1,-100.88759,0.878361,-90.38644,250,125,20040211, 10:51:30.0000,-62.81396361,-59.93228095,-62.81396361,-59.93228095,-62.81396361,-59.93228095,2.03789E-08
689,380,1,-96.273322,2.541556,-81.261786,250,125,20040211, 10:51:50.0000,-62.81333235,-59.93002157,-62.81268163,-59.92778571,-62.81333235,-59.93002157,5.89668E-08
689,381,1,-97.210001,2.04848,-87.101159,250,125,20040211, 10:52:30.0000,-62.81203027,-59.92552755,-62.81139902,-59.9232549,-62.81203027,-59.92552755,4.75269E-08
689,382,1,-95.461613,3.063872,-83.777067,250,125,20040211, 10:53:10.0000,-62.81076569,-59.9210049,-62.81013027,-59.91876429,-62.81076569,-59.9210049,7.10851E-08
689,383,1,-95.266079,3.20497,-84.196511,250,125,20040211, 10:53:50.0000,-62.80948105,-59.91653007,-62.80884721,-59.91427843,-62.80948105,-59.91653007,7.43588E-08
689,384,1,-93.238915,5.111405,-80.427231,250,125,20040211, 10:54:30.0000,-62.80821361,-59.91202755,-62.8075983,-59.90976531,-62.80821361,-59.91202755,1.1859E-07
689,385,1,-95.674297,2.917442,-87.187406,250,125,20040211, 10:55:10.0000,-62.80696569,-59.90753824,-62.80696569,-59.90753824,-62.80696569,-59.90753824,6.76878E-08
689,386,1,-92.164558,6.546,-79.403557,250,125,20040211, 10:55:30.0000,-62.80633137,-59.90528479,-62.80569803,-59.90304778,-62.80633137,-59.90528479,1.51874E-07
689,387,1,-92.378484,6.231369,-78.715139,250,125,20040211, 10:56:10.0000,-62.80504803,-59.90084778,-62.80439687,-59.89862733,-62.80504803,-59.90084778,1.44574E-07
689,388,1,-93.502432,4.810483,-81.433134,250,125,20040211, 10:56:50.0000,-62.80376419,-59.89636634,-62.80313228,-59.89413407,-62.80376419,-59.89636634,1.11608E-07
689,389,1,-91.955272,6.869175,-80.142432,250,125,20040211, 10:57:30.0000,-62.80248137,-59.89191444,-62.8018302,-59.88972733,-62.80248137,-59.89191444,1.59372E-07
689,390,1,-91.16748,8.235385,-79.903417,250,125,20040211, 10:58:10.0000,-62.80118047,-59.88754487,-62.80051354,-59.88532733,-62.80118047,-59.88754487,1.9107E-07
689,391,1,-93.027328,5.366598,-80.910496,250,125,20040211, 10:58:50.0000,-62.79986412,-59.88311256,-62.7992147,-59.88089778,-62.79986412,-59.88311256,1.24511E-07
689,392,1,-92.89304,5.535131,-81.318008,250,125,20040211, 10:59:30.0000,-62.79854803,-59.87865145,-62.79854803,-59.87865145,-62.79854803,-59.87865145,1.28421E-07
689,393,1,-94.535905,3.791764,-82.503433,250,125,20040211, 10:59:50.0000,-62.79789803,-59.87640145,-62.79724745,-59.87417923,-62.79789803,-59.87640145,8.7973E-08
689,394,1,-92.797557,5.658172,-78.501659,250,125,20040211, 11:00:30.0000,-62.79659803,-59.87194778,-62.79594803,-59.86969778,-62.79659803,-59.87194778,1.31276E-07
689,395,1,-72.517672,603.482478,-52.850313,250,125,20040211, 11:01:10.0000,-62.79528137,-59.86745145,-62.7946147,-59.86523111,-62.79528137,-59.86745145,1.40014E-05
689,396,1,-92.000821,6.797508,-82.180575,250,125,20040211, 11:01:50.0000,-62.79396531,-59.86299976,-62.79331561,-59.86078407,-62.79396531,-59.86299976,1.5771E-07
689,397,1,-79.92463,109.639955,-60.852068,250,125,20040211, 11:02:30.0000,-62.79266354,-59.85857733,-62.7920147,-59.85634778,-62.79266354,-59.85857733,2.54377E-06
689,398,1,-94.697795,3.653023,-81.677649,250,125,20040211, 11:03:10.0000,-62.79134894,-59.8541174,-62.79069687,-59.85188071,-62.79134894,-59.8541174,8.47541E-08
689,399,1,-97.153721,2.075199,-87.930352,250,125,20040211, 11:03:50.0000,-62.79004894,-59.8496674,-62.79004894,-59.8496674,-62.79004894,-59.8496674,4.81469E-08
689,400,1,-97.123347,2.089763,-85.392855,250,125,20040211, 11:04:10.0000,-62.78939504,-59.84743407,-62.78873137,-59.84521444,-62.78939504,-59.84743407,4.84848E-08
689,401,1,-94.376024,3.933956,-85.086616,250,125,20040211, 11:04:50.0000,-62.78807726,-59.84301256,-62.78743137,-59.84078479,-62.78807726,-59.84301256,9.1272E-08
689,402,1,-95.351909,3.142251,-86.095377,250,125,20040211, 11:05:30.0000,-62.78678137,-59.83854778,-62.78612726,-59.83631609,-62.78678137,-59.83854778,7.29036E-08
689,403,1,-96.438836,2.446517,-86.559227,250,125,20040211, 11:06:10.0000,-62.7854647,-59.83406812,-62.78479803,-59.83183111,-62.7854647,-59.83406812,5.67618E-08
689,404,1,-95.428667,3.087203,-85.682872,250,125,20040211, 11:06:50.0000,-62.78414745,-59.82959589,-62.7835147,-59.82736812,-62.78414745,-59.82959589,7.16264E-08
689,405,1,-95.542881,3.007071,-86.049354,250,125,20040211, 11:07:30.0000,-62.78284803,-59.82511444,-62.78284803,-59.82511444,-62.78284803,-59.82511444,6.97673E-08
689,406,1,-97.917564,1.740506,-86.88259,250,125,20040211, 11:07:50.0000,-62.78218228,-59.8228713,-62.78149803,-59.82061444,-62.78218228,-59.8228713,4.03816E-08
689,407,1,-97.699881,1.829969,-86.96439,250,125,20040211, 11:08:30.0000,-62.78084646,-59.81835934,-62.78019894,-59.8161174,-62.78084646,-59.81835934,4.24573E-08
689,408,1,-98.325148,1.584591,-87.251528,250,125,20040211, 11:09:10.0000,-62.77956561,-59.8138674,-62.77891561,-59.8116213,-62.77956561,-59.8138674,3.67642E-08
689,409,1,-94.297283,4.005932,-85.477922,250,125,20040211, 11:09:50.0000,-62.77824894,-59.80940073,-62.77756561,-59.80720073,-62.77824894,-59.80940073,9.29419E-08
689,410,1,-96.510496,2.40648,-87.6706,250,125,20040211, 11:10:30.0000,-62.77689894,-59.80498407,-62.77623228,-59.8027213,-62.77689894,-59.80498407,5.58329E-08
689,411,1,-96.027462,2.689587,-86.831046,250,125,20040211, 11:11:10.0000,-62.77556561,-59.80045463,-62.77556561,-59.80045463,-62.77556561,-59.80045463,6.24013E-08
689,412,1,-96.212775,2.577237,-86.695888,250,125,20040211, 11:11:30.0000,-62.77489745,-59.79817923,-62.77419803,-59.79593111,-62.77489745,-59.79817923,5.97947E-08
689,413,1,-95.06591,3.356146,-84.44083,250,125,20040211, 11:12:10.0000,-62.77351463,-59.79366786,-62.77281463,-59.79140119,-62.77351463,-59.79366786,7.78662E-08
689,414,1,-93.83517,4.455689,-82.259089,250,125,20040211, 11:12:50.0000,-62.77213129,-59.78913452,-62.77144796,-59.78683452,-62.77213129,-59.78913452,1.03377E-07
689,415,1,-94.452361,3.865412,-82.989403,250,125,20040211, 11:13:30.0000,-62.77076463,-59.78451786,-62.77008129,-59.78226786,-62.77076463,-59.78451786,8.96817E-08
689,416,1,-93.744032,4.550181,-83.998343,250,125,20040211, 11:14:10.0000,-62.76939796,-59.7800642,-62.76939796,-59.7800642,-62.76939796,-59.7800642,1.05569E-07
689,417,1,-96.527747,2.39694,-79.838198,250,125,20040211, 11:14:30.0000,-62.76868495,-59.77788087,-62.76801463,-59.77565119,-62.76868495,-59.77788087,5.56116E-08
689,418,1,-97.077248,2.112064,-84.635173,250,125,20040211, 11:15:10.0000,-62.76734796,-59.77343452,-62.76668129,-59.77123087,-62.76734796,-59.77343452,4.90022E-08
689,419,1,-98.89213,1.390653,-88.063228,250,125,20040211, 11:15:50.0000,-62.76599739,-59.76901234,-62.76533103,-59.76681333,-62.76599739,-59.76901234,3.22647E-08
689,420,1,-97.891917,1.750814,-88.348414,250,125,20040211, 11:16:30.0000,-62.76464769,-59.76460026,-62.76394769,-59.76238359,-62.76464769,-59.76460026,4.06208E-08
689,421,1,-95.111343,3.321219,-84.469774,250,125,20040211, 11:17:10.0000,-62.76328103,-59.76018,-62.76259769,-59.75798,-62.76328103,-59.76018,7.70559E-08
689,422,1,-97.234139,2.037126,-87.775343,250,125,20040211, 11:17:50.0000,-62.76191724,-59.75576494,-62.76124769,-59.75355026,-62.76191724,-59.75576494,4.72635E-08
689,423,1,-96.756462,2.273975,-86.752352,250,125,20040211, 11:18:30.0000,-62.76056436,-59.75133359,-62.76056436,-59.75133359,-62.76056436,-59.75133359,5.27587E-08
689,424,1,-98.747541,1.437731,-88.341644,250,125,20040211, 11:18:50.0000,-62.75989769,-59.74913359,-62.75919769,-59.74693,-62.75989769,-59.74913359,3.33569E-08
689,425,1,-99.322618,1.259418,-89.782039,250,125,20040211, 11:19:30.0000,-62.75851436,-59.74474667,-62.75784769,-59.74254667,-62.75851436,-59.74474667,2.92199E-08
689,426,1,-98.002729,1.706707,-86.912346,250,125,20040211, 11:20:10.0000,-62.75718103,-59.74033,-62.75651436,-59.73813,-62.75718103,-59.74033,3.95974E-08
689,427,1,-97.624514,1.862003,-88.01333,250,125,20040211, 11:20:50.0000,-62.75583046,-59.73594483,-62.75516436,-59.73376333,-62.75583046,-59.73594483,4.32005E-08
689,428,1,-98.060741,1.684061,-89.625351,250,125,20040211, 11:21:30.0000,-62.75449769,-59.73160026,-62.75383103,-59.72943,-62.75449769,-59.73160026,3.9072E-08
689,429,1,-97.674454,1.840714,-88.617495,250,125,20040211, 11:22:10.0000,-62.75314769,-59.72723,-62.75248103,-59.72505974,-62.75314769,-59.72723,4.27066E-08
689,430,1,-101.537769,0.756232,-90.687767,250,125,20040211, 11:22:50.0000,-62.75181379,-59.72287816,-62.75181379,-59.72287816,-62.75181379,-59.72287816,1.75454E-08
689,431,1,-99.726756,1.147509,-87.896317,250,125,20040211, 11:23:10.0000,-62.75114769,-59.72073,-62.75046436,-59.71859667,-62.75114769,-59.72073,2.66235E-08
689,432,1,-97.20333,2.051629,-87.141493,250,125,20040211, 11:23:50.0000,-62.74979713,-59.71646149,-62.74914713,-59.71429483,-62.74979713,-59.71646149,4.76E-08
689,433,1,-97.014053,2.143022,-86.025811,250,125,20040211, 11:24:30.0000,-62.74848103,-59.71213,-62.74781034,-59.70997816,-62.74848103,-59.71213,4.97204E-08
689,434,1,-97.666857,1.843937,-86.620961,250,125,20040211, 11:25:10.0000,-62.74714769,-59.70783,-62.7464632,-59.70567293,-62.74714769,-59.70783,4.27813E-08
689,435,1,-97.391564,1.964606,-85.225728,250,125,20040211, 11:25:50.0000,-62.74581528,-59.70353301,-62.74514862,-59.70138301,-62.74581528,-59.70353301,4.5581E-08
689,436,1,-98.492223,1.524788,-86.657359,250,125,20040211, 11:26:30.0000,-62.74449653,-59.69924289,-62.74383195,-59.69711634,-62.74449653,-59.69924289,3.53767E-08
689,437,1,-98.238254,1.616614,-86.420043,250,125,20040211, 11:27:10.0000,-62.74316528,-59.69496634,-62.7425132,-59.69280956,-62.74316528,-59.69496634,3.75072E-08
689,438,1,-79.597094,118.228561,-60.126539,250,125,20040211, 11:27:50.0000,-62.74186528,-59.69066634,-62.74121528,-59.68856634,-62.74186528,-59.69066634,2.74303E-06
689,439,1,-99.849051,1.115647,-90.337999,250,125,20040211, 11:28:30.0000,-62.7405632,-59.68645956,-62.7405632,-59.68645956,-62.7405632,-59.68645956,2.58842E-08
689,440,1,-103.470961,0.484547,-91.910713,250,125,20040211, 11:28:50.0000,-62.73989862,-59.68436634,-62.73924862,-59.68226634,-62.73989862,-59.68436634,1.1242E-08
689,441,1,-101.938218,0.68962,-90.954878,250,125,20040211, 11:29:30.0000,-62.7386132,-59.68014289,-62.73798195,-59.67801634,-62.7386132,-59.68014289,1.59999E-08
689,442,1,-99.58563,1.185411,-87.600104,250,125,20040211, 11:30:10.0000,-62.73733195,-59.67588301,-62.7366948,-59.67377919,-62.73733195,-59.67588301,2.75028E-08
689,443,1,-102.778712,0.568278,-90.10355,250,125,20040211, 11:30:50.0000,-62.73606146,-59.67164967,-62.73544862,-59.66948301,-62.73606146,-59.67164967,1.31847E-08
689,444,1,-103.212953,0.514205,-90.565169,250,125,20040211, 11:31:30.0000,-62.7348632,-59.66732623,-62.7342948,-59.66514967,-62.7348632,-59.66732623,1.19301E-08
689,445,1,-63.788472,4503.857138,-47.262229,250,125,20040211, 11:32:10.0000,-62.73371146,-59.6629535,-62.73309862,-59.66076634,-62.73371146,-59.6629535,0.000104494
689,446,1,-98.240786,1.615672,-84.499847,250,125,20040211, 11:32:50.0000,-62.73249837,-59.65861176,-62.73189762,-59.6564631,-62.73249837,-59.65861176,3.74853E-08
689,447,1,-98.46735,1.533546,-85.233391,250,125,20040211, 11:33:30.0000,-62.73129405,-59.65427976,-62.73069762,-59.65206667,-62.73129405,-59.65427976,3.55799E-08
689,448,1,-96.630584,2.340849,-85.475562,250,125,20040211, 11:34:10.0000,-62.73009762,-59.64988333,-62.72948095,-59.6477131,-62.73009762,-59.64988333,5.43102E-08
689,449,1,-94.876502,3.505756,-84.591742,250,125,20040211, 11:34:50.0000,-62.72886429,-59.64552976,-62.72826429,-59.64334643,-62.72886429,-59.64552976,8.13373E-08
689,450,1,-95.863746,2.792912,-84.897458,250,125,20040211, 11:35:30.0000,-62.72767738,-59.6411631,-62.72708039,-59.63897794,-62.72767738,-59.6411631,6.47986E-08
689,451,1,-96.180053,2.596729,-83.603092,250,125,20040211, 11:36:10.0000,-62.72648095,-59.63679643,-62.72648095,-59.63679643,-62.72648095,-59.63679643,6.02469E-08
689,452,1,-97.313753,2.000122,-85.474303,250,125,20040211, 11:36:30.0000,-62.72589762,-59.63459643,-62.72529762,-59.63244643,-62.72589762,-59.63459643,4.6405E-08
689,453,1,-99.391507,1.239599,-89.042293,250,125,20040211, 11:37:10.0000,-62.72469385,-59.63027889,-62.72407621,-59.62807789,-62.72469385,-59.63027889,2.876E-08
689,454,1,-96.975729,2.162016,-85.375738,250,125,20040211, 11:37:50.0000,-62.72355964,-59.62584179,-62.72311122,-59.62353569,-62.72355964,-59.62584179,5.01611E-08
689,455,1,-94.801019,3.567221,-81.349811,250,125,20040211, 11:38:30.0000,-62.72268976,-59.62117834,-62.72226122,-59.61883569,-62.72268976,-59.62117834,8.27634E-08
689,456,1,-97.509458,1.911992,-85.210845,250,125,20040211, 11:39:10.0000,-62.72185701,-59.61646573,-62.72147415,-59.61406902,-62.72185701,-59.61646573,4.43603E-08
689,457,1,-96.853106,2.223931,-86.510963,250,125,20040211, 11:39:50.0000,-62.72108976,-59.61171168,-62.72070748,-59.60931902,-62.72108976,-59.61171168,5.15976E-08
689,458,1,-96.508795,2.407422,-84.656535,250,125,20040211, 11:40:30.0000,-62.7203231,-59.60689822,-62.71997415,-59.60448569,-62.7203231,-59.60689822,5.58548E-08
689,459,1,-99.101597,1.325172,-86.536276,250,125,20040211, 11:41:10.0000,-62.71957789,-59.60208943,-62.71919081,-59.59970236,-62.71957789,-59.60208943,3.07454E-08
689,460,1,-95.781478,2.846322,-82.447633,250,125,20040211, 11:41:50.0000,-62.71879455,-59.59733569,-62.71841122,-59.59495236,-62.71879455,-59.59733569,6.60377E-08
689,461,1,-95.213927,3.243689,-81.546306,250,125,20040211, 11:42:30.0000,-62.71800964,-59.59259501,-62.71762415,-59.59025236,-62.71800964,-59.59259501,7.52571E-08
689,462,1,-98.269635,1.604975,-84.994837,250,125,20040211, 11:43:10.0000,-62.71722789,-59.5879061,-62.71684298,-59.58557834,-62.71722789,-59.5879061,3.72372E-08
689,463,1,-96.902487,2.198787,-86.552017,250,125,20040211, 11:43:50.0000,-62.71645748,-59.58325236,-62.71607415,-59.58093569,-62.71645748,-59.58325236,5.10142E-08
689,464,1,-97.000982,2.149481,-87.411683,250,125,20040211, 11:44:30.0000,-62.71565964,-59.57861168,-62.71525748,-59.57626902,-62.71565964,-59.57861168,4.98703E-08
689,465,1,-95.638182,2.941803,-84.043769,250,125,20040211, 11:45:10.0000,-62.71489455,-59.57395236,-62.71452415,-59.57165236,-62.71489455,-59.57395236,6.8253E-08
689,466,1,-97.429721,1.94742,-86.99262,250,125,20040211, 11:45:50.0000,-62.71414081,-59.56935236,-62.71377415,-59.56705236,-62.71414081,-59.56935236,4.51823E-08
689,467,1,-94.905976,3.482044,-84.719434,250,125,20040211, 11:46:30.0000,-62.71338976,-59.56472834,-62.71304034,-59.56241573,-62.71338976,-59.56472834,8.07872E-08
689,468,1,-97.616065,1.865629,-85.982822,250,125,20040211, 11:47:10.0000,-62.71269034,-59.56009906,-62.71232368,-59.55778239,-62.71269034,-59.56009906,4.32846E-08
689,469,1,-96.595012,2.360101,-83.810641,250,125,20040211, 11:47:50.0000,-62.71194385,-59.55546573,-62.71155701,-59.55318239,-62.71194385,-59.55546573,5.47569E-08
689,470,1,-99.113487,1.321548,-86.635024,250,125,20040211, 11:48:30.0000,-62.71120701,-59.55088239,-62.71087415,-59.54858569,-62.71120701,-59.55088239,3.06614E-08
689,471,1,-98.039099,1.692474,-87.465719,250,125,20040211, 11:49:10.0000,-62.71050701,-59.54629906,-62.71014034,-59.54401573,-62.71050701,-59.54629906,3.92672E-08
689,472,1,-99.770691,1.135959,-86.569678,250,125,20040211, 11:49:50.0000,-62.70975701,-59.54173239,-62.70935701,-59.53944556,-62.70975701,-59.54173239,2.63555E-08
689,473,1,-97.427301,1.948506,-87.114115,250,125,20040211, 11:50:30.0000,-62.70899034,-59.53714906,-62.7086067,-59.53489355,-62.70899034,-59.53714906,4.52074E-08
689,474,1,-99.32702,1.258143,-87.129486,250,125,20040211, 11:51:10.0000,-62.70824455,-59.53258569,-62.70787631,-59.53029179,-62.70824455,-59.53258569,2.91903E-08
689,475,1,-97.857923,1.764572,-87.585902,250,125,20040211, 11:51:50.0000,-62.70752368,-59.52801222,-62.70719455,-59.52573195,-62.70752368,-59.52801222,4.094E-08
689,476,1,-99.30523,1.264471,-88.965896,250,125,20040211, 11:52:30.0000,-62.70680748,-59.52345236,-62.70645748,-59.52118195,-62.70680748,-59.52345236,2.93371E-08
689,477,1,-97.8122,1.783248,-87.69283,250,125,20040211, 11:53:10.0000,-62.70607296,-59.51890757,-62.70570748,-59.51665236,-62.70607296,-59.51890757,4.13733E-08
689,478,1,-87.172945,20.660334,-67.777799,250,125,20040211, 11:53:50.0000,-62.7053277,-59.51435147,-62.70495735,-59.5120848,-62.7053277,-59.51435147,4.79342E-07
689,479,1,-97.19249,2.056756,-88.031381,250,125,20040211, 11:54:30.0000,-62.70460735,-59.50984779,-62.70425735,-59.50756446,-62.70460735,-59.50984779,4.7719E-08
689,480,1,-96.292659,2.530265,-86.028213,250,125,20040211, 11:55:10.0000,-62.70387398,-59.50528455,-62.70347611,-59.50300757,-62.70387398,-59.50528455,5.87049E-08
689,481,1,-94.489183,3.832777,-86.790622,250,125,20040211, 11:55:50.0000,-62.70298007,-59.50090686,-62.70230077,-59.49908486,-62.70298007,-59.50090686,8.89246E-08
689,482,1,-94.746448,3.612327,-86.657041,250,125,20040211, 11:56:30.0000,-62.70150043,-59.49754744,-62.7006341,-59.49617789,-62.70150043,-59.49754744,8.38099E-08
689,483,1,-85.682863,29.116926,-69.473035,250,125,20040211, 11:57:10.0000,-62.69972092,-59.49476122,-62.69883759,-59.49339456,-62.69972092,-59.49476122,6.75544E-07
689,484,1,-92.95441,5.457464,-85.610655,250,125,20040211, 11:57:50.0000,-62.69795385,-59.49211068,-62.69705043,-59.49085726,-62.69795385,-59.49211068,1.26619E-07
689,485,1,-90.499402,9.604874,-80.480156,250,125,20040211, 11:58:30.0000,-62.69612132,-59.48957487,-62.69520385,-59.48825726,-62.69612132,-59.48957487,2.22843E-07
689,486,1,-93.376893,4.951565,-83.610242,250,125,20040211, 11:59:10.0000,-62.69428376,-59.48692735,-62.69336709,-59.48562393,-62.69428376,-59.48692735,1.14882E-07
689,487,1,-96.161343,2.60794,-86.153205,250,125,20040211, 11:59:50.0000,-62.69243718,-59.48434402,-62.69148637,-59.48299294,-62.69243718,-59.48434402,6.0507E-08
689,488,1,-94.810434,3.559495,-84.012514,250,125,20040211, 12:00:30.0000,-62.69058376,-59.48159402,-62.68968637,-59.48021289,-62.69058376,-59.48159402,8.25841E-08
689,489,1,-92.748893,5.72193,-79.196975,250,125,20040211, 12:01:10.0000,-62.68878496,-59.47887561,-62.68786829,-59.47757561,-62.68878496,-59.47887561,1.32755E-07
689,490,1,-90.257775,10.154402,-77.072106,250,125,20040211, 12:01:50.0000,-62.68694864,-59.47624116,-62.68602195,-59.47487927,-62.68694864,-59.47624116,2.35593E-07
689,491,1,-92.451157,6.127963,-79.51582,250,125,20040211, 12:02:30.0000,-62.68511565,-59.47352504,-62.68420163,-59.4721626,-62.68511565,-59.47352504,1.42175E-07
689,492,1,-92.057625,6.709178,-76.407935,250,125,20040211, 12:03:10.0000,-62.68325528,-59.47077927,-62.68235163,-59.46944593,-62.68325528,-59.47077927,1.5566E-07
689,493,1,-95.555145,2.998592,-83.66156,250,125,20040211, 12:03:50.0000,-62.68140528,-59.46812927,-62.68045163,-59.46684593,-62.68140528,-59.46812927,6.95706E-08
689,494,1,-93.274177,5.070072,-80.9935,250,125,20040211, 12:04:30.0000,-62.67948718,-59.46557393,-62.67856571,-59.46422827,-62.67948718,-59.46557393,1.17631E-07
689,495,1,-95.03387,3.380998,-81.992305,250,125,20040211, 12:05:10.0000,-62.67762195,-59.46290894,-62.67670163,-59.46157927,-62.67762195,-59.46290894,7.84428E-08
689,496,1,-93.990571,4.299072,-82.564361,250,125,20040211, 12:05:50.0000,-62.67577195,-59.46027561,-62.67485385,-59.45897735,-62.67577195,-59.46027561,9.97431E-08
689,497,1,-96.223794,2.570706,-83.615006,250,125,20040211, 12:06:30.0000,-62.67391718,-59.45767749,-62.67297051,-59.45637735,-62.67391718,-59.45767749,5.96432E-08
689,498,1,-95.931873,2.749442,-85.655281,250,125,20040211, 12:07:10.0000,-62.67205385,-59.4550641,-62.67113496,-59.4537626,-62.67205385,-59.4550641,6.379E-08
689,499,1,-96.46425,2.432242,-82.977905,250,125,20040211, 12:07:50.0000,-62.67022195,-59.4524626,-62.66928862,-59.45114593,-62.67022195,-59.4524626,5.64306E-08
689,500,1,-96.415288,2.459818,-84.159842,250,125,20040211, 12:08:30.0000,-62.66833202,-59.44980789,-62.66740163,-59.44854228,-62.66833202,-59.44980789,5.70704E-08
689,501,1,-95.566909,2.99048,-83.096416,250,125,20040211, 12:09:10.0000,-62.66645163,-59.4472126,-62.66548862,-59.44589593,-62.66645163,-59.4472126,6.93824E-08
689,502,1,-94.707619,3.644768,-82.726636,250,125,20040211, 12:09:50.0000,-62.66455528,-59.44459593,-62.66362195,-59.44329593,-62.66455528,-59.44459593,8.45626E-08
689,503,1,-95.382368,3.120291,-84.00194,250,125,20040211, 12:10:50.0000,-62.66268862,-59.44197927,-62.66085043,-59.43939402,-62.66176709,-59.4406906,7.23941E-08
689,504,1,-96.859794,2.220508,-83.562982,250,125,20040211, 12:11:30.0000,-62.65991709,-59.4380141,-62.65898301,-59.43664281,-62.65991709,-59.4380141,5.15182E-08
689,505,1,-99.075253,1.333234,-87.396416,250,125,20040211, 12:12:10.0000,-62.65800385,-59.43532735,-62.65800385,-59.43532735,-62.65800385,-59.43532735,3.09325E-08
689,506,1,-96.776257,2.263634,-83.514305,250,125,20040211, 12:12:30.0000,-62.65705385,-59.43400726,-62.65612195,-59.43272927,-62.65705385,-59.43400726,5.25187E-08
689,507,1,-97.350279,1.983371,-85.217938,250,125,20040211, 12:13:10.0000,-62.65515528,-59.43139959,-62.65421829,-59.43009593,-62.65515528,-59.43139959,4.60163E-08
689,508,1,-94.414093,3.899623,-81.826361,250,125,20040211, 12:14:10.0000,-62.65327195,-59.42877927,-62.65140163,-59.42614593,-62.65233496,-59.42747927,9.04755E-08
689,509,1,-95.45997,3.065031,-84.250921,250,125,20040211, 12:14:50.0000,-62.6504549,-59.42484542,-62.64950131,-59.4235585,-62.6504549,-59.42484542,7.1112E-08
689,510,1,-94.872078,3.509329,-81.77458,250,125,20040211, 12:15:30.0000,-62.64856797,-59.42226209,-62.6476049,-59.42096209,-62.64856797,-59.42226209,8.14202E-08
689,511,1,-91.528419,7.578617,-77.558189,250,125,20040211, 12:16:10.0000,-62.64668464,-59.41966209,-62.64574864,-59.41834422,-62.64668464,-59.41966209,1.75832E-07
689,512,1,-59.834475,11193.97528,-43.045969,250,125,20040211, 12:16:50.0000,-62.64482157,-59.41701209,-62.64388824,-59.41567876,-62.64482157,-59.41701209,0.000259712
689,513,1,-93.345937,4.986986,-80.73778,250,125,20040211, 12:17:30.0000,-62.6429549,-59.41437876,-62.64203824,-59.41309183,-62.6429549,-59.41437876,1.15703E-07
689,514,1,-91.077644,8.407511,-76.233528,250,125,20040211, 12:18:10.0000,-62.64111797,-59.41174542,-62.64019856,-59.4104077,-62.64111797,-59.41174542,1.95063E-07
689,515,1,-92.577863,5.951762,-77.708532,250,125,20040211, 12:18:50.0000,-62.63927184,-59.40907913,-62.63833813,-59.40775837,-62.63927184,-59.40907913,1.38087E-07
689,516,1,-93.624167,4.677514,-79.939813,250,125,20040211, 12:19:30.0000,-62.63738813,-59.40644528,-62.63646789,-59.40514528,-62.63738813,-59.40644528,1.08523E-07
689,517,1,-90.900476,8.757584,-77.489832,250,125,20040211, 12:20:10.0000,-62.63553455,-59.40384528,-62.63458813,-59.40251553,-62.63553455,-59.40384528,2.03185E-07
689,518,1,-92.581457,5.946839,-80.932574,250,125,20040211, 12:20:50.0000,-62.63365122,-59.40116195,-62.63271789,-59.39982862,-62.63365122,-59.40116195,1.37973E-07
689,519,1,-93.694092,4.602805,-81.667729,250,125,20040211, 12:21:30.0000,-62.63176786,-59.39845714,-62.63083455,-59.39714171,-62.63176786,-59.39845714,1.0679E-07
689,520,1,-95.686433,2.9093,-84.904286,250,125,20040211, 12:22:10.0000,-62.62988455,-59.39584528,-62.62891523,-59.39458799,-62.62988455,-59.39584528,6.74989E-08
689,521,1,-93.696693,4.60005,-79.557171,250,125,20040211, 12:22:50.0000,-62.62795122,-59.39332862,-62.62697146,-59.39204528,-62.62795122,-59.39332862,1.06726E-07
689,522,1,-97.119307,2.091708,-83.8587,250,125,20040211, 12:23:30.0000,-62.62600161,-59.39075465,-62.62502146,-59.38946195,-62.62600161,-59.39075465,4.85299E-08
689,523,1,-96.96259,2.168567,-84.486875,250,125,20040211, 12:24:10.0000,-62.6240548,-59.38816195,-62.62310161,-59.38684103,-62.6240548,-59.38816195,5.03131E-08
689,524,1,-97.653822,1.84948,-86.513136,250,125,20040211, 12:24:50.0000,-62.62214926,-59.38552549,-62.62214926,-59.38552549,-62.62214926,-59.38552549,4.29099E-08
689,525,1,-97.082071,2.10972,-84.277754,250,125,20040211, 12:25:10.0000,-62.62118667,-59.38419667,-62.62023813,-59.38287862,-62.62118667,-59.38419667,4.89478E-08
689,526,1,-96.690141,2.308967,-85.889515,250,125,20040211, 12:25:50.0000,-62.61927146,-59.38154528,-62.6183048,-59.38019528,-62.61927146,-59.38154528,5.35705E-08
689,527,1,-97.242179,2.033358,-85.653785,250,125,20040211, 12:26:30.0000,-62.61733494,-59.3788577,-62.6163548,-59.3774822,-62.61733494,-59.3788577,4.71761E-08
689,528,1,-97.641837,1.854591,-86.637399,250,125,20040211, 12:27:10.0000,-62.61540122,-59.37609528,-62.61443494,-59.37469408,-62.61540122,-59.37609528,4.30285E-08
689,529,1,-95.918289,2.758055,-85.322311,250,125,20040211, 12:27:50.0000,-62.61348455,-59.37329886,-62.61252146,-59.37189886,-62.61348455,-59.37329886,6.39899E-08
689,530,1,-95.562236,2.9937,-84.138549,250,125,20040211, 12:28:30.0000,-62.61155119,-59.37050714,-62.61057146,-59.36911553,-62.61155119,-59.37050714,6.94571E-08
689,531,1,-94.128722,4.164469,-82.96145,250,125,20040211, 12:29:10.0000,-62.6096048,-59.36772862,-62.60861786,-59.36636012,-62.6096048,-59.36772862,9.66202E-08
689,532,1,-73.065107,532.011682,-56.483911,250,125,20040211, 12:29:50.0000,-62.60762146,-59.36504171,-62.60663813,-59.36372862,-62.60762146,-59.36504171,1.23432E-05
689,533,1,-94.197101,4.099414,-83.298052,250,125,20040211, 12:30:30.0000,-62.6056548,-59.36237862,-62.60471593,-59.36089534,-62.6056548,-59.36237862,9.51108E-08
689,534,1,-94.86677,3.513621,-85.339136,250,125,20040211, 12:31:10.0000,-62.60384825,-59.35917982,-62.60304926,-59.35738505,-62.60384825,-59.35917982,8.15198E-08
689,535,1,-92.440047,6.143659,-82.217463,250,125,20040211, 12:31:50.0000,-62.60226667,-59.35552,-62.60144926,-59.35368505,-62.60226667,-59.35552,1.4254E-07
689,536,1,-94.351265,3.956447,-85.406771,250,125,20040211, 12:32:30.0000,-62.60063333,-59.35188667,-62.59981601,-59.35008202,-62.60063333,-59.35188667,9.17938E-08
689,537,1,-93.770459,4.522576,-83.575364,250,125,20040211, 12:33:10.0000,-62.599,-59.34825333,-62.59818333,-59.34643667,-62.599,-59.34825333,1.04929E-07
689,538,1,-95.937135,2.746113,-86.990484,250,125,20040211, 12:33:50.0000,-62.59736601,-59.34460189,-62.59656667,-59.34272,-62.59736601,-59.34460189,6.37128E-08
689,539,1,-96.389563,2.474432,-87.00783,250,125,20040211, 12:34:30.0000,-62.59578,-59.34083667,-62.59578,-59.34083667,-62.59578,-59.34083667,5.74095E-08
689,540,1,-97.581376,1.880591,-84.419203,250,125,20040211, 12:34:50.0000,-62.59498333,-59.33897,-62.5942,-59.33712,-62.59498333,-59.33897,4.36317E-08
689,541,1,-59.756001,11398.08212,-42.809312,250,125,20040211, 12:35:30.0000,-62.59338333,-59.33525333,-62.59256593,-59.33336838,-62.59338333,-59.33525333,0.000264448
689,542,1,-94.566516,3.765132,-85.125097,250,125,20040211, 12:36:10.0000,-62.59176658,-59.33148648,-62.59094991,-59.32963648,-62.59176658,-59.33148648,8.73551E-08
689,543,1,-95.514828,3.026558,-87.111256,250,125,20040211, 12:36:50.0000,-62.59014991,-59.32780315,-62.58933325,-59.32591981,-62.59014991,-59.32780315,7.02194E-08
689,544,1,-95.664323,2.924149,-87.269694,250,125,20040211, 12:37:30.0000,-62.58853325,-59.32408648,-62.58773325,-59.32221981,-62.58853325,-59.32408648,6.78434E-08
689,545,1,-77.251251,202.911522,-59.223804,250,125,20040211, 12:38:10.0000,-62.5869466,-59.32032313,-62.5861466,-59.31843648,-62.5869466,-59.32032313,4.70777E-06
689,546,1,-70.798353,896.59549,-53.169819,250,125,20040211, 12:38:50.0000,-62.58534991,-59.3165398,-62.58454991,-59.3146398,-62.58534991,-59.3165398,2.0802E-05
689,547,1,-93.109804,5.265643,-82.689973,250,125,20040211, 12:39:30.0000,-62.58374991,-59.31273648,-62.58296299,-59.31083573,-62.58374991,-59.31273648,1.22169E-07
689,548,1,-95.080786,3.34467,-84.076246,250,125,20040211, 12:40:10.0000,-62.58214852,-59.30893646,-62.58136748,-59.30702528,-62.58214852,-59.30893646,7.76E-08
689,549,1,-96.004903,2.703594,-87.322398,250,125,20040211, 12:40:50.0000,-62.58056748,-59.30512528,-62.58056748,-59.30512528,-62.58056748,-59.30512528,6.27263E-08
689,550,1,-96.46214,2.433424,-87.377879,250,125,20040211, 12:41:10.0000,-62.57976748,-59.30320862,-62.57898415,-59.30128846,-62.57976748,-59.30320862,5.64581E-08
689,551,1,-94.395633,3.916233,-81.844838,250,125,20040211, 12:41:50.0000,-62.57818415,-59.29935862,-62.57738415,-59.29744195,-62.57818415,-59.29935862,9.08608E-08
689,552,1,-93.606724,4.696339,-83.863029,250,125,20040211, 12:42:30.0000,-62.57656748,-59.29553846,-62.57575081,-59.29368846,-62.57656748,-59.29553846,1.0896E-07
689,553,1,-94.903461,3.484061,-84.103725,250,125,20040211, 12:43:10.0000,-62.57493415,-59.29182179,-62.57411515,-59.28998333,-62.57493415,-59.29182179,8.0834E-08
689,554,1,-63.192694,5166.095409,-46.75717,250,125,20040211, 12:43:50.0000,-62.57330081,-59.28813846,-62.57246748,-59.28627528,-62.57330081,-59.28813846,0.000119859
689,555,1,-76.599138,235.786026,-59.797712,250,125,20040211, 12:44:30.0000,-62.57165081,-59.28442179,-62.57083415,-59.28257179,-62.57165081,-59.28442179,5.47049E-06
689,556,1,-96.662557,2.323679,-85.772617,250,125,20040211, 12:45:10.0000,-62.57000081,-59.28074195,-62.56918147,-59.27886591,-62.57000081,-59.28074195,5.39119E-08
689,557,1,-96.464953,2.431848,-87.538976,250,125,20040211, 12:45:50.0000,-62.5683656,-59.27698744,-62.5683656,-59.27698744,-62.5683656,-59.27698744,5.64215E-08
689,558,1,-96.349888,2.497141,-86.942329,250,125,20040211, 12:46:10.0000,-62.56753291,-59.27513573,-62.56671624,-59.27326906,-62.56753291,-59.27513573,5.79364E-08
689,559,1,-95.526101,3.018712,-86.176202,250,125,20040211, 12:46:50.0000,-62.56589957,-59.27138573,-62.56506624,-59.26953573,-62.56589957,-59.27138573,7.00374E-08
689,560,1,-94.920466,3.470446,-85.125579,250,125,20040211, 12:47:30.0000,-62.56424893,-59.26766765,-62.56341624,-59.26580239,-62.56424893,-59.26766765,8.05181E-08
689,561,1,-93.042308,5.348119,-83.980293,250,125,20040211, 12:48:10.0000,-62.56259957,-59.26390564,-62.56178291,-59.26202231,-62.56259957,-59.26390564,1.24082E-07
689,562,1,-95.560628,2.994808,-85.099717,250,125,20040211, 12:48:50.0000,-62.5610626,-59.2599743,-62.56044308,-59.25780889,-62.5610626,-59.2599743,6.94828E-08
689,563,1,-88.227012,16.208047,-72.068429,250,125,20040211, 12:49:30.0000,-62.55989308,-59.2555288,-62.55937641,-59.25321214,-62.55989308,-59.2555288,3.76044E-07
689,564,1,-95.351206,3.14276,-83.8657,250,125,20040211, 12:50:10.0000,-62.55887641,-59.25091214,-62.55837641,-59.2485788,-62.55887641,-59.25091214,7.29154E-08
689,565,1,-95.684562,2.910554,-83.631847,250,125,20040211, 12:50:50.0000,-62.55785936,-59.24626034,-62.55734328,-59.24397976,-62.55785936,-59.24626034,6.7528E-08
689,566,1,-94.360332,3.948196,-83.665185,250,125,20040211, 12:51:30.0000,-62.55684308,-59.24166538,-62.55684308,-59.24166538,-62.55684308,-59.24166538,9.16024E-08
689,567,1,-95.417889,3.094874,-83.987621,250,125,20040211, 12:51:50.0000,-62.55632598,-59.2393268,-62.55584308,-59.23699547,-62.55632598,-59.2393268,7.18044E-08
689,568,1,-95.686687,2.90913,-84.877626,250,125,20040211, 12:52:30.0000,-62.55534308,-59.23466214,-62.554827,-59.2323149,-62.55534308,-59.23466214,6.7495E-08
689,569,1,-94.519262,3.806323,-81.509759,250,125,20040211, 12:53:10.0000,-62.55430974,-59.22994547,-62.55379308,-59.2276288,-62.55430974,-59.22994547,8.83108E-08
689,570,1,-97.86674,1.760994,-83.10309,250,125,20040211, 12:53:50.0000,-62.55329308,-59.2253288,-62.55279308,-59.22299547,-62.55329308,-59.2253288,4.0857E-08
689,571,1,-102.747641,0.572358,-87.161482,250,125,20040211, 12:54:30.0000,-62.55229308,-59.22066214,-62.55179265,-59.21831013,-62.55229308,-59.22066214,1.32793E-08
689,572,1,-103.272831,0.507164,-91.912041,250,125,20040211, 12:55:10.0000,-62.55127641,-59.2159788,-62.55075974,-59.21366214,-62.55127641,-59.2159788,1.17668E-08
689,573,1,-101.688373,0.730457,-89.602803,250,125,20040211, 12:55:50.0000,-62.55024265,-59.2112768,-62.54974308,-59.20891214,-62.55024265,-59.2112768,1.69474E-08
689,574,1,-104.33719,0.396929,-90.347256,250,125,20040211, 12:56:30.0000,-62.54924201,-59.20654337,-62.5487398,-59.2041818,-62.54924201,-59.20654337,9.20918E-09
689,575,1,-101.858404,0.702411,-90.046079,250,125,20040211, 12:57:10.0000,-62.54821293,-59.2018619,-62.54821293,-59.2018619,-62.54821293,-59.2018619,1.62967E-08
689,576,1,-101.833825,0.706398,-85.861395,250,125,20040211, 12:57:30.0000,-62.54765888,-59.19952479,-62.54711029,-59.19722794,-62.54765888,-59.19952479,1.63892E-08
689,577,1,-102.844019,0.559796,-90.379276,250,125,20040211, 12:58:10.0000,-62.54655888,-59.19489146,-62.54602657,-59.19259289,-62.54655888,-59.19489146,1.29879E-08
689,578,1,-103.358554,0.497252,-88.708767,250,125,20040211, 12:58:50.0000,-62.54547915,-59.19029368,-62.54495969,-59.1879619,-62.54547915,-59.19029368,1.15368E-08
689,579,1,-103.515754,0.479575,-89.709636,250,125,20040211, 12:59:30.0000,-62.54442636,-59.18564524,-62.54390931,-59.18334346,-62.54442636,-59.18564524,1.11267E-08
689,580,1,-95.969298,2.72585,-80.489795,250,125,20040211, 13:00:10.0000,-62.54339303,-59.18104524,-62.54286184,-59.17874146,-62.54339303,-59.18104524,6.32427E-08
689,581,1,-100.127486,1.046365,-86.973272,250,125,20040211, 13:00:50.0000,-62.54234363,-59.17646471,-62.54181024,-59.17418114,-62.54234363,-59.17646471,2.42768E-08
689,582,1,-103.492594,0.482139,-89.25868,250,125,20040211, 13:01:30.0000,-62.54129196,-59.1718736,-62.54077691,-59.16953114,-62.54129196,-59.1718736,1.11862E-08
689,583,1,-106.056441,0.26717,-92.496388,250,125,20040211, 13:02:10.0000,-62.54024245,-59.1672092,-62.54024245,-59.1672092,-62.54024245,-59.1672092,6.19863E-09
689,584,1,-106.930644,0.218458,-92.330353,250,125,20040211, 13:02:30.0000,-62.53970863,-59.16490694,-62.53919358,-59.16258114,-62.53970863,-59.16490694,5.06845E-09
689,585,1,-104.323313,0.398199,-88.278778,250,125,20040211, 13:03:10.0000,-62.53867845,-59.16024125,-62.53817615,-59.15789427,-62.53867845,-59.16024125,9.23866E-09
689,586,1,-100.319383,1.001137,-86.769217,250,125,20040211, 13:03:50.0000,-62.53765949,-59.15556094,-62.53712615,-59.15327761,-62.53765949,-59.15556094,2.32275E-08
689,587,1,-97.693763,1.832549,-83.727481,250,125,20040211, 13:04:30.0000,-62.53659282,-59.15094427,-62.53604245,-59.14864253,-62.53659282,-59.15094427,4.25171E-08
689,588,1,-88.1417,16.529581,-72.219317,250,125,20040211, 13:05:10.0000,-62.53549282,-59.14631094,-62.53494282,-59.14404111,-62.53549282,-59.14631094,3.83504E-07
689,589,1,-80.66263,92.505768,-64.952289,250,125,20040211, 13:05:50.0000,-62.53439245,-59.14172586,-62.53382932,-59.13936094,-62.53439245,-59.14172586,2.14623E-06
689,590,1,-76.949825,217.495036,-65.252922,250,125,20040211, 13:06:30.0000,-62.53327615,-59.13701094,-62.53327615,-59.13701094,-62.53327615,-59.13701094,5.04612E-06
689,591,1,-80.046702,106.601081,-64.705113,250,125,20040211, 13:06:50.0000,-62.53271265,-59.13467761,-62.53214282,-59.13234427,-62.53271265,-59.13467761,2.47326E-06
689,592,1,-104.051548,0.423913,-91.38537,250,125,20040211, 13:07:30.0000,-62.53159282,-59.13002761,-62.53102932,-59.12767761,-62.53159282,-59.13002761,9.83525E-09
689,593,1,-99.983221,1.081707,-86.673008,250,125,20040211, 13:08:10.0000,-62.53047932,-59.12537761,-62.52992615,-59.12304427,-62.53047932,-59.12537761,2.50968E-08
689,594,1,-98.368998,1.568672,-83.485137,250,125,20040211, 13:08:50.0000,-62.52935949,-59.12072761,-62.52879598,-59.11839427,-62.52935949,-59.12072761,3.63949E-08
689,595,1,-102.139744,0.658351,-89.453603,250,125,20040211, 13:09:30.0000,-62.52822615,-59.1160641,-62.52766024,-59.11372772,-62.52822615,-59.1160641,1.52745E-08
689,596,1,-96.463725,2.432537,-78.32009,250,125,20040211, 13:10:10.0000,-62.52711024,-59.1113978,-62.52654196,-59.1090236,-62.52711024,-59.1113978,5.64375E-08
689,597,1,-101.782261,0.714835,-90.459049,250,125,20040211, 13:10:50.0000,-62.52598033,-59.10671447,-62.52598033,-59.10671447,-62.52598033,-59.10671447,1.65849E-08
689,598,1,-102.990462,0.541235,-89.981686,250,125,20040211, 13:11:10.0000,-62.52542691,-59.10439439,-62.52485863,-59.10205694,-62.52542691,-59.10439439,1.25572E-08
689,599,1,-107.334063,0.199079,-95.599802,250,125,20040211, 13:11:50.0000,-62.52428033,-59.09973114,-62.52371024,-59.0973978,-62.52428033,-59.09973114,4.61885E-09
689,600,1,-103.421428,0.490105,-90.665982,250,125,20040211, 13:12:30.0000,-62.52314196,-59.0950736,-62.52259699,-59.09282772,-62.52314196,-59.0950736,1.1371E-08
689,601,1,-102.947018,0.546676,-90.349934,250,125,20040211, 13:13:10.0000,-62.52203033,-59.09051447,-62.52147509,-59.08820595,-62.52203033,-59.09051447,1.26835E-08
689,602,1,-100.678289,0.921728,-85.267229,250,125,20040211, 13:13:50.0000,-62.52091366,-59.08596106,-62.52034699,-59.08368114,-62.52091366,-59.08596106,2.13851E-08
689,603,1,-102.561649,0.597402,-86.416933,250,125,20040211, 13:14:30.0000,-62.51979699,-59.0813978,-62.51922691,-59.07911447,-62.51979699,-59.0813978,1.38604E-08
689,604,1,-103.723574,0.457166,-89.980984,250,125,20040211, 13:15:10.0000,-62.51865949,-59.07685778,-62.51865949,-59.07685778,-62.51865949,-59.07685778,1.06068E-08
689,605,1,-100.124588,1.047064,-84.72714,250,125,20040211, 13:15:30.0000,-62.51810949,-59.07457761,-62.51755949,-59.07231094,-62.51810949,-59.07457761,2.4293E-08
689,606,1,-104.129196,0.416401,-90.722455,250,125,20040211, 13:16:10.0000,-62.51699598,-59.07001094,-62.51642932,-59.06766094,-62.51699598,-59.07001094,9.66096E-09
689,607,1,-106.324891,0.251156,-94.212648,250,125,20040211, 13:16:50.0000,-62.51585949,-59.06536094,-62.51529282,-59.06306094,-62.51585949,-59.06536094,5.82708E-09
689,608,1,-106.011668,0.269939,-93.554897,250,125,20040211, 13:17:30.0000,-62.51471265,-59.06079111,-62.51412987,-59.05851288,-62.51471265,-59.06079111,6.26287E-09
689,609,1,-105.954665,0.273505,-93.163276,250,125,20040211, 13:18:10.0000,-62.51354338,-59.05616691,-62.51294338,-59.05386356,-62.51354338,-59.05616691,6.34561E-09
689,610,1,-103.783444,0.450907,-92.359364,250,125,20040211, 13:18:50.0000,-62.51236005,-59.05161021,-62.51178007,-59.04933023,-62.51236005,-59.05161021,1.04615E-08
689,611,1,-103.720277,0.457514,-93.519831,250,125,20040211, 13:19:30.0000,-62.51120842,-59.04703929,-62.51120842,-59.04703929,-62.51120842,-59.04703929,1.06148E-08
689,612,1,-110.287731,0.100846,-97.8241,250,125,20040211, 13:19:50.0000,-62.51062672,-59.04476021,-62.51004673,-59.04246356,-62.51062672,-59.04476021,2.33974E-09
689,613,1,-106.194211,0.258828,-92.697066,250,125,20040211, 13:20:30.0000,-62.50947509,-59.04020315,-62.50889673,-59.03791356,-62.50947509,-59.04020315,6.00508E-09
689,614,1,-103.944705,0.434472,-91.545005,250,125,20040211, 13:21:10.0000,-62.50832672,-59.03564355,-62.50775923,-59.03340974,-62.50832672,-59.03564355,1.00802E-08
689,615,1,-106.185364,0.259356,-95.075806,250,125,20040211, 13:21:50.0000,-62.50717667,-59.03114667,-62.50661117,-59.02893629,-62.50717667,-59.03114667,6.01733E-09
689,616,1,-106.940274,0.217974,-94.006651,250,125,20040211, 13:22:30.0000,-62.50604192,-59.0266734,-62.5054632,-59.02444622,-62.50604192,-59.0266734,5.05723E-09
689,617,1,-105.761727,0.28593,-92.891109,250,125,20040211, 13:23:10.0000,-62.50489192,-59.0221734,-62.50430859,-59.01992054,-62.50489192,-59.0221734,6.63388E-09
689,618,1,-106.107248,0.264063,-94.735766,250,125,20040211, 13:23:50.0000,-62.50372504,-59.01765296,-62.50313,-59.01538,-62.50372504,-59.01765296,6.12654E-09
689,619,1,-100.545706,0.950301,-87.613626,250,125,20040211, 13:24:30.0000,-62.50253,-59.01311,-62.50253,-59.01311,-62.50253,-59.01311,2.2048E-08
689,620,1,-105.834833,0.281157,-91.32619,250,125,20040211, 13:24:50.0000,-62.5019445,-59.01082242,-62.50136333,-59.00854667,-62.5019445,-59.01082242,6.52314E-09
689,621,1,-78.75047,143.676216,-60.167336,250,125,20040211, 13:25:30.0000,-62.50076,-59.00624667,-62.50014564,-59.00397333,-62.50076,-59.00624667,3.33344E-06
689,622,1,-101.943757,0.688741,-88.437483,250,125,20040211, 13:26:10.0000,-62.49954564,-59.00165974,-62.49894564,-58.99940974,-62.49954564,-59.00165974,1.59795E-08
689,623,1,-103.168493,0.519496,-90.543211,250,125,20040211, 13:26:50.0000,-62.49834516,-58.99713842,-62.49774564,-58.99485974,-62.49834516,-58.99713842,1.20529E-08
689,624,1,-101.614936,0.742913,-89.285215,250,125,20040211, 13:27:30.0000,-62.49719256,-58.99250974,-62.4966422,-58.99015805,-62.49719256,-58.99250974,1.72364E-08
689,625,1,-78.669135,146.392341,-64.68685,250,125,20040211, 13:28:10.0000,-62.4961259,-58.98784308,-62.49559256,-58.98550974,-62.4961259,-58.98784308,3.39646E-06
689,626,1,-106.711146,0.229783,-94.587707,250,125,20040211, 13:28:50.0000,-62.49505923,-58.98320974,-62.49505923,-58.98320974,-62.49505923,-58.98320974,5.3312E-09
689,627,1,-105.177142,0.327128,-93.314477,250,125,20040211, 13:29:10.0000,-62.49450923,-58.98092641,-62.49394333,-58.97863,-62.49450923,-58.98092641,7.58972E-09
689,628,1,-101.132724,0.830155,-84.588348,250,125,20040211, 13:29:50.0000,-62.49338,-58.97633,-62.49282667,-58.97401333,-62.49338,-58.97633,1.92605E-08
689,629,1,-102.340331,0.628635,-87.935595,250,125,20040211, 13:30:30.0000,-62.49226117,-58.97173629,-62.49171,-58.96943,-62.49226117,-58.97173629,1.4585E-08
689,630,1,-101.451542,0.771396,-89.405428,250,125,20040211, 13:31:10.0000,-62.49114693,-58.96711424,-62.49059171,-58.96480575,-62.49114693,-58.96711424,1.78972E-08
689,631,1,-103.807997,0.448365,-92.499248,250,125,20040211, 13:31:50.0000,-62.49006,-58.96254333,-62.48954256,-58.96020974,-62.49006,-58.96254333,1.04026E-08
689,632,1,-104.033705,0.425658,-94.467089,250,125,20040211, 13:32:30.0000,-62.48900923,-58.95790974,-62.48847553,-58.95559138,-62.48900923,-58.95790974,9.87574E-09
689,633,1,-104.536766,0.379101,-95.556513,250,125,20040211, 13:33:10.0000,-62.4879259,-58.95327641,-62.4879259,-58.95327641,-62.4879259,-58.95327641,8.79556E-09
689,634,1,-103.98854,0.430108,-90.346502,250,125,20040211, 13:33:30.0000,-62.4873759,-58.95095667,-62.48684256,-58.94865974,-62.4873759,-58.95095667,9.97898E-09
689,635,1,-108.518872,0.151546,-97.345667,250,125,20040211, 13:34:10.0000,-62.48627897,-58.94634308,-62.48574564,-58.94404308,-62.48627897,-58.94634308,3.51603E-09
689,636,1,-105.818459,0.282219,-94.827931,250,125,20040211, 13:34:50.0000,-62.48519256,-58.94174,-62.48462897,-58.93942641,-62.48519256,-58.94174,6.54778E-09
689,637,1,-105.224326,0.323593,-93.427105,250,125,20040211, 13:35:30.0000,-62.48407553,-58.93710805,-62.48350887,-58.93477471,-62.48407553,-58.93710805,7.50771E-09
689,638,1,-103.138586,0.523086,-90.28738,250,125,20040211, 13:36:10.0000,-62.48294256,-58.93242641,-62.48239256,-58.93010974,-62.48294256,-58.93242641,1.21362E-08
689,639,1,-103.41733,0.490568,-90.577867,250,125,20040211, 13:36:50.0000,-62.48182897,-58.92779308,-62.4812759,-58.92549308,-62.48182897,-58.92779308,1.13817E-08
689,640,1,-99.544336,1.196736,-86.711239,250,125,20040211, 13:37:30.0000,-62.4807259,-58.92320974,-62.4807259,-58.92320974,-62.4807259,-58.92320974,2.77656E-08
689,641,1,-99.413126,1.233443,-83.859282,250,125,20040211, 13:37:50.0000,-62.48015882,-58.92087451,-62.47959256,-58.91854308,-62.48015882,-58.92087451,2.86172E-08
689,642,1,-105.296153,0.318285,-91.07637,250,125,20040211, 13:38:30.0000,-62.47904564,-58.91624308,-62.47852549,-58.91394118,-62.47904564,-58.91624308,7.38456E-09
689,643,1,-104.030314,0.425991,-89.181215,250,125,20040211, 13:39:10.0000,-62.47796224,-58.91162619,-62.47741224,-58.90934286,-62.47796224,-58.91162619,9.88345E-09
689,644,1,-104.326857,0.397875,-91.451026,250,125,20040211, 13:39:50.0000,-62.47684641,-58.90702908,-62.47629314,-58.90469575,-62.47684641,-58.90702908,9.23112E-09
689,645,1,-102.200944,0.649139,-90.365438,250,125,20040211, 13:40:30.0000,-62.47574171,-58.90237242,-62.47519314,-58.90009575,-62.47574171,-58.90237242,1.50607E-08
689,646,1,-96.623719,2.344553,-77.547399,250,125,20040211, 13:41:10.0000,-62.47464314,-58.89780915,-62.47409171,-58.89548909,-62.47464314,-58.89780915,5.43962E-08
689,647,1,-106.207509,0.258036,-93.719496,250,125,20040211, 13:41:50.0000,-62.4735422,-58.89320509,-62.47299216,-58.89094118,-62.4735422,-58.89320509,5.98672E-09
689,648,1,-105.456253,0.306766,-92.061227,250,125,20040211, 13:42:30.0000,-62.47242585,-58.88864286,-62.47242585,-58.88864286,-62.47242585,-58.88864286,7.11729E-09
689,649,1,-102.965234,0.544388,-90.939729,250,125,20040211, 13:42:50.0000,-62.47187564,-58.88637521,-62.47130897,-58.88405855,-62.47187564,-58.88637521,1.26304E-08
689,650,1,-100.907923,0.874258,-89.257119,250,125,20040211, 13:43:30.0000,-62.47074231,-58.88174188,-62.470192,-58.87947376,-62.47074231,-58.88174188,2.02837E-08
689,651,1,-103.117673,0.525611,-90.69768,250,125,20040211, 13:44:10.0000,-62.46964231,-58.87722521,-62.46907967,-58.8749622,-62.46964231,-58.87722521,1.21948E-08
689,652,1,-106.714718,0.229594,-95.215243,250,125,20040211, 13:44:50.0000,-62.46852642,-58.8726622,-62.46797967,-58.8704122,-62.46852642,-58.8726622,5.32682E-09
689,653,1,-103.787337,0.450503,-90.829911,250,125,20040211, 13:45:30.0000,-62.46742479,-58.8681379,-62.46684634,-58.8658622,-62.46742479,-58.8681379,1.04522E-08
689,654,1,-100.473699,0.966189,-89.774862,250,125,20040211, 13:46:10.0000,-62.46627863,-58.86357521,-62.46570812,-58.86128519,-62.46627863,-58.86357521,2.24166E-08
689,655,1,-66.187273,2592.414869,-47.859083,250,125,20040211, 13:46:50.0000,-62.46512778,-58.85900278,-62.46456301,-58.85680894,-62.46512778,-58.85900278,6.01468E-05
689,656,1,-103.606861,0.469619,-92.518338,250,125,20040211, 13:47:30.0000,-62.46391301,-58.85464228,-62.46391301,-58.85464228,-62.46391301,-58.85464228,1.08957E-08
689,657,1,-104.188739,0.410731,-91.663285,250,125,20040211, 13:47:50.0000,-62.46322816,-58.85248736,-62.46251224,-58.85042007,-62.46322816,-58.85248736,9.52941E-09
689,658,1,-102.715592,0.576597,-87.684369,250,125,20040211, 13:48:30.0000,-62.46181197,-58.84831923,-62.46111197,-58.84621923,-62.46181197,-58.84831923,1.33777E-08
689,659,1,-74.164048,413.073236,-59.108914,250,125,20040211, 13:49:10.0000,-62.46041197,-58.84411923,-62.45971197,-58.84201923,-62.46041197,-58.84411923,9.58374E-06
689,660,1,-105.385851,0.311779,-92.498946,250,125,20040211, 13:49:50.0000,-62.4590275,-58.83989915,-62.45836301,-58.83779228,-62.4590275,-58.83989915,7.23361E-09
689,661,1,-105.005644,0.340304,-91.172658,250,125,20040211, 13:50:30.0000,-62.45766083,-58.83568519,-62.45696149,-58.83358736,-62.45766083,-58.83568519,7.89543E-09
689,662,1,-105.695669,0.290312,-92.811813,250,125,20040211, 13:51:10.0000,-62.45626282,-58.83150513,-62.4555775,-58.82940186,-62.45626282,-58.83150513,6.73555E-09
689,663,1,-104.249833,0.404994,-93.110484,250,125,20040211, 13:51:50.0000,-62.45489483,-58.82730115,-62.45421111,-58.82521667,-62.45489483,-58.82730115,9.3963E-09
689,664,1,-101.614108,0.743055,-89.425061,250,125,20040211, 13:52:30.0000,-62.45351083,-58.82314915,-62.45351083,-58.82314915,-62.45351083,-58.82314915,1.72397E-08
689,665,1,-100.283451,1.009455,-88.711647,250,125,20040211, 13:52:50.0000,-62.45281161,-58.82103773,-62.45211197,-58.81892222,-62.45281161,-58.82103773,2.34204E-08
689,666,1,-101.726041,0.724149,-90.773536,250,125,20040211, 13:53:30.0000,-62.45144483,-58.81680402,-62.4507953,-58.81471923,-62.45144483,-58.81680402,1.6801E-08
689,667,1,-104.582455,0.375134,-94.823457,250,125,20040211, 13:54:10.0000,-62.45011282,-58.81262179,-62.44941197,-58.81052222,-62.45011282,-58.81262179,8.70351E-09
689,668,1,-109.898897,0.110292,-96.093608,250,125,20040211, 13:54:50.0000,-62.44872949,-58.80840833,-62.44804416,-58.80631582,-62.44872949,-58.80840833,2.55888E-09
689,669,1,-110.954331,0.086497,-96.031631,250,125,20040211, 13:55:30.0000,-62.44736301,-58.80422236,-62.44667863,-58.80212222,-62.44736301,-58.80422236,2.00681E-09
689,670,1,-109.972667,0.108434,-97.125711,250,125,20040211, 13:56:10.0000,-62.44597816,-58.80000402,-62.4452953,-58.79788889,-62.44597816,-58.80000402,2.51578E-09
689,671,1,-109.25504,0.127917,-97.124428,250,125,20040211, 13:56:50.0000,-62.44461301,-58.79577561,-62.44389829,-58.79365556,-62.44461301,-58.79577561,2.96781E-09
689,672,1,-113.601445,0.047021,-99.466479,250,125,20040211, 13:57:30.0000,-62.44319416,-58.79151582,-62.44319416,-58.79151582,-62.44319416,-58.79151582,1.09093E-09
689,673,1,-103.586774,0.471796,-89.631603,250,125,20040211, 13:57:50.0000,-62.44251301,-58.78938902,-62.44184634,-58.78725894,-62.44251301,-58.78938902,1.09462E-08
689,674,1,-98.937991,1.376045,-82.786726,250,125,20040211, 13:58:30.0000,-62.4411775,-58.78513519,-62.44049634,-58.78302561,-62.4411775,-58.78513519,3.19257E-08
689,675,1,-110.445038,0.097259,-96.941245,250,125,20040211, 13:59:10.0000,-62.43979608,-58.78092157,-62.43911275,-58.77880809,-62.43979608,-58.78092157,2.2565E-09
689,676,1,-106.950732,0.21745,-94.274316,250,125,20040211, 13:59:50.0000,-62.43842941,-58.77672157,-62.4377281,-58.77463431,-62.43842941,-58.77672157,5.04507E-09
689,677,1,-105.597443,0.296953,-91.446726,250,125,20040211, 14:00:30.0000,-62.43702857,-58.77253571,-62.43634524,-58.77043869,-62.43702857,-58.77253571,6.88963E-09
689,678,1,-106.43448,0.244897,-95.6547,250,125,20040211, 14:01:10.0000,-62.4356619,-58.76835238,-62.43497857,-58.76625536,-62.4356619,-58.76835238,5.68188E-09
689,679,1,-100.869095,0.882109,-89.654579,250,125,20040211, 14:01:50.0000,-62.43429477,-58.76415098,-62.4336119,-58.76203571,-62.43429477,-58.76415098,2.04659E-08
689,680,1,-105.421012,0.309265,-93.939738,250,125,20040211, 14:02:30.0000,-62.43292857,-58.75990536,-62.43292857,-58.75990536,-62.43292857,-58.75990536,7.17528E-09
689,681,1,-99.145777,1.311759,-87.473204,250,125,20040211, 14:02:50.0000,-62.43224483,-58.75778736,-62.43154524,-58.75568571,-62.43224483,-58.75778736,3.04342E-08
689,682,1,-94.055489,4.235288,-84.087388,250,125,20040211, 14:03:30.0000,-62.43086488,-58.75358869,-62.4301781,-58.75146765,-62.43086488,-58.75358869,9.82633E-08
689,683,1,-90.711601,9.146855,-77.409631,250,125,20040211, 14:04:10.0000,-62.42947829,-58.74935444,-62.42879382,-58.74723409,-62.42947829,-58.74935444,2.12217E-07
689,684,1,-93.803146,4.488666,-82.856875,250,125,20040211, 14:04:50.0000,-62.42811268,-58.74514122,-62.42742935,-58.74302455,-62.42811268,-58.74514122,1.04142E-07
689,685,1,-91.429082,7.753962,-78.304319,250,125,20040211, 14:05:30.0000,-62.42672744,-58.74089899,-62.42602783,-58.73875296,-62.42672744,-58.74089899,1.799E-07
689,686,1,-99.360492,1.248483,-86.333385,250,125,20040211, 14:06:10.0000,-62.42539205,-58.73655444,-62.42482538,-58.73429068,-62.42539205,-58.73655444,2.89662E-08
689,687,1,-93.762797,4.530563,-78.729702,250,125,20040211, 14:06:50.0000,-62.42430787,-58.73200338,-62.42380808,-58.72971835,-62.42430787,-58.73200338,1.05114E-07
689,688,1,-88.323867,15.850578,-77.533235,250,125,20040211, 14:07:30.0000,-62.42329205,-58.72740735,-62.42329205,-58.72740735,-62.42329205,-58.72740735,3.67751E-07
689,689,1,-91.01952,8.520789,-80.65674,250,125,20040211, 14:07:50.0000,-62.42279141,-58.72508771,-62.42229285,-58.72276106,-62.42279141,-58.72508771,1.97691E-07
689,690,1,-91.469742,7.681705,-81.115031,250,125,20040211, 14:08:30.0000,-62.42180787,-58.72042005,-62.42132538,-58.71809068,-62.42180787,-58.72042005,1.78224E-07
689,691,1,-93.732284,4.562506,-83.746303,250,125,20040211, 14:09:10.0000,-62.42084171,-58.71575575,-62.42034205,-58.71342402,-62.42084171,-58.71575575,1.05855E-07
689,692,1,-93.561885,4.745077,-83.30216,250,125,20040211, 14:09:50.0000,-62.41984205,-58.71110735,-62.41932538,-58.70875735,-62.41984205,-58.71110735,1.10091E-07
689,693,1,-92.509912,6.045617,-81.366416,250,125,20040211, 14:10:30.0000,-62.41884285,-58.70641106,-62.41835837,-58.70407241,-62.41884285,-58.70641106,1.40265E-07
689,694,1,-97.314302,1.999869,-84.442371,250,125,20040211, 14:11:10.0000,-62.41785872,-58.70174068,-62.41737453,-58.69938672,-62.41785872,-58.70174068,4.63991E-08
689,695,1,-100.697045,0.917756,-88.220662,250,125,20040211, 14:11:50.0000,-62.41689285,-58.69707772,-62.41640951,-58.69474439,-62.41689285,-58.69707772,2.12929E-08
689,696,1,-106.020005,0.269421,-92.948631,250,125,20040211, 14:12:30.0000,-62.41590787,-58.69240338,-62.41543967,-58.69007772,-62.41590787,-58.69240338,6.25086E-09
689,697,1,-99.06799,1.335466,-86.814012,250,125,20040211, 14:13:10.0000,-62.41494205,-58.68772402,-62.41494205,-58.68772402,-62.41494205,-58.68772402,3.09843E-08
689,698,1,-95.958808,2.732443,-84.632543,250,125,20040211, 14:13:30.0000,-62.41445872,-58.68537402,-62.41397248,-58.68307111,-62.41445872,-58.68537402,6.33956E-08
689,699,1,-101.730987,0.723324,-88.019396,250,125,20040211, 14:14:10.0000,-62.41347538,-58.68077402,-62.41297538,-58.67849068,-62.41347538,-58.68077402,1.67819E-08
689,700,1,-97.246132,2.031509,-85.670042,250,125,20040211, 14:14:50.0000,-62.41252225,-58.67622241,-62.41202618,-58.67392772,-62.41252225,-58.67622241,4.71332E-08
689,701,1,-96.750193,2.27726,-86.097222,250,125,20040211, 14:15:30.0000,-62.41155872,-58.67160735,-62.41107504,-58.66923908,-62.41155872,-58.67160735,5.28349E-08
689,702,1,-94.022064,4.268011,-84.781525,250,125,20040211, 14:16:10.0000,-62.41057538,-58.66690735,-62.41007453,-58.66458672,-62.41057538,-58.66690735,9.90225E-08
689,703,1,-92.001277,6.796794,-81.547419,250,125,20040211, 14:16:50.0000,-62.40959285,-58.66227772,-62.40912538,-58.65994068,-62.40959285,-58.66227772,1.57693E-07
689,704,1,-93.938278,4.35115,-82.037037,250,125,20040211, 14:17:30.0000,-62.40862432,-58.65765238,-62.40814171,-58.65538908,-62.40862432,-58.65765238,1.00951E-07
689,705,1,-93.592488,4.711759,-81.574687,250,125,20040211, 14:18:10.0000,-62.40765872,-58.65308778,-62.40715872,-58.65080735,-62.40765872,-58.65308778,1.09318E-07
689,706,1,-92.511462,6.043459,-82.194124,250,125,20040211, 14:18:50.0000,-62.4066912,-58.64850338,-62.40622618,-58.64624122,-62.4066912,-58.64850338,1.40215E-07
689,707,1,-93.499022,4.814262,-79.395379,250,125,20040211, 14:19:30.0000,-62.40574205,-58.64393778,-62.40524271,-58.64167708,-62.40574205,-58.64393778,1.11696E-07
689,708,1,-93.538554,4.770638,-84.200886,250,125,20040211, 14:20:10.0000,-62.40472191,-58.63937005,-62.40472191,-58.63937005,-62.40472191,-58.63937005,1.10684E-07
689,709,1,-95.392012,3.113369,-84.236588,250,125,20040211, 14:20:30.0000,-62.40424201,-58.63712381,-62.40374201,-58.63490425,-62.40424201,-58.63712381,7.22335E-08
689,710,1,-95.554464,2.999062,-80.298613,250,125,20040211, 14:21:10.0000,-62.40325833,-58.63265278,-62.40279099,-58.63036905,-62.40325833,-58.63265278,6.95815E-08
689,711,1,-94.258113,4.042226,-82.395187,250,125,20040211, 14:21:50.0000,-62.40232598,-58.62809346,-62.40185931,-58.6258268,-62.40232598,-58.62809346,9.3784E-08
689,712,1,-93.087419,5.292854,-82.080533,250,125,20040211, 14:22:30.0000,-62.40139099,-58.62356905,-62.40092598,-58.62131013,-62.40139099,-58.62356905,1.228E-07
689,713,1,-93.747918,4.546111,-81.046268,250,125,20040211, 14:23:10.0000,-62.40044265,-58.61901013,-62.39995867,-58.61673759,-62.40044265,-58.61901013,1.05475E-07
689,714,1,-91.692177,7.298173,-79.071485,250,125,20040211, 14:23:50.0000,-62.39947598,-58.61447369,-62.39899201,-58.61219048,-62.39947598,-58.61447369,1.69325E-07
689,715,1,-92.076778,6.679656,-78.005434,250,125,20040211, 14:24:30.0000,-62.39850846,-58.60990615,-62.39800927,-58.60762659,-62.39850846,-58.60990615,1.54975E-07
689,716,1,-92.298553,6.347118,-79.349123,250,125,20040211, 14:25:10.0000,-62.3975426,-58.60535992,-62.39704095,-58.60308553,-62.3975426,-58.60535992,1.4726E-07
689,717,1,-92.492472,6.069944,-80.502511,250,125,20040211, 14:25:50.0000,-62.39657593,-58.60084016,-62.39607593,-58.59855992,-62.39657593,-58.60084016,1.40829E-07
689,718,1,-97.295766,2.008423,-85.56233,250,125,20040211, 14:26:30.0000,-62.3955926,-58.59630683,-62.39512285,-58.59407659,-62.3955926,-58.59630683,4.65976E-08
689,719,1,-96.569077,2.374237,-85.483988,250,125,20040211, 14:27:10.0000,-62.39465931,-58.59184036,-62.39417428,-58.58958299,-62.39465931,-58.59184036,5.50849E-08
689,720,1,-95.551322,3.001233,-84.414321,250,125,20040211, 14:27:50.0000,-62.39373951,-58.58735683,-62.39325927,-58.58509016,-62.39373951,-58.58735683,6.96318E-08
689,721,1,-96.6381,2.336802,-86.450244,250,125,20040211, 14:28:30.0000,-62.39280761,-58.58281887,-62.3923426,-58.58057659,-62.39280761,-58.58281887,5.42163E-08
689,722,1,-96.495099,2.415027,-86.802241,250,125,20040211, 14:29:10.0000,-62.39188951,-58.57830992,-62.39142174,-58.57603553,-62.39188951,-58.57830992,5.60312E-08
689,723,1,-96.070681,2.662954,-85.283277,250,125,20040211, 14:29:50.0000,-62.39095927,-58.57379016,-62.3904926,-58.57154016,-62.39095927,-58.57379016,6.17834E-08
689,724,1,-93.76053,4.532928,-83.32266,250,125,20040211, 14:30:30.0000,-62.39002428,-58.5692522,-62.38957209,-58.56697126,-62.39002428,-58.5692522,1.05169E-07
689,725,1,-94.154592,4.139736,-82.713107,250,125,20040211, 14:31:10.0000,-62.38912513,-58.56470333,-62.38867209,-58.5624546,-62.38912513,-58.56470333,9.60463E-08
689,726,1,-91.187025,8.198404,-78.689823,250,125,20040211, 14:31:50.0000,-62.38822479,-58.56018793,-62.38775846,-58.55795333,-62.38822479,-58.56018793,1.90212E-07
689,727,1,-93.761256,4.53217,-85.664384,250,125,20040211, 14:32:30.0000,-62.38729179,-58.55568667,-62.38729179,-58.55568667,-62.38729179,-58.55568667,1.05151E-07
689,728,1,-94.511881,3.812798,-85.037826,250,125,20040211, 14:32:50.0000,-62.38682209,-58.5534046,-62.38634179,-58.55113949,-62.38682209,-58.5534046,8.8461E-08
689,729,1,-94.558997,3.771656,-83.338434,250,125,20040211, 14:33:30.0000,-62.38585846,-58.54885615,-62.38540564,-58.54655615,-62.38585846,-58.54885615,8.75065E-08
689,730,1,-95.085583,3.340978,-85.797495,250,125,20040211, 14:34:10.0000,-62.38494179,-58.54430615,-62.38447428,-58.54203553,-62.38494179,-58.54430615,7.75143E-08
689,731,1,-94.249034,4.050685,-84.59928,250,125,20040211, 14:34:50.0000,-62.38400927,-58.53974016,-62.38353951,-58.53747659,-62.38400927,-58.53974016,9.39803E-08
689,732,1,-93.804012,4.48777,-83.637141,250,125,20040211, 14:35:30.0000,-62.38307428,-58.5352022,-62.3825924,-58.53294232,-62.38307428,-58.5352022,1.04121E-07
689,733,1,-94.47858,3.842146,-85.638414,250,125,20040211, 14:36:10.0000,-62.38212574,-58.53069232,-62.38168897,-58.52840615,-62.38212574,-58.53069232,8.91419E-08
689,734,1,-94.42483,3.889993,-84.229765,250,125,20040211, 14:36:50.0000,-62.38122475,-58.52612108,-62.38077513,-58.52382282,-62.38122475,-58.52612108,9.0252E-08
689,735,1,-94.7543,3.605802,-82.899478,250,125,20040211, 14:37:30.0000,-62.38030846,-58.52152282,-62.37984146,-58.51923793,-62.38030846,-58.52152282,8.36585E-08
689,736,1,-89.652816,11.672132,-75.378363,250,125,20040211, 14:38:10.0000,-62.37938897,-58.51695333,-62.37890842,-58.51465595,-62.37938897,-58.51695333,2.70806E-07
689,737,1,-96.553369,2.38284,-84.479546,250,125,20040211, 14:38:50.0000,-62.37847509,-58.51235595,-62.37802513,-58.51007282,-62.37847509,-58.51235595,5.52845E-08
689,738,1,-94.980652,3.422682,-86.095361,250,125,20040211, 14:39:30.0000,-62.37757513,-58.50777282,-62.37710809,-58.50545441,-62.37757513,-58.50777282,7.94099E-08
689,739,1,-96.147128,2.61649,-85.35118,250,125,20040211, 14:40:10.0000,-62.37665846,-58.50315333,-62.37620846,-58.50085333,-62.37665846,-58.50315333,6.07054E-08
689,740,1,-95.091518,3.336415,-84.272145,250,125,20040211, 14:40:50.0000,-62.37574122,-58.49855082,-62.37532513,-58.49623949,-62.37574122,-58.49855082,7.74084E-08
689,741,1,-95.746009,2.869663,-83.90451,250,125,20040211, 14:41:30.0000,-62.37487228,-58.49393929,-62.37442206,-58.49166838,-62.37487228,-58.49393929,6.65793E-08
689,742,1,-95.34213,3.149335,-82.436489,250,125,20040211, 14:42:10.0000,-62.37397228,-58.48938648,-62.37350842,-58.48710315,-62.37397228,-58.48938648,7.3068E-08
689,743,1,-95.910064,2.763283,-84.685551,250,125,20040211, 14:42:50.0000,-62.37304223,-58.48482484,-62.37304223,-58.48482484,-62.37304223,-58.48482484,6.41112E-08
689,744,1,-96.409554,2.463068,-84.840917,250,125,20040211, 14:43:10.0000,-62.3725924,-58.48252565,-62.37213827,-58.48021786,-62.3725924,-58.48252565,5.71458E-08
689,745,1,-97.010369,2.14484,-86.706641,250,125,20040211, 14:43:50.0000,-62.37167475,-58.47791838,-62.37123938,-58.47562263,-62.37167475,-58.47791838,4.97626E-08
689,746,1,-94.60635,3.730756,-83.091201,250,125,20040211, 14:44:30.0000,-62.37077406,-58.47330119,-62.3702924,-58.47102565,-62.37077406,-58.47330119,8.65576E-08
689,747,1,-95.313842,3.169915,-83.777222,250,125,20040211, 14:45:10.0000,-62.36980842,-58.46872262,-62.36935821,-58.46638829,-62.36980842,-58.46872262,7.35454E-08
689,748,1,-97.286706,2.012618,-85.597744,250,125,20040211, 14:45:50.0000,-62.36889122,-58.46407011,-62.36844236,-58.46174211,-62.36889122,-58.46407011,4.66949E-08
689,749,1,-94.453366,3.864517,-82.251047,250,125,20040211, 14:46:30.0000,-62.36800505,-58.45941869,-62.36755902,-58.45710878,-62.36800505,-58.45941869,8.9661E-08
689,750,1,-99.439596,1.225949,-88.084678,250,125,20040211, 14:47:10.0000,-62.36713935,-58.45480878,-62.3666888,-58.45248829,-62.36713935,-58.45480878,2.84433E-08
689,751,1,-97.0198,2.140188,-82.755062,250,125,20040211, 14:47:50.0000,-62.36624122,-58.45018678,-62.36579154,-58.44785769,-62.36624122,-58.45018678,4.96547E-08
689,752,1,-96.454662,2.437618,-83.919715,250,125,20040211, 14:48:30.0000,-62.36534154,-58.44553829,-62.36487487,-58.44320769,-62.36534154,-58.44553829,5.65554E-08
689,753,1,-98.141685,1.652964,-85.79287,250,125,20040211, 14:49:10.0000,-62.36442491,-58.44088849,-62.36397214,-58.43857162,-62.36442491,-58.44088849,3.83505E-08
689,754,1,-99.722632,1.1486,-87.57948,250,125,20040211, 14:49:50.0000,-62.36350788,-58.43623678,-62.36304154,-58.43390496,-62.36350788,-58.43623678,2.66488E-08
689,755,1,-96.942927,2.178407,-85.128055,250,125,20040211, 14:50:30.0000,-62.3625888,-58.43157162,-62.3625888,-58.43157162,-62.3625888,-58.43157162,5.05414E-08
689,756,1,-95.948329,2.739044,-82.387488,250,125,20040211, 14:50:50.0000,-62.36210788,-58.42926749,-62.36164154,-58.42693556,-62.36210788,-58.42926749,6.35488E-08
689,757,1,-95.87988,2.782556,-82.222828,250,125,20040211, 14:51:30.0000,-62.3611888,-58.42460496,-62.36072487,-58.42228829,-62.3611888,-58.42460496,6.45583E-08
689,758,1,-95.335216,3.154353,-83.299461,250,125,20040211, 14:52:10.0000,-62.36025547,-58.41995496,-62.35977487,-58.41759103,-62.36025547,-58.41995496,7.31844E-08
689,759,1,-96.285782,2.534275,-84.659204,250,125,20040211, 14:52:50.0000,-62.35932451,-58.41525327,-62.35885821,-58.41293829,-62.35932451,-58.41525327,5.87979E-08
689,760,1,-96.570476,2.373472,-83.384214,250,125,20040211, 14:53:30.0000,-62.35840821,-58.41061889,-62.35792487,-58.40830496,-62.35840821,-58.41061889,5.50671E-08
689,761,1,-97.031932,2.134217,-83.497736,250,125,20040211, 14:54:10.0000,-62.35747487,-58.40597162,-62.3570388,-58.40360496,-62.35747487,-58.40597162,4.95161E-08
689,762,1,-94.665804,3.680031,-81.800122,250,125,20040211, 14:54:50.0000,-62.35657455,-58.40127011,-62.35610547,-58.39893556,-62.35657455,-58.40127011,8.53807E-08
689,763,1,-95.381796,3.120702,-83.139133,250,125,20040211, 14:55:30.0000,-62.35564154,-58.39662162,-62.35517192,-58.39428678,-62.35564154,-58.39662162,7.24037E-08
689,764,1,-93.614854,4.687555,-80.292805,250,125,20040211, 14:56:10.0000,-62.35469122,-58.39197011,-62.35422487,-58.38963556,-62.35469122,-58.39197011,1.08756E-07
689,765,1,-90.955731,8.646866,-79.470141,250,125,20040211, 14:56:50.0000,-62.35377192,-58.38732011,-62.35377192,-58.38732011,-62.35377192,-58.38732011,2.00617E-07
689,766,1,-89.748753,11.417119,-76.136892,250,125,20040211, 14:57:10.0000,-62.35332487,-58.38497162,-62.35285736,-58.38263435,-62.35332487,-58.38497162,2.64889E-07
689,767,1,-90.014519,10.739398,-77.380919,250,125,20040211, 14:57:50.0000,-62.35239236,-58.38029211,-62.35185902,-58.37797545,-62.35239236,-58.38029211,2.49166E-07
689,768,1,-93.806545,4.485154,-81.210403,250,125,20040211, 14:58:30.0000,-62.35130736,-58.37570102,-62.35075902,-58.37345878,-62.35130736,-58.37570102,1.0406E-07
689,769,1,-97.820754,1.779739,-87.623562,250,125,20040211, 14:59:10.0000,-62.35022569,-58.37120577,-62.34967381,-58.36893333,-62.35022569,-58.37120577,4.12919E-08
689,770,1,-96.569801,2.373841,-85.903205,250,125,20040211, 14:59:50.0000,-62.34912569,-58.36669211,-62.34857569,-58.36442545,-62.34912569,-58.36669211,5.50757E-08
689,771,1,-97.481599,1.924296,-87.600244,250,125,20040211, 15:00:30.0000,-62.34800952,-58.36215,-62.34747569,-58.35990577,-62.34800952,-58.36215,4.46458E-08
689,772,1,-93.394297,4.931763,-83.46717,250,125,20040211, 15:01:10.0000,-62.34692569,-58.35763911,-62.34637569,-58.35535878,-62.34692569,-58.35763911,1.14422E-07
689,773,1,-96.11868,2.633685,-86.21655,250,125,20040211, 15:01:50.0000,-62.3458287,-58.35309211,-62.34529216,-58.35084118,-62.3458287,-58.35309211,6.11043E-08
689,774,1,-92.976129,5.43024,-80.937508,250,125,20040211, 15:02:30.0000,-62.34477549,-58.34859118,-62.34425882,-58.34633824,-62.34477549,-58.34859118,1.25987E-07
689,775,1,-91.085879,8.391585,-81.858168,250,125,20040211, 15:03:10.0000,-62.34371088,-58.34407143,-62.34371088,-58.34407143,-62.34371088,-58.34407143,1.94694E-07
689,776,1,-92.301152,6.343321,-81.328555,250,125,20040211, 15:03:30.0000,-62.34315816,-58.34182143,-62.34260816,-58.33955476,-62.34315816,-58.34182143,1.47172E-07
689,777,1,-92.715715,5.765811,-80.999154,250,125,20040211, 15:04:10.0000,-62.34207483,-58.33726871,-62.3415415,-58.33495476,-62.34207483,-58.33726871,1.33773E-07
689,778,1,-90.165137,10.37333,-79.457737,250,125,20040211, 15:04:50.0000,-62.3409915,-58.3326881,-62.34044422,-58.33040476,-62.3409915,-58.3326881,2.40672E-07
689,779,1,-87.019389,21.403899,-73.003542,250,125,20040211, 15:05:30.0000,-62.33989422,-58.32815476,-62.3393415,-58.32591871,-62.33989422,-58.32815476,4.96594E-07
689,780,1,-88.755222,14.351907,-76.586466,250,125,20040211, 15:06:10.0000,-62.3387915,-58.32367143,-62.33824122,-58.32140345,-62.3387915,-58.32367143,3.3298E-07
689,781,1,-89.059881,13.379618,-75.599153,250,125,20040211, 15:06:50.0000,-62.33770784,-58.31915327,-62.33717462,-58.31690376,-62.33770784,-58.31915327,3.10422E-07
689,782,1,-88.253691,16.108782,-76.233369,250,125,20040211, 15:07:30.0000,-62.33664128,-58.31468444,-62.33609351,-58.31243563,-62.33664128,-58.31468444,3.73741E-07
689,783,1,-89.763113,11.37943,-79.843656,250,125,20040211, 15:08:10.0000,-62.3355606,-58.31020111,-62.33502399,-58.3079484,-62.3355606,-58.31020111,2.64015E-07
689,784,1,-91.176828,8.217677,-81.40026,250,125,20040211, 15:08:50.0000,-62.33449097,-58.3057023,-62.33449097,-58.3057023,-62.33449097,-58.3057023,1.90659E-07
689,785,1,-91.293051,8.000677,-81.13751,250,125,20040211, 15:09:10.0000,-62.33395795,-58.30348444,-62.33342462,-58.30123709,-62.33395795,-58.30348444,1.85624E-07
689,786,1,-90.82041,8.920535,-80.173775,250,125,20040211, 15:09:50.0000,-62.33290865,-58.29899038,-62.33237545,-58.29672431,-62.33290865,-58.29899038,2.06966E-07
689,787,1,-92.931337,5.486534,-81.973628,250,125,20040211, 15:10:30.0000,-62.33184044,-58.29444983,-62.33130764,-58.29221897,-62.33184044,-58.29444983,1.27294E-07
689,788,1,-92.41262,6.182581,-81.22734,250,125,20040211, 15:11:10.0000,-62.33077536,-58.28994058,-62.33024044,-58.28766413,-62.33077536,-58.28994058,1.43443E-07
689,789,1,-89.072754,13.340019,-76.074756,250,125,20040211, 15:11:50.0000,-62.32970878,-58.28539098,-62.32919211,-58.28312431,-62.32970878,-58.28539098,3.09503E-07
689,790,1,-91.687163,7.306604,-79.318363,250,125,20040211, 15:12:30.0000,-62.32865711,-58.28086413,-62.3281243,-58.2786023,-62.32865711,-58.28086413,1.69521E-07
689,791,1,-93.636544,4.664203,-83.48361,250,125,20040211, 15:13:10.0000,-62.32757726,-58.27635376,-62.32704128,-58.27410111,-62.32757726,-58.27635376,1.08215E-07
689,792,1,-95.448863,3.072879,-85.152559,250,125,20040211, 15:13:50.0000,-62.32649097,-58.27186642,-62.32595795,-58.26960376,-62.32649097,-58.27186642,7.12941E-08
689,793,1,-96.087917,2.652407,-84.777246,250,125,20040211, 15:14:30.0000,-62.32542462,-58.26733444,-62.32489211,-58.26510472,-62.32542462,-58.26733444,6.15387E-08
689,794,1,-95.263861,3.206607,-81.613758,250,125,20040211, 15:15:10.0000,-62.32435878,-58.26287138,-62.32380711,-58.26061413,-62.32435878,-58.26287138,7.43967E-08
689,795,1,-95.402116,3.106135,-84.269635,250,125,20040211, 15:15:50.0000,-62.32325711,-58.25839746,-62.32325711,-58.25839746,-62.32325711,-58.25839746,7.20657E-08
689,796,1,-96.009012,2.701038,-84.794341,250,125,20040211, 15:16:10.0000,-62.32272462,-58.25616778,-62.32215711,-58.25394746,-62.32272462,-58.25616778,6.2667E-08
689,797,1,-95.514626,3.026699,-84.369995,250,125,20040211, 15:16:50.0000,-62.32159199,-58.25170417,-62.32102399,-58.24948173,-62.32159199,-58.25170417,7.02227E-08
689,798,1,-95.697448,2.901931,-82.736073,250,125,20040211, 15:17:30.0000,-62.3204737,-58.24726382,-62.3199243,-58.24503309,-62.3204737,-58.24726382,6.73279E-08
689,799,1,-100.289813,1.007977,-88.335711,250,125,20040211, 15:18:10.0000,-62.3194243,-58.2428023,-62.31889128,-58.24058444,-62.3194243,-58.2428023,2.33862E-08
689,800,1,-92.264626,6.396896,-81.482694,250,125,20040211, 15:18:50.0000,-62.31832726,-58.23844846,-62.3175813,-58.23677341,-62.31832726,-58.23844846,1.48415E-07
689,801,1,-90.43524,9.747827,-76.895258,250,125,20040211, 15:19:50.0000,-62.31667851,-58.23571184,-62.31483256,-58.23567274,-62.31573374,-58.23535,2.2616E-07
689,802,1,-90.250025,10.172539,-79.114318,250,125,20040211, 15:20:30.0000,-62.31401256,-58.23638744,-62.31316449,-58.23721884,-62.31401256,-58.23638744,2.36014E-07
689,803,1,-92.427228,6.16182,-79.041102,250,125,20040211, 15:21:10.0000,-62.31231227,-58.23813528,-62.31146361,-58.23908639,-62.31231227,-58.23813528,1.42961E-07
689,804,1,-90.683902,9.205378,-78.172102,250,125,20040211, 15:21:50.0000,-62.31059694,-58.24005034,-62.30969647,-58.2410202,-62.31059694,-58.24005034,2.13575E-07
689,805,1,-71.425526,776.031365,-53.36617,250,125,20040211, 15:22:50.0000,-62.30878117,-58.2419855,-62.30696765,-58.24390196,-62.30788243,-58.24296757,1.80048E-05
689,806,1,-96.411359,2.462045,-86.972446,250,125,20040211, 15:23:30.0000,-62.30604783,-58.24485217,-62.30514647,-58.2458009,-62.30604783,-58.24485217,5.71221E-08
689,807,1,-94.499845,3.823379,-84.224704,250,125,20040211, 15:24:10.0000,-62.30423137,-58.24678235,-62.3033145,-58.2477855,-62.30423137,-58.24678235,8.87065E-08
689,808,1,-91.846238,7.043817,-76.092819,250,125,20040211, 15:24:50.0000,-62.3023991,-58.2487009,-62.30146633,-58.24965306,-62.3023991,-58.2487009,1.63424E-07
689,809,1,-93.696127,4.60065,-77.382015,250,125,20040211, 15:25:30.0000,-62.30054805,-58.25058773,-62.29963201,-58.25153465,-62.30054805,-58.25058773,1.0674E-07
689,810,1,-85.252177,32.152452,-66.440272,250,125,20040211, 15:26:30.0000,-62.29869658,-58.25245342,-62.29686449,-58.25431594,-62.29776465,-58.25338535,7.45972E-07
689,811,1,-96.747048,2.278909,-82.912047,250,125,20040211, 15:27:10.0000,-62.29594923,-58.25526744,-62.29504542,-58.25620217,-62.29594923,-58.25526744,5.28732E-08
689,812,1,-97.529988,1.902975,-84.611349,250,125,20040211, 15:27:50.0000,-62.29413201,-58.25715132,-62.29321221,-58.25810446,-62.29413201,-58.25715132,4.41511E-08
689,813,1,-95.437468,3.080953,-82.224476,250,125,20040211, 15:28:30.0000,-62.29229518,-58.25907149,-62.29136535,-58.26001799,-62.29229518,-58.25907149,7.14814E-08
689,814,1,-95.543167,3.006873,-81.03819,250,125,20040211, 15:29:10.0000,-62.29044923,-58.26095077,-62.28951633,-58.26188639,-62.29044923,-58.26095077,6.97627E-08
689,815,1,-85.329841,31.58259,-71.33046,250,125,20040211, 15:30:10.0000,-62.28858201,-58.26281799,-62.28669755,-58.26465482,-62.28763256,-58.2637341,7.3275E-07
689,816,1,-87.221432,20.430954,-73.468207,250,125,20040211, 15:30:50.0000,-62.28576465,-58.26555202,-62.28482991,-58.26645342,-62.28576465,-58.26555202,4.7402E-07
689,817,1,-97.642547,1.854288,-82.926811,250,125,20040211, 15:31:30.0000,-62.28389783,-58.26735217,-62.2829813,-58.26826577,-62.28389783,-58.26735217,4.30215E-08
689,818,1,-104.262534,0.403811,-92.794232,250,125,20040211, 15:32:10.0000,-62.28206325,-58.26917009,-62.28113088,-58.27010482,-62.28206325,-58.26917009,9.36886E-09
689,819,1,-99.483148,1.213716,-86.715576,250,125,20040211, 15:32:50.0000,-62.28021273,-58.27103727,-62.27929658,-58.27195342,-62.28021273,-58.27103727,2.81595E-08
689,820,1,-98.823194,1.412903,-88.302903,250,125,20040211, 15:33:50.0000,-62.27836421,-58.27287149,-62.27652991,-58.2747341,-62.27744776,-58.27378558,3.27809E-08
689,821,1,-98.036373,1.693536,-87.225692,250,125,20040211, 15:34:30.0000,-62.27562851,-58.27575245,-62.27472939,-58.27676806,-62.27562851,-58.27575245,3.92919E-08
689,822,1,-94.567229,3.764514,-83.605149,250,125,20040211, 15:35:10.0000,-62.27380089,-58.27773244,-62.27289518,-58.27873579,-62.27380089,-58.27773244,8.73408E-08
689,823,1,-96.296295,2.528147,-85.345839,250,125,20040211, 15:35:50.0000,-62.27199518,-58.27970245,-62.2710659,-58.28070077,-62.27199518,-58.27970245,5.86557E-08
689,824,1,-98.229246,1.619971,-86.382256,250,125,20040211, 15:36:30.0000,-62.27014923,-58.28171744,-62.26923194,-58.2827014,-62.27014923,-58.28171744,3.75851E-08
689,825,1,-74.115019,417.762998,-56.268212,250,125,20040211, 15:37:30.0000,-62.26832991,-58.2837341,-62.26651731,-58.28586314,-62.26741184,-58.28478579,9.69255E-06
689,826,1,-101.263366,0.805555,-89.368054,250,125,20040211, 15:38:10.0000,-62.26561221,-58.28694958,-62.26469923,-58.28801744,-62.26561221,-58.28694958,1.86898E-08
689,827,1,-102.283207,0.636959,-90.157395,250,125,20040211, 15:38:50.0000,-62.26379658,-58.28906744,-62.26291325,-58.29018145,-62.26379658,-58.28906744,1.47781E-08
689,828,1,-99.912529,1.099459,-85.252925,250,125,20040211, 15:39:30.0000,-62.26199923,-58.2912341,-62.26109658,-58.29230077,-62.26199923,-58.2912341,2.55086E-08
689,829,1,-97.811925,1.783361,-82.936395,250,125,20040211, 15:40:10.0000,-62.26019923,-58.29341479,-62.25928256,-58.29451479,-62.26019923,-58.29341479,4.13759E-08
689,830,1,-96.103361,2.642991,-83.300445,250,125,20040211, 15:40:50.0000,-62.2583813,-58.29562951,-62.25746325,-58.29671479,-62.2583813,-58.29562951,6.13203E-08
689,831,1,-97.750843,1.808621,-81.978709,250,125,20040211, 15:41:50.0000,-62.25653088,-58.29778342,-62.25469797,-58.29992951,-62.25561731,-58.29886314,4.1962E-08
689,832,1,-101.21181,0.815175,-88.606858,250,125,20040211, 15:42:30.0000,-62.25376582,-58.30103418,-62.25283194,-58.30211806,-62.25376582,-58.30103418,1.89129E-08
689,833,1,-74.636603,370.485744,-56.31314,250,125,20040211, 15:43:10.0000,-62.25191582,-58.30321488,-62.25098228,-58.30430106,-62.25191582,-58.30321488,8.59567E-06
689,834,1,-96.006823,2.7024,-82.434797,250,125,20040211, 15:43:50.0000,-62.25006273,-58.30541806,-62.24912985,-58.30653418,-62.25006273,-58.30541806,6.26986E-08
689,835,1,-93.269404,5.075647,-80.026115,250,125,20040211, 15:44:30.0000,-62.24819915,-58.30766488,-62.24726582,-58.30879821,-62.24819915,-58.30766488,1.1776E-07
689,836,1,-96.562535,2.377817,-82.510089,250,125,20040211, 15:45:10.0000,-62.24634915,-58.30994821,-62.24538256,-58.31106479,-62.24634915,-58.30994821,5.51679E-08
689,837,1,-105.111103,0.33214,-95.949063,250,125,20040211, 15:45:50.0000,-62.24443349,-58.31216651,-62.24443349,-58.31216651,-62.24443349,-58.31216651,7.70601E-09
