Process_ID,Interval,Layer,Sv_mean,NASC,Sv_max,Height_mean,Depth_mean,Date_M,Time_M,Lat_S,Lon_S,Lat_E,Lon_E,Lat_M,Lon_M,ABC
688,46,1,-97.356631,1.980472,-85.810326,250,125,20040116, 03:16:50.0000,-62.29593916,-58.29146026,-62.29652205,-58.29330863,-62.29593916,-58.29146026,4.59491E-08
688,47,1,-97.306513,2.003459,-83.634231,250,125,20040116, 03:17:30.0000,-62.2971196,-58.29514556,-62.29770215,-58.2969731,-62.2971196,-58.29514556,4.64824E-08
688,48,1,-97.652005,1.850254,-86.195107,250,125,20040116, 03:18:10.0000,-62.29828805,-58.29880618,-62.29888586,-58.30062778,-62.29828805,-58.29880618,4.29279E-08
688,49,1,-96.673317,2.317929,-80.789791,250,125,20040116, 03:19:10.0000,-62.29948407,-58.30243951,-62.30066829,-58.3061253,-62.30006829,-58.30430863,5.37785E-08
688,50,1,-98.043019,1.690947,-85.804135,250,125,20040116, 03:19:50.0000,-62.30125583,-58.3079436,-62.30185073,-58.30977285,-62.30125583,-58.3079436,3.92318E-08
688,51,1,-91.053243,8.454882,-74.555637,250,125,20040116, 03:20:30.0000,-62.30243613,-58.31161184,-62.30303555,-58.31343054,-62.30243613,-58.31161184,1.96162E-07
688,52,1,-89.295627,12.6727,-73.77681,250,125,20040116, 03:21:10.0000,-62.3036225,-58.3152436,-62.30420162,-58.31705863,-62.3036225,-58.3152436,2.9402E-07
688,53,1,-100.839434,0.888154,-90.162288,250,125,20040116, 03:21:50.0000,-62.3047725,-58.31893998,-62.30532273,-58.32082778,-62.3047725,-58.31893998,2.06061E-08
688,54,1,-96.699562,2.303964,-83.221834,250,125,20040116, 03:22:30.0000,-62.30590162,-58.32265863,-62.30645583,-58.3244936,-62.30590162,-58.32265863,5.34545E-08
688,55,1,-91.455395,7.707124,-75.545046,250,125,20040116, 03:23:30.0000,-62.30703407,-58.32635618,-62.30815489,-58.33004014,-62.30760279,-58.32821184,1.78814E-07
688,56,1,-85.986644,27.14985,-69.117993,250,125,20040116, 03:24:10.0000,-62.30870472,-58.33188951,-62.30925626,-58.33376184,-62.30870472,-58.33188951,6.29906E-07
688,57,1,-97.081152,2.110166,-83.471059,250,125,20040116, 03:24:50.0000,-62.30980583,-58.33562693,-62.31036829,-58.33745863,-62.30980583,-58.33562693,4.89581E-08
688,58,1,-91.641927,7.383107,-76.256454,250,125,20040116, 03:25:30.0000,-62.31090642,-58.33931242,-62.31145583,-58.34116026,-62.31090642,-58.33931242,1.71296E-07
688,59,1,-80.603438,93.775203,-64.437085,250,125,20040116, 03:26:10.0000,-62.31198872,-58.3430253,-62.31255162,-58.34485863,-62.31198872,-58.3430253,2.17569E-06
688,60,1,-89.437672,12.264918,-72.205744,250,125,20040116, 03:26:50.0000,-62.31310583,-58.34671026,-62.31365472,-58.3485522,-62.31310583,-58.34671026,2.84559E-07
688,61,1,-87.438162,19.436391,-70.845298,250,125,20040116, 03:27:50.0000,-62.31420626,-58.35042851,-62.31533407,-58.35413951,-62.31477138,-58.35227285,4.50945E-07
688,62,1,-90.994223,8.570566,-78.342658,250,125,20040116, 03:28:30.0000,-62.31587138,-58.35603553,-62.31643407,-58.35790618,-62.31587138,-58.35603553,1.98846E-07
688,63,1,-92.349254,6.273449,-80.732651,250,125,20040116, 03:29:10.0000,-62.31697138,-58.35973951,-62.31751946,-58.36157851,-62.31697138,-58.35973951,1.45551E-07
688,64,1,-91.335986,7.921971,-77.086556,250,125,20040116, 03:29:50.0000,-62.31805588,-58.3634402,-62.31861837,-58.3653051,-62.31805588,-58.3634402,1.83798E-07
688,65,1,-93.894981,4.394746,-83.241553,250,125,20040116, 03:30:30.0000,-62.31918878,-58.36717177,-62.31973902,-58.36904309,-62.31918878,-58.36717177,1.01963E-07
688,66,1,-93.928458,4.361,-82.760064,250,125,20040116, 03:31:30.0000,-62.32030544,-58.37089218,-62.32143555,-58.37457693,-62.32086837,-58.37274218,1.0118E-07
688,67,1,-90.853034,8.853774,-77.379621,250,125,20040116, 03:32:10.0000,-62.3219725,-58.37642693,-62.32253503,-58.37828844,-62.3219725,-58.37642693,2.05417E-07
688,68,1,-94.472483,3.847543,-81.484056,250,125,20040116, 03:32:50.0000,-62.32308503,-58.38015884,-62.32363878,-58.38197551,-62.32308503,-58.38015884,8.92672E-08
688,69,1,-92.799495,5.655648,-79.666373,250,125,20040116, 03:33:30.0000,-62.32421895,-58.38381046,-62.32477274,-58.38567783,-62.32421895,-58.38381046,1.31217E-07
688,70,1,-89.865954,11.113131,-76.534356,250,125,20040116, 03:34:10.0000,-62.3253353,-58.38752624,-62.32588897,-58.38935957,-62.3253353,-58.38752624,2.57837E-07
688,71,1,-87.834828,17.739812,-70.268586,250,125,20040116, 03:34:50.0000,-62.32645106,-58.39119041,-62.32701772,-58.39305707,-62.32645106,-58.39119041,4.11583E-07
688,72,1,-87.602174,18.716059,-70.755588,250,125,20040116, 03:35:50.0000,-62.32758985,-58.39491277,-62.32871772,-58.39855707,-62.32815496,-58.39674431,4.34233E-07
688,73,1,-90.650652,9.276126,-79.191502,250,125,20040116, 03:36:30.0000,-62.32928985,-58.40039611,-62.32985496,-58.40222374,-62.32928985,-58.40039611,2.15216E-07
688,74,1,-93.426613,4.895201,-80.959182,250,125,20040116, 03:37:10.0000,-62.33040496,-58.40404041,-62.33098646,-58.40587944,-62.33040496,-58.40404041,1.13574E-07
688,75,1,-93.257351,5.089754,-81.321261,250,125,20040116, 03:37:50.0000,-62.33155564,-58.40769291,-62.3321353,-58.40950957,-62.33155564,-58.40769291,1.18088E-07
688,76,1,-94.901742,3.48544,-81.572825,250,125,20040116, 03:38:30.0000,-62.33270564,-58.41135957,-62.33328588,-58.41317783,-62.33270564,-58.41135957,8.0866E-08
688,77,1,-94.135676,4.157806,-80.904793,250,125,20040116, 03:39:30.0000,-62.33388439,-58.41502374,-62.33503581,-58.41867764,-62.33445651,-58.41684611,9.64656E-08
688,78,1,-93.599636,4.70401,-80.858803,250,125,20040116, 03:40:10.0000,-62.33558897,-58.42052624,-62.33616953,-58.42236204,-62.33558897,-58.42052624,1.09138E-07
688,79,1,-93.161384,5.203475,-83.317914,250,125,20040116, 03:40:50.0000,-62.33673829,-58.42419041,-62.33725564,-58.42607624,-62.33673829,-58.42419041,1.20726E-07
688,80,1,-92.134957,6.59077,-79.862352,250,125,20040116, 03:41:30.0000,-62.33773985,-58.42799611,-62.33817163,-58.42991984,-62.33773985,-58.42799611,1.52913E-07
688,81,1,-94.300262,4.003185,-82.86537,250,125,20040116, 03:42:10.0000,-62.33859231,-58.43187051,-62.3390099,-58.43385939,-62.33859231,-58.43187051,9.28782E-08
688,82,1,-95.547105,3.004148,-84.488004,250,125,20040116, 03:43:10.0000,-62.33942274,-58.4358243,-62.3402599,-58.43966277,-62.33982553,-58.43775317,6.96995E-08
688,83,1,-95.727774,2.881738,-86.0132,250,125,20040116, 03:43:50.0000,-62.34070496,-58.44159041,-62.34112231,-58.4435559,-62.34070496,-58.44159041,6.68594E-08
688,84,1,-93.267185,5.078241,-80.445298,250,125,20040116, 03:44:30.0000,-62.34153897,-58.4455059,-62.34194294,-58.44745764,-62.34153897,-58.4455059,1.17821E-07
688,85,1,-95.295697,3.183187,-85.848147,250,125,20040116, 03:45:10.0000,-62.34235886,-58.44937374,-62.34278897,-58.45129291,-62.34235886,-58.44937374,7.38534E-08
688,86,1,-96.478921,2.42404,-85.895261,250,125,20040116, 03:46:10.0000,-62.34320897,-58.45322051,-62.34405961,-58.45707783,-62.34363897,-58.4551559,5.62403E-08
688,87,1,-95.372888,3.127109,-84.357595,250,125,20040116, 03:46:50.0000,-62.34447274,-58.4590243,-62.34488897,-58.46098923,-62.34447274,-58.4590243,7.25523E-08
688,88,1,-95.09956,3.330243,-84.283961,250,125,20040116, 03:47:30.0000,-62.3452933,-58.46294313,-62.34570667,-58.46486333,-62.3452933,-58.46294313,7.72652E-08
688,89,1,-94.238265,4.060741,-82.778516,250,125,20040116, 03:48:10.0000,-62.34610886,-58.46680317,-62.34652338,-58.4687602,-62.34610886,-58.46680317,9.42136E-08
688,90,1,-91.905765,6.947928,-80.027,250,125,20040116, 03:49:10.0000,-62.34694265,-58.47068923,-62.34780651,-58.47459272,-62.34737564,-58.47263718,1.61199E-07
688,91,1,-92.988634,5.414625,-81.632326,250,125,20040116, 03:49:50.0000,-62.34822179,-58.47655385,-62.3486422,-58.47851984,-62.34822179,-58.47655385,1.25625E-07
688,92,1,-94.348428,3.959032,-82.469505,250,125,20040116, 03:50:30.0000,-62.34907338,-58.48047687,-62.34952181,-58.48240392,-62.34907338,-58.48047687,9.18538E-08
688,93,1,-94.415258,3.898576,-80.622479,250,125,20040116, 03:51:10.0000,-62.34995899,-58.48435392,-62.35038903,-58.48630612,-62.34995899,-58.48435392,9.04512E-08
688,94,1,-94.389232,3.92201,-78.841572,250,125,20040116, 03:52:10.0000,-62.35079232,-58.48823725,-62.35164337,-58.49211352,-62.35122565,-58.49015392,9.09949E-08
688,95,1,-95.132973,3.304719,-82.534785,250,125,20040116, 03:52:50.0000,-62.35207181,-58.49405392,-62.35247565,-58.49597443,-62.35207181,-58.49405392,7.6673E-08
688,96,1,-91.659899,7.352618,-79.497837,250,125,20040116, 03:53:30.0000,-62.35289005,-58.49792687,-62.35332274,-58.49986117,-62.35289005,-58.49792687,1.70589E-07
688,97,1,-93.337972,4.996141,-77.583688,250,125,20040116, 03:54:10.0000,-62.35377198,-58.50175837,-62.35422274,-58.5036445,-62.35377198,-58.50175837,1.15916E-07
688,98,1,-93.659159,4.639978,-81.159433,250,125,20040116, 03:55:10.0000,-62.35467256,-58.50554385,-62.3555401,-58.50938037,-62.35510627,-58.50746188,1.07652E-07
688,99,1,-89.582431,11.862842,-76.843094,250,125,20040116, 03:55:50.0000,-62.35597644,-58.51127874,-62.3564059,-58.51319026,-62.35597644,-58.51127874,2.75231E-07
688,100,1,-91.544985,7.549763,-79.214596,250,125,20040116, 03:56:30.0000,-62.3568401,-58.51509374,-62.35725993,-58.51697626,-62.3568401,-58.51509374,1.75163E-07
688,101,1,-90.525289,9.547791,-75.055601,250,125,20040116, 03:57:10.0000,-62.3577052,-58.51887463,-62.35812256,-58.52077359,-62.3577052,-58.51887463,2.21519E-07
688,102,1,-92.843993,5.597995,-79.076372,250,125,20040116, 03:58:10.0000,-62.35855632,-58.5226454,-62.35942343,-58.52634374,-62.35898854,-58.5244913,1.2988E-07
688,103,1,-93.282899,5.0599,-82.056295,250,125,20040116, 03:58:50.0000,-62.35984236,-58.52820797,-62.36025949,-58.53007718,-62.35984236,-58.52820797,1.17395E-07
688,104,1,-92.864161,5.572059,-82.779712,250,125,20040116, 03:59:30.0000,-62.3606901,-58.53197707,-62.36110902,-58.53385797,-62.3606901,-58.53197707,1.29278E-07
688,105,1,-93.485508,4.829265,-80.637083,250,125,20040116, 04:00:30.0000,-62.36152615,-58.53576051,-62.3623887,-58.53955481,-62.36195949,-58.53766051,1.12044E-07
688,106,1,-94.575682,3.757194,-85.459686,250,125,20040116, 04:01:10.0000,-62.36280949,-58.54146051,-62.3632401,-58.54337707,-62.36280949,-58.54146051,8.7171E-08
688,107,1,-93.60917,4.693695,-84.242225,250,125,20040116, 04:01:50.0000,-62.36365902,-58.5452413,-62.36407615,-58.54712359,-62.36365902,-58.5452413,1.08899E-07
688,108,1,-91.68984,7.302101,-82.722989,250,125,20040116, 04:02:50.0000,-62.36449282,-58.54901051,-62.36534236,-58.55282081,-62.36490977,-58.55092529,1.69417E-07
688,109,1,-90.753548,9.058934,-75.526927,250,125,20040116, 04:03:30.0000,-62.36575627,-58.55474521,-62.36617644,-58.55665862,-62.36575627,-58.55474521,2.10177E-07
688,110,1,-92.006907,6.787989,-80.994451,250,125,20040116, 04:04:10.0000,-62.36660949,-58.55854385,-62.36704282,-58.56045692,-62.36660949,-58.55854385,1.57489E-07
688,111,1,-91.068329,8.425563,-81.116094,250,125,20040116, 04:04:50.0000,-62.36747644,-58.56237874,-62.36789282,-58.56432359,-62.36747644,-58.56237874,1.95482E-07
688,112,1,-89.133564,13.154535,-77.653281,250,125,20040116, 04:05:50.0000,-62.36830974,-58.56625842,-62.36917187,-58.57012463,-62.36874236,-58.56818748,3.05199E-07
688,113,1,-89.772026,11.356101,-79.426957,250,125,20040116, 04:06:30.0000,-62.3695901,-58.57206041,-62.37000977,-58.57397529,-62.3695901,-58.57206041,2.63474E-07
688,114,1,-89.138989,13.138113,-76.63145,250,125,20040116, 04:07:10.0000,-62.37043923,-58.57587718,-62.37087256,-58.57779026,-62.37043923,-58.57587718,3.04818E-07
688,115,1,-88.958055,13.697027,-76.745579,250,125,20040116, 04:07:50.0000,-62.37129282,-58.57971051,-62.37172256,-58.58164026,-62.37129282,-58.57971051,3.17786E-07
688,116,1,-90.251379,10.169368,-78.654506,250,125,20040116, 04:08:50.0000,-62.37214282,-58.58357359,-62.37302256,-58.58741051,-62.37257647,-58.58549559,2.3594E-07
688,117,1,-90.627644,9.325399,-78.702495,250,125,20040116, 04:09:30.0000,-62.37345692,-58.58933092,-62.37388966,-58.59126207,-62.37345692,-58.58933092,2.16359E-07
688,118,1,-90.525745,9.546788,-77.732246,250,125,20040116, 04:10:10.0000,-62.37432187,-58.59317463,-62.37475697,-58.59511122,-62.37432187,-58.59317463,2.21496E-07
688,119,1,-90.196713,10.298182,-78.005863,250,125,20040116, 04:10:50.0000,-62.37517644,-58.59701207,-62.3756059,-58.59894026,-62.37517644,-58.59701207,2.38929E-07
688,120,1,-88.710787,14.499505,-77.336241,250,125,20040116, 04:11:50.0000,-62.37602619,-58.60085714,-62.37688929,-58.60464405,-62.37645637,-58.60276225,3.36404E-07
688,121,1,-89.112428,13.21871,-78.400258,250,125,20040116, 04:12:30.0000,-62.37732262,-58.60657381,-62.37775539,-58.60852157,-62.37732262,-58.60657381,3.06688E-07
688,122,1,-91.069165,8.423941,-81.242169,250,125,20040116, 04:13:10.0000,-62.37817647,-58.61046225,-62.3785931,-58.61240862,-62.37817647,-58.61046225,1.95445E-07
688,123,1,-89.584369,11.857548,-77.604027,250,125,20040116, 04:13:50.0000,-62.37900637,-58.61434216,-62.37940952,-58.61625714,-62.37900637,-58.61434216,2.75108E-07
688,124,1,-89.083852,13.305974,-77.932211,250,125,20040116, 04:14:50.0000,-62.37982262,-58.61819048,-62.38065915,-58.62207157,-62.38023894,-58.62012612,3.08713E-07
688,125,1,-88.006797,17.051089,-75.31536,250,125,20040116, 04:15:30.0000,-62.38107343,-58.62401041,-62.38149314,-58.62591225,-62.38107343,-58.62401041,3.95604E-07
688,126,1,-89.217965,12.901355,-78.617659,250,125,20040116, 04:16:10.0000,-62.38190915,-58.62783824,-62.38232369,-58.62979797,-62.38190915,-58.62783824,2.99325E-07
688,127,1,-88.674546,14.621006,-78.185036,250,125,20040116, 04:16:50.0000,-62.38274252,-58.63173846,-62.38315919,-58.63370512,-62.38274252,-58.63173846,3.39223E-07
688,128,1,-89.699485,11.547377,-79.780654,250,125,20040116, 04:17:50.0000,-62.3835769,-58.63566142,-62.38455545,-58.6393922,-62.38403894,-58.63757612,2.67912E-07
688,129,1,-89.362501,12.479057,-79.324503,250,125,20040116, 04:18:30.0000,-62.3851702,-58.64110051,-62.38583647,-58.64273284,-62.3851702,-58.64110051,2.89528E-07
688,130,1,-89.007005,13.543513,-78.331191,250,125,20040116, 04:19:10.0000,-62.3865032,-58.64434967,-62.38716932,-58.64599829,-62.3865032,-58.64434967,3.14224E-07
688,131,1,-88.571029,14.973692,-74.335241,250,125,20040116, 04:19:50.0000,-62.38782211,-58.6476626,-62.38846932,-58.64931496,-62.38782211,-58.6476626,3.47406E-07
688,132,1,-90.803145,8.956067,-82.010099,250,125,20040116, 04:20:50.0000,-62.38913687,-58.65095051,-62.39045354,-58.65428384,-62.38980171,-58.65262927,2.0779E-07
688,133,1,-91.021452,8.516999,-81.453937,250,125,20040116, 04:21:30.0000,-62.39112047,-58.65593452,-62.39180171,-58.65756634,-62.39112047,-58.65593452,1.97604E-07
688,134,1,-91.028583,8.503026,-81.435942,250,125,20040116, 04:22:10.0000,-62.39248598,-58.65924479,-62.393154,-58.66091833,-62.39248598,-58.65924479,1.97279E-07
688,135,1,-90.443578,9.729132,-81.59478,250,125,20040116, 04:22:50.0000,-62.39381987,-58.662583,-62.39450265,-58.66424829,-62.39381987,-58.662583,2.25726E-07
688,136,1,-90.723542,9.121738,-81.559542,250,125,20040116, 04:23:30.0000,-62.39518654,-58.665933,-62.39585192,-58.66759647,-62.39518654,-58.665933,2.11634E-07
688,137,1,-91.213715,8.148175,-81.900989,250,125,20040116, 04:24:30.0000,-62.39651837,-58.6692626,-62.39785171,-58.67257927,-62.39718654,-58.67092964,1.89046E-07
688,138,1,-92.466333,6.106587,-84.143009,250,125,20040116, 04:25:10.0000,-62.39850615,-58.67424829,-62.39918627,-58.67594902,-62.39850615,-58.67424829,1.41679E-07
688,139,1,-92.0207,6.766465,-82.643355,250,125,20040116, 04:25:50.0000,-62.3998532,-58.677633,-62.40053598,-58.67929829,-62.3998532,-58.677633,1.56989E-07
688,140,1,-93.275728,5.068262,-84.10784,250,125,20040116, 04:26:30.0000,-62.40120381,-58.68098452,-62.40187047,-58.68265118,-62.40120381,-58.68098452,1.17589E-07
688,141,1,-93.084947,5.295868,-82.84261,250,125,20040116, 04:27:10.0000,-62.40253654,-58.684333,-62.40320381,-58.68600118,-62.40253654,-58.684333,1.2287E-07
688,142,1,-93.422191,4.900188,-83.766386,250,125,20040116, 04:27:50.0000,-62.40386932,-58.68768162,-62.40451837,-58.6893626,-62.40386932,-58.68768162,1.1369E-07
688,143,1,-93.788491,4.503838,-84.319795,250,125,20040116, 04:28:50.0000,-62.40515381,-58.69105118,-62.40645171,-58.69439593,-62.40578504,-58.6927126,1.04494E-07
688,144,1,-92.922463,5.497757,-82.01148,250,125,20040116, 04:29:30.0000,-62.40711932,-58.69604829,-62.40778504,-58.69767927,-62.40711932,-58.69604829,1.27554E-07
688,145,1,-94.070797,4.220385,-83.502287,250,125,20040116, 04:30:10.0000,-62.40843598,-58.69936496,-62.40908949,-58.70101496,-62.40843598,-58.69936496,9.79175E-08
688,146,1,-93.694724,4.602135,-82.628022,250,125,20040116, 04:30:50.0000,-62.40975192,-58.70269647,-62.41040171,-58.7043626,-62.40975192,-58.70269647,1.06775E-07
688,147,1,-85.100407,33.29593,-64.421869,250,125,20040116, 04:31:50.0000,-62.41107047,-58.70600118,-62.41238529,-58.7093299,-62.41171987,-58.70764967,7.72501E-07
688,148,1,-92.972842,5.43435,-83.518805,250,125,20040116, 04:32:30.0000,-62.41305381,-58.71101785,-62.41370196,-58.71271324,-62.41305381,-58.71101785,1.26083E-07
688,149,1,-94.863388,3.516357,-83.343247,250,125,20040116, 04:33:10.0000,-62.4143532,-58.71441634,-62.41498714,-58.71608452,-62.4143532,-58.71441634,8.15833E-08
688,150,1,-93.526162,4.78427,-82.648962,250,125,20040116, 04:33:50.0000,-62.41563529,-58.71774657,-62.41626987,-58.719433,-62.41563529,-58.71774657,1.11E-07
688,151,1,-93.698269,4.598381,-84.543481,250,125,20040116, 04:34:30.0000,-62.4169206,-58.72110151,-62.41756863,-58.72275956,-62.4169206,-58.72110151,1.06687E-07
688,152,1,-94.310197,3.994037,-83.793422,250,125,20040116, 04:35:30.0000,-62.41820196,-58.7244299,-62.41948654,-58.72778637,-62.41884036,-58.72611785,9.2666E-08
688,153,1,-96.927928,2.185944,-86.925665,250,125,20040116, 04:36:10.0000,-62.42012287,-58.72946514,-62.42078632,-58.73114573,-62.42012287,-58.72946514,5.07163E-08
688,154,1,-96.62915,2.341622,-86.875635,250,125,20040116, 04:36:50.0000,-62.42142013,-58.73285033,-62.42208558,-58.73453061,-62.42142013,-58.73285033,5.43282E-08
688,155,1,-96.781246,2.261035,-83.20142,250,125,20040116, 04:37:30.0000,-62.42272374,-58.73621801,-62.42335707,-58.73788468,-62.42272374,-58.73621801,5.24585E-08
688,156,1,-94.85091,3.526475,-79.270491,250,125,20040116, 04:38:30.0000,-62.4239904,-58.73956801,-62.42527007,-58.7428835,-62.42463748,-58.7412187,8.1818E-08
688,157,1,-95.401993,3.106223,-83.497758,250,125,20040116, 04:39:10.0000,-62.42593632,-58.74456581,-62.42657054,-58.74625135,-62.42593632,-58.74456581,7.20677E-08
688,158,1,-96.063177,2.66756,-86.410202,250,125,20040116, 04:39:50.0000,-62.42720224,-58.74790088,-62.42785299,-58.74958248,-62.42720224,-58.74790088,6.18903E-08
688,159,1,-96.538703,2.390901,-85.70972,250,125,20040116, 04:40:30.0000,-62.42850717,-58.751285,-62.42915347,-58.75295033,-62.42850717,-58.751285,5.54715E-08
688,160,1,-96.83327,2.234111,-86.738842,250,125,20040116, 04:41:10.0000,-62.42977236,-58.75461341,-62.43042081,-58.7562687,-62.42977236,-58.75461341,5.18338E-08
688,161,1,-96.744194,2.280407,-86.770611,250,125,20040116, 04:42:10.0000,-62.43105569,-58.75793008,-62.43235427,-58.76125235,-62.43170299,-58.75958248,5.29079E-08
688,162,1,-96.594333,2.36047,-86.630212,250,125,20040116, 04:42:50.0000,-62.43298686,-58.76293383,-62.43362308,-58.76459915,-62.43298686,-58.76293383,5.47655E-08
688,163,1,-96.286729,2.533722,-85.852862,250,125,20040116, 04:43:30.0000,-62.43427081,-58.7662687,-62.43490569,-58.76795976,-62.43427081,-58.7662687,5.87851E-08
688,164,1,-96.429816,2.451604,-85.194361,250,125,20040116, 04:44:10.0000,-62.43555203,-58.76964675,-62.43618974,-58.77136581,-62.43555203,-58.76964675,5.68799E-08
688,165,1,-94.286714,4.015692,-82.256775,250,125,20040116, 04:44:50.0000,-62.43683686,-58.77308054,-62.43746966,-58.77476581,-62.43683686,-58.77308054,9.31684E-08
688,166,1,-94.57364,3.758961,-83.732481,250,125,20040116, 04:45:50.0000,-62.43810641,-58.77644915,-62.43943291,-58.77978248,-62.43875224,-58.778127,8.7212E-08
688,167,1,-95.611419,2.959988,-86.319889,250,125,20040116, 04:46:30.0000,-62.44010427,-58.78141901,-62.44075415,-58.78310203,-62.44010427,-58.78141901,6.86749E-08
688,168,1,-94.893703,3.491898,-86.745995,250,125,20040116, 04:47:10.0000,-62.44140203,-58.78474675,-62.44203767,-58.7864025,-62.44140203,-58.78474675,8.10158E-08
688,169,1,-95.61878,2.954975,-86.627146,250,125,20040116, 04:47:50.0000,-62.44268686,-58.78803383,-62.44333632,-58.78969915,-62.44268686,-58.78803383,6.85586E-08
688,170,1,-96.179607,2.596995,-86.170624,250,125,20040116, 04:48:50.0000,-62.44397308,-58.79134915,-62.44528537,-58.79469675,-62.44463537,-58.79303008,6.02531E-08
688,171,1,-95.545426,3.00531,-86.717809,250,125,20040116, 04:49:30.0000,-62.44592081,-58.79633536,-62.4465702,-58.79798383,-62.44592081,-58.79633536,6.97264E-08
688,172,1,-95.639585,2.940853,-85.90403,250,125,20040116, 04:50:10.0000,-62.44721966,-58.79964915,-62.44788748,-58.8012687,-62.44721966,-58.79964915,6.8231E-08
688,173,1,-95.588,2.975992,-85.353437,250,125,20040116, 04:50:50.0000,-62.44855353,-58.80288383,-62.44920387,-58.80453468,-62.44855353,-58.80288383,6.90462E-08
688,174,1,-96.148519,2.615652,-86.633824,250,125,20040116, 04:51:50.0000,-62.44988748,-58.80610516,-62.45141504,-58.80890407,-62.45063686,-58.80754039,6.0686E-08
688,175,1,-95.217449,3.241059,-86.826996,250,125,20040116, 04:52:30.0000,-62.45221768,-58.81022496,-62.45303358,-58.81154039,-62.45221768,-58.81022496,7.51961E-08
688,176,1,-96.191761,2.589738,-88.194631,250,125,20040116, 04:53:10.0000,-62.45388203,-58.81287124,-62.45470136,-58.81424218,-62.45388203,-58.81287124,6.00847E-08
688,177,1,-83.268307,50.769302,-63.766046,250,125,20040116, 04:53:50.0000,-62.45550353,-58.81562044,-62.45631633,-58.81697279,-62.45550353,-58.81562044,1.1779E-06
688,178,1,-96.216836,2.574828,-85.813063,250,125,20040116, 04:54:30.0000,-62.45713299,-58.81835612,-62.45794869,-58.81970458,-62.45713299,-58.81835612,5.97388E-08
688,179,1,-96.253453,2.55321,-86.612126,250,125,20040116, 04:55:10.0000,-62.45876553,-58.82105485,-62.45958299,-58.82240272,-62.45876553,-58.82105485,5.92372E-08
688,180,1,-94.445572,3.871459,-83.967225,250,125,20040116, 04:56:10.0000,-62.46038366,-58.82375719,-62.46196768,-58.82645829,-62.46118203,-58.82510458,8.9822E-08
688,181,1,-92.81118,5.640451,-82.338825,250,125,20040116, 04:56:50.0000,-62.46278211,-58.82780472,-62.46358333,-58.82915667,-62.46278211,-58.82780472,1.30865E-07
688,182,1,-94.155946,4.138446,-83.04599,250,125,20040116, 04:57:30.0000,-62.46437067,-58.83047467,-62.46516909,-58.83178819,-62.46437067,-58.83047467,9.60164E-08
688,183,1,-93.607603,4.695389,-82.082688,250,125,20040116, 04:58:10.0000,-62.46596902,-58.83312138,-62.46678211,-58.83443805,-62.46596902,-58.83312138,1.08938E-07
688,184,1,-90.237041,10.202996,-71.36945,250,125,20040116, 04:59:10.0000,-62.46758451,-58.83579188,-62.46920236,-58.83852138,-62.46839887,-58.83717152,2.36721E-07
688,185,1,-94.158511,4.136002,-84.179494,250,125,20040116, 04:59:50.0000,-62.47003211,-58.83985472,-62.47085,-58.84119,-62.47003211,-58.83985472,9.59597E-08
688,186,1,-94.882999,3.500515,-85.579066,250,125,20040116, 05:00:30.0000,-62.47166545,-58.84255114,-62.47244895,-58.84395499,-62.47166545,-58.84255114,8.12157E-08
688,187,1,-94.157409,4.137052,-84.379123,250,125,20040116, 05:01:10.0000,-62.47326667,-58.84534,-62.47408443,-58.8467553,-62.47326667,-58.84534,9.59841E-08
688,188,1,-95.159421,3.284655,-82.973426,250,125,20040116, 05:01:50.0000,-62.4749,-58.84813667,-62.47571667,-58.84952333,-62.4749,-58.84813667,7.62075E-08
688,189,1,-96.159733,2.608907,-86.330468,250,125,20040116, 05:02:30.0000,-62.47653333,-58.85092,-62.47733399,-58.85232438,-62.47653333,-58.85092,6.05294E-08
688,190,1,-95.696884,2.902307,-84.360994,250,125,20040116, 05:03:10.0000,-62.47815333,-58.85373667,-62.47898333,-58.85513667,-62.47815333,-58.85373667,6.73367E-08
688,191,1,-95.706622,2.895807,-83.967787,250,125,20040116, 05:04:10.0000,-62.47978229,-58.85653478,-62.48137115,-58.85933926,-62.48058333,-58.85792333,6.71859E-08
688,192,1,-95.818325,2.822275,-84.74478,250,125,20040116, 05:04:50.0000,-62.48216545,-58.86072138,-62.48298211,-58.86210472,-62.48216545,-58.86072138,6.54798E-08
688,193,1,-96.145118,2.617701,-85.024976,250,125,20040116, 05:05:30.0000,-62.48378782,-58.86352259,-62.48458399,-58.86495772,-62.48378782,-58.86352259,6.07335E-08
688,194,1,-98.260137,1.608489,-88.096126,250,125,20040116, 05:06:10.0000,-62.48541667,-58.86637,-62.48625,-58.86777,-62.48541667,-58.86637,3.73187E-08
688,195,1,-97.562808,1.888648,-88.143094,250,125,20040116, 05:06:50.0000,-62.48705236,-58.8691678,-62.48785,-58.87059,-62.48705236,-58.8691678,4.38187E-08
688,196,1,-97.605249,1.870281,-87.898771,250,125,20040116, 05:07:30.0000,-62.48865,-58.87202333,-62.48948211,-58.87343805,-62.48865,-58.87202333,4.33925E-08
688,197,1,-98.144384,1.651937,-87.93642,250,125,20040116, 05:08:30.0000,-62.4903,-58.87487,-62.49199878,-58.87770114,-62.49116506,-58.87627563,3.83267E-08
688,198,1,-95.94897,2.738639,-82.822981,250,125,20040116, 05:09:10.0000,-62.49283211,-58.87912138,-62.4936681,-58.88055592,-62.49283211,-58.87912138,6.35394E-08
688,199,1,-95.87684,2.784504,-84.953925,250,125,20040116, 05:09:50.0000,-62.49449878,-58.8819678,-62.49533211,-58.88338805,-62.49449878,-58.8819678,6.46035E-08
688,200,1,-95.776039,2.849889,-83.083268,250,125,20040116, 05:10:30.0000,-62.4961681,-58.8848423,-62.49698399,-58.88627118,-62.4961681,-58.8848423,6.61205E-08
688,201,1,-96.749559,2.277592,-84.937261,250,125,20040116, 05:11:10.0000,-62.49783333,-58.88770333,-62.49868477,-58.88912259,-62.49783333,-58.88770333,5.28426E-08
688,202,1,-94.505434,3.818462,-80.764185,250,125,20040116, 05:11:50.0000,-62.49951412,-58.89057438,-62.50033333,-58.89204,-62.49951412,-58.89057438,8.85924E-08
688,203,1,-75.826462,281.699238,-58.233285,250,125,20040116, 05:12:30.0000,-62.50115,-58.89350333,-62.50196732,-58.89493785,-62.50115,-58.89350333,6.53573E-06
688,204,1,-79.33081,125.704499,-59.687731,250,125,20040116, 05:13:10.0000,-62.50280333,-58.89637333,-62.50365179,-58.89782321,-62.50280333,-58.89637333,2.91648E-06
688,205,1,-97.507506,1.912852,-88.186372,250,125,20040116, 05:13:50.0000,-62.50446732,-58.89927118,-62.50526675,-58.90072015,-62.50446732,-58.89927118,4.43802E-08
688,206,1,-97.03321,2.13359,-85.608577,250,125,20040116, 05:14:30.0000,-62.50611675,-58.90217015,-62.50695074,-58.90362132,-62.50611675,-58.90217015,4.95016E-08
688,207,1,-97.14926,2.077332,-86.062284,250,125,20040116, 05:15:30.0000,-62.50775009,-58.90507015,-62.50945043,-58.90798744,-62.50859718,-58.9065041,4.81963E-08
688,208,1,-97.263186,2.023547,-84.762026,250,125,20040116, 05:16:10.0000,-62.51031675,-58.90947015,-62.51120009,-58.9109568,-62.51031675,-58.90947015,4.69485E-08
688,209,1,-88.083496,16.752601,-68.821429,250,125,20040116, 05:16:50.0000,-62.51205261,-58.91243505,-62.51286577,-58.91390172,-62.51205261,-58.91243505,3.88678E-07
688,210,1,-97.971681,1.718952,-88.140973,250,125,20040116, 05:17:30.0000,-62.51370179,-58.91538988,-62.51451577,-58.91686838,-62.51370179,-58.91538988,3.98815E-08
688,211,1,-97.040503,2.13001,-85.958284,250,125,20040116, 05:18:10.0000,-62.51536585,-58.91836854,-62.51623519,-58.91987335,-62.51536585,-58.91836854,4.94185E-08
688,212,1,-96.501151,2.411663,-87.393923,250,125,20040116, 05:18:50.0000,-62.51708252,-58.92135187,-62.51793376,-58.9228541,-62.51708252,-58.92135187,5.59532E-08
688,213,1,-95.384732,3.118593,-85.160565,250,125,20040116, 05:19:30.0000,-62.51875186,-58.92435372,-62.51950268,-58.92598171,-62.51875186,-58.92435372,7.23547E-08
688,214,1,-95.283119,3.192419,-82.334205,250,125,20040116, 05:20:10.0000,-62.52018602,-58.92771154,-62.52085455,-58.9295,-62.52018602,-58.92771154,7.40676E-08
688,215,1,-96.771779,2.265969,-85.858874,250,125,20040116, 05:20:50.0000,-62.52156935,-58.93129837,-62.52226935,-58.93307821,-62.52156935,-58.93129837,5.25729E-08
688,216,1,-97.334533,1.990575,-85.976964,250,125,20040116, 05:21:30.0000,-62.52298602,-58.93487821,-62.52366935,-58.93666504,-62.52298602,-58.93487821,4.61835E-08
688,217,1,-97.910873,1.743189,-87.413503,250,125,20040116, 05:22:10.0000,-62.52441585,-58.93844837,-62.52515186,-58.94020372,-62.52441585,-58.93844837,4.04439E-08
688,218,1,-97.250011,2.029695,-86.83411,250,125,20040116, 05:22:50.0000,-62.52586935,-58.94196504,-62.52658602,-58.94372821,-62.52586935,-58.94196504,4.70911E-08
688,219,1,-96.937973,2.180894,-86.249993,250,125,20040116, 05:23:30.0000,-62.52731935,-58.94551154,-62.52805268,-58.94726504,-62.52731935,-58.94551154,5.05991E-08
688,220,1,-98.004914,1.705848,-87.786914,250,125,20040116, 05:24:10.0000,-62.52878252,-58.94902821,-62.52953519,-58.95078706,-62.52878252,-58.94902821,3.95775E-08
688,221,1,-97.976216,1.717158,-88.463447,250,125,20040116, 05:24:50.0000,-62.53026585,-58.95252821,-62.53098602,-58.95429488,-62.53026585,-58.95252821,3.98399E-08
688,222,1,-97.5411,1.898112,-86.873751,250,125,20040116, 05:25:30.0000,-62.53170482,-58.95607039,-62.53241935,-58.95784837,-62.53170482,-58.95607039,4.40382E-08
688,223,1,-96.545999,2.386887,-87.670143,250,125,20040116, 05:26:10.0000,-62.53314919,-58.95966504,-62.53390482,-58.96145076,-62.53314919,-58.95966504,5.53784E-08
688,224,1,-96.285558,2.534405,-86.060285,250,125,20040116, 05:26:50.0000,-62.53465268,-58.96324488,-62.53539919,-58.96504488,-62.53465268,-58.96324488,5.88009E-08
688,225,1,-87.151062,20.764697,-68.056977,250,125,20040116, 05:27:30.0000,-62.53613816,-58.96683409,-62.53685268,-58.96859837,-62.53613816,-58.96683409,4.81763E-07
688,226,1,-90.418025,9.786544,-72.062993,250,125,20040116, 05:28:10.0000,-62.53758602,-58.97037821,-62.53831935,-58.97216154,-62.53758602,-58.97037821,2.27058E-07
688,227,1,-96.131039,2.626201,-85.885153,250,125,20040116, 05:29:10.0000,-62.53903602,-58.97396154,-62.54050268,-58.97752821,-62.53975268,-58.97574488,6.09307E-08
688,228,1,-95.622943,2.952144,-83.743773,250,125,20040116, 05:29:50.0000,-62.54121935,-58.97931504,-62.54193602,-58.98109837,-62.54121935,-58.97931504,6.84929E-08
688,229,1,-95.810202,2.827559,-85.670474,250,125,20040116, 05:30:30.0000,-62.54268519,-58.98291743,-62.54340268,-58.98471504,-62.54268519,-58.98291743,6.56024E-08
688,230,1,-95.319901,3.165496,-83.225173,250,125,20040116, 05:31:10.0000,-62.54414919,-58.98652821,-62.54486888,-58.98833486,-62.54414919,-58.98652821,7.34429E-08
688,231,1,-96.010484,2.700122,-85.389237,250,125,20040116, 05:31:50.0000,-62.54561585,-58.99011504,-62.54634919,-58.99186504,-62.54561585,-58.99011504,6.26457E-08
688,232,1,-94.948139,3.448402,-83.611132,250,125,20040116, 05:32:30.0000,-62.54708844,-58.99365442,-62.54781935,-58.99544837,-62.54708844,-58.99365442,8.00067E-08
688,233,1,-95.595062,2.971157,-84.547675,250,125,20040116, 05:33:10.0000,-62.54855268,-58.99726154,-62.54928844,-58.9990682,-62.54855268,-58.99726154,6.89341E-08
688,234,1,-94.627882,3.712305,-83.03253,250,125,20040116, 05:33:50.0000,-62.55001585,-59.00087821,-62.55073602,-59.00269488,-62.55001585,-59.00087821,8.61295E-08
688,235,1,-93.417857,4.905081,-81.143581,250,125,20040116, 05:34:30.0000,-62.55146888,-59.00453486,-62.55221618,-59.00634559,-62.55146888,-59.00453486,1.13803E-07
688,236,1,-93.185461,5.174707,-79.795535,250,125,20040116, 05:35:10.0000,-62.55296618,-59.00813235,-62.5537051,-59.00995153,-62.55296618,-59.00813235,1.20059E-07
688,237,1,-95.100848,3.329255,-81.214464,250,125,20040116, 05:35:50.0000,-62.55444951,-59.01176225,-62.55516961,-59.01357892,-62.55444951,-59.01176225,7.72423E-08
688,238,1,-85.916127,27.594283,-68.457765,250,125,20040116, 05:36:30.0000,-62.55590482,-59.01540076,-62.55664951,-59.01721225,-62.55590482,-59.01540076,6.40217E-07
688,239,1,-93.681935,4.615708,-79.081216,250,125,20040116, 05:37:10.0000,-62.55740374,-59.01903435,-62.55815085,-59.02083188,-62.55740374,-59.01903435,1.07089E-07
688,240,1,-95.290866,3.18673,-80.573877,250,125,20040116, 05:37:50.0000,-62.55890107,-59.02263235,-62.55962149,-59.02446743,-62.55890107,-59.02263235,7.39356E-08
688,241,1,-93.626086,4.675448,-80.73753,250,125,20040116, 05:38:30.0000,-62.5603551,-59.02630153,-62.56108752,-59.0280688,-62.5603551,-59.02630153,1.08475E-07
688,242,1,-93.380687,4.947242,-79.702013,250,125,20040116, 05:39:10.0000,-62.56182068,-59.02986521,-62.5625686,-59.03165093,-62.56182068,-59.02986521,1.14781E-07
688,243,1,-93.402033,4.922985,-80.108103,250,125,20040116, 05:39:50.0000,-62.56330085,-59.03346521,-62.56403481,-59.03529992,-62.56330085,-59.03346521,1.14219E-07
688,244,1,-92.959539,5.451022,-80.087025,250,125,20040116, 05:40:30.0000,-62.56476807,-59.03711642,-62.56551626,-59.03892911,-62.56476807,-59.03711642,1.2647E-07
688,245,1,-92.792388,5.66491,-79.977481,250,125,20040116, 05:41:10.0000,-62.56626626,-59.04074577,-62.56699959,-59.04252911,-62.56626626,-59.04074577,1.31432E-07
688,246,1,-93.756178,4.537472,-81.054376,250,125,20040116, 05:41:50.0000,-62.56773293,-59.04436244,-62.56845301,-59.04616244,-62.56773293,-59.04436244,1.05274E-07
688,247,1,-94.563968,3.767342,-82.028454,250,125,20040116, 05:42:30.0000,-62.56920228,-59.04798503,-62.56992118,-59.04976962,-62.56920228,-59.04798503,8.74064E-08
688,248,1,-91.840239,7.053553,-76.827789,250,125,20040116, 05:43:10.0000,-62.57065452,-59.05158325,-62.57138822,-59.05341759,-62.57065452,-59.05158325,1.6365E-07
688,249,1,-93.915844,4.373685,-81.069432,250,125,20040116, 05:43:50.0000,-62.57214959,-59.05521244,-62.57290301,-59.05704577,-62.57214959,-59.05521244,1.01474E-07
688,250,1,-94.897921,3.488508,-82.070884,250,125,20040116, 05:44:30.0000,-62.57363849,-59.05889882,-62.57435301,-59.06072911,-62.57363849,-59.05889882,8.09372E-08
688,251,1,-93.597608,4.706207,-80.061258,250,125,20040116, 05:45:10.0000,-62.57508822,-59.06255387,-62.57582112,-59.06439975,-62.57508822,-59.06255387,1.09189E-07
688,252,1,-93.780614,4.512014,-81.189013,250,125,20040116, 05:45:50.0000,-62.57656814,-59.06624992,-62.57730148,-59.06808325,-62.57656814,-59.06624992,1.04684E-07
688,253,1,-93.09138,5.288029,-80.278114,250,125,20040116, 05:46:30.0000,-62.57805228,-59.06990169,-62.57878654,-59.07172965,-62.57805228,-59.06990169,1.22688E-07
688,254,1,-92.62102,5.892911,-81.527277,250,125,20040116, 05:47:10.0000,-62.57953822,-59.07356759,-62.58026895,-59.07539882,-62.57953822,-59.07356759,1.36722E-07
688,255,1,-81.117219,83.312454,-61.969932,250,125,20040116, 05:47:50.0000,-62.58099959,-59.07724577,-62.58171967,-59.07909577,-62.58099959,-59.07724577,1.93294E-06
688,256,1,-92.021079,6.765874,-77.15396,250,125,20040116, 05:48:30.0000,-62.58245148,-59.08093325,-62.58318735,-59.08270171,-62.58245148,-59.08093325,1.56976E-07
688,257,1,-93.580958,4.724284,-80.845705,250,125,20040116, 05:49:10.0000,-62.58393284,-59.08452892,-62.58467075,-59.08636539,-62.58393284,-59.08452892,1.09608E-07
688,258,1,-93.325229,5.010821,-83.126668,250,125,20040116, 05:49:50.0000,-62.58541814,-59.08821658,-62.58614959,-59.09004577,-62.58541814,-59.08821658,1.16256E-07
688,259,1,-80.085056,105.663801,-61.633246,250,125,20040116, 05:50:30.0000,-62.58685516,-59.09188503,-62.58760148,-59.09368325,-62.58685516,-59.09188503,2.45151E-06
688,260,1,-83.248835,50.99744,-64.142147,250,125,20040116, 05:51:10.0000,-62.58833325,-59.09552982,-62.58908419,-59.09738188,-62.58833325,-59.09552982,1.1832E-06
688,261,1,-83.048667,53.402941,-63.69788,250,125,20040116, 05:51:50.0000,-62.58983481,-59.09921658,-62.59056967,-59.10104577,-62.58983481,-59.09921658,1.23901E-06
688,262,1,-91.802102,7.115765,-80.892838,250,125,20040116, 05:52:30.0000,-62.59130516,-59.10286836,-62.59201967,-59.10466244,-62.59130516,-59.10286836,1.65093E-07
688,263,1,-87.389296,19.656322,-69.284718,250,125,20040116, 05:53:10.0000,-62.59274959,-59.10651244,-62.59348855,-59.10835185,-62.59274959,-59.10651244,4.56048E-07
688,264,1,-91.972908,6.841337,-78.411748,250,125,20040116, 05:53:50.0000,-62.59422145,-59.11018399,-62.59495301,-59.11199577,-62.59422145,-59.11018399,1.58726E-07
688,265,1,-83.259128,50.876715,-63.96217,250,125,20040116, 05:54:30.0000,-62.59570085,-59.11383188,-62.59643481,-59.11568325,-62.59570085,-59.11383188,1.18039E-06
688,266,1,-88.26928,16.051066,-69.822029,250,125,20040116, 05:55:10.0000,-62.59718293,-59.11749577,-62.59792118,-59.11931658,-62.59718293,-59.11749577,3.72402E-07
688,267,1,-81.379671,78.426839,-65.398331,250,125,20040116, 05:55:50.0000,-62.59865327,-59.12114984,-62.5993866,-59.12297647,-62.59865327,-59.12114984,1.81959E-06
688,268,1,-82.56901,59.639067,-64.442159,250,125,20040116, 05:56:30.0000,-62.60011895,-59.12480169,-62.60085148,-59.12661658,-62.60011895,-59.12480169,1.38369E-06
688,269,1,-80.262712,101.428651,-61.532106,250,125,20040116, 05:57:10.0000,-62.60160327,-59.12846315,-62.60233849,-59.13030169,-62.60160327,-59.12846315,2.35325E-06
688,270,1,-83.139988,52.291732,-65.887392,250,125,20040116, 05:57:50.0000,-62.60306658,-59.1321165,-62.60381814,-59.13391658,-62.60306658,-59.1321165,1.21322E-06
688,271,1,-83.442763,48.770311,-64.654824,250,125,20040116, 05:58:30.0000,-62.60453741,-59.13571539,-62.60528481,-59.13753325,-62.60453741,-59.13571539,1.13152E-06
688,272,1,-96.284411,2.535075,-87.389649,250,125,20040116, 05:59:10.0000,-62.60602075,-59.13930187,-62.60675128,-59.14106923,-62.60602075,-59.13930187,5.88165E-08
688,273,1,-82.000382,67.98195,-62.509421,250,125,20040116, 05:59:50.0000,-62.60747,-59.14281667,-62.60820333,-59.14459667,-62.60747,-59.14281667,1.57725E-06
688,274,1,-85.763264,28.582842,-66.765729,250,125,20040116, 06:00:30.0000,-62.60895236,-59.14641852,-62.60967,-59.14821333,-62.60895236,-59.14641852,6.63153E-07
688,275,1,-91.094224,8.375475,-77.43884,250,125,20040116, 06:01:10.0000,-62.61040522,-59.14998805,-62.61112217,-59.15173875,-62.61040522,-59.14998805,1.9432E-07
688,276,1,-91.288971,8.008197,-78.58691,250,125,20040116, 06:01:50.0000,-62.61185024,-59.15348381,-62.61258569,-59.15526852,-62.61185024,-59.15348381,1.85799E-07
688,277,1,-87.97754,17.166344,-72.007071,250,125,20040116, 06:02:30.0000,-62.61331937,-59.15703596,-62.61403569,-59.15878805,-62.61331937,-59.15703596,3.98278E-07
688,278,1,-89.083279,13.307728,-72.431958,250,125,20040116, 06:03:10.0000,-62.61475,-59.16053,-62.61548604,-59.16230262,-62.61475,-59.16053,3.08754E-07
688,279,1,-92.180653,6.521786,-80.081333,250,125,20040116, 06:03:50.0000,-62.61620333,-59.16405,-62.61693769,-59.16579949,-62.61620333,-59.16405,1.51312E-07
688,280,1,-82.555467,59.82533,-63.66066,250,125,20040116, 06:04:30.0000,-62.61765436,-59.16756615,-62.61838522,-59.16935082,-62.61765436,-59.16756615,1.38801E-06
688,281,1,-91.582076,7.48556,-77.803399,250,125,20040116, 06:05:10.0000,-62.61910484,-59.17113415,-62.61977217,-59.1730165,-62.61910484,-59.17113415,1.73673E-07
688,282,1,-92.715123,5.766596,-80.950695,250,125,20040116, 06:05:50.0000,-62.62034113,-59.17499787,-62.62085744,-59.17702974,-62.62034113,-59.17499787,1.33791E-07
688,283,1,-92.703872,5.781555,-80.793775,250,125,20040116, 06:06:50.0000,-62.62137496,-59.17909704,-62.62244,-59.18316,-62.62192348,-59.18111058,1.34138E-07
688,284,1,-93.441494,4.878456,-81.386367,250,125,20040116, 06:07:30.0000,-62.62299162,-59.18521371,-62.62354077,-59.18724641,-62.62299162,-59.18521371,1.13185E-07
688,285,1,-86.286882,25.336327,-67.432195,250,125,20040116, 06:08:10.0000,-62.6240741,-59.18929333,-62.62460744,-59.19131308,-62.6240741,-59.18929333,5.8783E-07
688,286,1,-92.050292,6.720517,-79.2646,250,125,20040116, 06:08:50.0000,-62.62515667,-59.19337667,-62.62570522,-59.19544613,-62.62515667,-59.19337667,1.55923E-07
688,287,1,-92.953566,5.458524,-79.812766,250,125,20040116, 06:09:30.0000,-62.62624162,-59.19748316,-62.62679,-59.19952667,-62.62624162,-59.19748316,1.26644E-07
688,288,1,-91.654889,7.361104,-78.087925,250,125,20040116, 06:10:10.0000,-62.62732333,-59.20157667,-62.62784162,-59.20364983,-62.62732333,-59.20157667,1.70786E-07
688,289,1,-91.778858,7.153953,-79.313312,250,125,20040116, 06:10:50.0000,-62.62838818,-59.20569787,-62.6289241,-59.20776308,-62.62838818,-59.20569787,1.65979E-07
688,290,1,-91.327942,7.936658,-79.808918,250,125,20040116, 06:11:30.0000,-62.62945829,-59.20984983,-62.6300078,-59.2119312,-62.62945829,-59.20984983,1.84139E-07
688,291,1,-91.628982,7.405146,-80.212797,250,125,20040116, 06:12:10.0000,-62.63055484,-59.21399787,-62.63110744,-59.21604641,-62.63055484,-59.21399787,1.71807E-07
688,292,1,-90.247676,10.178042,-76.849398,250,125,20040116, 06:12:50.0000,-62.63164113,-59.21811158,-62.6321741,-59.22014641,-62.63164113,-59.21811158,2.36142E-07
688,293,1,-91.672483,7.331343,-81.060702,250,125,20040116, 06:13:30.0000,-62.63270739,-59.22222646,-62.63324113,-59.22429787,-62.63270739,-59.22222646,1.70095E-07
688,294,1,-90.680739,9.212084,-77.842184,250,125,20040116, 06:14:10.0000,-62.63375748,-59.22637687,-62.63428712,-59.22844469,-62.63375748,-59.22637687,2.1373E-07
688,295,1,-93.959577,4.329863,-83.32003,250,125,20040116, 06:14:50.0000,-62.63482358,-59.23051098,-62.63535744,-59.23257974,-62.63482358,-59.23051098,1.00457E-07
688,296,1,-93.167708,5.195904,-80.841215,250,125,20040116, 06:15:30.0000,-62.63590744,-59.23464333,-62.63644162,-59.23673316,-62.63590744,-59.23464333,1.20551E-07
688,297,1,-93.132841,5.237786,-81.583802,250,125,20040116, 06:16:10.0000,-62.6369741,-59.23882667,-62.63753769,-59.24089333,-62.6369741,-59.23882667,1.21522E-07
688,298,1,-93.44067,4.879382,-81.227512,250,125,20040116, 06:16:50.0000,-62.63807353,-59.24296078,-62.63860748,-59.2450466,-62.63807353,-59.24296078,1.13207E-07
688,299,1,-87.734201,18.155647,-69.497786,250,125,20040116, 06:17:30.0000,-62.6391555,-59.24714983,-62.63967353,-59.24922745,-62.6391555,-59.24714983,4.21231E-07
688,300,1,-87.379168,19.702217,-71.757592,250,125,20040116, 06:18:10.0000,-62.64022109,-59.25131327,-62.64074162,-59.25339983,-62.64022109,-59.25131327,4.57113E-07
688,301,1,-93.143818,5.224564,-81.171326,250,125,20040116, 06:18:50.0000,-62.64129113,-59.25547824,-62.6418402,-59.25757418,-62.64129113,-59.25547824,1.21216E-07
688,302,1,-79.987829,108.056016,-63.510077,250,125,20040116, 06:19:30.0000,-62.64237521,-59.25968147,-62.64292353,-59.26180752,-62.64237521,-59.25968147,2.50702E-06
688,303,1,-91.471886,7.677914,-79.377654,250,125,20040116, 06:20:10.0000,-62.64347415,-59.2639602,-62.64402517,-59.26608129,-62.64347415,-59.2639602,1.78136E-07
688,304,1,-91.339148,7.916205,-78.341383,250,125,20040116, 06:20:50.0000,-62.64455686,-59.26819085,-62.64509103,-59.27031111,-62.64455686,-59.26819085,1.83664E-07
688,305,1,-84.946167,34.499687,-70.546877,250,125,20040116, 06:21:30.0000,-62.64564103,-59.27242778,-62.64615691,-59.27452764,-62.64564103,-59.27242778,8.0043E-07
688,306,1,-92.406955,6.190651,-81.030842,250,125,20040116, 06:22:10.0000,-62.64670769,-59.2766141,-62.64729134,-59.27864868,-62.64670769,-59.2766141,1.4363E-07
688,307,1,-92.385253,6.221664,-80.379123,250,125,20040116, 06:22:50.0000,-62.64792184,-59.28066552,-62.64855415,-59.28266244,-62.64792184,-59.28066552,1.44349E-07
688,308,1,-89.771829,11.356617,-74.750758,250,125,20040116, 06:23:30.0000,-62.64917137,-59.2846641,-62.64977178,-59.28666535,-62.64917137,-59.2846641,2.63486E-07
688,309,1,-89.235011,12.850816,-75.989607,250,125,20040116, 06:24:10.0000,-62.65035769,-59.28868077,-62.65097137,-59.29069744,-62.65035769,-59.28868077,2.98153E-07
688,310,1,-90.613486,9.35585,-77.814462,250,125,20040116, 06:24:50.0000,-62.65158699,-59.29274431,-62.65219024,-59.29476098,-62.65158699,-59.29274431,2.17066E-07
688,311,1,-74.193297,410.300633,-54.325024,250,125,20040116, 06:25:50.0000,-62.65279188,-59.29679814,-62.65398803,-59.30076709,-62.65339024,-59.29879431,9.51942E-06
688,312,1,-75.820599,282.07974,-60.931462,250,125,20040116, 06:26:30.0000,-62.65459103,-59.30276111,-62.65519103,-59.30474744,-62.65459103,-59.30276111,6.54455E-06
688,313,1,-92.269623,6.389539,-81.99998,250,125,20040116, 06:27:10.0000,-62.65580769,-59.30674444,-62.65642137,-59.3087641,-62.65580769,-59.30674444,1.48244E-07
688,314,1,-74.470389,384.939938,-56.370691,250,125,20040116, 06:27:50.0000,-62.65702436,-59.31078077,-62.65763803,-59.3127641,-62.65702436,-59.31078077,8.93102E-06
688,315,1,-74.995397,341.108197,-56.2174,250,125,20040116, 06:28:30.0000,-62.65825584,-59.31476751,-62.65888699,-59.31679431,-62.65825584,-59.31476751,7.91408E-06
688,316,1,-82.280569,63.734548,-64.037073,250,125,20040116, 06:29:10.0000,-62.65949024,-59.31882764,-62.66008917,-59.32085085,-62.65949024,-59.31882764,1.47871E-06
688,317,1,-91.484933,7.654883,-80.196793,250,125,20040116, 06:29:50.0000,-62.66070366,-59.32284431,-62.66130366,-59.32481098,-62.66070366,-59.32284431,1.77602E-07
688,318,1,-91.564162,7.516499,-79.674911,250,125,20040116, 06:30:30.0000,-62.6619225,-59.32681751,-62.66255366,-59.32881098,-62.6619225,-59.32681751,1.74391E-07
688,319,1,-91.009282,8.540899,-78.99919,250,125,20040116, 06:31:10.0000,-62.66317033,-59.33082764,-62.66378699,-59.33282764,-62.66317033,-59.33082764,1.98158E-07
688,320,1,-90.475228,9.658486,-79.181123,250,125,20040116, 06:31:50.0000,-62.66440366,-59.33484431,-62.66503699,-59.33683089,-62.66440366,-59.33484431,2.24087E-07
688,321,1,-82.26762,63.924866,-66.481572,250,125,20040116, 06:32:30.0000,-62.6656547,-59.3388141,-62.66627137,-59.3408141,-62.6656547,-59.3388141,1.48313E-06
688,322,1,-89.236162,12.847413,-75.652597,250,125,20040116, 06:33:10.0000,-62.66690517,-59.34283218,-62.66752137,-59.34488077,-62.66690517,-59.34283218,2.98074E-07
688,323,1,-91.041758,8.47727,-81.902707,250,125,20040116, 06:33:50.0000,-62.6681547,-59.34693077,-62.66880517,-59.34896552,-62.6681547,-59.34693077,1.96682E-07
688,324,1,-91.706486,7.274167,-78.921852,250,125,20040116, 06:34:30.0000,-62.6694047,-59.3510141,-62.67005769,-59.35308077,-62.6694047,-59.3510141,1.68769E-07
688,325,1,-90.925089,8.70809,-79.845145,250,125,20040116, 06:35:10.0000,-62.67068803,-59.35509744,-62.67130584,-59.35710085,-62.67068803,-59.35509744,2.02037E-07
688,326,1,-89.405352,12.356533,-77.568935,250,125,20040116, 06:35:50.0000,-62.67188693,-59.35906078,-62.67247358,-59.36107764,-62.67188693,-59.35906078,2.86685E-07
688,327,1,-79.354624,125.017114,-60.614354,250,125,20040116, 06:36:30.0000,-62.67308917,-59.36310085,-62.67370359,-59.36511078,-62.67308917,-59.36310085,2.90053E-06
688,328,1,-87.033451,21.33471,-71.734475,250,125,20040116, 06:37:10.0000,-62.67430476,-59.36713095,-62.67490476,-59.36913095,-62.67430476,-59.36713095,4.94988E-07
688,329,1,-89.443193,12.249336,-77.348169,250,125,20040116, 06:37:50.0000,-62.67549044,-59.37112843,-62.67609107,-59.37314762,-62.67549044,-59.37112843,2.84198E-07
688,330,1,-89.196979,12.963849,-78.879963,250,125,20040116, 06:38:30.0000,-62.67669209,-59.37516837,-62.67730392,-59.37717843,-62.67669209,-59.37516837,3.00775E-07
688,331,1,-88.792916,14.227883,-78.720308,250,125,20040116, 06:39:10.0000,-62.67788725,-59.3791951,-62.67847377,-59.3811951,-62.67788725,-59.3791951,3.30102E-07
688,332,1,-88.130131,16.573672,-77.340281,250,125,20040116, 06:39:50.0000,-62.67908725,-59.3831951,-62.67967377,-59.3851951,-62.67908725,-59.3831951,3.84527E-07
688,333,1,-87.621444,18.6332,-75.987173,250,125,20040116, 06:40:30.0000,-62.68027377,-59.3871951,-62.6808719,-59.38921569,-62.68027377,-59.3871951,4.3231E-07
688,334,1,-88.969785,13.660082,-77.904577,250,125,20040116, 06:41:10.0000,-62.68145476,-59.39121429,-62.68205612,-59.39321837,-62.68145476,-59.39121429,3.16929E-07
688,335,1,-88.996643,13.575866,-77.643459,250,125,20040116, 06:41:50.0000,-62.68263744,-59.39521232,-62.68319049,-59.39722862,-62.68263744,-59.39521232,3.14975E-07
688,336,1,-89.344315,12.531422,-80.268538,250,125,20040116, 06:42:30.0000,-62.68369213,-59.39936591,-62.68415715,-59.40154211,-62.68369213,-59.39936591,2.90743E-07
688,337,1,-89.469784,12.174565,-80.066504,250,125,20040116, 06:43:10.0000,-62.68459419,-59.40367889,-62.68505795,-59.40579846,-62.68459419,-59.40367889,2.82463E-07
688,338,1,-90.053405,10.643668,-79.827239,250,125,20040116, 06:43:50.0000,-62.68554163,-59.40788317,-62.68605795,-59.40997889,-62.68554163,-59.40788317,2.46945E-07
688,339,1,-91.439797,7.734854,-78.966284,250,125,20040116, 06:44:30.0000,-62.68655795,-59.41211222,-62.68704128,-59.41426222,-62.68655795,-59.41211222,1.79457E-07
688,340,1,-69.981417,1082.15657,-52.927188,250,125,20040116, 06:45:10.0000,-62.68754049,-59.41637545,-62.68804213,-59.41846853,-62.68754049,-59.41637545,2.51072E-05
688,341,1,-80.033829,106.917533,-60.592166,250,125,20040116, 06:45:50.0000,-62.68852382,-59.42054211,-62.68902382,-59.42264528,-62.68852382,-59.42054211,2.4806E-06
688,342,1,-91.874769,6.997693,-82.164231,250,125,20040116, 06:46:30.0000,-62.68950715,-59.42477545,-62.68999213,-59.42691591,-62.68950715,-59.42477545,1.62354E-07
688,343,1,-91.243082,8.093263,-80.528096,250,125,20040116, 06:47:30.0000,-62.69049049,-59.42904211,-62.69150715,-59.43324211,-62.69099049,-59.43114211,1.87772E-07
688,344,1,-82.826313,56.208314,-64.932271,250,125,20040116, 06:48:10.0000,-62.69200715,-59.43530878,-62.6925088,-59.43744924,-62.69200715,-59.43530878,1.30409E-06
688,345,1,-89.753467,11.404733,-77.784001,250,125,20040116, 06:48:50.0000,-62.69299049,-59.43957545,-62.69349049,-59.44167545,-62.69299049,-59.43957545,2.64602E-07
688,346,1,-88.700645,14.533403,-78.53007,250,125,20040116, 06:49:30.0000,-62.69399213,-59.44379924,-62.69449049,-59.44590878,-62.69399213,-59.44379924,3.37191E-07
688,347,1,-87.709056,18.261071,-76.309064,250,125,20040116, 06:50:10.0000,-62.69499049,-59.44804528,-62.69550795,-59.45017889,-62.69499049,-59.44804528,4.23677E-07
688,348,1,-88.194682,16.329152,-77.001096,250,125,20040116, 06:50:50.0000,-62.69602496,-59.45229704,-62.69654128,-59.45442889,-62.69602496,-59.45229704,3.78854E-07
688,349,1,-89.052775,13.401529,-76.984012,250,125,20040116, 06:51:30.0000,-62.69704128,-59.45657889,-62.69752496,-59.45871371,-62.69704128,-59.45657889,3.1093E-07
688,350,1,-92.761618,5.705188,-80.991464,250,125,20040116, 06:52:10.0000,-62.69802462,-59.46082889,-62.69852462,-59.46291222,-62.69802462,-59.46082889,1.32367E-07
688,351,1,-94.66694,3.679068,-84.039017,250,125,20040116, 06:52:50.0000,-62.69902382,-59.46500878,-62.69952382,-59.46711195,-62.69902382,-59.46500878,8.53583E-08
688,352,1,-93.2581,5.088875,-83.471321,250,125,20040116, 06:53:30.0000,-62.70002547,-59.46926591,-62.70052382,-59.47137545,-62.70002547,-59.46926591,1.18067E-07
688,353,1,-93.023435,5.37141,-83.486943,250,125,20040116, 06:54:10.0000,-62.70100715,-59.47349211,-62.70152547,-59.47560186,-62.70100715,-59.47349211,1.24623E-07
688,354,1,-92.745321,5.726638,-82.028884,250,125,20040116, 06:54:50.0000,-62.70202496,-59.47773038,-62.70252462,-59.47983179,-62.70202496,-59.47773038,1.32864E-07
688,355,1,-91.817152,7.091149,-83.582674,250,125,20040116, 06:55:30.0000,-62.70303951,-59.48193257,-62.70355795,-59.48403179,-62.70303951,-59.48193257,1.64522E-07
688,356,1,-77.17503,206.504182,-59.908274,250,125,20040116, 06:56:10.0000,-62.70407284,-59.48613519,-62.70459213,-59.48824924,-62.70407284,-59.48613519,4.79112E-06
688,357,1,-89.431436,12.282542,-75.175695,250,125,20040116, 06:56:50.0000,-62.70510715,-59.49037545,-62.70562462,-59.49249846,-62.70510715,-59.49037545,2.84968E-07
688,358,1,-74.97711,342.547569,-61.32229,250,125,20040116, 06:57:30.0000,-62.70614213,-59.49463257,-62.70662382,-59.49676195,-62.70614213,-59.49463257,7.94747E-06
688,359,1,-83.735915,45.586926,-66.628122,250,125,20040116, 06:58:10.0000,-62.70714142,-59.49891283,-62.7076588,-59.50106591,-62.70714142,-59.49891283,1.05767E-06
688,360,1,-89.266899,12.756805,-77.362095,250,125,20040116, 06:58:50.0000,-62.70817496,-59.50319704,-62.70867466,-59.50534575,-62.70817496,-59.50319704,2.95972E-07
688,361,1,-88.82737,14.115455,-77.145469,250,125,20040116, 06:59:30.0000,-62.70917466,-59.50746241,-62.70967402,-59.50954608,-62.70917466,-59.50746241,3.27494E-07
688,362,1,-91.084714,8.393835,-82.968755,250,125,20040116, 07:00:10.0000,-62.71017092,-59.51167631,-62.71067466,-59.51381241,-62.71017092,-59.51167631,1.94746E-07
688,363,1,-91.485214,7.654387,-83.334646,250,125,20040116, 07:00:50.0000,-62.71116108,-59.51593038,-62.71165735,-59.51804608,-62.71116108,-59.51593038,1.7759E-07
688,364,1,-94.716421,3.637389,-85.5075,250,125,20040116, 07:01:50.0000,-62.7121588,-59.52013519,-62.71314213,-59.52433257,-62.71264069,-59.52222941,8.43914E-08
688,365,1,-95.297555,3.181825,-82.876966,250,125,20040116, 07:02:30.0000,-62.71362487,-59.52641333,-62.71410749,-59.52847995,-62.71362487,-59.52641333,7.38218E-08
688,366,1,-94.786102,3.579494,-85.956652,250,125,20040116, 07:03:10.0000,-62.71460821,-59.53054949,-62.71510892,-59.532619,-62.71460821,-59.53054949,8.30481E-08
688,367,1,-94.046606,4.243959,-84.138789,250,125,20040116, 07:03:50.0000,-62.71559043,-59.53469506,-62.71607551,-59.53676869,-62.71559043,-59.53469506,9.84644E-08
688,368,1,-91.589715,7.472404,-81.140889,250,125,20040116, 07:04:30.0000,-62.71657572,-59.53885034,-62.71705913,-59.54090318,-62.71657572,-59.53885034,1.73368E-07
688,369,1,-93.564153,4.7426,-83.094705,250,125,20040116, 07:05:10.0000,-62.7175574,-59.54294626,-62.71805821,-59.54501615,-62.7175574,-59.54294626,1.10033E-07
688,370,1,-90.072498,10.596979,-77.504848,250,125,20040116, 07:05:50.0000,-62.71854073,-59.54702959,-62.7190074,-59.54907959,-62.71854073,-59.54702959,2.45861E-07
688,371,1,-89.180386,13.013474,-75.95521,250,125,20040116, 07:06:30.0000,-62.71949073,-59.55114317,-62.71997487,-59.55319949,-62.71949073,-59.55114317,3.01927E-07
688,372,1,-93.160894,5.204062,-82.493047,250,125,20040116, 07:07:10.0000,-62.72045821,-59.55524949,-62.72095888,-59.55728551,-62.72045821,-59.55524949,1.2074E-07
688,373,1,-94.874244,3.507579,-83.134798,250,125,20040116, 07:08:10.0000,-62.72142411,-59.55931311,-62.72239239,-59.56336954,-62.72190821,-59.56134949,8.13796E-08
688,374,1,-94.749202,3.610037,-83.951615,250,125,20040116, 07:08:50.0000,-62.72287521,-59.56538415,-62.72335905,-59.56741954,-62.72287521,-59.56538415,8.37567E-08
688,375,1,-75.685852,290.968979,-57.442864,250,125,20040116, 07:09:30.0000,-62.72384187,-59.56943415,-62.7243074,-59.57146293,-62.72384187,-59.56943415,6.75079E-06
688,376,1,-75.907097,276.517171,-60.194696,250,125,20040116, 07:10:10.0000,-62.7248074,-59.57341602,-62.72533985,-59.57538621,-62.7248074,-59.57341602,6.4155E-06
688,377,1,-95.251655,3.215632,-84.18857,250,125,20040116, 07:10:50.0000,-62.72584073,-59.57732959,-62.72634239,-59.57923621,-62.72584073,-59.57732959,7.46061E-08
688,378,1,-95.48849,3.044969,-84.916475,250,125,20040116, 07:11:30.0000,-62.72684239,-59.58118621,-62.72732407,-59.58314626,-62.72684239,-59.58118621,7.06466E-08
688,379,1,-76.640663,233.542282,-57.228132,250,125,20040116, 07:12:30.0000,-62.72780821,-59.58509949,-62.72879187,-59.58896749,-62.72830905,-59.58701954,5.41843E-06
688,380,1,-97.417599,1.952864,-86.100515,250,125,20040116, 07:13:10.0000,-62.7292742,-59.59091651,-62.7297758,-59.59286985,-62.7292742,-59.59091651,4.53085E-08
688,381,1,-97.936473,1.732944,-87.305847,250,125,20040116, 07:13:50.0000,-62.73027407,-59.59482959,-62.73075854,-59.59678415,-62.73027407,-59.59482959,4.02062E-08
688,382,1,-97.557311,1.89104,-88.029616,250,125,20040116, 07:14:30.0000,-62.73125913,-59.59871985,-62.73174073,-59.60064626,-62.73125913,-59.59871985,4.38742E-08
688,383,1,-97.800856,1.787912,-88.168194,250,125,20040116, 07:15:10.0000,-62.73224154,-59.60258564,-62.73274239,-59.60453621,-62.73224154,-59.60258564,4.14815E-08
688,384,1,-95.779528,2.8476,-81.182934,250,125,20040116, 07:16:10.0000,-62.73324187,-59.6064702,-62.73422487,-59.61034949,-62.73374154,-59.60841615,6.60674E-08
688,385,1,-96.656328,2.327014,-83.263796,250,125,20040116, 07:16:50.0000,-62.7347074,-59.61229626,-62.73520854,-59.61425353,-62.7347074,-59.61229626,5.39892E-08
688,386,1,-95.762964,2.858482,-83.631184,250,125,20040116, 07:17:30.0000,-62.73572572,-59.61621954,-62.73622521,-59.61818415,-62.73572572,-59.61621954,6.63199E-08
688,387,1,-94.24335,4.05599,-82.521073,250,125,20040116, 07:18:10.0000,-62.73670884,-59.62013535,-62.73719154,-59.62208282,-62.73670884,-59.62013535,9.41033E-08
688,388,1,-59.455016,12216.03483,-45.788816,250,125,20040116, 07:18:50.0000,-62.73770821,-59.62401615,-62.73819187,-59.6259702,-62.73770821,-59.62401615,0.000283425
688,389,1,-96.256619,2.55135,-84.847071,250,125,20040116, 07:19:50.0000,-62.73867491,-59.62793299,-62.73965825,-59.63186633,-62.7391744,-59.62989758,5.91941E-08
688,390,1,-61.793579,7129.74343,-44.870766,250,125,20040116, 07:20:30.0000,-62.74015905,-59.63383621,-62.74065854,-59.63580082,-62.74015905,-59.63383621,0.000165418
688,391,1,-59.23577,12848.57134,-42.0963,250,125,20040116, 07:21:10.0000,-62.74114093,-59.63773039,-62.74164239,-59.63968621,-62.74114093,-59.63773039,0.000298101
688,392,1,-70.723691,912.142692,-52.277558,250,125,20040116, 07:21:50.0000,-62.74212521,-59.64163686,-62.74262491,-59.64361633,-62.74212521,-59.64163686,2.11627E-05
688,393,1,-60.704353,9162.132769,-41.216895,250,125,20040116, 07:22:30.0000,-62.74310854,-59.64560082,-62.74359208,-59.64755165,-62.74310854,-59.64560082,0.000212571
688,394,1,-78.023147,169.87017,-58.443965,250,125,20040116, 07:23:10.0000,-62.74409098,-59.64948358,-62.74459208,-59.65143498,-62.74409098,-59.64948358,3.94117E-06
688,395,1,-79.94745,109.06537,-60.806345,250,125,20040116, 07:24:10.0000,-62.74507545,-59.65338514,-62.74607545,-59.65728514,-62.74558906,-59.65533385,2.53043E-06
688,396,1,-62.878821,5553.282362,-46.347077,250,125,20040116, 07:24:50.0000,-62.74659179,-59.65921991,-62.74710846,-59.66118385,-62.74659179,-59.65921991,0.000128842
688,397,1,-63.040085,5350.856585,-47.346587,250,125,20040116, 07:25:30.0000,-62.74759179,-59.66313658,-62.74807545,-59.66513514,-62.74759179,-59.66313658,0.000124146
688,398,1,-92.489755,6.073743,-79.920914,250,125,20040116, 07:26:10.0000,-62.74857513,-59.66708658,-62.74907597,-59.66905389,-62.74857513,-59.66708658,1.40917E-07
688,399,1,-64.689141,3660.308956,-48.164081,250,125,20040116, 07:26:50.0000,-62.74959275,-59.671021,-62.75009093,-59.67299706,-62.74959275,-59.671021,8.49231E-05
688,400,1,-95.936349,2.74661,-84.461318,250,125,20040116, 07:27:50.0000,-62.75059264,-59.67498723,-62.75162431,-59.6789139,-62.75110764,-59.6769639,6.37243E-08
688,401,1,-94.303382,4.00031,-81.263788,250,125,20040116, 07:28:30.0000,-62.75212597,-59.68087056,-62.75264098,-59.6828139,-62.75212597,-59.68087056,9.28115E-08
688,402,1,-93.871411,4.418662,-80.362977,250,125,20040116, 07:29:10.0000,-62.75314098,-59.68478057,-62.75362605,-59.68675662,-62.75314098,-59.68478057,1.02518E-07
688,403,1,-96.056584,2.671612,-85.781646,250,125,20040116, 07:29:50.0000,-62.75414098,-59.68870024,-62.75464179,-59.69066991,-62.75414098,-59.68870024,6.19843E-08
688,404,1,-92.738404,5.735767,-77.997094,250,125,20040116, 07:30:30.0000,-62.75515846,-59.69263658,-62.75565931,-59.69460389,-62.75515846,-59.69263658,1.33076E-07
688,405,1,-93.163141,5.20137,-79.448891,250,125,20040116, 07:31:10.0000,-62.75617513,-59.69658385,-62.75667513,-59.69855051,-62.75617513,-59.69658385,1.20677E-07
688,406,1,-92.736342,5.73849,-79.758942,250,125,20040116, 07:32:10.0000,-62.75717545,-59.70051847,-62.75817239,-59.70448385,-62.75767513,-59.70250051,1.33139E-07
688,407,1,-71.132591,830.180973,-52.154095,250,125,20040116, 07:32:50.0000,-62.75867513,-59.70645325,-62.75917513,-59.70840325,-62.75867513,-59.70645325,1.92611E-05
688,408,1,-93.933899,4.355539,-81.179102,250,125,20040116, 07:33:30.0000,-62.75967431,-59.71038057,-62.76015764,-59.71233358,-62.75967431,-59.71038057,1.01053E-07
688,409,1,-93.998069,4.291656,-83.24025,250,125,20040116, 07:34:10.0000,-62.76065764,-59.7143139,-62.76114098,-59.7163139,-62.76065764,-59.7143139,9.95711E-08
688,410,1,-95.909073,2.763914,-86.502456,250,125,20040116, 07:34:50.0000,-62.76164098,-59.71829724,-62.76215764,-59.7202639,-62.76164098,-59.71829724,6.41258E-08
688,411,1,-96.902097,2.198984,-88.905183,250,125,20040116, 07:35:30.0000,-62.76265463,-59.7222639,-62.76315764,-59.72428057,-62.76265463,-59.7222639,5.10188E-08
688,412,1,-84.485644,38.359015,-65.64235,250,125,20040116, 07:36:30.0000,-62.76365846,-59.72626718,-62.76465882,-59.73021863,-62.76415846,-59.72825051,8.89971E-07
688,413,1,-67.767439,1801.722864,-50.776127,250,125,20040116, 07:37:10.0000,-62.76515764,-59.73218358,-62.76565952,-59.73417143,-62.76515764,-59.73218358,4.18019E-05
688,414,1,-95.817922,2.822537,-85.006424,250,125,20040116, 07:37:50.0000,-62.76617545,-59.73618514,-62.76667513,-59.73818385,-62.76617545,-59.73618514,6.54859E-08
688,415,1,-95.185213,3.265206,-84.196399,250,125,20040116, 07:38:30.0000,-62.76715846,-59.74020051,-62.76765878,-59.74216847,-62.76715846,-59.74020051,7.57563E-08
688,416,1,-94.854536,3.523532,-83.806661,250,125,20040116, 07:39:10.0000,-62.76815878,-59.74416847,-62.76867517,-59.74620068,-62.76815878,-59.74416847,8.17498E-08
688,417,1,-94.536134,3.791565,-86.013645,250,125,20040116, 07:39:50.0000,-62.76919184,-59.74821735,-62.76969184,-59.75021735,-62.76919184,-59.74821735,8.79684E-08
688,418,1,-92.676304,5.818372,-79.977341,250,125,20040116, 07:40:30.0000,-62.77020578,-59.75221463,-62.77072549,-59.75421863,-62.77020578,-59.75221463,1.34992E-07
688,419,1,-88.679051,14.605848,-69.551268,250,125,20040116, 07:41:30.0000,-62.77124184,-59.75623401,-62.77224135,-59.76023205,-62.77174184,-59.75823401,3.38871E-07
688,420,1,-95.416338,3.095979,-86.112736,250,125,20040116, 07:42:10.0000,-62.7727585,-59.76221735,-62.77327517,-59.76421735,-62.7727585,-59.76221735,7.18301E-08
688,421,1,-96.04299,2.679988,-85.652781,250,125,20040116, 07:42:50.0000,-62.77377517,-59.76621735,-62.77429184,-59.76825068,-62.77377517,-59.76621735,6.21786E-08
688,422,1,-69.866277,1111.230447,-53.19885,250,125,20040116, 07:43:30.0000,-62.77482288,-59.77026863,-62.77533954,-59.77226863,-62.77482288,-59.77026863,2.57817E-05
688,423,1,-93.745398,4.54875,-80.37789,250,125,20040116, 07:44:10.0000,-62.77585846,-59.77428385,-62.77635872,-59.77628487,-62.77585846,-59.77428385,1.05536E-07
688,424,1,-74.629141,371.122915,-57.500863,250,125,20040116, 07:44:50.0000,-62.77685872,-59.77828487,-62.77734201,-59.78028471,-62.77685872,-59.77828487,8.61045E-06
688,425,1,-95.140807,3.298763,-82.498658,250,125,20040116, 07:45:30.0000,-62.77785607,-59.78228487,-62.77837538,-59.78426821,-62.77785607,-59.78228487,7.65349E-08
688,426,1,-94.385731,3.925172,-81.564039,250,125,20040116, 07:46:10.0000,-62.77887455,-59.78628154,-62.77938829,-59.78828154,-62.77887455,-59.78628154,9.10682E-08
688,427,1,-93.780328,4.512311,-79.201759,250,125,20040116, 07:47:10.0000,-62.77990872,-59.79029889,-62.78092538,-59.79428487,-62.78042538,-59.79230154,1.0469E-07
688,428,1,-93.426551,4.895271,-79.819092,250,125,20040116, 07:47:50.0000,-62.7814257,-59.79626946,-62.78194205,-59.79826821,-62.7814257,-59.79626946,1.13576E-07
688,429,1,-93.360702,4.97006,-80.127371,250,125,20040116, 07:48:30.0000,-62.78245872,-59.80028487,-62.78299236,-59.80226946,-62.78245872,-59.80028487,1.15311E-07
688,430,1,-92.899574,5.526808,-81.844321,250,125,20040116, 07:49:10.0000,-62.78350872,-59.80425154,-62.78402538,-59.80625154,-62.78350872,-59.80425154,1.28228E-07
688,431,1,-68.760762,1433.361115,-50.450215,250,125,20040116, 07:49:50.0000,-62.78452538,-59.80823487,-62.78502538,-59.81023487,-62.78452538,-59.80823487,3.32555E-05
688,432,1,-92.620741,5.89329,-80.976525,250,125,20040116, 07:50:30.0000,-62.78552538,-59.81223487,-62.78602538,-59.81423487,-62.78552538,-59.81223487,1.36731E-07
688,433,1,-92.138453,6.585467,-81.771003,250,125,20040116, 07:51:10.0000,-62.78652538,-59.81621821,-62.78704205,-59.81821821,-62.78652538,-59.81621821,1.5279E-07
688,434,1,-92.064188,6.699047,-81.13003,250,125,20040116, 07:52:10.0000,-62.78755903,-59.82020279,-62.78857623,-59.82415491,-62.78807455,-59.82218154,1.55425E-07
688,435,1,-91.486042,7.652928,-82.287773,250,125,20040116, 07:52:50.0000,-62.78907455,-59.82614821,-62.78959205,-59.82813752,-62.78907455,-59.82614821,1.77556E-07
688,436,1,-74.521455,380.440129,-56.851882,250,125,20040116, 07:53:30.0000,-62.79009205,-59.83011821,-62.79060956,-59.83214061,-62.79009205,-59.83011821,8.82662E-06
688,437,1,-90.282777,10.096112,-80.783699,250,125,20040116, 07:54:10.0000,-62.79109205,-59.83413487,-62.79160797,-59.83609855,-62.79109205,-59.83413487,2.34241E-07
688,438,1,-68.113773,1663.621647,-52.091896,250,125,20040116, 07:54:50.0000,-62.79212538,-59.83808487,-62.79262538,-59.84006821,-62.79212538,-59.83808487,3.85978E-05
688,439,1,-90.579664,9.428996,-81.270255,250,125,20040116, 07:55:30.0000,-62.79314122,-59.84203447,-62.7936257,-59.844022,-62.79314122,-59.84203447,2.18763E-07
688,440,1,-73.460201,485.748791,-53.880818,250,125,20040116, 07:56:30.0000,-62.79412538,-59.84601821,-62.79514205,-59.84998487,-62.79462538,-59.84800154,1.12699E-05
688,441,1,-68.849073,1404.509086,-50.326495,250,125,20040116, 07:57:10.0000,-62.79565903,-59.85196946,-62.7961596,-59.85398839,-62.79565903,-59.85196946,3.25861E-05
688,442,1,-94.514568,3.810439,-83.357692,250,125,20040116, 07:57:50.0000,-62.79665903,-59.85598612,-62.79717455,-59.85798154,-62.79665903,-59.85598612,8.84063E-08
688,443,1,-93.853096,4.437336,-83.168401,250,125,20040116, 07:58:30.0000,-62.79769205,-59.85998487,-62.79819122,-59.86198154,-62.79769205,-59.85998487,1.02951E-07
688,444,1,-62.177102,6527.12111,-48.320768,250,125,20040116, 07:59:10.0000,-62.79870872,-59.86398487,-62.79922538,-59.86600154,-62.79870872,-59.86398487,0.000151436
688,445,1,-91.146531,8.275204,-82.58937,250,125,20040116, 07:59:50.0000,-62.79972468,-59.86798205,-62.80024122,-59.86998154,-62.79972468,-59.86798205,1.91994E-07
688,446,1,-89.275154,12.732581,-75.264079,250,125,20040116, 08:00:30.0000,-62.80074122,-59.87198154,-62.80122468,-59.87404872,-62.80074122,-59.87198154,2.9541E-07
688,447,1,-92.706186,5.778475,-84.052705,250,125,20040116, 08:01:10.0000,-62.80172543,-59.87606837,-62.80222623,-59.87810491,-62.80172543,-59.87606837,1.34067E-07
688,448,1,-92.83855,5.605015,-82.890503,250,125,20040116, 08:02:10.0000,-62.80272475,-59.88014902,-62.80372623,-59.8842692,-62.80322475,-59.88218235,1.30042E-07
688,449,1,-93.625433,4.676151,-82.815939,250,125,20040116, 08:02:50.0000,-62.8042257,-59.88633612,-62.80474209,-59.88839906,-62.8042257,-59.88633612,1.08492E-07
688,450,1,-95.402305,3.105999,-86.488268,250,125,20040116, 08:03:30.0000,-62.80524236,-59.89046946,-62.80572475,-59.89251569,-62.80524236,-59.89046946,7.20625E-08
688,451,1,-94.282921,4.019201,-84.685315,250,125,20040116, 08:04:10.0000,-62.80624142,-59.89453235,-62.80674289,-59.8966192,-62.80624142,-59.89453235,9.32498E-08
688,452,1,-67.721035,1821.076937,-48.557847,250,125,20040116, 08:04:50.0000,-62.80722475,-59.89864902,-62.8077248,-59.90071585,-62.80722475,-59.89864902,4.22509E-05
688,453,1,-92.754165,5.714988,-83.592032,250,125,20040116, 08:05:30.0000,-62.80822626,-59.90278838,-62.80869155,-59.90481618,-62.80822626,-59.90278838,1.32594E-07
688,454,1,-91.830026,7.070161,-78.642525,250,125,20040116, 08:06:10.0000,-62.80919146,-59.90684919,-62.8097096,-59.90890269,-62.80919146,-59.90684919,1.64035E-07
688,455,1,-93.157207,5.208482,-81.049925,250,125,20040116, 08:06:50.0000,-62.81019261,-59.91093711,-62.81069231,-59.91300256,-62.81019261,-59.91093711,1.20842E-07
688,456,1,-96.443888,2.443673,-87.716565,250,125,20040116, 08:07:30.0000,-62.81119231,-59.91505256,-62.81169231,-59.9171,-62.81119231,-59.91505256,5.66958E-08
688,457,1,-95.601429,2.966805,-85.379271,250,125,20040116, 08:08:30.0000,-62.81219231,-59.91915256,-62.81319261,-59.92325378,-62.81269231,-59.9211859,6.88331E-08
688,458,1,-93.130788,5.240263,-82.734668,250,125,20040116, 08:09:10.0000,-62.81369487,-59.92530256,-62.81419507,-59.92733711,-62.81369487,-59.92530256,1.2158E-07
688,459,1,-90.715788,9.13804,-79.668704,250,125,20040116, 08:09:50.0000,-62.81469261,-59.92937044,-62.81519231,-59.93140256,-62.81469261,-59.92937044,2.12012E-07
688,460,1,-88.130548,16.57208,-71.295867,250,125,20040116, 08:10:30.0000,-62.81570897,-59.9334359,-62.81620928,-59.93545378,-62.81570897,-59.9334359,3.8449E-07
688,461,1,-59.240576,12834.3619,-42.614513,250,125,20040116, 08:11:10.0000,-62.81670897,-59.9374859,-62.81720897,-59.93955256,-62.81670897,-59.9374859,0.000297771
688,462,1,-94.55179,3.777921,-84.440429,250,125,20040116, 08:11:50.0000,-62.81771174,-59.94160378,-62.81824231,-59.94361923,-62.81771174,-59.94160378,8.76518E-08
688,463,1,-94.805097,3.563872,-85.66894,250,125,20040116, 08:12:30.0000,-62.81875897,-59.94565256,-62.8192748,-59.94769634,-62.81875897,-59.94565256,8.26857E-08
688,464,1,-96.200777,2.584367,-85.92304,250,125,20040116, 08:13:10.0000,-62.8197748,-59.94972967,-62.82027564,-59.95180256,-62.8197748,-59.94972967,5.99601E-08
688,465,1,-92.87326,5.560397,-78.350613,250,125,20040116, 08:13:50.0000,-62.82075813,-59.95384919,-62.82127564,-59.95586923,-62.82075813,-59.95384919,1.29007E-07
688,466,1,-90.038336,10.680664,-75.493744,250,125,20040116, 08:14:50.0000,-62.82179231,-59.95786923,-62.8228248,-59.96189919,-62.82230813,-59.95988252,2.47803E-07
688,467,1,-92.59538,5.927805,-80.125923,250,125,20040116, 08:15:30.0000,-62.82332648,-59.96395592,-62.82382564,-59.96596923,-62.82332648,-59.96395592,1.37531E-07
688,468,1,-94.56677,3.764912,-80.971627,250,125,20040116, 08:16:10.0000,-62.82434261,-59.96800131,-62.82485897,-59.97001923,-62.82434261,-59.96800131,8.735E-08
688,469,1,-92.302862,6.340823,-78.955724,250,125,20040116, 08:16:50.0000,-62.82539159,-59.97201635,-62.82590897,-59.97401923,-62.82539159,-59.97201635,1.47114E-07
688,470,1,-93.587552,4.717117,-82.098649,250,125,20040116, 08:17:30.0000,-62.82640992,-59.97603967,-62.82692564,-59.97806923,-62.82640992,-59.97603967,1.09442E-07
688,471,1,-94.530035,3.796893,-83.558927,250,125,20040116, 08:18:10.0000,-62.82745753,-59.98008926,-62.82797648,-59.98210364,-62.82745753,-59.98008926,8.8092E-08
688,472,1,-92.487017,6.077572,-80.958442,250,125,20040116, 08:18:50.0000,-62.82849159,-59.98413301,-62.82902564,-59.98615256,-62.82849159,-59.98413301,1.41006E-07
688,473,1,-93.739496,4.554936,-83.405067,250,125,20040116, 08:19:30.0000,-62.82955981,-59.98818926,-62.83007594,-59.99022044,-62.82955981,-59.98818926,1.05679E-07
688,474,1,-92.450028,6.129556,-82.289458,250,125,20040116, 08:20:10.0000,-62.83060813,-59.99224919,-62.83112492,-59.99426635,-62.83060813,-59.99224919,1.42212E-07
688,475,1,-93.350758,4.981454,-76.777408,250,125,20040116, 08:21:10.0000,-62.83154439,-59.99643021,-62.83191667,-60.00106802,-62.83178049,-59.99871016,1.15575E-07
688,476,1,-91.809874,7.103043,-79.167868,250,125,20040116, 08:21:50.0000,-62.83193333,-60.00343095,-62.83188333,-60.00578095,-62.83193333,-60.00343095,1.64798E-07
688,477,1,-93.581376,4.72383,-81.468772,250,125,20040116, 08:22:30.0000,-62.83183333,-60.00811802,-62.83185,-60.01044722,-62.83183333,-60.00811802,1.09598E-07
688,478,1,-95.464371,3.061926,-84.74435,250,125,20040116, 08:23:10.0000,-62.83188333,-60.01279444,-62.83193105,-60.01515135,-62.83188333,-60.01279444,7.104E-08
688,479,1,-94.052085,4.238609,-82.806519,250,125,20040116, 08:23:50.0000,-62.83199745,-60.01748095,-62.83206667,-60.01983095,-62.83199745,-60.01748095,9.83403E-08
688,480,1,-95.074186,3.349756,-82.499732,250,125,20040116, 08:24:30.0000,-62.83216667,-60.02216429,-62.83221667,-60.02453095,-62.83216667,-60.02216429,7.7718E-08
688,481,1,-95.686481,2.909268,-84.848546,250,125,20040116, 08:25:10.0000,-62.83231412,-60.02686429,-62.83238333,-60.0292153,-62.83231412,-60.02686429,6.74982E-08
688,482,1,-94.871559,3.509748,-81.330829,250,125,20040116, 08:25:50.0000,-62.83246393,-60.03156167,-62.83255,-60.0339113,-62.83246393,-60.03156167,8.143E-08
688,483,1,-95.509182,3.030495,-84.49094,250,125,20040116, 08:26:30.0000,-62.83263113,-60.03628587,-62.8327139,-60.03864463,-62.83263113,-60.03628587,7.03108E-08
688,484,1,-92.877688,5.554731,-75.630299,250,125,20040116, 08:27:10.0000,-62.83279724,-60.0410113,-62.83288113,-60.04338587,-62.83279724,-60.0410113,1.28876E-07
688,485,1,-88.462941,15.351036,-73.720433,250,125,20040116, 08:27:50.0000,-62.83295,-60.04575854,-62.833,-60.04815854,-62.83295,-60.04575854,3.56161E-07
688,486,1,-92.234863,6.440885,-79.175799,250,125,20040116, 08:28:30.0000,-62.83301667,-60.05053587,-62.83301667,-60.0529113,-62.83301667,-60.05053587,1.49435E-07
688,487,1,-56.851542,22247.31458,-43.387937,250,125,20040116, 08:29:10.0000,-62.83301667,-60.05530854,-62.833,-60.05768587,-62.83301667,-60.05530854,0.000516162
688,488,1,-89.459645,12.203022,-73.544079,250,125,20040116, 08:29:50.0000,-62.833,-60.06005854,-62.83301667,-60.06242797,-62.833,-60.06005854,2.83123E-07
688,489,1,-89.907794,11.006581,-72.026682,250,125,20040116, 08:30:50.0000,-62.83304773,-60.06481818,-62.83303333,-60.06957797,-62.83305,-60.06719463,2.55365E-07
688,490,1,-97.735991,1.814816,-83.819291,250,125,20040116, 08:31:30.0000,-62.83303333,-60.07198258,-62.83303333,-60.07434463,-62.83303333,-60.07198258,4.21057E-08
688,491,1,-99.438053,1.226384,-86.382746,250,125,20040116, 08:32:10.0000,-62.83301667,-60.07672797,-62.833,-60.0791192,-62.83301667,-60.07672797,2.84534E-08
688,492,1,-99.599806,1.181548,-85.214518,250,125,20040116, 08:32:50.0000,-62.83298333,-60.08147797,-62.833,-60.0838613,-62.83298333,-60.08147797,2.74132E-08
688,493,1,-98.947374,1.373075,-87.866541,250,125,20040116, 08:33:30.0000,-62.83298333,-60.08626282,-62.83298333,-60.08863333,-62.83298333,-60.08626282,3.18568E-08
688,494,1,-61.355931,7885.672526,-45.988504,250,125,20040116, 08:34:10.0000,-62.833,-60.0910153,-62.83299752,-60.0934153,-62.833,-60.0910153,0.000182956
688,495,1,-96.022284,2.692796,-82.60772,250,125,20040116, 08:34:50.0000,-62.83298333,-60.09584762,-62.83296667,-60.09826282,-62.83298333,-60.09584762,6.24758E-08
688,496,1,-97.619883,1.86399,-83.953587,250,125,20040116, 08:35:30.0000,-62.83295248,-60.10067949,-62.83296429,-60.10309762,-62.83295248,-60.10067949,4.32466E-08
688,497,1,-97.469314,1.929747,-83.526608,250,125,20040116, 08:36:10.0000,-62.83295,-60.1055153,-62.83295,-60.10793197,-62.83295,-60.1055153,4.47722E-08
688,498,1,-91.475353,7.671787,-75.725178,250,125,20040116, 08:36:50.0000,-62.83293333,-60.11034762,-62.83293333,-60.11274863,-62.83293333,-60.11034762,1.77994E-07
688,499,1,-96.9213,2.189283,-84.285363,250,125,20040116, 08:37:30.0000,-62.83293333,-60.11518197,-62.83293606,-60.11759519,-62.83293333,-60.11518197,5.07937E-08
688,500,1,-97.382657,1.968639,-85.283369,250,125,20040116, 08:38:10.0000,-62.83291943,-60.1200113,-62.83291667,-60.12243367,-62.83291943,-60.1200113,4.56746E-08
688,501,1,-96.981798,2.158997,-84.140031,250,125,20040116, 08:38:50.0000,-62.83291667,-60.1248252,-62.83293333,-60.12722797,-62.83291667,-60.1248252,5.00911E-08
688,502,1,-75.141559,329.819177,-57.456994,250,125,20040116, 08:39:30.0000,-62.83293333,-60.12965034,-62.83295,-60.13204463,-62.83293333,-60.12965034,7.65216E-06
688,503,1,-94.632198,3.708618,-78.696895,250,125,20040116, 08:40:10.0000,-62.83295,-60.1344752,-62.83295,-60.13689463,-62.83295,-60.1344752,8.60439E-08
688,504,1,-75.520961,302.228712,-57.021298,250,125,20040116, 08:40:50.0000,-62.8329639,-60.1393252,-62.83298333,-60.14174187,-62.8329639,-60.1393252,7.01203E-06
688,505,1,-96.843455,2.228878,-82.709848,250,125,20040116, 08:41:30.0000,-62.83298333,-60.14415254,-62.83298333,-60.1465613,-62.83298333,-60.14415254,5.17124E-08
688,506,1,-98.478594,1.529581,-88.520101,250,125,20040116, 08:42:10.0000,-62.83298333,-60.14899187,-62.833,-60.1514192,-62.83298333,-60.14899187,3.54879E-08
688,507,1,-99.830161,1.12051,-88.707505,250,125,20040116, 08:42:50.0000,-62.83301667,-60.15385956,-62.83303333,-60.15629289,-62.83301667,-60.15385956,2.5997E-08
688,508,1,-100.477553,0.965332,-89.712343,250,125,20040116, 08:43:30.0000,-62.83305,-60.15873367,-62.83306667,-60.16115956,-62.83305,-60.15873367,2.23967E-08
688,509,1,-98.42467,1.548691,-86.583451,250,125,20040116, 08:44:10.0000,-62.83305,-60.16359559,-62.83306447,-60.1660192,-62.83305,-60.16359559,3.59313E-08
688,510,1,-98.333973,1.581374,-88.715185,250,125,20040116, 08:44:50.0000,-62.83306667,-60.16842892,-62.83306667,-60.17086225,-62.83306667,-60.16842892,3.66896E-08
688,511,1,-97.85488,1.76581,-85.535192,250,125,20040116, 08:45:30.0000,-62.83306667,-60.17330956,-62.83306667,-60.17574289,-62.83306667,-60.17330956,4.09687E-08
688,512,1,-99.307013,1.263952,-89.582369,250,125,20040116, 08:46:10.0000,-62.83306667,-60.17816225,-62.83308333,-60.18058478,-62.83306667,-60.17816225,2.93251E-08
688,513,1,-96.847883,2.226607,-88.061793,250,125,20040116, 08:46:50.0000,-62.8331,-60.18297911,-62.8331,-60.18539577,-62.8331,-60.18297911,5.16597E-08
688,514,1,-98.620567,1.480387,-88.831622,250,125,20040116, 08:47:30.0000,-62.83308333,-60.18779577,-62.83311667,-60.19021244,-62.83308333,-60.18779577,3.43466E-08
688,515,1,-96.773985,2.264818,-86.580272,250,125,20040116, 08:48:10.0000,-62.83311667,-60.19262911,-62.83311667,-60.19505976,-62.83311667,-60.19262911,5.25462E-08
688,516,1,-96.349375,2.497436,-85.791383,250,125,20040116, 08:48:50.0000,-62.83311667,-60.19747911,-62.83311667,-60.19989577,-62.83311667,-60.19747911,5.79432E-08
688,517,1,-95.352358,3.141926,-82.181243,250,125,20040116, 08:49:30.0000,-62.83311667,-60.20233706,-62.83313122,-60.20476827,-62.83311667,-60.20233706,7.28961E-08
688,518,1,-97.765187,1.802657,-86.967662,250,125,20040116, 08:50:10.0000,-62.83313065,-60.20719309,-62.83313333,-60.20961244,-62.83313065,-60.20719309,4.18236E-08
688,519,1,-97.306858,2.0033,-86.476973,250,125,20040116, 08:50:50.0000,-62.83313333,-60.21200976,-62.83311667,-60.21440976,-62.83313333,-60.21200976,4.64787E-08
688,520,1,-96.492611,2.416411,-85.998778,250,125,20040116, 08:51:30.0000,-62.83311667,-60.21680372,-62.83311667,-60.21916244,-62.83311667,-60.21680372,5.60633E-08
688,521,1,-62.351085,6270.805173,-47.448306,250,125,20040116, 08:52:30.0000,-62.83313333,-60.22154577,-62.83318333,-60.22627911,-62.83316667,-60.22393706,0.000145489
688,522,1,-92.118562,6.615697,-78.883318,250,125,20040116, 08:53:10.0000,-62.83318333,-60.22862911,-62.8332,-60.23099577,-62.83318333,-60.22862911,1.53491E-07
688,523,1,-94.166541,4.128362,-84.686434,250,125,20040116, 08:53:50.0000,-62.83321667,-60.23336244,-62.83323602,-60.23571244,-62.83321667,-60.23336244,9.57824E-08
688,524,1,-91.59404,7.464965,-82.92612,250,125,20040116, 08:54:30.0000,-62.83326455,-60.23808706,-62.83328333,-60.24044577,-62.83326455,-60.23808706,1.73195E-07
688,525,1,-62.588256,5937.536405,-47.676396,250,125,20040116, 08:55:10.0000,-62.83331398,-60.24279577,-62.83331667,-60.24517642,-62.83331398,-60.24279577,0.000137757
688,526,1,-60.855506,8848.736992,-45.891158,250,125,20040116, 08:55:50.0000,-62.83335,-60.24754577,-62.83336667,-60.24991244,-62.83335,-60.24754577,0.0002053
688,527,1,-67.554522,1892.255041,-49.539214,250,125,20040116, 08:56:30.0000,-62.83338333,-60.25226244,-62.8334,-60.25462911,-62.83338333,-60.25226244,4.39024E-05
688,528,1,-93.524135,4.786503,-84.29555,250,125,20040116, 08:57:10.0000,-62.83341667,-60.25700976,-62.83345,-60.25937911,-62.83341667,-60.25700976,1.11052E-07
688,529,1,-96.062181,2.668172,-81.765747,250,125,20040116, 08:57:50.0000,-62.83346667,-60.26174577,-62.83348333,-60.26412911,-62.83346667,-60.26174577,6.19045E-08
688,530,1,-63.294137,5046.824216,-47.200023,250,125,20040116, 08:58:30.0000,-62.83349788,-60.26650372,-62.83351667,-60.26887911,-62.83349788,-60.26650372,0.000117092
688,531,1,-63.12142,5251.578376,-47.290928,250,125,20040116, 08:59:10.0000,-62.83353333,-60.27122911,-62.83355,-60.27360476,-62.83353333,-60.27122911,0.000121842
688,532,1,-95.215024,3.242869,-85.381121,250,125,20040116, 08:59:50.0000,-62.83358333,-60.27596244,-62.83361667,-60.27835976,-62.83358333,-60.27596244,7.52381E-08
688,533,1,-92.256579,6.408758,-77.909881,250,125,20040116, 09:00:30.0000,-62.83361667,-60.28075372,-62.8336,-60.28311244,-62.83361667,-60.28075372,1.4869E-07
688,534,1,-81.372014,78.565248,-61.880878,250,125,20040116, 09:01:10.0000,-62.83361667,-60.28549309,-62.83361667,-60.28786244,-62.83361667,-60.28549309,1.8228E-06
688,535,1,-76.555151,238.186274,-56.463405,250,125,20040116, 09:02:10.0000,-62.83363333,-60.29024577,-62.83365,-60.29499577,-62.83363333,-60.29261244,5.52618E-06
688,536,1,-95.235928,3.227298,-86.910898,250,125,20040116, 09:02:50.0000,-62.83366667,-60.29739309,-62.83366667,-60.2997634,-62.83366667,-60.29739309,7.48768E-08
688,537,1,-95.951649,2.736951,-87.163173,250,125,20040116, 09:03:30.0000,-62.83368333,-60.30214673,-62.83368333,-60.3045134,-62.83368333,-60.30214673,6.35002E-08
688,538,1,-91.611692,7.434686,-77.748393,250,125,20040116, 09:04:10.0000,-62.83368333,-60.30688007,-62.83368333,-60.3092634,-62.83368333,-60.30688007,1.72493E-07
688,539,1,-91.182738,8.206502,-75.480696,250,125,20040116, 09:04:50.0000,-62.83368333,-60.31164673,-62.83366667,-60.31399673,-62.83368333,-60.31164673,1.904E-07
688,540,1,-95.802322,2.832694,-85.359793,250,125,20040116, 09:05:30.0000,-62.83365,-60.31637143,-62.83365,-60.31873007,-62.83365,-60.31637143,6.57216E-08
688,541,1,-87.181083,20.621658,-68.66846,250,125,20040116, 09:06:10.0000,-62.83365,-60.32109673,-62.83365,-60.32348706,-62.83365,-60.32109673,4.78445E-07
688,542,1,-97.234076,2.037156,-88.036503,250,125,20040116, 09:06:50.0000,-62.83365,-60.3258634,-62.83363333,-60.32823007,-62.83365,-60.3258634,4.72642E-08
688,543,1,-92.103151,6.639215,-77.032558,250,125,20040116, 09:07:30.0000,-62.83363333,-60.33060491,-62.83361667,-60.33294691,-62.83363333,-60.33060491,1.54037E-07
688,544,1,-97.205463,2.050622,-84.925677,250,125,20040116, 09:08:10.0000,-62.83363333,-60.33531358,-62.83364796,-60.3376881,-62.83363333,-60.33531358,4.75766E-08
688,545,1,-75.000279,340.724993,-58.503286,250,125,20040116, 09:08:50.0000,-62.83365,-60.34004691,-62.83365,-60.34241358,-62.83365,-60.34004691,7.90519E-06
688,546,1,-98.386948,1.562201,-87.981191,250,125,20040116, 09:09:30.0000,-62.83365,-60.34480288,-62.83368333,-60.34714691,-62.83365,-60.34480288,3.62448E-08
688,547,1,-99.687492,1.157931,-88.283088,250,125,20040116, 09:10:10.0000,-62.8337,-60.34952764,-62.83371667,-60.35189431,-62.8337,-60.34952764,2.68653E-08
688,548,1,-100.537624,0.952071,-90.364174,250,125,20040116, 09:10:50.0000,-62.83371667,-60.35424691,-62.83371667,-60.35659691,-62.83371667,-60.35424691,2.20891E-08
688,549,1,-97.577338,1.88234,-85.439959,250,125,20040116, 09:11:50.0000,-62.83373333,-60.35893824,-62.83378073,-60.36359431,-62.83375,-60.36126358,4.36723E-08
688,550,1,-95.506931,3.032067,-83.892457,250,125,20040116, 09:12:30.0000,-62.83378333,-60.36592157,-62.8338,-60.36826881,-62.83378333,-60.36592157,7.03472E-08
688,551,1,-78.991331,135.924816,-61.792148,250,125,20040116, 09:13:10.0000,-62.83383333,-60.37063436,-62.83386667,-60.37298436,-62.83383333,-60.37063436,3.1536E-06
688,552,1,-96.32431,2.511892,-86.012224,250,125,20040116, 09:13:50.0000,-62.8339,-60.37533563,-62.83391667,-60.37768436,-62.8339,-60.37533563,5.82786E-08
688,553,1,-97.025453,2.137404,-87.611154,250,125,20040116, 09:14:30.0000,-62.83393333,-60.38004872,-62.83391667,-60.38239691,-62.83393333,-60.38004872,4.95901E-08
688,554,1,-79.004264,135.520639,-62.502908,250,125,20040116, 09:15:10.0000,-62.83391667,-60.38474431,-62.83391667,-60.38712157,-62.83391667,-60.38474431,3.14422E-06
688,555,1,-97.19226,2.056865,-87.683183,250,125,20040116, 09:15:50.0000,-62.83391667,-60.38949431,-62.83391667,-60.39184691,-62.83391667,-60.38949431,4.77215E-08
688,556,1,-96.113738,2.636684,-86.348698,250,125,20040116, 09:16:30.0000,-62.83391667,-60.39423024,-62.83391667,-60.39661358,-62.83391667,-60.39423024,6.11739E-08
688,557,1,-90.405175,9.815542,-75.296877,250,125,20040116, 09:17:10.0000,-62.83391667,-60.39899691,-62.8339,-60.40137157,-62.83391667,-60.39899691,2.27731E-07
688,558,1,-95.916811,2.758994,-87.973342,250,125,20040116, 09:17:50.0000,-62.83391667,-60.40376098,-62.83391667,-60.40611358,-62.83391667,-60.40376098,6.40116E-08
688,559,1,-95.696021,2.902884,-86.842428,250,125,20040116, 09:18:30.0000,-62.83391667,-60.40850288,-62.83393333,-60.41088024,-62.83391667,-60.40850288,6.735E-08
688,560,1,-95.283525,3.192121,-86.767449,250,125,20040116, 09:19:10.0000,-62.83395,-60.41326358,-62.83395,-60.41566954,-62.83395,-60.41326358,7.40607E-08
688,561,1,-95.582453,2.979796,-86.245355,250,125,20040116, 09:19:50.0000,-62.83396667,-60.41806358,-62.83396667,-60.42047764,-62.83396667,-60.41806358,6.91345E-08
688,562,1,-95.185915,3.264678,-86.197825,250,125,20040116, 09:20:30.0000,-62.83396667,-60.42288621,-62.83398333,-60.42526358,-62.83396667,-60.42288621,7.57441E-08
688,563,1,-93.45556,4.862682,-79.315544,250,125,20040116, 09:21:10.0000,-62.834,-60.42766538,-62.834,-60.43005103,-62.834,-60.42766538,1.12819E-07
688,564,1,-87.561831,18.89073,-69.104774,250,125,20040116, 09:21:50.0000,-62.834,-60.43246675,-62.83401445,-60.4348523,-62.834,-60.43246675,4.38285E-07
688,565,1,-80.857392,88.448946,-60.036116,250,125,20040116, 09:22:50.0000,-62.83401667,-60.43723824,-62.83405,-60.44203205,-62.83403333,-60.43963342,2.05211E-06
688,566,1,-83.14915,52.181534,-67.331088,250,125,20040116, 09:23:30.0000,-62.83401667,-60.44441769,-62.834,-60.44683205,-62.83401667,-60.44441769,1.21067E-06
688,567,1,-63.744297,4549.903165,-47.442515,250,125,20040116, 09:24:10.0000,-62.83398333,-60.44923436,-62.83398333,-60.45163452,-62.83398333,-60.44923436,0.000105563
688,568,1,-76.028581,268.889409,-56.543211,250,125,20040116, 09:24:50.0000,-62.83396667,-60.45403121,-62.83396667,-60.45644534,-62.83396667,-60.45403121,6.23852E-06
688,569,1,-73.030826,536.227662,-55.677785,250,125,20040116, 09:25:30.0000,-62.83396667,-60.45883824,-62.83396667,-60.46124788,-62.83396667,-60.45883824,1.24411E-05
688,570,1,-97.120691,2.091042,-86.747784,250,125,20040116, 09:26:10.0000,-62.83395,-60.46366454,-62.83393333,-60.46607868,-62.83395,-60.46366454,4.85144E-08
688,571,1,-96.983068,2.158366,-88.304451,250,125,20040116, 09:26:50.0000,-62.83391667,-60.46848121,-62.83388333,-60.47088121,-62.83391667,-60.46848121,5.00764E-08
688,572,1,-90.276764,10.1101,-72.070972,250,125,20040116, 09:27:30.0000,-62.83386667,-60.47331201,-62.83385,-60.47573121,-62.83386667,-60.47331201,2.34565E-07
688,573,1,-96.729241,2.288273,-87.687554,250,125,20040116, 09:28:10.0000,-62.8338308,-60.47816201,-62.8338187,-60.48058824,-62.8338308,-60.47816201,5.30904E-08
688,574,1,-72.756192,571.232108,-53.289714,250,125,20040116, 09:28:50.0000,-62.83381667,-60.4830122,-62.8338,-60.48543333,-62.83381667,-60.4830122,1.32532E-05
688,575,1,-90.386296,9.858305,-74.413214,250,125,20040116, 09:29:30.0000,-62.83376667,-60.48781889,-62.83375,-60.49023333,-62.83376667,-60.48781889,2.28723E-07
688,576,1,-97.568351,1.886239,-88.848664,250,125,20040116, 09:30:10.0000,-62.83375,-60.49266667,-62.83373333,-60.49510222,-62.83375,-60.49266667,4.37628E-08
688,577,1,-96.328108,2.509695,-86.10896,250,125,20040116, 09:30:50.0000,-62.83371667,-60.49753678,-62.83368333,-60.49996667,-62.83371667,-60.49753678,5.82276E-08
688,578,1,-95.618344,2.955272,-87.190338,250,125,20040116, 09:31:30.0000,-62.83365,-60.50238942,-62.83363333,-60.50479805,-62.83365,-60.50238942,6.85655E-08
688,579,1,-95.80067,2.833771,-86.346429,250,125,20040116, 09:32:10.0000,-62.83363333,-60.50723138,-62.83360202,-60.50968636,-62.83363333,-60.50723138,6.57466E-08
688,580,1,-94.733656,3.622983,-82.620274,250,125,20040116, 09:32:50.0000,-62.83358585,-60.51212886,-62.83358333,-60.51456667,-62.83358585,-60.51212886,8.40571E-08
688,581,1,-96.291074,2.531188,-84.358799,250,125,20040116, 09:33:30.0000,-62.83356667,-60.51701256,-62.83353333,-60.5194622,-62.83356667,-60.51701256,5.87263E-08
688,582,1,-70.89612,876.637162,-54.032093,250,125,20040116, 09:34:10.0000,-62.8335,-60.52187886,-62.83348333,-60.52431667,-62.8335,-60.52187886,2.03389E-05
688,583,1,-96.350092,2.497023,-84.873867,250,125,20040116, 09:34:50.0000,-62.83345,-60.52675131,-62.83341667,-60.52918333,-62.83345,-60.52675131,5.79336E-08
688,584,1,-96.108704,2.639742,-85.09444,250,125,20040116, 09:35:30.0000,-62.8334,-60.53161889,-62.83338333,-60.53405345,-62.8334,-60.53161889,6.12449E-08
688,585,1,-97.013303,2.143392,-85.075944,250,125,20040116, 09:36:10.0000,-62.83336667,-60.53646889,-62.83336667,-60.53890415,-62.83336667,-60.53646889,4.9729E-08
688,586,1,-95.400502,3.107289,-82.841476,250,125,20040116, 09:36:50.0000,-62.83338333,-60.54134553,-62.83336667,-60.5437622,-62.83338333,-60.54134553,7.20925E-08
688,587,1,-96.793731,2.254544,-83.82137,250,125,20040116, 09:37:30.0000,-62.83335,-60.54620609,-62.83336667,-60.54866798,-62.83335,-60.54620609,5.23079E-08
688,588,1,-96.635122,2.338405,-83.149081,250,125,20040116, 09:38:10.0000,-62.83338333,-60.55111889,-62.83336889,-60.55358333,-62.83338333,-60.55111889,5.42535E-08
688,589,1,-97.898068,1.748337,-86.137248,250,125,20040116, 09:38:50.0000,-62.83336667,-60.55602886,-62.83336667,-60.55847886,-62.83336667,-60.55602886,4.05633E-08
688,590,1,-97.493185,1.91917,-85.666927,250,125,20040116, 09:39:30.0000,-62.83335195,-60.56095609,-62.83333333,-60.5634122,-62.83335195,-60.56095609,4.45268E-08
688,591,1,-97.94467,1.729676,-88.067586,250,125,20040116, 09:40:10.0000,-62.83331667,-60.56587886,-62.83331667,-60.56834553,-62.83331667,-60.56587886,4.01304E-08
688,592,1,-96.556474,2.381138,-86.762478,250,125,20040116, 09:40:50.0000,-62.8333,-60.57081472,-62.8333,-60.5732622,-62.8333,-60.57081472,5.5245E-08
688,593,1,-97.664558,1.844914,-84.719061,250,125,20040116, 09:41:30.0000,-62.83328333,-60.57572066,-62.8333,-60.5781622,-62.83328333,-60.57572066,4.2804E-08
688,594,1,-97.481774,1.924219,-83.579055,250,125,20040116, 09:42:10.0000,-62.83331667,-60.58059805,-62.83331667,-60.58303748,-62.83331667,-60.58059805,4.4644E-08
688,595,1,-99.633143,1.172513,-89.001654,250,125,20040116, 09:42:50.0000,-62.83333333,-60.58548465,-62.83335,-60.58793333,-62.83333333,-60.58548465,2.72036E-08
688,596,1,-99.537725,1.198559,-87.721079,250,125,20040116, 09:43:30.0000,-62.83338333,-60.59038333,-62.83341453,-60.59285131,-62.83338333,-60.59038333,2.78079E-08
688,597,1,-99.274194,1.273539,-88.166524,250,125,20040116, 09:44:10.0000,-62.83341667,-60.59528556,-62.8334,-60.59772081,-62.83341667,-60.59528556,2.95475E-08
688,598,1,-90.244638,10.185165,-74.649574,250,125,20040116, 09:44:50.0000,-62.8334,-60.60014805,-62.83341667,-60.60258678,-62.8334,-60.60014805,2.36307E-07
688,599,1,-98.069921,1.680505,-84.799616,250,125,20040116, 09:45:30.0000,-62.83341667,-60.60498571,-62.83341667,-60.60741798,-62.83341667,-60.60498571,3.89895E-08
688,600,1,-70.666185,924.300761,-52.526862,250,125,20040116, 09:46:10.0000,-62.83343333,-60.60984657,-62.83345,-60.61231684,-62.83343333,-60.60984657,2.14448E-05
688,601,1,-98.662202,1.466262,-86.941859,250,125,20040116, 09:46:50.0000,-62.83345,-60.61474657,-62.83346422,-60.61719657,-62.83345,-60.61474657,3.40189E-08
688,602,1,-97.933259,1.734227,-86.050349,250,125,20040116, 09:47:30.0000,-62.83346667,-60.61968748,-62.83348088,-60.62213235,-62.83346667,-60.61968748,4.02359E-08
688,603,1,-98.544105,1.506681,-88.829312,250,125,20040116, 09:48:10.0000,-62.83348333,-60.62461324,-62.8335,-60.62705609,-62.83348333,-60.62461324,3.49566E-08
688,604,1,-98.733735,1.442309,-88.414127,250,125,20040116, 09:48:50.0000,-62.8335,-60.62948235,-62.83351667,-60.63194675,-62.8335,-60.62948235,3.34631E-08
688,605,1,-97.456064,1.935644,-83.345137,250,125,20040116, 09:49:30.0000,-62.83353333,-60.63440429,-62.83355,-60.63683008,-62.83353333,-60.63440429,4.4909E-08
688,606,1,-97.710754,1.825393,-85.748361,250,125,20040116, 09:50:10.0000,-62.83356667,-60.63924675,-62.83356667,-60.64168252,-62.83356667,-60.63924675,4.23511E-08
688,607,1,-97.060625,2.120164,-84.363831,250,125,20040116, 09:50:50.0000,-62.83356667,-60.64413008,-62.83358333,-60.64659675,-62.83356667,-60.64413008,4.91901E-08
688,608,1,-97.571244,1.884983,-84.541795,250,125,20040116, 09:51:30.0000,-62.8336,-60.64905541,-62.83358333,-60.65151341,-62.8336,-60.64905541,4.37336E-08
688,609,1,-75.094139,333.440175,-57.325842,250,125,20040116, 09:52:10.0000,-62.8336,-60.65397009,-62.8336,-60.65645128,-62.8336,-60.65397009,7.73617E-06
688,610,1,-96.604574,2.354911,-84.437929,250,125,20040116, 09:52:50.0000,-62.83361667,-60.65891906,-62.83361667,-60.66141795,-62.83361667,-60.65891906,5.46365E-08
688,611,1,-95.926762,2.752679,-84.743267,250,125,20040116, 09:53:30.0000,-62.8336188,-60.66388462,-62.83363333,-60.66637126,-62.8336188,-60.66388462,6.38651E-08
688,612,1,-98.67499,1.461951,-86.613301,250,125,20040116, 09:54:10.0000,-62.83364786,-60.66886795,-62.83365,-60.67133462,-62.83364786,-60.66886795,3.39188E-08
688,613,1,-97.129772,2.086674,-84.942631,250,125,20040116, 09:54:50.0000,-62.83365,-60.67378588,-62.83365,-60.67625128,-62.83365,-60.67378588,4.84131E-08
688,614,1,-97.604726,1.870507,-85.308704,250,125,20040116, 09:55:30.0000,-62.83365,-60.67867009,-62.83366667,-60.68113445,-62.83365,-60.67867009,4.33978E-08
688,615,1,-67.485386,1922.61903,-49.567237,250,125,20040116, 09:56:10.0000,-62.83366667,-60.68361795,-62.83366667,-60.68610128,-62.83366667,-60.68361795,4.46068E-05
688,616,1,-99.22721,1.287392,-86.809883,250,125,20040116, 09:56:50.0000,-62.83366667,-60.68856795,-62.83365214,-60.69101795,-62.83366667,-60.68856795,2.98689E-08
688,617,1,-96.598236,2.35835,-83.309202,250,125,20040116, 09:57:30.0000,-62.83365,-60.69346795,-62.83363333,-60.69591795,-62.83365,-60.69346795,5.47163E-08
688,618,1,-96.9564,2.17166,-84.741662,250,125,20040116, 09:58:10.0000,-62.83363333,-60.69838675,-62.8336188,-60.70082009,-62.83363333,-60.69838675,5.03849E-08
688,619,1,-97.989187,1.712037,-87.674525,250,125,20040116, 09:58:50.0000,-62.83361667,-60.70325255,-62.8336,-60.70568462,-62.83361667,-60.70325255,3.97211E-08
688,620,1,-99.853115,1.114603,-88.17105,250,125,20040116, 09:59:30.0000,-62.83358547,-60.70810128,-62.83358333,-60.71048793,-62.83358547,-60.70810128,2.586E-08
688,621,1,-77.29415,200.917077,-59.67814,250,125,20040116, 10:00:10.0000,-62.83356667,-60.71288675,-62.83358333,-60.71532009,-62.83356667,-60.71288675,4.66149E-06
688,622,1,-95.178463,3.270284,-81.596167,250,125,20040116, 10:00:50.0000,-62.83355,-60.71773793,-62.83353333,-60.72013571,-62.83355,-60.71773793,7.58741E-08
688,623,1,-97.078435,2.111487,-87.08503,250,125,20040116, 10:01:30.0000,-62.8335,-60.72255342,-62.83348333,-60.72493793,-62.8335,-60.72255342,4.89888E-08
688,624,1,-58.392201,15603.12978,-47.50456,250,125,20040116, 10:02:10.0000,-62.83345,-60.72733793,-62.83343333,-60.7297369,-62.83345,-60.72733793,0.000362009
688,625,1,-73.717435,457.813261,-56.848806,250,125,20040116, 10:02:50.0000,-62.83341454,-60.7321369,-62.83341667,-60.73455357,-62.83341454,-60.7321369,1.06218E-05
688,626,1,-67.803375,1786.875752,-50.742348,250,125,20040116, 10:03:30.0000,-62.8334,-60.7369869,-62.83338333,-60.7394046,-62.8334,-60.7369869,4.14574E-05
688,627,1,-81.901302,69.550727,-64.624348,250,125,20040116, 10:04:10.0000,-62.83338333,-60.74182009,-62.83338333,-60.74422009,-62.83338333,-60.74182009,1.61365E-06
688,628,1,-98.725607,1.445011,-89.16908,250,125,20040116, 10:04:50.0000,-62.83336667,-60.74663675,-62.83336667,-60.74905342,-62.83336667,-60.74663675,3.35258E-08
688,629,1,-100.031768,1.069683,-90.463145,250,125,20040116, 10:05:30.0000,-62.83336667,-60.75147009,-62.83335,-60.75387126,-62.83336667,-60.75147009,2.48178E-08
688,630,1,-98.211277,1.626687,-87.102441,250,125,20040116, 10:06:10.0000,-62.83333333,-60.75630357,-62.83330213,-60.75870357,-62.83333333,-60.75630357,3.77409E-08
688,631,1,-98.38616,1.562485,-89.64682,250,125,20040116, 10:06:50.0000,-62.83328539,-60.76113588,-62.83326879,-60.76356811,-62.83328539,-60.76113588,3.62513E-08
688,632,1,-98.211471,1.626615,-88.683195,250,125,20040116, 10:07:30.0000,-62.83326667,-60.76600145,-62.83326667,-60.7684046,-62.83326667,-60.76600145,3.77392E-08
688,633,1,-100.751392,0.906343,-91.434552,250,125,20040116, 10:08:10.0000,-62.83325,-60.77081683,-62.83321667,-60.77324779,-62.83325,-60.77081683,2.10281E-08
688,634,1,-61.6739,7328.950955,-47.586668,250,125,20040116, 10:08:50.0000,-62.8332,-60.77564779,-62.83316667,-60.77806446,-62.8332,-60.77564779,0.00017004
688,635,1,-98.379294,1.564957,-88.404691,250,125,20040116, 10:09:30.0000,-62.83315,-60.7804835,-62.83313333,-60.78290016,-62.83315,-60.7804835,3.63087E-08
688,636,1,-70.227994,1022.427264,-53.754848,250,125,20040116, 10:10:10.0000,-62.83311667,-60.7853313,-62.83308569,-60.78774797,-62.83311667,-60.7853313,2.37214E-05
688,637,1,-67.770444,1800.476297,-50.424527,250,125,20040116, 10:10:50.0000,-62.83305,-60.7901313,-62.83303333,-60.79253366,-62.83305,-60.7901313,4.1773E-05
688,638,1,-74.293721,400.921867,-56.295999,250,125,20040116, 10:11:30.0000,-62.83301667,-60.79495033,-62.83301667,-60.79738366,-62.83301667,-60.79495033,9.30182E-06
688,639,1,-91.390222,7.823654,-78.179959,250,125,20040116, 10:12:30.0000,-62.833,-60.7997813,-62.833,-60.80459797,-62.833,-60.80218366,1.81517E-07
688,640,1,-87.602167,18.716091,-76.259948,250,125,20040116, 10:13:10.0000,-62.833,-60.80701699,-62.83295236,-60.80941699,-62.833,-60.80701699,4.34233E-07
688,641,1,-87.564699,18.878258,-73.107265,250,125,20040116, 10:13:50.0000,-62.83288569,-60.8118313,-62.83285185,-60.81425556,-62.83288569,-60.8118313,4.37996E-07
688,642,1,-66.895522,2202.316048,-52.714905,250,125,20040116, 10:14:30.0000,-62.83283333,-60.81668366,-62.83283333,-60.81911463,-62.83283333,-60.81668366,5.10961E-05
688,643,1,-94.779008,3.585346,-83.177118,250,125,20040116, 10:15:10.0000,-62.83281667,-60.82153366,-62.8328,-60.82394179,-62.83281667,-60.82153366,8.31839E-08
688,644,1,-66.451438,2439.428145,-52.706743,250,125,20040116, 10:15:50.0000,-62.83276667,-60.8263203,-62.83276667,-60.82873795,-62.83276667,-60.8263203,5.65974E-05
688,645,1,-88.504992,15.203117,-73.59061,250,125,20040116, 10:16:30.0000,-62.83278333,-60.83117128,-62.83278333,-60.83358795,-62.83278333,-60.83117128,3.52729E-07
688,646,1,-91.248378,8.0834,-79.539855,250,125,20040116, 10:17:10.0000,-62.83278333,-60.83600256,-62.83275,-60.83838795,-62.83278333,-60.83600256,1.87544E-07
688,647,1,-94.715752,3.637949,-83.813942,250,125,20040116, 10:17:50.0000,-62.83273333,-60.84081923,-62.83270232,-60.84323181,-62.83273333,-60.84081923,8.44044E-08
688,648,1,-74.070287,422.088178,-56.955564,250,125,20040116, 10:18:30.0000,-62.83268333,-60.84567335,-62.83266667,-60.84808366,-62.83268333,-60.84567335,9.7929E-06
688,649,1,-95.768625,2.854759,-84.061168,250,125,20040116, 10:19:10.0000,-62.83266667,-60.85051699,-62.83265,-60.85295668,-62.83266667,-60.85051699,6.62335E-08
688,650,1,-65.30062,3179.580894,-49.742029,250,125,20040116, 10:19:50.0000,-62.83263333,-60.85536699,-62.83265,-60.85779797,-62.83263333,-60.85536699,7.37697E-05
688,651,1,-80.762701,90.398616,-63.553129,250,125,20040116, 10:20:30.0000,-62.83263333,-60.86020033,-62.83261667,-60.8626313,-62.83263333,-60.86020033,2.09735E-06
688,652,1,-91.781838,7.149045,-76.329219,250,125,20040116, 10:21:10.0000,-62.83261667,-60.86505131,-62.83261667,-60.86749002,-62.83261667,-60.86505131,1.65866E-07
688,653,1,-98.59131,1.490393,-87.144604,250,125,20040116, 10:21:50.0000,-62.83265,-60.8699313,-62.83263569,-60.87234797,-62.83265,-60.8699313,3.45787E-08
688,654,1,-98.082398,1.675684,-87.754669,250,125,20040116, 10:22:30.0000,-62.83263333,-60.87475033,-62.83274764,-60.87713366,-62.83263333,-60.87475033,3.88777E-08
688,655,1,-97.750299,1.808848,-86.092506,250,125,20040116, 10:23:10.0000,-62.83297862,-60.87945268,-62.833378,-60.88157868,-62.83297862,-60.87945268,4.19672E-08
688,656,1,-95.422037,3.091919,-83.007048,250,125,20040116, 10:23:50.0000,-62.83389293,-60.88355504,-62.83449293,-60.88555504,-62.83389293,-60.88355504,7.17359E-08
688,657,1,-96.785859,2.258635,-85.606955,250,125,20040116, 10:24:30.0000,-62.83509289,-60.88754535,-62.83569272,-60.88953754,-62.83509289,-60.88754535,5.24028E-08
688,658,1,-97.636639,1.856812,-85.164361,250,125,20040116, 10:25:10.0000,-62.83632513,-60.89154205,-62.836928,-60.89354535,-62.83632513,-60.89154205,4.308E-08
688,659,1,-98.57299,1.496693,-86.948232,250,125,20040116, 10:25:50.0000,-62.83750737,-60.89553878,-62.83812718,-60.89752538,-62.83750737,-60.89553878,3.47249E-08
688,660,1,-97.29494,2.008805,-84.149296,250,125,20040116, 10:26:30.0000,-62.83872623,-60.89948046,-62.83932626,-60.90143837,-62.83872623,-60.89948046,4.66065E-08
688,661,1,-97.117784,2.092442,-87.396818,250,125,20040116, 10:27:10.0000,-62.83994057,-60.90340504,-62.84057513,-60.90537744,-62.83994057,-60.90340504,4.85469E-08
688,662,1,-97.77655,1.797947,-87.101166,250,125,20040116, 10:27:50.0000,-62.84119293,-60.90734073,-62.84182517,-60.90932551,-62.84119293,-60.90734073,4.17143E-08
688,663,1,-98.611571,1.483456,-88.114632,250,125,20040116, 10:28:30.0000,-62.84242545,-60.91129302,-62.84302721,-60.91324422,-62.84242545,-60.91129302,3.44178E-08
688,664,1,-98.777708,1.427779,-87.571758,250,125,20040116, 10:29:30.0000,-62.84364085,-60.91522255,-62.84486076,-60.91916166,-62.84425956,-60.91719712,3.3126E-08
688,665,1,-97.907034,1.744731,-88.208415,250,125,20040116, 10:30:10.0000,-62.8455085,-60.92115884,-62.84612432,-60.92313961,-62.8455085,-60.92115884,4.04796E-08
688,666,1,-95.512311,3.028313,-83.179112,250,125,20040116, 10:30:50.0000,-62.84674085,-60.92513922,-62.84735769,-60.92712308,-62.84674085,-60.92513922,7.02601E-08
688,667,1,-95.473563,3.055453,-81.815006,250,125,20040116, 10:31:30.0000,-62.84796136,-60.92912879,-62.84857578,-60.93109589,-62.84796136,-60.92912879,7.08898E-08
688,668,1,-96.921634,2.189115,-87.116278,250,125,20040116, 10:32:10.0000,-62.8491765,-60.93308935,-62.8498096,-60.93508056,-62.8491765,-60.93308935,5.07898E-08
688,669,1,-97.462618,1.932725,-86.831268,250,125,20040116, 10:32:50.0000,-62.85042574,-60.93704389,-62.8510588,-60.93902641,-62.85042574,-60.93704389,4.48413E-08
688,670,1,-98.063942,1.68282,-89.230123,250,125,20040116, 10:33:30.0000,-62.8516588,-60.94100974,-62.8522765,-60.94298935,-62.8516588,-60.94100974,3.90432E-08
688,671,1,-97.587041,1.878139,-86.949409,250,125,20040116, 10:34:10.0000,-62.85290984,-60.94497268,-62.85352826,-60.94699636,-62.85290984,-60.94497268,4.35749E-08
688,672,1,-97.262998,2.023634,-88.327884,250,125,20040116, 10:34:50.0000,-62.85414089,-60.94895602,-62.85474293,-60.95096212,-62.85414089,-60.94895602,4.69505E-08
688,673,1,-97.170438,2.067226,-86.17633,250,125,20040116, 10:35:30.0000,-62.85537547,-60.95294308,-62.85599245,-60.95491067,-62.85537547,-60.95294308,4.79619E-08
688,674,1,-97.97557,1.717413,-87.993136,250,125,20040116, 10:36:10.0000,-62.85664214,-60.95690778,-62.8572588,-60.95887838,-62.85664214,-60.95690778,3.98458E-08
688,675,1,-97.298874,2.006986,-85.198137,250,125,20040116, 10:36:50.0000,-62.85787767,-60.96086067,-62.85852423,-60.96285602,-62.85787767,-60.96086067,4.65643E-08
688,676,1,-96.759951,2.272149,-86.443053,250,125,20040116, 10:37:30.0000,-62.8591596,-60.96486212,-62.85975769,-60.96685641,-62.8591596,-60.96486212,5.27163E-08
688,677,1,-97.891526,1.750972,-86.664116,250,125,20040116, 10:38:10.0000,-62.86036077,-60.96884308,-62.86097578,-60.97081256,-62.86036077,-60.96884308,4.06244E-08
688,678,1,-97.942431,1.730568,-86.837232,250,125,20040116, 10:38:50.0000,-62.86159245,-60.97281067,-62.86224214,-60.97482641,-62.86159245,-60.97281067,4.01511E-08
688,679,1,-97.965696,1.721322,-86.844923,250,125,20040116, 10:39:30.0000,-62.8628941,-60.97680974,-62.86352578,-60.97879401,-62.8628941,-60.97680974,3.99365E-08
688,680,1,-97.126008,2.088483,-86.107174,250,125,20040116, 10:40:10.0000,-62.86412423,-60.98072268,-62.8647265,-60.98269163,-62.86412423,-60.98072268,4.84551E-08
688,681,1,-75.501451,303.589463,-58.794754,250,125,20040116, 10:40:50.0000,-62.86535756,-60.98467268,-62.86595756,-60.98663935,-62.86535756,-60.98467268,7.0436E-06
688,682,1,-71.641247,738.42627,-55.311946,250,125,20040116, 10:41:30.0000,-62.86659323,-60.98861303,-62.86719317,-60.99060602,-62.86659323,-60.98861303,1.71323E-05
688,683,1,-96.652996,2.3288,-85.859421,250,125,20040116, 10:42:10.0000,-62.86779089,-60.99257268,-62.86842657,-60.9945797,-62.86779089,-60.99257268,5.40307E-08
688,684,1,-97.067793,2.116667,-85.852517,250,125,20040116, 10:42:50.0000,-62.86904089,-60.99655602,-62.86967423,-60.99853935,-62.86904089,-60.99655602,4.9109E-08
688,685,1,-98.367955,1.569048,-86.848389,250,125,20040116, 10:43:30.0000,-62.87030756,-61.00050602,-62.87095756,-61.00250602,-62.87030756,-61.00050602,3.64036E-08
688,686,1,-98.516029,1.516453,-86.714496,250,125,20040116, 10:44:10.0000,-62.87160756,-61.00448935,-62.87222826,-61.00646303,-62.87160756,-61.00448935,3.51833E-08
688,687,1,-98.643847,1.472472,-86.940058,250,125,20040116, 10:44:50.0000,-62.87285756,-61.00845374,-62.87349089,-61.01045602,-62.87285756,-61.00845374,3.41629E-08
688,688,1,-97.166979,2.068873,-85.694396,250,125,20040116, 10:45:30.0000,-62.87412687,-61.01243223,-62.8747265,-61.01438935,-62.87412687,-61.01243223,4.80001E-08
688,689,1,-97.210579,2.048207,-85.773409,250,125,20040116, 10:46:10.0000,-62.87534089,-61.01637268,-62.87599323,-61.0183797,-62.87534089,-61.01637268,4.75206E-08
688,690,1,-98.15653,1.647323,-85.322009,250,125,20040116, 10:46:50.0000,-62.87661077,-61.02037641,-62.87724214,-61.02235974,-62.87661077,-61.02037641,3.82197E-08
688,691,1,-97.900647,1.747299,-85.675293,250,125,20040116, 10:47:30.0000,-62.8778588,-61.02434308,-62.87850886,-61.02632659,-62.8778588,-61.02434308,4.05392E-08
688,692,1,-75.507082,303.19609,-57.302992,250,125,20040116, 10:48:30.0000,-62.87914413,-61.02830986,-62.88039338,-61.0322902,-62.87979218,-61.0302932,7.03448E-06
688,693,1,-96.043812,2.679481,-84.09043,250,125,20040116, 10:49:10.0000,-62.88104118,-61.0342902,-62.88167687,-61.03631556,-62.88104118,-61.0342902,6.21668E-08
688,694,1,-96.217484,2.574444,-84.370239,250,125,20040116, 10:49:50.0000,-62.88231005,-61.03830686,-62.88294118,-61.04030686,-62.88231005,-61.03830686,5.97299E-08
688,695,1,-95.277367,3.196651,-83.44796,250,125,20040116, 10:50:30.0000,-62.88357687,-61.04233061,-62.88420784,-61.0442924,-62.88357687,-61.04233061,7.41657E-08
688,696,1,-97.733376,1.81591,-85.135727,250,125,20040116, 10:51:10.0000,-62.88484118,-61.04630686,-62.88546182,-61.04833061,-62.88484118,-61.04630686,4.21311E-08
688,697,1,-97.436366,1.944443,-84.933518,250,125,20040116, 10:51:50.0000,-62.88610784,-61.05032353,-62.88674327,-61.0523298,-62.88610784,-61.05032353,4.51132E-08
688,698,1,-96.68464,2.311893,-84.858471,250,125,20040116, 10:52:30.0000,-62.88739357,-61.05433071,-62.88804122,-61.05634033,-62.88739357,-61.05433071,5.36384E-08
688,699,1,-97.19535,2.055402,-84.617135,250,125,20040116, 10:53:10.0000,-62.88867581,-61.0583441,-62.88932581,-61.06036077,-62.88867581,-61.0583441,4.76876E-08
688,700,1,-73.528085,478.215112,-54.948654,250,125,20040116, 10:53:50.0000,-62.88995944,-61.06234499,-62.89059436,-61.06436077,-62.88995944,-61.06234499,1.10951E-05
688,701,1,-61.300321,7987.294572,-43.527191,250,125,20040116, 10:54:30.0000,-62.89122581,-61.0663941,-62.89185915,-61.0684441,-62.89122581,-61.0663941,0.000185314
688,702,1,-94.25732,4.042964,-81.930431,250,125,20040116, 10:55:10.0000,-62.89250915,-61.07046077,-62.89314248,-61.0724941,-62.89250915,-61.07046077,9.38011E-08
688,703,1,-93.230322,5.12153,-78.794242,250,125,20040116, 10:55:50.0000,-62.89376125,-61.07451166,-62.89437769,-61.07656077,-62.89376125,-61.07451166,1.18825E-07
688,704,1,-94.759996,3.601075,-83.234279,250,125,20040116, 10:56:30.0000,-62.89501103,-61.0785941,-62.89565789,-61.08062366,-62.89501103,-61.0785941,8.35488E-08
688,705,1,-95.823391,2.818985,-84.560716,250,125,20040116, 10:57:10.0000,-62.89627769,-61.08265889,-62.89691024,-61.08469738,-62.89627769,-61.08265889,6.54035E-08
688,706,1,-95.811587,2.826657,-84.748214,250,125,20040116, 10:57:50.0000,-62.89752684,-61.08675521,-62.89815944,-61.08880985,-62.89752684,-61.08675521,6.55815E-08
688,707,1,-97.651797,1.850343,-84.957443,250,125,20040116, 10:58:30.0000,-62.89877581,-61.0908441,-62.89941125,-61.09286166,-62.89877581,-61.0908441,4.293E-08
688,708,1,-97.913476,1.742145,-83.473186,250,125,20040116, 10:59:10.0000,-62.90004122,-61.09487366,-62.90066024,-61.09691244,-62.90004122,-61.09487366,4.04196E-08
688,709,1,-78.171945,164.148663,-62.362327,250,125,20040116, 10:59:50.0000,-62.90129122,-61.09890699,-62.90190993,-61.10094646,-62.90129122,-61.09890699,3.80843E-06
688,710,1,-98.704857,1.451931,-85.786085,250,125,20040116, 11:00:30.0000,-62.9025269,-61.10296565,-62.90312791,-61.10499319,-62.9025269,-61.10296565,3.36864E-08
688,711,1,-98.33318,1.581663,-88.678651,250,125,20040116, 11:01:10.0000,-62.90374248,-61.10701077,-62.90436103,-61.10901077,-62.90374248,-61.10701077,3.66963E-08
688,712,1,-96.756984,2.273702,-85.165354,250,125,20040116, 11:01:50.0000,-62.90499278,-61.11101166,-62.90564122,-61.11305699,-62.90499278,-61.11101166,5.27523E-08
688,713,1,-94.881977,3.501339,-82.617837,250,125,20040116, 11:02:30.0000,-62.90627455,-61.11509033,-62.90690789,-61.11715699,-62.90627455,-61.11509033,8.12348E-08
688,714,1,-95.687464,2.908609,-86.79589,250,125,20040116, 11:03:10.0000,-62.90754327,-61.11919646,-62.90816024,-61.12123071,-62.90754327,-61.11919646,6.74829E-08
688,715,1,-94.493119,3.829305,-84.382827,250,125,20040116, 11:03:50.0000,-62.90877455,-61.12327366,-62.90940801,-61.12529071,-62.90877455,-61.12327366,8.8844E-08
688,716,1,-88.345619,15.771391,-70.80116,250,125,20040116, 11:04:30.0000,-62.9100269,-61.12733071,-62.91064458,-61.12934319,-62.9100269,-61.12733071,3.65913E-07
688,717,1,-68.54323,1506.984582,-51.745432,250,125,20040116, 11:05:10.0000,-62.91127581,-61.13136077,-62.91189436,-61.13337744,-62.91127581,-61.13136077,3.49637E-05
688,718,1,-95.548343,3.003292,-85.407067,250,125,20040116, 11:05:50.0000,-62.91254278,-61.13539499,-62.91317581,-61.13742556,-62.91254278,-61.13539499,6.96796E-08
688,719,1,-95.972261,2.723991,-86.669392,250,125,20040116, 11:06:30.0000,-62.91380915,-61.1394441,-62.91444281,-61.14146176,-62.91380915,-61.1394441,6.31995E-08
688,720,1,-95.87921,2.782985,-85.287656,250,125,20040116, 11:07:10.0000,-62.9150767,-61.14346343,-62.91569357,-61.14548071,-62.9150767,-61.14346343,6.45683E-08
688,721,1,-94.86148,3.517903,-85.483843,250,125,20040116, 11:07:50.0000,-62.91632468,-61.14749071,-62.91695918,-61.14949422,-62.91632468,-61.14749071,8.16191E-08
688,722,1,-96.003294,2.704596,-87.365955,250,125,20040116, 11:08:30.0000,-62.91757858,-61.15152942,-62.91820829,-61.15352488,-62.91757858,-61.15152942,6.27495E-08
688,723,1,-95.656311,2.929549,-85.77927,250,125,20040116, 11:09:10.0000,-62.91882585,-61.15554235,-62.91944252,-61.15756088,-62.91882585,-61.15554235,6.79687E-08
688,724,1,-95.898525,2.770635,-87.480297,250,125,20040116, 11:09:50.0000,-62.92005944,-61.15957833,-62.92067772,-61.16162568,-62.92005944,-61.15957833,6.42817E-08
688,725,1,-96.995233,2.152328,-87.359289,250,125,20040116, 11:10:30.0000,-62.92130829,-61.16362488,-62.92191039,-61.16565612,-62.92130829,-61.16362488,4.99363E-08
688,726,1,-97.019065,2.14055,-83.776516,250,125,20040116, 11:11:10.0000,-62.92254163,-61.16769155,-62.9231769,-61.16971404,-62.92254163,-61.16769155,4.96631E-08
688,727,1,-97.503192,1.914753,-84.328505,250,125,20040116, 11:11:50.0000,-62.92380948,-61.17171176,-62.92442772,-61.17372755,-62.92380948,-61.17171176,4.44243E-08
688,728,1,-96.329573,2.508849,-82.39916,250,125,20040116, 11:12:30.0000,-62.92506054,-61.17571497,-62.9256764,-61.17771254,-62.92506054,-61.17571497,5.8208E-08
688,729,1,-95.751728,2.865887,-83.785086,250,125,20040116, 11:13:10.0000,-62.92629282,-61.17974333,-62.92692585,-61.18176088,-62.92629282,-61.17974333,6.64917E-08
688,730,1,-98.312825,1.589093,-89.65087,250,125,20040116, 11:13:50.0000,-62.92754163,-61.18375821,-62.92816187,-61.18579747,-62.92754163,-61.18375821,3.68687E-08
688,731,1,-101.198655,0.817648,-89.253491,250,125,20040116, 11:14:30.0000,-62.92879282,-61.18781179,-62.92942496,-61.18980821,-62.92879282,-61.18781179,1.89703E-08
688,732,1,-98.942803,1.374521,-86.430772,250,125,20040116, 11:15:10.0000,-62.9300436,-61.19183081,-62.93066187,-61.19384588,-62.9300436,-61.19183081,3.18904E-08
688,733,1,-98.295682,1.595378,-87.843733,250,125,20040116, 11:15:50.0000,-62.93129163,-61.19584155,-62.93191149,-61.19782931,-62.93129163,-61.19584155,3.70145E-08
688,734,1,-97.446849,1.939755,-88.084228,250,125,20040116, 11:16:30.0000,-62.93254282,-61.19981179,-62.93316039,-61.20180821,-62.93254282,-61.19981179,4.50044E-08
688,735,1,-90.767158,9.030589,-78.165075,250,125,20040116, 11:17:10.0000,-62.93377854,-61.20379747,-62.9343936,-61.20576414,-62.93377854,-61.20379747,2.09519E-07
688,736,1,-97.109663,2.096359,-87.455115,250,125,20040116, 11:17:50.0000,-62.935025,-61.20777292,-62.93564462,-61.20977846,-62.935025,-61.20777292,4.86378E-08
688,737,1,-94.778604,3.58568,-82.255797,250,125,20040116, 11:18:30.0000,-62.93627694,-61.21178081,-62.93690833,-61.213775,-62.93627694,-61.21178081,8.31916E-08
688,738,1,-95.039591,3.376546,-84.400268,250,125,20040116, 11:19:10.0000,-62.93751128,-61.21576179,-62.93812615,-61.21776179,-62.93751128,-61.21576179,7.83395E-08
688,739,1,-94.965967,3.434276,-85.562749,250,125,20040116, 11:19:50.0000,-62.93874391,-61.21976506,-62.93935821,-61.2217413,-62.93874391,-61.21976506,7.96789E-08
688,740,1,-72.182554,651.893229,-52.667204,250,125,20040116, 11:20:30.0000,-62.93997644,-61.22372931,-62.94057708,-61.22569167,-62.93997644,-61.22372931,1.51246E-05
688,741,1,-90.914307,8.729737,-79.288365,250,125,20040116, 11:21:10.0000,-62.94119282,-61.22768026,-62.94179462,-61.22966179,-62.94119282,-61.22768026,2.02539E-07
688,742,1,-71.149452,826.964015,-52.370876,250,125,20040116, 11:21:50.0000,-62.942425,-61.23164167,-62.94304282,-61.23364513,-62.942425,-61.23164167,1.91865E-05
688,743,1,-92.827784,5.618928,-83.338966,250,125,20040116, 11:22:30.0000,-62.94366064,-61.23563191,-62.94426042,-61.23760833,-62.94366064,-61.23563191,1.30365E-07
688,744,1,-93.028462,5.365197,-83.614785,250,125,20040116, 11:23:10.0000,-62.94486033,-61.23957675,-62.94547615,-61.24158026,-62.94486033,-61.23957675,1.24478E-07
688,745,1,-90.302391,10.050618,-74.318413,250,125,20040116, 11:23:50.0000,-62.94609167,-61.243575,-62.94670949,-61.24557846,-62.94609167,-61.243575,2.33185E-07
688,746,1,-76.360416,249.109471,-57.65287,250,125,20040116, 11:24:30.0000,-62.9473273,-61.24756524,-62.94794167,-61.24954167,-62.9473273,-61.24756524,5.77961E-06
688,747,1,-93.88521,4.404644,-83.881214,250,125,20040116, 11:25:10.0000,-62.94857488,-61.2515413,-62.94919543,-61.25353173,-62.94857488,-61.2515413,1.02192E-07
688,748,1,-65.9279,2751.958236,-48.54672,250,125,20040116, 11:26:10.0000,-62.94981033,-61.25550797,-62.95104543,-61.25948173,-62.95044282,-61.25749692,6.38484E-05
688,749,1,-93.358032,4.973117,-84.678939,250,125,20040116, 11:26:50.0000,-62.95166042,-61.261475,-62.95227795,-61.26344513,-62.95166042,-61.261475,1.15382E-07
688,750,1,-83.722236,45.730739,-66.045152,250,125,20040116, 11:27:30.0000,-62.95289391,-61.26543173,-62.9535121,-61.26739992,-62.95289391,-61.26543173,1.061E-06
688,751,1,-92.374645,6.236879,-77.618507,250,125,20040116, 11:28:10.0000,-62.95412615,-61.26937846,-62.95474391,-61.27134839,-62.95412615,-61.26937846,1.44702E-07
688,752,1,-73.919588,436.991552,-57.091997,250,125,20040116, 11:28:50.0000,-62.95536149,-61.27332931,-62.95597816,-61.27529598,-62.95536149,-61.27332931,1.01387E-05
688,753,1,-91.111862,8.34153,-74.408352,250,125,20040116, 11:29:30.0000,-62.95660952,-61.27724524,-62.95722647,-61.27921275,-62.95660952,-61.27724524,1.93532E-07
688,754,1,-89.18141,13.010405,-72.403122,250,125,20040116, 11:30:10.0000,-62.95784286,-61.28117857,-62.95846067,-61.28311533,-62.95784286,-61.28117857,3.01855E-07
688,755,1,-96.494789,2.415199,-83.999133,250,125,20040116, 11:30:50.0000,-62.9590621,-61.28508173,-62.95967619,-61.28704524,-62.9590621,-61.28508173,5.60352E-08
688,756,1,-96.75732,2.273526,-84.948746,250,125,20040116, 11:31:30.0000,-62.96029543,-61.28903173,-62.96092644,-61.2909977,-62.96029543,-61.28903173,5.27483E-08
688,757,1,-88.581969,14.936021,-71.792224,250,125,20040116, 11:32:10.0000,-62.96154195,-61.29292786,-62.96216131,-61.2949119,-62.96154195,-61.29292786,3.46532E-07
688,758,1,-94.406628,3.906331,-83.358103,250,125,20040116, 11:32:50.0000,-62.9628085,-61.29689216,-62.96344286,-61.2988619,-62.9628085,-61.29689216,9.06311E-08
688,759,1,-90.923628,8.711021,-77.027975,250,125,20040116, 11:33:30.0000,-62.96407619,-61.30084524,-62.96471067,-61.30286533,-62.96407619,-61.30084524,2.02105E-07
688,760,1,-87.046316,21.271602,-70.051375,250,125,20040116, 11:34:10.0000,-62.96532838,-61.30489686,-62.96596212,-61.30689848,-62.96532838,-61.30489686,4.93524E-07
688,761,1,-87.177874,20.636897,-72.085682,250,125,20040116, 11:34:50.0000,-62.96659195,-61.30890918,-62.9672265,-61.31089615,-62.96659195,-61.30890918,4.78798E-07
688,762,1,-89.003891,13.553227,-73.902563,250,125,20040116, 11:35:30.0000,-62.96786061,-61.31286515,-62.96851061,-61.31481667,-62.96786061,-61.31286515,3.14449E-07
688,763,1,-65.066502,3355.688525,-48.125584,250,125,20040116, 11:36:10.0000,-62.96914187,-61.31677561,-62.96977727,-61.31873333,-62.96914187,-61.31677561,7.78556E-05
688,764,1,-64.843484,3532.510563,-46.10634,250,125,20040116, 11:36:50.0000,-62.97042673,-61.32069686,-62.9710752,-61.32267561,-62.97042673,-61.32069686,8.19581E-05
688,765,1,-63.732862,4561.898756,-46.511496,250,125,20040116, 11:37:30.0000,-62.97170983,-61.3246312,-62.9723443,-61.32661625,-62.97170983,-61.3246312,0.000105841
688,766,1,-75.28444,319.144857,-55.82041,250,125,20040116, 11:38:10.0000,-62.9729765,-61.3285812,-62.9735943,-61.33055101,-62.9729765,-61.3285812,7.4045E-06
688,767,1,-94.829534,3.543875,-82.489607,250,125,20040116, 11:38:50.0000,-62.9742265,-61.33249615,-62.9748601,-61.33446363,-62.9742265,-61.33249615,8.22217E-08
688,768,1,-94.843505,3.532493,-83.259357,250,125,20040116, 11:39:30.0000,-62.97550983,-61.33641453,-62.97614199,-61.33837596,-62.97550983,-61.33641453,8.19577E-08
688,769,1,-94.994492,3.411793,-84.296027,250,125,20040116, 11:40:10.0000,-62.97675983,-61.34034615,-62.97740983,-61.34231453,-62.97675983,-61.34034615,7.91573E-08
688,770,1,-94.35611,3.952035,-84.908931,250,125,20040116, 11:41:10.0000,-62.97804316,-61.3442812,-62.9792939,-61.34822561,-62.9786752,-61.34625894,9.16915E-08
688,771,1,-93.558508,4.748768,-82.240255,250,125,20040116, 11:41:50.0000,-62.97992677,-61.3501986,-62.98054316,-61.3521812,-62.97992677,-61.3501986,1.10177E-07
688,772,1,-93.683708,4.613825,-85.034385,250,125,20040116, 11:42:30.0000,-62.98117902,-61.35413418,-62.98180854,-61.35612358,-62.98117902,-61.35413418,1.07046E-07
688,773,1,-91.512023,7.607282,-78.634619,250,125,20040116, 11:43:10.0000,-62.98239487,-61.35812949,-62.98299425,-61.36014941,-62.98239487,-61.35812949,1.76497E-07
688,774,1,-90.980083,8.598516,-81.491442,250,125,20040116, 11:43:50.0000,-62.98359507,-61.3621303,-62.98420865,-61.3641113,-62.98359507,-61.3621303,1.99495E-07
688,775,1,-92.340635,6.285912,-82.88499,250,125,20040116, 11:44:30.0000,-62.98482758,-61.36608274,-62.98545854,-61.36804431,-62.98482758,-61.36608274,1.4584E-07
688,776,1,-92.437655,6.147045,-82.91001,250,125,20040116, 11:45:10.0000,-62.9860765,-61.37002949,-62.98671091,-61.37201607,-62.9860765,-61.37002949,1.42618E-07
688,777,1,-72.09101,665.780223,-53.572814,250,125,20040116, 11:45:50.0000,-62.98730854,-61.37402561,-62.9879252,-61.37602561,-62.98730854,-61.37402561,1.54468E-05
688,778,1,-65.927977,2751.909501,-48.476521,250,125,20040116, 11:46:30.0000,-62.98852902,-61.37803274,-62.98915983,-61.38001282,-62.98852902,-61.37803274,6.38473E-05
688,779,1,-64.717139,3636.787706,-46.85294,250,125,20040116, 11:47:10.0000,-62.98976154,-61.3819812,-62.99037532,-61.3839613,-62.98976154,-61.3819812,8.43774E-05
688,780,1,-72.585543,594.124662,-57.29096,250,125,20040116, 11:47:50.0000,-62.99099187,-61.38595894,-62.9916101,-61.38796363,-62.99099187,-61.38595894,1.37843E-05
688,781,1,-70.479214,964.962526,-53.331942,250,125,20040116, 11:48:30.0000,-62.99222908,-61.38994967,-62.99285854,-61.39192561,-62.99222908,-61.38994967,2.23882E-05
688,782,1,-92.987038,5.416616,-79.087662,250,125,20040116, 11:49:10.0000,-62.9934765,-61.39391282,-62.99409316,-61.39592949,-62.9934765,-61.39391282,1.25671E-07
688,783,1,-76.033169,268.605549,-61.14311,250,125,20040116, 11:49:50.0000,-62.9947252,-61.39790894,-62.99534216,-61.39989314,-62.9947252,-61.39790894,6.23194E-06
688,784,1,-78.213759,162.575823,-59.385588,250,125,20040116, 11:50:30.0000,-62.99597745,-61.40187647,-62.99660882,-61.4038598,-62.99597745,-61.40187647,3.77193E-06
688,785,1,-72.878704,555.343187,-57.113849,250,125,20040116, 11:51:10.0000,-62.99724216,-61.40579314,-62.99786259,-61.40775034,-62.99724216,-61.40579314,1.28846E-05
688,786,1,-65.739089,2874.239431,-49.554185,250,125,20040116, 11:51:50.0000,-62.99847549,-61.40972647,-62.99902823,-61.41174456,-62.99847549,-61.40972647,6.66855E-05
688,787,1,-87.955442,17.253916,-76.764566,250,125,20040116, 11:52:30.0000,-62.99944712,-61.41392986,-62.99961667,-61.41620588,-62.99944712,-61.41392986,4.00309E-07
688,788,1,-68.012477,1702.880483,-52.452997,250,125,20040116, 11:53:30.0000,-62.99963333,-61.41848922,-62.99961667,-61.42312255,-62.99961667,-61.42080588,3.95087E-05
688,789,1,-91.972141,6.842546,-80.805761,250,125,20040116, 11:54:10.0000,-62.99961667,-61.42547255,-62.99963333,-61.42785602,-62.99961667,-61.42547255,1.58754E-07
688,790,1,-81.794929,71.275282,-63.413831,250,125,20040116, 11:54:50.0000,-62.99965,-61.43022268,-62.99968333,-61.4325874,-62.99965,-61.43022268,1.65366E-06
688,791,1,-91.836647,7.059389,-81.982949,250,125,20040116, 11:55:30.0000,-62.99971667,-61.43495602,-62.99976472,-61.43733935,-62.99971667,-61.43495602,1.63785E-07
688,792,1,-69.562262,1191.806163,-51.391534,250,125,20040116, 11:56:10.0000,-62.99978333,-61.43973935,-62.9998,-61.44208935,-62.99978333,-61.43973935,2.76512E-05
688,793,1,-69.327152,1258.104285,-53.40361,250,125,20040116, 11:56:50.0000,-62.99981667,-61.44445602,-62.99981667,-61.44680407,-62.99981667,-61.44445602,2.91894E-05
688,794,1,-62.912698,5510.132993,-46.741653,250,125,20040116, 11:57:30.0000,-62.99985,-61.44917073,-62.99988333,-61.45157268,-62.99985,-61.44917073,0.000127841
688,795,1,-79.844617,111.678651,-64.020488,250,125,20040116, 11:58:10.0000,-62.99991667,-61.45397268,-62.99995,-61.45635602,-62.99991667,-61.45397268,2.59107E-06
688,796,1,-89.380883,12.426348,-74.644836,250,125,20040116, 11:58:50.0000,-62.99996667,-61.45870602,-62.99998333,-61.46105602,-62.99996667,-61.45870602,2.88305E-07
688,797,1,-67.936799,1732.813965,-52.318461,250,125,20040116, 11:59:30.0000,-63,-61.4634374,-63.00003138,-61.46580407,-63,-61.4634374,4.02032E-05
688,798,1,-72.892172,553.623695,-56.947819,250,125,20040116, 12:00:10.0000,-63.00003333,-61.46815602,-63.00005,-61.47053935,-63.00003333,-61.46815602,1.28447E-05
688,799,1,-73.359951,497.091989,-59.125699,250,125,20040116, 12:00:50.0000,-63.00006667,-61.47290602,-63.00006667,-61.47528935,-63.00006667,-61.47290602,1.15331E-05
688,800,1,-74.198762,409.784625,-57.099484,250,125,20040116, 12:01:30.0000,-63.00003528,-61.47767268,-63.00003333,-61.48003935,-63.00003528,-61.47767268,9.50745E-06
688,801,1,-73.607364,469.564686,-55.30347,250,125,20040116, 12:02:30.0000,-63.00003333,-61.48240602,-63.00003333,-61.48717073,-63.00003333,-61.48478935,1.08944E-05
688,802,1,-74.643635,369.886378,-58.391175,250,125,20040116, 12:03:10.0000,-63.00004805,-61.48953935,-63.00005,-61.49192268,-63.00004805,-61.48953935,8.58176E-06
688,803,1,-74.809306,356.042019,-59.888328,250,125,20040116, 12:03:50.0000,-63.00003333,-61.49430602,-63.00003333,-61.49665602,-63.00003333,-61.49430602,8.26056E-06
688,804,1,-84.364106,39.447663,-68.810576,250,125,20040116, 12:04:30.0000,-63.00003333,-61.49903935,-63.00003333,-61.50142268,-63.00003333,-61.49903935,9.15228E-07
688,805,1,-79.124812,131.810679,-63.060334,250,125,20040116, 12:05:10.0000,-63.00005,-61.50380602,-63.00005,-61.50620602,-63.00005,-61.50380602,3.05815E-06
688,806,1,-65.722552,2885.204743,-49.208295,250,125,20040116, 12:05:50.0000,-63.00005,-61.50857268,-63.00003333,-61.51095602,-63.00005,-61.50857268,6.69399E-05
688,807,1,-81.453733,77.100748,-67.833267,250,125,20040116, 12:06:30.0000,-63.00005,-61.51335602,-63.00005,-61.51570602,-63.00005,-61.51335602,1.78882E-06
688,808,1,-83.028752,53.648382,-65.379379,250,125,20040116, 12:07:10.0000,-63.00005,-61.51808935,-63.00005,-61.52045407,-63.00005,-61.51808935,1.2447E-06
688,809,1,-74.120212,417.26372,-57.028243,250,125,20040116, 12:07:50.0000,-63.00006472,-61.52282073,-63.00006667,-61.52518935,-63.00006472,-61.52282073,9.68097E-06
688,810,1,-72.230384,644.753169,-53.66368,250,125,20040116, 12:08:30.0000,-63.00008333,-61.52753935,-63.0001,-61.5298874,-63.00008333,-61.52753935,1.4959E-05
688,811,1,-73.424271,489.784185,-57.961391,250,125,20040116, 12:09:10.0000,-63.00008333,-61.5322374,-63.0001,-61.53457268,-63.00008333,-61.5322374,1.13635E-05
688,812,1,-95.017932,3.393428,-84.254904,250,125,20040116, 12:09:50.0000,-63.0001,-61.53692268,-63.00008333,-61.53923935,-63.0001,-61.53692268,7.87312E-08
688,813,1,-69.474042,1216.263334,-54.986421,250,125,20040116, 12:10:50.0000,-63.0001,-61.54158935,-63.00013333,-61.54625703,-63.00011667,-61.54392369,2.82186E-05
688,814,1,-73.406176,491.829156,-55.838318,250,125,20040116, 12:11:30.0000,-63.00013333,-61.54860703,-63.00013333,-61.55095703,-63.00013333,-61.54860703,1.1411E-05
688,815,1,-94.594353,3.741076,-80.735871,250,125,20040116, 12:12:10.0000,-63.00015,-61.55332181,-63.00016667,-61.55569036,-63.00015,-61.55332181,8.6797E-08
688,816,1,-95.943227,2.742263,-87.281005,250,125,20040116, 12:12:50.0000,-63.00016667,-61.55804036,-63.00016667,-61.56039036,-63.00016667,-61.55804036,6.36235E-08
688,817,1,-68.833297,1409.620217,-52.006953,250,125,20040116, 12:13:30.0000,-63.00016667,-61.56274036,-63.00015,-61.56510703,-63.00016667,-61.56274036,3.27047E-05
688,818,1,-97.201884,2.052312,-87.414106,250,125,20040116, 12:14:10.0000,-63.00015,-61.56745602,-63.00015,-61.56745602,-63.00015,-61.56745602,4.76159E-08
