Process_ID,Interval,Layer,Sv_mean,NASC,Sv_max,Height_mean,Depth_mean,Date_M,Time_M,Lat_S,Lon_S,Lat_E,Lon_E,Lat_M,Lon_M,ABC
692,59,1,-81.757454,71.653705,-73.804973,249.167999,124.6768,20050115, 17:11:10.0000,-62.27034376,-58.30006256,-62.27077724,-58.30198009,-62.27034376,-58.30006256,1.66244E-06
692,60,1,-82.468653,60.830144,-69.564002,249.167999,124.6768,20050115, 17:12:10.0000,-62.27122419,-58.30389675,-62.27215752,-58.30771342,-62.27167724,-58.30581342,1.41132E-06
692,61,1,-70.78077,897.236831,-55.260677,249.167999,124.6768,20050115, 17:12:50.0000,-62.27264312,-58.30962247,-62.27312409,-58.31154634,-62.27264312,-58.30962247,2.08169E-05
692,62,1,-74.883842,348.818787,-60.934905,249.167999,124.6768,20050115, 17:13:30.0000,-62.27357697,-58.31347455,-62.27404075,-58.31537968,-62.27357697,-58.31347455,8.09297E-06
692,63,1,-63.534724,4758.956317,-49.305229,249.167999,124.6768,20050115, 17:14:10.0000,-62.27449075,-58.31731301,-62.27495742,-58.31921301,-62.27449075,-58.31731301,0.000110413
692,64,1,-75.411148,308.936531,-58.947192,249.167999,124.6768,20050115, 17:14:50.0000,-62.27544075,-58.32113276,-62.27592409,-58.32304943,-62.27544075,-58.32113276,7.16766E-06
692,65,1,-67.255655,2020.312504,-53.666905,249.167999,124.6768,20050115, 17:15:50.0000,-62.27639383,-58.32494943,-62.27737409,-58.32874943,-62.27689215,-58.3268712,4.68734E-05
692,66,1,-70.485277,960.409476,-56.898355,249.167999,124.6768,20050115, 17:16:30.0000,-62.27784075,-58.33064634,-62.27829383,-58.33256301,-62.27784075,-58.33064634,2.22825E-05
692,67,1,-67.864449,1756.059498,-53.836933,249.167999,124.6768,20050115, 17:17:10.0000,-62.27875742,-58.33451609,-62.27921174,-58.33645377,-62.27875742,-58.33451609,4.07425E-05
692,68,1,-70.68831,916.543601,-56.568809,249.167999,124.6768,20050115, 17:17:50.0000,-62.27967548,-58.33838525,-62.28012366,-58.34026453,-62.27967548,-58.33838525,2.12648E-05
692,69,1,-79.209432,128.837077,-67.323721,249.167999,124.6768,20050115, 17:18:50.0000,-62.28057688,-58.34216131,-62.28148988,-58.34595953,-62.28104033,-58.34404787,2.98916E-06
692,70,1,-71.41639,775.077516,-53.714614,249.167999,124.6768,20050115, 17:19:30.0000,-62.28194261,-58.34788957,-62.28242322,-58.3498129,-62.28194261,-58.34788957,1.79826E-05
692,71,1,-82.470176,60.808816,-75.232343,249.167999,124.6768,20050115, 17:20:10.0000,-62.28287353,-58.3517608,-62.28330655,-58.35370953,-62.28287353,-58.3517608,1.41083E-06
692,72,1,-66.186568,2584.207119,-50.659097,249.167999,124.6768,20050115, 17:20:50.0000,-62.28375644,-58.35564585,-62.28420644,-58.35756252,-62.28375644,-58.35564585,5.99564E-05
692,73,1,-82.32159,62.925266,-67.043277,249.167999,124.6768,20050115, 17:21:50.0000,-62.28465644,-58.35946252,-62.28555633,-58.36325865,-62.28510924,-58.36137276,1.45993E-06
692,74,1,-81.102577,83.315606,-66.404331,249.167999,124.6768,20050115, 17:22:30.0000,-62.286023,-58.3651621,-62.28647803,-58.36710152,-62.286023,-58.3651621,1.93301E-06
692,75,1,-80.846621,88.373486,-65.183115,249.167999,124.6768,20050115, 17:23:10.0000,-62.28690977,-58.36899543,-62.28735866,-58.37091798,-62.28690977,-58.36899543,2.05036E-06
692,76,1,-67.780941,1790.152419,-50.129357,249.167999,124.6768,20050115, 17:23:50.0000,-62.2877903,-58.37281442,-62.28824311,-58.37474198,-62.2877903,-58.37281442,4.15335E-05
692,77,1,-84.611225,37.141684,-75.958131,249.167999,124.6768,20050115, 17:24:30.0000,-62.288723,-58.37667532,-62.28917363,-58.37857785,-62.288723,-58.37667532,8.61727E-07
692,78,1,-77.287246,200.567021,-57.492328,249.167999,124.6768,20050115, 17:25:30.0000,-62.28962644,-58.38047532,-62.29050817,-58.38428552,-62.29007435,-58.38238074,4.65337E-06
692,79,1,-83.654163,46.298597,-69.751023,249.167999,124.6768,20050115, 17:26:10.0000,-62.29092644,-58.3861621,-62.29139244,-58.38805561,-62.29092644,-58.3861621,1.07418E-06
692,80,1,-79.903238,109.814644,-63.760292,249.167999,124.6768,20050115, 17:26:50.0000,-62.29182644,-58.38994198,-62.29227258,-58.39182724,-62.29182644,-58.38994198,2.54782E-06
692,81,1,-77.299138,200.018579,-58.365494,249.167999,124.6768,20050115, 17:27:50.0000,-62.29272617,-58.39371058,-62.29362258,-58.39749033,-62.29318925,-58.39559391,4.64065E-06
692,82,1,-75.823904,280.927173,-59.925045,249.167999,124.6768,20050115, 17:28:30.0000,-62.29406068,-58.39938373,-62.29450793,-58.40128462,-62.29406068,-58.39938373,6.51781E-06
692,83,1,-74.375064,392.173012,-54.980359,249.167999,124.6768,20050115, 17:29:10.0000,-62.29492705,-58.40316544,-62.29535724,-58.40499878,-62.29492705,-58.40316544,9.09884E-06
692,84,1,-64.996055,3399.214924,-49.74793,249.167999,124.6768,20050115, 17:29:50.0000,-62.29577772,-58.40686915,-62.29621027,-58.4087148,-62.29577772,-58.40686915,7.88655E-05
692,85,1,-77.716084,181.708682,-62.92023,249.167999,124.6768,20050115, 17:30:50.0000,-62.29665665,-58.41056325,-62.29754008,-58.41418029,-62.29708998,-58.41237992,4.21584E-06
692,86,1,-78.664364,146.065516,-61.219712,249.167999,124.6768,20050115, 17:31:30.0000,-62.29799354,-58.41606445,-62.29845757,-58.41796663,-62.29799354,-58.41606445,3.38888E-06
692,87,1,-66.859209,2213.416767,-47.449471,249.167999,124.6768,20050115, 17:32:10.0000,-62.29887687,-58.41979779,-62.29929354,-58.42164779,-62.29887687,-58.41979779,5.13537E-05
692,88,1,-72.460464,609.449467,-52.90833,249.167999,124.6768,20050115, 17:33:10.0000,-62.29974019,-58.42349736,-62.30062352,-58.42716403,-62.30017679,-58.4253307,1.41399E-05
692,89,1,-70.311868,999.53328,-51.533181,249.167999,124.6768,20050115, 17:33:50.0000,-62.30107352,-58.42901076,-62.30150686,-58.43086403,-62.30107352,-58.42901076,2.31902E-05
692,90,1,-75.068562,334.293461,-57.941808,249.167999,124.6768,20050115, 17:34:30.0000,-62.30194019,-58.43269736,-62.30235686,-58.43454736,-62.30194019,-58.43269736,7.75597E-06
692,91,1,-76.478205,241.637095,-59.099452,249.167999,124.6768,20050115, 17:35:30.0000,-62.30277679,-58.43639736,-62.3036435,-58.44012615,-62.30321013,-58.43824736,5.60624E-06
692,92,1,-74.580815,374.026735,-59.702467,249.167999,124.6768,20050115, 17:36:10.0000,-62.30407707,-58.44194891,-62.30454374,-58.44374891,-62.30407707,-58.44194891,8.67782E-06
692,93,1,-74.53908,377.638332,-63.805095,249.167999,124.6768,20050115, 17:36:50.0000,-62.30502352,-58.4455173,-62.30547679,-58.44736076,-62.30502352,-58.4455173,8.76162E-06
692,94,1,-71.913422,691.260786,-57.324728,249.167999,124.6768,20050115, 17:37:50.0000,-62.30591053,-58.44921626,-62.3068398,-58.45289593,-62.30637352,-58.45106403,1.6038E-05
692,95,1,-80.033495,106.569911,-74.41072,249.167999,124.6768,20050115, 17:38:30.0000,-62.3072932,-58.45474593,-62.30775646,-58.45660919,-62.3072932,-58.45474593,2.47254E-06
692,96,1,-78.423724,154.387356,-70.065172,249.167999,124.6768,20050115, 17:39:10.0000,-62.308206,-58.45844422,-62.30865872,-58.46028753,-62.308206,-58.45844422,3.58195E-06
692,97,1,-75.086158,332.941786,-61.871095,249.167999,124.6768,20050115, 17:40:10.0000,-62.30908998,-58.4621466,-62.309956,-58.46585733,-62.309523,-58.46399544,7.72461E-06
692,98,1,-76.883361,220.114167,-67.534837,249.167999,124.6768,20050115, 17:40:50.0000,-62.3104059,-58.4677105,-62.3108559,-58.46954384,-62.3104059,-58.4677105,5.10689E-06
692,99,1,-76.134217,261.554628,-65.059505,249.167999,124.6768,20050115, 17:41:30.0000,-62.31133923,-58.47137717,-62.31178978,-58.47322918,-62.31133923,-58.47137717,6.06835E-06
692,100,1,-81.6421,73.582432,-71.516385,249.167999,124.6768,20050115, 17:42:10.0000,-62.31225577,-58.47504337,-62.31272331,-58.47692993,-62.31225577,-58.47504337,1.70719E-06
692,101,1,-79.007034,134.983491,-66.971907,249.167999,124.6768,20050115, 17:43:10.0000,-62.31315577,-58.47879337,-62.31403998,-58.48256326,-62.3135891,-58.48069337,3.13176E-06
692,102,1,-77.508871,190.588624,-66.601058,249.167999,124.6768,20050115, 17:43:50.0000,-62.3145263,-58.48445779,-62.31501016,-58.48631165,-62.3145263,-58.48445779,4.42186E-06
692,103,1,-77.221067,203.646698,-63.957656,249.167999,124.6768,20050115, 17:44:30.0000,-62.31547243,-58.48814337,-62.31597311,-58.49001251,-62.31547243,-58.48814337,4.72482E-06
692,104,1,-71.215269,811.815287,-53.980959,249.167999,124.6768,20050115, 17:45:30.0000,-62.31642243,-58.49186003,-62.31733967,-58.49556214,-62.31687243,-58.49371003,1.8835E-05
692,105,1,-75.966751,271.83729,-67.083046,249.167999,124.6768,20050115, 17:46:10.0000,-62.31780577,-58.4974267,-62.3182891,-58.4992767,-62.31780577,-58.4974267,6.30692E-06
692,106,1,-81.74715,71.823924,-73.088565,249.167999,124.6768,20050115, 17:46:50.0000,-62.31875577,-58.50109337,-62.31925577,-58.50294337,-62.31875577,-58.50109337,1.66639E-06
692,107,1,-77.956498,171.923107,-65.021798,249.167999,124.6768,20050115, 17:47:30.0000,-62.31973869,-58.50479187,-62.32020605,-58.50666108,-62.31973869,-58.50479187,3.9888E-06
692,108,1,-74.64343,368.672809,-64.102094,249.167999,124.6768,20050115, 17:48:30.0000,-62.3206759,-58.50855608,-62.32157709,-58.51233232,-62.32113869,-58.51044187,8.55361E-06
692,109,1,-66.775622,2256.430273,-52.088562,249.167999,124.6768,20050115, 17:49:10.0000,-62.32201022,-58.51419787,-62.32244355,-58.51604787,-62.32201022,-58.51419787,5.23516E-05
692,110,1,-71.141296,825.761339,-57.307785,249.167999,124.6768,20050115, 17:49:50.0000,-62.32290771,-58.51793086,-62.32335655,-58.51984287,-62.32290771,-58.51793086,1.91586E-05
692,111,1,-80.65987,92.256529,-70.784306,249.167999,124.6768,20050115, 17:50:30.0000,-62.32380992,-58.52175953,-62.32425716,-58.52364532,-62.32380992,-58.52175953,2.14045E-06
692,112,1,-77.659762,184.080533,-64.449685,249.167999,124.6768,20050115, 17:51:30.0000,-62.32469326,-58.52554287,-62.32562311,-58.52929585,-62.32515919,-58.5274226,4.27087E-06
692,113,1,-74.500494,381.008492,-63.04113,249.167999,124.6768,20050115, 17:52:10.0000,-62.32607311,-58.53119585,-62.3265404,-58.53308146,-62.32607311,-58.53119585,8.83981E-06
692,114,1,-78.062288,167.785855,-66.560357,249.167999,124.6768,20050115, 17:52:50.0000,-62.32700768,-58.53498373,-62.32747548,-58.53688787,-62.32700768,-58.53498373,3.89281E-06
692,115,1,-77.854302,176.016711,-62.298732,249.167999,124.6768,20050115, 17:53:50.0000,-62.32790655,-58.53874624,-62.32878966,-58.54252876,-62.32834353,-58.54062785,4.08378E-06
692,116,1,-79.29597,126.295278,-66.600078,249.167999,124.6768,20050115, 17:54:30.0000,-62.32922644,-58.54442876,-62.32968966,-58.54634543,-62.32922644,-58.54442876,2.93019E-06
692,117,1,-79.86776,110.715429,-67.371669,249.167999,124.6768,20050115, 17:55:10.0000,-62.33014401,-58.54828074,-62.33059401,-58.5501504,-62.33014401,-58.54828074,2.56872E-06
692,118,1,-77.158709,206.591837,-64.362572,249.167999,124.6768,20050115, 17:55:50.0000,-62.33104286,-58.55200714,-62.33149102,-58.55388074,-62.33104286,-58.55200714,4.79315E-06
692,119,1,-72.519862,601.170879,-58.470173,249.167999,124.6768,20050115, 17:56:50.0000,-62.33194311,-58.55574543,-62.33287671,-58.55950906,-62.33240696,-58.55762785,1.39478E-05
692,120,1,-77.347466,197.805112,-66.311906,249.167999,124.6768,20050115, 17:57:30.0000,-62.3333402,-58.56136407,-62.33382363,-58.56326119,-62.3333402,-58.56136407,4.58929E-06
692,121,1,-79.270852,127.027848,-67.786388,249.167999,124.6768,20050115, 17:58:10.0000,-62.33428958,-58.56514513,-62.33475657,-58.56707627,-62.33428958,-58.56514513,2.94718E-06
692,122,1,-82.127648,65.799006,-72.774422,249.167999,124.6768,20050115, 17:58:50.0000,-62.33522577,-58.56895561,-62.33567642,-58.57079132,-62.33522577,-58.56895561,1.52661E-06
692,123,1,-78.480579,152.379367,-61.105287,249.167999,124.6768,20050115, 17:59:50.0000,-62.33615602,-58.57269075,-62.33715924,-58.57653943,-62.33665613,-58.57465785,3.53537E-06
692,124,1,-83.82028,44.561123,-75.378485,249.167999,124.6768,20050115, 18:00:30.0000,-62.3376119,-58.57840714,-62.33807425,-58.58031368,-62.3376119,-58.57840714,1.03387E-06
692,125,1,-78.634985,147.05698,-63.572713,249.167999,124.6768,20050115, 18:01:10.0000,-62.33852627,-58.58224075,-62.33895968,-58.58415773,-62.33852627,-58.58224075,3.41188E-06
692,126,1,-66.496474,2406.22733,-49.867381,249.167999,124.6768,20050115, 18:01:50.0000,-62.33940534,-58.58605469,-62.33989293,-58.58795742,-62.33940534,-58.58605469,5.58271E-05
692,127,1,-80.163474,103.42767,-69.038407,249.167999,124.6768,20050115, 18:02:30.0000,-62.3403558,-58.58987682,-62.3408245,-58.59181467,-62.3403558,-58.58987682,2.39963E-06
692,128,1,-82.088218,66.399112,-70.322816,249.167999,124.6768,20050115, 18:03:30.0000,-62.34129293,-58.59377173,-62.34225717,-58.59768185,-62.34178985,-58.59572608,1.54053E-06
692,129,1,-84.204158,40.791375,-73.575515,249.167999,124.6768,20050115, 18:04:10.0000,-62.34274293,-58.59959075,-62.34320707,-58.60149493,-62.34274293,-58.59959075,9.46404E-07
692,130,1,-84.713224,36.279537,-77.508727,249.167999,124.6768,20050115, 18:04:50.0000,-62.34368903,-58.60340978,-62.34415902,-58.60533748,-62.34368903,-58.60340978,8.41724E-07
692,131,1,-84.426017,38.759878,-75.453731,249.167999,124.6768,20050115, 18:05:30.0000,-62.34465963,-58.60730518,-62.34512187,-58.60920415,-62.34465963,-58.60730518,8.99271E-07
692,132,1,-83.462234,48.390567,-75.511214,249.167999,124.6768,20050115, 18:06:30.0000,-62.3455889,-58.61113895,-62.34652513,-58.61498387,-62.34603946,-58.61305785,1.12271E-06
692,133,1,-80.31276,99.932813,-63.676594,249.167999,124.6768,20050115, 18:07:10.0000,-62.34697523,-58.61690139,-62.34743785,-58.61890139,-62.34697523,-58.61690139,2.31855E-06
692,134,1,-84.247094,40.390076,-77.984565,249.167999,124.6768,20050115, 18:07:50.0000,-62.34789418,-58.62088173,-62.34837149,-58.62278598,-62.34789418,-58.62088173,9.37093E-07
692,135,1,-83.446637,48.564669,-74.713509,249.167999,124.6768,20050115, 18:08:30.0000,-62.34882629,-58.62471127,-62.34929418,-58.62664839,-62.34882629,-58.62471127,1.12675E-06
692,136,1,-81.82939,70.47663,-70.022759,249.167999,124.6768,20050115, 18:09:10.0000,-62.34975964,-58.62862448,-62.35023985,-58.63057608,-62.34975964,-58.62862448,1.63513E-06
692,137,1,-82.40775,61.689192,-71.833638,249.167999,124.6768,20050115, 18:10:10.0000,-62.35072404,-58.63252949,-62.35165992,-58.6363595,-62.35119277,-58.63445684,1.43126E-06
692,138,1,-84.609798,37.153891,-76.427998,249.167999,124.6768,20050115, 18:10:50.0000,-62.35210784,-58.63831469,-62.35257535,-58.6403014,-62.35210784,-58.63831469,8.6201E-07
692,139,1,-82.130868,65.750233,-70.418974,249.167999,124.6768,20050115, 18:11:30.0000,-62.35302644,-58.64226211,-62.35345949,-58.64424025,-62.35302644,-58.64226211,1.52548E-06
692,140,1,-84.433865,38.689902,-76.688341,249.167999,124.6768,20050115, 18:12:10.0000,-62.35385955,-58.64624066,-62.35427637,-58.64822492,-62.35385955,-58.64624066,8.97647E-07
692,141,1,-70.061182,1058.926631,-54.759698,249.167999,124.6768,20050115, 18:12:50.0000,-62.35472743,-58.65024791,-62.35514456,-58.65218676,-62.35472743,-58.65024791,2.45682E-05
692,142,1,-82.409845,61.659443,-67.657118,249.167999,124.6768,20050115, 18:13:50.0000,-62.35557762,-58.65411859,-62.3564391,-58.6580267,-62.3560094,-58.65606003,1.43057E-06
692,143,1,-85.632738,29.356908,-76.24667,249.167999,124.6768,20050115, 18:14:30.0000,-62.35685644,-58.65997918,-62.3572891,-58.66193973,-62.35685644,-58.65997918,6.81112E-07
692,144,1,-82.522642,60.078613,-67.029616,249.167999,124.6768,20050115, 18:15:10.0000,-62.3577114,-58.66385438,-62.35815577,-58.66576003,-62.3577114,-58.66385438,1.39389E-06
692,145,1,-83.110216,52.476212,-70.002554,249.167999,124.6768,20050115, 18:15:50.0000,-62.35859494,-58.66772215,-62.35902607,-58.66967307,-62.35859494,-58.66772215,1.2175E-06
692,146,1,-80.243436,101.540781,-65.32714,249.167999,124.6768,20050115, 18:16:50.0000,-62.3594891,-58.67161003,-62.3603594,-58.6754564,-62.35992571,-58.67353618,2.35586E-06
692,147,1,-83.777534,45.001885,-77.416369,249.167999,124.6768,20050115, 18:17:30.0000,-62.36082607,-58.67738973,-62.36129075,-58.67931609,-62.36082607,-58.67738973,1.04409E-06
692,148,1,-84.997035,33.984475,-77.686013,249.167999,124.6768,20050115, 18:18:10.0000,-62.36172203,-58.6812252,-62.36218869,-58.68310854,-62.36172203,-58.6812252,7.88476E-07
692,149,1,-83.502712,47.941645,-70.653133,249.167999,124.6768,20050115, 18:18:50.0000,-62.36267377,-58.6850316,-62.36314224,-58.68693561,-62.36267377,-58.6850316,1.1123E-06
692,150,1,-84.363138,39.325144,-76.781406,249.167999,124.6768,20050115, 18:19:30.0000,-62.36362242,-58.6887897,-62.36410853,-58.69070351,-62.36362242,-58.6887897,9.12386E-07
692,151,1,-80.586399,93.830529,-67.073409,249.167999,124.6768,20050115, 18:20:30.0000,-62.36457582,-58.69261996,-62.365557,-58.69641455,-62.36505493,-58.69450306,2.17697E-06
692,152,1,-84.578536,37.422305,-74.901843,249.167999,124.6768,20050115, 18:21:10.0000,-62.36607197,-58.69829166,-62.3665553,-58.70015832,-62.36607197,-58.69829166,8.68238E-07
692,153,1,-78.228453,161.487472,-59.471648,249.167999,124.6768,20050115, 18:21:50.0000,-62.36702366,-58.70203121,-62.36749241,-58.70385802,-62.36702366,-58.70203121,3.74668E-06
692,154,1,-84.548498,37.682027,-76.70283,249.167999,124.6768,20050115, 18:22:30.0000,-62.36799033,-58.70576453,-62.36847501,-58.7076528,-62.36799033,-58.70576453,8.74264E-07
692,155,1,-85.171933,32.643053,-78.792069,249.167999,124.6768,20050115, 18:23:30.0000,-62.36897286,-58.70956858,-62.36999223,-58.71342151,-62.3694853,-58.71149292,7.57354E-07
692,156,1,-85.061809,33.48137,-74.561967,249.167999,124.6768,20050115, 18:24:10.0000,-62.37044347,-58.7152974,-62.37090655,-58.7172262,-62.37044347,-58.7152974,7.76804E-07
692,157,1,-85.924906,27.446913,-81.032696,249.167999,124.6768,20050115, 18:24:50.0000,-62.37140633,-58.71914543,-62.37190644,-58.72107918,-62.37140633,-58.71914543,6.36798E-07
692,158,1,-86.535725,23.845783,-80.581977,249.167999,124.6768,20050115, 18:25:30.0000,-62.37240576,-58.72299334,-62.37288801,-58.72491871,-62.37240576,-58.72299334,5.53248E-07
692,159,1,-81.529826,75.509487,-67.614451,249.167999,124.6768,20050115, 18:26:10.0000,-62.3733753,-58.72685119,-62.37385863,-58.72875118,-62.3733753,-58.72685119,1.7519E-06
692,160,1,-77.352245,197.587579,-62.901438,249.167999,124.6768,20050115, 18:27:10.0000,-62.37432767,-58.73065217,-62.37528728,-58.73456577,-62.37480977,-58.73260865,4.58424E-06
692,161,1,-68.067738,1675.754259,-52.944851,249.167999,124.6768,20050115, 18:27:50.0000,-62.37575665,-58.73652995,-62.37620434,-58.73845481,-62.37575665,-58.73652995,3.88793E-05
692,162,1,-82.234358,64.201967,-70.698913,249.167999,124.6768,20050115, 18:28:30.0000,-62.37663931,-58.74040724,-62.37709102,-58.74234741,-62.37663931,-58.74040724,1.48955E-06
692,163,1,-82.264793,63.753606,-70.212419,249.167999,124.6768,20050115, 18:29:10.0000,-62.37753966,-58.74429198,-62.37799141,-58.74624898,-62.37753966,-58.74429198,1.47915E-06
692,164,1,-80.20101,102.53759,-65.183628,249.167999,124.6768,20050115, 18:29:50.0000,-62.37845768,-58.74823074,-62.37892212,-58.75015516,-62.37845768,-58.74823074,2.37898E-06
692,165,1,-83.936423,43.385216,-76.524854,249.167999,124.6768,20050115, 18:30:50.0000,-62.37937609,-58.75208987,-62.38026149,-58.75597151,-62.37982162,-58.75401983,1.00658E-06
692,166,1,-72.658829,582.238902,-54.846772,249.167999,124.6768,20050115, 18:31:30.0000,-62.38072258,-58.75789033,-62.38117735,-58.75986707,-62.38072258,-58.75789033,1.35086E-05
692,167,1,-82.929026,54.711867,-70.140277,249.167999,124.6768,20050115, 18:32:10.0000,-62.38159245,-58.76188802,-62.38203867,-58.76390469,-62.38159245,-58.76188802,1.26937E-06
692,168,1,-76.903693,219.086063,-58.986276,249.167999,124.6768,20050115, 18:32:50.0000,-62.38249395,-58.76593034,-62.38294178,-58.76793378,-62.38249395,-58.76593034,5.08303E-06
692,169,1,-66.270891,2534.515853,-48.418641,249.167999,124.6768,20050115, 18:33:30.0000,-62.38338913,-58.76990653,-62.38383854,-58.77192082,-62.38338913,-58.76990653,5.88035E-05
692,170,1,-80.946757,86.359164,-66.630225,249.167999,124.6768,20050115, 18:34:30.0000,-62.38427569,-58.77395415,-62.38512187,-58.77793748,-62.3846945,-58.775967,2.00363E-06
692,171,1,-79.108329,131.871567,-62.188095,249.167999,124.6768,20050115, 18:35:10.0000,-62.38556061,-58.77994701,-62.38600674,-58.78191031,-62.38556061,-58.77994701,3.05956E-06
692,172,1,-80.960738,86.0816,-66.651856,249.167999,124.6768,20050115, 18:35:50.0000,-62.38642719,-58.78391315,-62.38687585,-58.78590339,-62.38642719,-58.78391315,1.99719E-06
692,173,1,-79.482861,120.975653,-70.022558,249.167999,124.6768,20050115, 18:36:30.0000,-62.3873228,-58.78787452,-62.38779077,-58.7898631,-62.3873228,-58.78787452,2.80677E-06
692,174,1,-78.04651,168.396519,-66.75579,249.167999,124.6768,20050115, 18:37:10.0000,-62.38825783,-58.79181467,-62.3887228,-58.79376137,-62.38825783,-58.79181467,3.90698E-06
692,175,1,-82.648711,58.359692,-67.926863,249.167999,124.6768,20050115, 18:38:10.0000,-62.38917787,-58.79573387,-62.39009202,-58.79963473,-62.38964208,-58.79767097,1.35401E-06
692,176,1,-83.072646,52.932148,-69.147608,249.167999,124.6768,20050115, 18:38:50.0000,-62.39054127,-58.80158464,-62.39100868,-58.8035514,-62.39054127,-58.80158464,1.22808E-06
692,177,1,-76.515937,239.546825,-59.152282,249.167999,124.6768,20050115, 18:39:30.0000,-62.39147657,-58.80549275,-62.39195793,-58.80743464,-62.39147657,-58.80549275,5.55774E-06
692,178,1,-70.756385,902.288831,-56.478338,249.167999,124.6768,20050115, 18:40:10.0000,-62.39239463,-58.80941776,-62.39282535,-58.81135607,-62.39239463,-58.80941776,2.09341E-05
692,179,1,-69.466104,1214.433397,-54.287808,249.167999,124.6768,20050115, 18:40:50.0000,-62.3932749,-58.8133024,-62.39372518,-58.81521737,-62.3932749,-58.8133024,2.81762E-05
692,180,1,-70.002107,1073.429119,-54.413896,249.167999,124.6768,20050115, 18:41:50.0000,-62.39419195,-58.81713506,-62.39510851,-58.82098676,-62.39464117,-58.81908135,2.49047E-05
692,181,1,-69.733358,1141.953082,-52.002531,249.167999,124.6768,20050115, 18:42:30.0000,-62.39557127,-58.82288908,-62.39605814,-58.82481875,-62.39557127,-58.82288908,2.64945E-05
692,182,1,-74.174029,410.753392,-57.990514,249.167999,124.6768,20050115, 18:43:10.0000,-62.39654184,-58.82668676,-62.39702256,-58.82860691,-62.39654184,-58.82668676,9.52992E-06
692,183,1,-66.321856,2504.946844,-53.960285,249.167999,124.6768,20050115, 18:43:50.0000,-62.39748785,-58.83052211,-62.39795902,-58.83245528,-62.39748785,-58.83052211,5.81175E-05
692,184,1,-70.793283,894.655366,-54.87326,249.167999,124.6768,20050115, 18:44:50.0000,-62.39843988,-58.83436288,-62.39942132,-58.83820195,-62.39894156,-58.83628573,2.0757E-05
692,185,1,-72.007248,676.486825,-61.826168,249.167999,124.6768,20050115, 18:45:30.0000,-62.39989432,-58.84013257,-62.40037078,-58.84203731,-62.39989432,-58.84013257,1.56952E-05
692,186,1,-74.543604,377.245178,-59.270117,249.167999,124.6768,20050115, 18:46:10.0000,-62.40087006,-58.84398023,-62.4013391,-58.84589337,-62.40087006,-58.84398023,8.75249E-06
692,187,1,-74.205808,407.758747,-57.309805,249.167999,124.6768,20050115, 18:46:50.0000,-62.4018081,-58.84778526,-62.40228967,-58.84966211,-62.4018081,-58.84778526,9.46044E-06
692,188,1,-80.453525,96.745687,-65.061235,249.167999,124.6768,20050115, 18:47:30.0000,-62.40274044,-58.85154827,-62.403223,-58.853492,-62.40274044,-58.85154827,2.2446E-06
692,189,1,-76.501446,240.347437,-58.553589,249.167999,124.6768,20050115, 18:48:30.0000,-62.40369044,-58.85539827,-62.40463967,-58.85914544,-62.40417279,-58.85727449,5.57632E-06
692,190,1,-63.125373,5229.339408,-44.514875,249.167999,124.6768,20050115, 18:49:10.0000,-62.40509362,-58.86099827,-62.40557249,-58.86287692,-62.40509362,-58.86099827,0.000121326
692,191,1,-80.233832,101.765573,-71.285525,249.167999,124.6768,20050115, 18:49:50.0000,-62.40605893,-58.86478573,-62.40652377,-58.86666175,-62.40605893,-58.86478573,2.36107E-06
692,192,1,-76.615389,234.123609,-61.571423,249.167999,124.6768,20050115, 18:50:30.0000,-62.4070071,-58.8685316,-62.40748998,-58.87040994,-62.4070071,-58.8685316,5.43192E-06
692,193,1,-70.791646,894.992674,-52.378007,249.167999,124.6768,20050115, 18:51:30.0000,-62.407973,-58.87230867,-62.40894044,-58.8761316,-62.40847377,-58.87422841,2.07648E-05
692,194,1,-70.501209,956.892529,-53.063759,249.167999,124.6768,20050115, 18:52:10.0000,-62.40942148,-58.87798986,-62.40990536,-58.87985854,-62.40942148,-58.87798986,2.22009E-05
692,195,1,-83.54205,47.509348,-75.223677,249.167999,124.6768,20050115, 18:52:50.0000,-62.41038814,-58.88176924,-62.41083801,-58.88365604,-62.41038814,-58.88176924,1.10227E-06
692,196,1,-75.266974,319.364537,-58.471097,249.167999,124.6768,20050115, 18:53:30.0000,-62.41132311,-58.88559583,-62.41176,-58.88748,-62.41132311,-58.88559583,7.4096E-06
692,197,1,-82.006326,67.663038,-71.448504,249.167999,124.6768,20050115, 18:54:30.0000,-62.41221081,-58.88938446,-62.41307621,-58.8931608,-62.41262534,-58.89125604,1.56986E-06
692,198,1,-80.267578,100.977892,-66.453234,249.167999,124.6768,20050115, 18:55:10.0000,-62.41352134,-58.89505204,-62.41397445,-58.89696745,-62.41352134,-58.89505204,2.3428E-06
692,199,1,-78.634418,147.076172,-69.345274,249.167999,124.6768,20050115, 18:55:50.0000,-62.41444302,-58.89886164,-62.41489201,-58.90075604,-62.41444302,-58.89886164,3.41233E-06
692,200,1,-79.828925,111.709894,-72.810202,249.167999,124.6768,20050115, 18:56:30.0000,-62.41529235,-58.90270407,-62.41558008,-58.9047609,-62.41529235,-58.90270407,2.59179E-06
692,201,1,-85.331702,31.463994,-74.334911,249.167999,124.6768,20050115, 18:57:30.0000,-62.41574663,-58.90692283,-62.41567004,-58.91112283,-62.41573671,-58.90900953,7.29999E-07
692,202,1,-84.338995,39.54436,-74.605638,249.167999,124.6768,20050115, 18:58:10.0000,-62.41565,-58.91327283,-62.41565,-58.91542187,-62.41565,-58.91327283,9.17472E-07
692,203,1,-83.055655,53.139642,-68.580783,249.167999,124.6768,20050115, 18:58:50.0000,-62.41568333,-58.91752578,-62.41571667,-58.91966108,-62.41568333,-58.91752578,1.2329E-06
692,204,1,-73.12594,522.865613,-53.602887,249.167999,124.6768,20050115, 18:59:50.0000,-62.41573333,-58.92177237,-62.4158,-58.9260097,-62.41576667,-58.92387637,1.2131E-05
692,205,1,-81.007419,85.161287,-66.790823,249.167999,124.6768,20050115, 19:00:30.0000,-62.41585,-58.92814198,-62.41591667,-58.93027187,-62.41585,-58.92814198,1.97583E-06
692,206,1,-72.105481,661.357096,-53.734099,249.167999,124.6768,20050115, 19:01:10.0000,-62.41598034,-58.93241108,-62.41606337,-58.93457377,-62.41598034,-58.93241108,1.53442E-05
692,207,1,-77.999227,170.239928,-64.036874,249.167999,124.6768,20050115, 19:01:50.0000,-62.41613333,-58.93672327,-62.41619666,-58.93887327,-62.41613333,-58.93672327,3.94975E-06
692,208,1,-75.638237,293.197574,-54.988267,249.167999,124.6768,20050115, 19:02:50.0000,-62.41627975,-58.94098674,-62.41644653,-58.94530486,-62.41635,-58.94314204,6.8025E-06
692,209,1,-75.070277,334.161528,-55.983361,249.167999,124.6768,20050115, 19:03:30.0000,-62.41651667,-58.9474292,-62.41659701,-58.94958074,-62.41651667,-58.9474292,7.75291E-06
692,210,1,-77.703276,182.245349,-61.859876,249.167999,124.6768,20050115, 19:04:10.0000,-62.41661667,-58.9517595,-62.41671272,-58.95388196,-62.41661667,-58.9517595,4.22829E-06
692,211,1,-84.908683,34.682934,-72.148891,249.167999,124.6768,20050115, 19:04:50.0000,-62.41678034,-58.95606108,-62.41676667,-58.95828047,-62.41678034,-58.95606108,8.04681E-07
692,212,1,-81.22094,81.075581,-65.227203,249.167999,124.6768,20050115, 19:05:30.0000,-62.41675,-58.96050367,-62.41675,-58.96268528,-62.41675,-58.96050367,1.88104E-06
692,213,1,-83.40844,48.993681,-68.392373,249.167999,124.6768,20050115, 19:06:30.0000,-62.41679605,-58.9648153,-62.41678333,-58.96914003,-62.4168,-58.96699204,1.13671E-06
692,214,1,-80.27005,100.920424,-66.179162,249.167999,124.6768,20050115, 19:07:10.0000,-62.41678333,-58.97129567,-62.41681667,-58.9734115,-62.41678333,-58.97129567,2.34146E-06
692,215,1,-75.787688,283.279613,-56.98301,249.167999,124.6768,20050115, 19:07:50.0000,-62.4168,-58.9756227,-62.41681667,-58.97776234,-62.4168,-58.9756227,6.57239E-06
692,216,1,-79.045055,133.806931,-62.734025,249.167999,124.6768,20050115, 19:08:30.0000,-62.41683333,-58.9798952,-62.41685,-58.98212115,-62.41683333,-58.9798952,3.10447E-06
692,217,1,-73.299136,502.424124,-57.141892,249.167999,124.6768,20050115, 19:09:30.0000,-62.41686667,-58.98428937,-62.41685421,-58.98862446,-62.41686667,-58.98645942,1.16568E-05
692,218,1,-73.424079,488.175712,-57.561142,249.167999,124.6768,20050115, 19:10:10.0000,-62.41685,-58.99077256,-62.41686667,-58.99295192,-62.41685,-58.99077256,1.13262E-05
692,219,1,-70.355844,989.463213,-52.626379,249.167999,124.6768,20050115, 19:10:50.0000,-62.41686667,-58.99510604,-62.4169,-58.9972727,-62.41686667,-58.99510604,2.29566E-05
692,220,1,-76.973989,215.56847,-63.124269,249.167999,124.6768,20050115, 19:11:30.0000,-62.41691667,-58.99943281,-62.41691667,-59.00163892,-62.41691667,-58.99943281,5.00142E-06
692,221,1,-72.324032,628.898967,-56.738547,249.167999,124.6768,20050115, 19:12:10.0000,-62.41691667,-59.00382626,-62.41691667,-59.00598067,-62.41691667,-59.00382626,1.45911E-05
692,222,1,-76.211128,256.963397,-58.605473,249.167999,124.6768,20050115, 19:13:10.0000,-62.41693333,-59.008159,-62.41696667,-59.01251368,-62.41695,-59.0103227,5.96183E-06
692,223,1,-77.915326,173.560752,-63.408758,249.167999,124.6768,20050115, 19:13:50.0000,-62.417,-59.01472246,-62.41701667,-59.01690604,-62.417,-59.01472246,4.0268E-06
692,224,1,-75.750654,285.705585,-60.028524,249.167999,124.6768,20050115, 19:14:30.0000,-62.41701667,-59.01907416,-62.417,-59.02125022,-62.41701667,-59.01907416,6.62868E-06
692,225,1,-75.821844,281.060448,-61.268377,249.167999,124.6768,20050115, 19:15:10.0000,-62.41698333,-59.02342044,-62.41696667,-59.02558711,-62.41698333,-59.02342044,6.52091E-06
692,226,1,-71.279202,799.951875,-52.188253,249.167999,124.6768,20050115, 19:16:10.0000,-62.41695,-59.02777093,-62.41691667,-59.03213763,-62.41693333,-59.02995749,1.85597E-05
692,227,1,-69.499657,1205.087056,-53.732759,249.167999,124.6768,20050115, 19:16:50.0000,-62.41691667,-59.03432202,-62.41690302,-59.03649408,-62.41691667,-59.03432202,2.79593E-05
692,228,1,-68.922196,1376.462729,-53.223106,249.167999,124.6768,20050115, 19:17:30.0000,-62.41688333,-59.03869408,-62.41686667,-59.0409032,-62.41688333,-59.03869408,3.19354E-05
692,229,1,-70.957507,861.456605,-56.741228,249.167999,124.6768,20050115, 19:18:10.0000,-62.41683333,-59.04307742,-62.41685,-59.04521175,-62.41683333,-59.04307742,1.99867E-05
692,230,1,-70.051231,1061.355708,-53.406531,249.167999,124.6768,20050115, 19:18:50.0000,-62.41685,-59.04740856,-62.41685,-59.04962522,-62.41685,-59.04740856,2.46246E-05
692,231,1,-68.895943,1384.80887,-52.187015,249.167999,124.6768,20050115, 19:19:50.0000,-62.41684681,-59.05182522,-62.41685,-59.0562147,-62.41685,-59.05402204,3.21291E-05
692,232,1,-69.746489,1138.505674,-54.060055,249.167999,124.6768,20050115, 19:20:30.0000,-62.41683333,-59.05842144,-62.41681667,-59.06065129,-62.41683333,-59.05842144,2.64146E-05
692,233,1,-77.340532,198.121164,-62.156835,249.167999,124.6768,20050115, 19:21:10.0000,-62.41681667,-59.06283761,-62.41681667,-59.06502842,-62.41681667,-59.06283761,4.59662E-06
692,234,1,-79.014945,134.737841,-66.022985,249.167999,124.6768,20050115, 19:21:50.0000,-62.41681667,-59.06723409,-62.41681667,-59.06945537,-62.41681667,-59.06723409,3.12606E-06
692,235,1,-65.765809,2847.102839,-50.682901,249.167999,124.6768,20050115, 19:22:30.0000,-62.41683333,-59.07162841,-62.41681667,-59.07381087,-62.41683333,-59.07162841,6.60559E-05
692,236,1,-76.929196,217.803298,-61.004243,249.167999,124.6768,20050115, 19:23:30.0000,-62.41681667,-59.07602522,-62.41685,-59.08040993,-62.41683333,-59.07822659,5.05327E-06
692,237,1,-61.066012,8402.004269,-46.604799,249.167999,124.6768,20050115, 19:24:10.0000,-62.41685,-59.08261741,-62.41685379,-59.08483408,-62.41685,-59.08261741,0.000194936
692,238,1,-77.798735,178.28326,-63.660403,249.167999,124.6768,20050115, 19:24:50.0000,-62.41685391,-59.08702857,-62.41685,-59.08925993,-62.41685391,-59.08702857,4.13636E-06
692,239,1,-69.628789,1169.782619,-54.322161,249.167999,124.6768,20050115, 19:25:30.0000,-62.41686288,-59.09146741,-62.41686667,-59.09368195,-62.41686288,-59.09146741,2.71402E-05
692,240,1,-67.006895,2139.412655,-50.367554,249.167999,124.6768,20050115, 19:26:10.0000,-62.41683712,-59.09588787,-62.41681667,-59.09807234,-62.41683712,-59.09588787,4.96367E-05
692,241,1,-66.006785,2693.429175,-51.888022,249.167999,124.6768,20050115, 19:26:50.0000,-62.4168,-59.10028772,-62.41681667,-59.10252283,-62.4168,-59.10028772,6.24905E-05
692,242,1,-64.693459,3644.50229,-49.759791,249.167999,124.6768,20050115, 19:27:50.0000,-62.41684621,-59.10476362,-62.41685,-59.10924326,-62.41685,-59.10701741,8.45564E-05
692,243,1,-68.675196,1457.016715,-51.276395,249.167999,124.6768,20050115, 19:28:30.0000,-62.41685,-59.11145537,-62.41683333,-59.11367743,-62.41685,-59.11145537,3.38044E-05
692,244,1,-68.486759,1521.626922,-53.358902,249.167999,124.6768,20050115, 19:29:10.0000,-62.41681667,-59.11592917,-62.41681667,-59.11816471,-62.41681667,-59.11592917,3.53034E-05
692,245,1,-75.302414,316.769,-60.44998,249.167999,124.6768,20050115, 19:29:50.0000,-62.4168,-59.12039584,-62.41678333,-59.12261637,-62.4168,-59.12039584,7.34938E-06
692,246,1,-65.368729,3119.688,-51.419282,249.167999,124.6768,20050115, 19:30:30.0000,-62.41679592,-59.12482622,-62.41678333,-59.12701471,-62.41679592,-59.12482622,7.23801E-05
692,247,1,-71.148835,824.329039,-56.713249,249.167999,124.6768,20050115, 19:31:30.0000,-62.41676667,-59.12919971,-62.41675356,-59.13345724,-62.41676667,-59.13134804,1.91253E-05
692,248,1,-63.321525,4998.406546,-51.423347,249.167999,124.6768,20050115, 19:32:10.0000,-62.41675,-59.13554659,-62.41673333,-59.13760407,-62.41675,-59.13554659,0.000115968
692,249,1,-66.655506,2319.70889,-53.414205,249.167999,124.6768,20050115, 19:32:50.0000,-62.41676667,-59.13962661,-62.41678333,-59.14162532,-62.41676667,-59.13962661,5.38197E-05
692,250,1,-69.767792,1132.934773,-57.428452,249.167999,124.6768,20050115, 19:33:50.0000,-62.41678333,-59.14362116,-62.41678333,-59.14752661,-62.41677989,-59.14559198,2.62853E-05
692,251,1,-67.096813,2095.57319,-55.812882,249.167999,124.6768,20050115, 19:34:30.0000,-62.41678333,-59.14943146,-62.41675395,-59.15128987,-62.41678333,-59.14943146,4.86196E-05
692,252,1,-69.128396,1312.63656,-54.654186,249.167999,124.6768,20050115, 19:35:30.0000,-62.41665362,-59.15316016,-62.41615724,-59.15664712,-62.41645747,-59.1549293,3.04546E-05
692,253,1,-69.549136,1191.435374,-56.842075,249.167999,124.6768,20050115, 19:36:30.0000,-62.41574678,-59.15820965,-62.41474678,-59.16083528,-62.41528012,-59.15959747,2.76426E-05
692,254,1,-71.959887,683.904362,-58.45885,249.167999,124.6768,20050115, 19:37:30.0000,-62.41413195,-59.16191041,-62.41276332,-59.16368335,-62.41345031,-59.16281212,1.58673E-05
692,255,1,-76.153529,260.394143,-65.134216,249.167999,124.6768,20050115, 19:38:10.0000,-62.41207953,-59.16453392,-62.41140073,-59.16536159,-62.41207953,-59.16453392,6.04142E-06
692,256,1,-76.114655,262.735407,-59.922989,249.167999,124.6768,20050115, 19:39:10.0000,-62.41066976,-59.16623024,-62.40924914,-59.16799691,-62.40996528,-59.16711423,6.09574E-06
692,257,1,-82.1402,65.60911,-66.888523,249.167999,124.6768,20050115, 19:40:10.0000,-62.40854641,-59.16888365,-62.40708769,-59.17069144,-62.40781682,-59.16979564,1.5222E-06
692,258,1,-81.964035,68.325154,-62.525594,249.167999,124.6768,20050115, 19:41:10.0000,-62.40638339,-59.17159158,-62.4049493,-59.17336337,-62.4056673,-59.17249072,1.58522E-06
692,259,1,-85.546875,29.94309,-77.619356,249.167999,124.6768,20050115, 19:41:50.0000,-62.40422103,-59.17424563,-62.40349968,-59.17515032,-62.40422103,-59.17424563,6.94712E-07
692,260,1,-83.442507,48.610876,-70.786762,249.167999,124.6768,20050115, 19:42:50.0000,-62.40278479,-59.17602734,-62.40132266,-59.17761521,-62.40206643,-59.17683357,1.12782E-06
692,261,1,-82.986705,53.990031,-66.430469,249.167999,124.6768,20050115, 19:43:50.0000,-62.40058479,-59.17841068,-62.39910052,-59.17991614,-62.39983741,-59.17918341,1.25263E-06
692,262,1,-78.729409,143.894159,-61.672083,249.167999,124.6768,20050115, 19:44:50.0000,-62.398385,-59.18069833,-62.39698815,-59.18236185,-62.39768386,-59.18151185,3.3385E-06
692,263,1,-84.172186,41.092774,-72.007693,249.167999,124.6768,20050115, 19:45:30.0000,-62.39630052,-59.18316185,-62.39560052,-59.18394518,-62.39630052,-59.18316185,9.53397E-07
692,264,1,-83.334434,49.835713,-68.589247,249.167999,124.6768,20050115, 19:46:30.0000,-62.39491719,-59.18476185,-62.39351719,-59.18631614,-62.39420167,-59.18554375,1.15624E-06
692,265,1,-67.011708,2137.043262,-48.120665,249.167999,124.6768,20050115, 19:47:30.0000,-62.392835,-59.187115,-62.39143434,-59.188699,-62.39212149,-59.18789518,4.95817E-05
692,266,1,-77.607607,186.304505,-62.057708,249.167999,124.6768,20050115, 19:48:30.0000,-62.39073546,-59.18952651,-62.38936662,-59.19111255,-62.39003879,-59.19031121,4.32247E-06
692,267,1,-83.801476,44.75448,-66.445312,249.167999,124.6768,20050115, 19:49:30.0000,-62.3886677,-59.19191563,-62.38728389,-59.19357847,-62.38798389,-59.19273278,1.03835E-06
692,268,1,-82.912049,54.926157,-69.342937,249.167999,124.6768,20050115, 19:50:30.0000,-62.3865678,-59.1943822,-62.38512225,-59.19597775,-62.3858516,-59.19517716,1.27435E-06
692,269,1,-84.540858,37.748378,-76.166773,249.167999,124.6768,20050115, 19:51:10.0000,-62.38436827,-59.19682716,-62.3836178,-59.19769441,-62.38436827,-59.19682716,8.75803E-07
692,270,1,-84.992804,34.017602,-78.868269,249.167999,124.6768,20050115, 19:52:10.0000,-62.38288339,-59.19860825,-62.38141799,-59.20049418,-62.38215132,-59.19955635,7.89245E-07
692,271,1,-85.396452,30.99837,-74.473478,249.167999,124.6768,20050115, 19:52:50.0000,-62.38066819,-59.20142271,-62.37992213,-59.20237345,-62.38066819,-59.20142271,7.19196E-07
692,272,1,-84.681719,36.543677,-75.672485,249.167999,124.6768,20050115, 19:53:50.0000,-62.37916866,-59.20328867,-62.37765489,-59.20522413,-62.37841819,-59.20425605,8.47853E-07
692,273,1,-84.536972,37.78217,-75.92001,249.167999,124.6768,20050115, 19:54:30.0000,-62.3768894,-59.2061606,-62.37611819,-59.20713938,-62.3768894,-59.2061606,8.76587E-07
692,274,1,-71.091971,835.193388,-53.330753,249.167999,124.6768,20050115, 19:55:30.0000,-62.37534,-59.20812201,-62.37380523,-59.21004039,-62.37458533,-59.20908867,1.93774E-05
692,275,1,-84.045873,42.305493,-74.35374,249.167999,124.6768,20050115, 19:56:30.0000,-62.37304,-59.21102201,-62.37151866,-59.21298867,-62.37228533,-59.21200534,9.81533E-07
692,276,1,-84.219721,40.645455,-74.012439,249.167999,124.6768,20050115, 19:57:10.0000,-62.37075246,-59.21395464,-62.36998868,-59.21492359,-62.37075246,-59.21395464,9.43018E-07
692,277,1,-86.756032,22.666313,-75.591939,249.167999,124.6768,20050115, 19:58:10.0000,-62.36921913,-59.21588798,-62.3676687,-59.21780529,-62.36844004,-59.21685529,5.25883E-07
692,278,1,-87.310019,19.951808,-78.566917,249.167999,124.6768,20050115, 19:58:50.0000,-62.36688601,-59.21878066,-62.366104,-59.219696,-62.36688601,-59.21878066,4.62903E-07
692,279,1,-86.667752,23.131774,-75.911163,249.167999,124.6768,20050115, 19:59:50.0000,-62.36532067,-59.2206252,-62.3637342,-59.22245703,-62.36452192,-59.22154037,5.36682E-07
692,280,1,-73.187876,515.461853,-56.242644,249.167999,124.6768,20050115, 20:00:30.0000,-62.36293858,-59.22336142,-62.36214826,-59.22431094,-62.36293858,-59.22336142,1.19593E-05
692,281,1,-67.130985,2079.148969,-50.494615,249.167999,124.6768,20050115, 20:01:30.0000,-62.36136495,-59.22523132,-62.35975623,-59.22696044,-62.36057289,-59.22611044,4.82385E-05
692,282,1,-77.10372,209.224276,-59.324408,249.167999,124.6768,20050115, 20:02:10.0000,-62.35897267,-59.22782733,-62.35818363,-59.22866637,-62.35897267,-59.22782733,4.85423E-06
692,283,1,-80.232947,101.786306,-59.38859,249.167999,124.6768,20050115, 20:03:10.0000,-62.35740549,-59.22951118,-62.35587215,-59.23127342,-62.35665106,-59.23037785,2.36155E-06
692,284,1,-89.184265,12.958586,-81.477477,249.167999,124.6768,20050115, 20:03:50.0000,-62.35510575,-59.23216092,-62.35433859,-59.23304474,-62.35510575,-59.23216092,3.00653E-07
692,285,1,-72.758519,569.026176,-51.63981,249.167999,124.6768,20050115, 20:04:50.0000,-62.3535846,-59.23389425,-62.35203908,-59.23554425,-62.35280575,-59.23474425,1.3202E-05
692,286,1,-59.883525,11031.42471,-44.409303,249.167999,124.6768,20050115, 20:05:30.0000,-62.35125549,-59.23637785,-62.35048908,-59.23726092,-62.35125549,-59.23637785,0.000255941
692,287,1,-68.743709,1434.21138,-54.068614,249.167999,124.6768,20050115, 20:06:30.0000,-62.34972242,-59.23815643,-62.34816717,-59.23990758,-62.34893813,-59.23902854,3.32753E-05
692,288,1,-87.710937,18.192419,-81.176188,249.167999,124.6768,20050115, 20:07:30.0000,-62.34738908,-59.24076092,-62.34586976,-59.24257629,-62.34663422,-59.241657,4.22084E-07
692,289,1,-86.290427,25.231406,-79.078468,249.167999,124.6768,20050115, 20:08:10.0000,-62.34510127,-59.24345643,-62.34432186,-59.24437814,-62.34510127,-59.24345643,5.85396E-07
692,290,1,-70.905003,871.934367,-49.727033,249.167999,124.6768,20050115, 20:09:10.0000,-62.34356793,-59.24527758,-62.34200579,-59.24704421,-62.34278408,-59.24614925,2.02298E-05
692,291,1,-87.067316,21.098547,-81.439401,249.167999,124.6768,20050115, 20:09:50.0000,-62.34123577,-59.24796423,-62.34047232,-59.24883988,-62.34123577,-59.24796423,4.89509E-07
692,292,1,-83.640781,46.44147,-76.187192,249.167999,124.6768,20050115, 20:10:50.0000,-62.33970324,-59.24969676,-62.33818395,-59.25139507,-62.33893637,-59.25054696,1.07749E-06
692,293,1,-77.105443,209.1413,-60.039236,249.167999,124.6768,20050115, 20:11:30.0000,-62.33742327,-59.25221472,-62.33667195,-59.25304472,-62.33742327,-59.25221472,4.8523E-06
692,294,1,-83.159347,51.885905,-76.843738,249.167999,124.6768,20050115, 20:12:30.0000,-62.33590528,-59.25382805,-62.33437368,-59.25534773,-62.33515205,-59.25459327,1.20381E-06
692,295,1,-77.507454,190.650817,-59.497811,249.167999,124.6768,20050115, 20:13:30.0000,-62.33360701,-59.25612632,-62.33199034,-59.25749773,-62.33283577,-59.25688089,4.4233E-06
692,296,1,-86.341017,24.939193,-79.936486,249.167999,124.6768,20050115, 20:14:10.0000,-62.33123829,-59.25831171,-62.3305011,-59.25914445,-62.33123829,-59.25831171,5.78616E-07
692,297,1,-86.11459,26.273935,-72.428445,249.167999,124.6768,20050115, 20:15:10.0000,-62.32974034,-59.25994773,-62.32822221,-59.26154445,-62.32898297,-59.26074629,6.09584E-07
692,298,1,-85.662787,29.154489,-76.878507,249.167999,124.6768,20050115, 20:16:10.0000,-62.32745555,-59.2622989,-62.32595424,-59.26384576,-62.32670701,-59.26307632,6.76416E-07
692,299,1,-83.809035,44.676654,-74.311419,249.167999,124.6768,20050115, 20:16:50.0000,-62.32518888,-59.2645989,-62.3244511,-59.26534445,-62.32518888,-59.2645989,1.03655E-06
692,300,1,-79.591234,117.994219,-61.317105,249.167999,124.6768,20050115, 20:17:50.0000,-62.32370227,-59.26607632,-62.32218607,-59.26739726,-62.32293561,-59.26674773,2.73759E-06
692,301,1,-85.874668,27.766257,-75.27386,249.167999,124.6768,20050115, 20:18:50.0000,-62.3214328,-59.2680672,-62.31993607,-59.26938059,-62.32068223,-59.26871777,6.44207E-07
692,302,1,-91.24809,8.057032,-81.270474,249.167999,124.6768,20050115, 20:19:50.0000,-62.31918607,-59.27006393,-62.31770329,-59.27143004,-62.31843522,-59.27074347,1.86932E-07
692,303,1,-93.756827,4.521696,-85.811644,249.167999,124.6768,20050115, 20:20:30.0000,-62.31695329,-59.27209671,-62.31620189,-59.27276478,-62.31695329,-59.27209671,1.04908E-07
692,304,1,-91.840076,7.030343,-79.216505,249.167999,124.6768,20050115, 20:21:30.0000,-62.31544186,-59.27341318,-62.31395852,-59.27485814,-62.31470239,-59.27409761,1.63112E-07
692,305,1,-95.130552,3.295558,-80.878281,249.167999,124.6768,20050115, 20:22:30.0000,-62.31323664,-59.27563003,-62.31180189,-59.27719811,-62.31251953,-59.2764138,7.64605E-08
692,306,1,-95.836579,2.801085,-89.322838,249.167999,124.6768,20050115, 20:23:30.0000,-62.31111953,-59.27800892,-62.30973418,-59.27961144,-62.3104064,-59.2787936,6.49882E-08
692,307,1,-93.630136,4.655544,-80.012921,249.167999,124.6768,20050115, 20:24:30.0000,-62.30905307,-59.28041359,-62.30773641,-59.28195866,-62.30838641,-59.28119693,1.08014E-07
692,308,1,-94.395374,3.903432,-83.874746,249.167999,124.6768,20050115, 20:25:30.0000,-62.30706974,-59.28272532,-62.30578533,-59.284248,-62.30641866,-59.28348134,9.05638E-08
692,309,1,-83.769076,45.08961,-67.968118,249.167999,124.6768,20050115, 20:26:30.0000,-62.30513533,-59.28497667,-62.30388533,-59.286448,-62.30449987,-59.28570013,1.04613E-06
692,310,1,-88.828709,14.064142,-79.039182,249.167999,124.6768,20050115, 20:27:30.0000,-62.30328147,-59.28718026,-62.30210355,-59.28850806,-62.30268486,-59.28784848,3.26303E-07
692,311,1,-93.001005,5.381256,-84.989545,249.167999,124.6768,20050115, 20:28:30.0000,-62.30153101,-59.28921421,-62.29978536,-59.29119797,-62.30094768,-59.28991421,1.24851E-07
692,312,1,-90.874333,8.781138,-81.574776,249.167999,124.6768,20050115, 20:29:50.0000,-62.29921598,-59.29185069,-62.29804736,-59.29325996,-62.29863486,-59.29254848,2.03732E-07
692,313,1,-92.740858,5.713448,-84.209808,249.167999,124.6768,20050115, 20:30:50.0000,-62.29744768,-59.29393087,-62.29621272,-59.29534546,-62.29683363,-59.29461637,1.32558E-07
692,314,1,-82.109607,66.072899,-63.937772,249.167999,124.6768,20050115, 20:31:50.0000,-62.29558439,-59.29604894,-62.29430165,-59.29751502,-62.29495087,-59.29677807,1.53296E-06
692,315,1,-92.933707,5.465293,-77.271989,249.167999,124.6768,20050115, 20:32:50.0000,-62.29363283,-59.29829647,-62.29230126,-59.29987759,-62.29296853,-59.29907684,1.26801E-07
692,316,1,-88.598143,14.830978,-71.686983,249.167999,124.6768,20050115, 20:33:50.0000,-62.29163519,-59.30064351,-62.29025186,-59.30216481,-62.29093982,-59.30139351,3.44095E-07
692,317,1,-88.302483,15.875806,-73.959834,249.167999,124.6768,20050115, 20:34:50.0000,-62.28955526,-59.30296579,-62.28815186,-59.30454351,-62.28885504,-59.30376597,3.68336E-07
692,318,1,-81.591252,74.449005,-67.541682,249.167999,124.6768,20050115, 20:35:50.0000,-62.28743366,-59.30537875,-62.28600186,-59.30711018,-62.28672316,-59.30623888,1.7273E-06
692,319,1,-93.710685,4.569993,-84.258536,249.167999,124.6768,20050115, 20:36:30.0000,-62.28526853,-59.30795554,-62.28452049,-59.30879618,-62.28526853,-59.30795554,1.06029E-07
692,320,1,-91.936484,6.875998,-82.383133,249.167999,124.6768,20050115, 20:37:30.0000,-62.28378837,-59.3096283,-62.28233982,-59.31124351,-62.28306736,-59.3104283,1.59531E-07
692,321,1,-92.442084,6.120342,-80.385231,249.167999,124.6768,20050115, 20:38:30.0000,-62.2816351,-59.31211029,-62.28016635,-59.31372956,-62.28090638,-59.31292695,1.41999E-07
692,322,1,-96.539112,2.382719,-88.124396,249.167999,124.6768,20050115, 20:39:10.0000,-62.27941904,-59.31455953,-62.27867246,-59.31541088,-62.27941904,-59.31455953,5.52817E-08
692,323,1,-93.62407,4.662052,-80.117672,249.167999,124.6768,20050115, 20:40:10.0000,-62.27793735,-59.31624082,-62.27644251,-59.31789082,-62.27719251,-59.31705749,1.08165E-07
692,324,1,-92.404884,6.172991,-81.887213,249.167999,124.6768,20050115, 20:41:10.0000,-62.27570712,-59.31870955,-62.27420199,-59.32032668,-62.27495666,-59.31951467,1.4322E-07
692,325,1,-95.039636,3.365275,-84.704042,249.167999,124.6768,20050115, 20:42:10.0000,-62.27346581,-59.32118024,-62.27202506,-59.32289161,-62.27275403,-59.3220408,7.8078E-08
692,326,1,-94.187372,4.094934,-84.075258,249.167999,124.6768,20050115, 20:42:50.0000,-62.27130137,-59.32374412,-62.27057255,-59.32454412,-62.27130137,-59.32374412,9.50069E-08
692,327,1,-94.667561,3.6663,-84.86662,249.167999,124.6768,20050115, 20:43:50.0000,-62.26985061,-59.32529939,-62.26840309,-59.32698024,-62.26913247,-59.32616358,8.50621E-08
692,328,1,-91.672371,7.307132,-79.827396,249.167999,124.6768,20050115, 20:44:50.0000,-62.2676836,-59.32781217,-62.26618829,-59.32946171,-62.26694971,-59.32864619,1.69533E-07
692,329,1,-92.68244,5.790821,-86.218269,249.167999,124.6768,20050115, 20:45:30.0000,-62.26545159,-59.33029384,-62.26471711,-59.33111194,-62.26545159,-59.33029384,1.34353E-07
692,330,1,-86.145527,26.087437,-78.553285,249.167999,124.6768,20050115, 20:46:30.0000,-62.26399915,-59.33194689,-62.26258424,-59.33376137,-62.2632879,-59.33285785,6.05257E-07
692,331,1,-84.231224,40.537941,-75.092488,249.167999,124.6768,20050115, 20:47:30.0000,-62.26185244,-59.33459756,-62.26045482,-59.33631185,-62.2611673,-59.33544505,9.40524E-07
692,332,1,-80.172952,103.202182,-70.492854,249.167999,124.6768,20050115, 20:48:30.0000,-62.25970542,-59.33714017,-62.25825616,-59.33880594,-62.25898493,-59.33796051,2.3944E-06
692,333,1,-81.303873,79.542047,-70.050635,249.167999,124.6768,20050115, 20:49:10.0000,-62.25751826,-59.33965594,-62.256785,-59.34049375,-62.25751826,-59.33965594,1.84546E-06
692,334,1,-81.879599,69.666536,-70.390805,249.167999,124.6768,20050115, 20:50:10.0000,-62.25606937,-59.34135427,-62.25460048,-59.34300762,-62.25533607,-59.34217574,1.61634E-06
692,335,1,-81.171053,82.012267,-70.84269,249.167999,124.6768,20050115, 20:51:10.0000,-62.25386655,-59.34384598,-62.25240103,-59.34554454,-62.25313573,-59.34469284,1.90277E-06
692,336,1,-84.033597,42.425253,-72.964325,249.167999,124.6768,20050115, 20:51:50.0000,-62.25166821,-59.34641057,-62.25093268,-59.34726331,-62.25166821,-59.34641057,9.84312E-07
692,337,1,-80.677428,91.884301,-72.628852,249.167999,124.6768,20050115, 20:52:50.0000,-62.25018546,-59.34805984,-62.24870477,-59.34972857,-62.24945103,-59.34889454,2.13181E-06
692,338,1,-82.442331,61.199937,-73.674039,249.167999,124.6768,20050115, 20:53:50.0000,-62.24795745,-59.35058772,-62.24648494,-59.35229383,-62.24723474,-59.35145623,1.4199E-06
692,339,1,-87.438264,19.371251,-80.74838,249.167999,124.6768,20050115, 20:54:30.0000,-62.24574078,-59.35314255,-62.24499078,-59.35399255,-62.24574078,-59.35314255,4.49434E-07
692,340,1,-89.725394,11.440492,-78.501222,249.167999,124.6768,20050115, 20:55:30.0000,-62.24425373,-59.35484117,-62.2427514,-59.35652741,-62.24349078,-59.35565922,2.65432E-07
692,341,1,-90.203411,10.248092,-82.999538,249.167999,124.6768,20050115, 20:56:30.0000,-62.24199078,-59.35737588,-62.24049078,-59.35908772,-62.24124078,-59.35822588,2.37767E-07
692,342,1,-88.329267,15.778197,-82.285087,249.167999,124.6768,20050115, 20:57:10.0000,-62.23972412,-59.35995922,-62.23895745,-59.36082588,-62.23972412,-59.35995922,3.66071E-07
692,343,1,-90.488243,9.597537,-83.412624,249.167999,124.6768,20050115, 20:58:10.0000,-62.23818596,-59.36165922,-62.23664138,-59.36334196,-62.23740745,-59.36250439,2.22673E-07
692,344,1,-91.144303,8.251897,-84.343783,249.167999,124.6768,20050115, 20:58:50.0000,-62.23588519,-59.36422221,-62.23513643,-59.36508702,-62.23588519,-59.36422221,1.91453E-07
692,345,1,-73.906399,436.861956,-65.475753,249.167999,124.6768,20050115, 20:59:50.0000,-62.23436977,-59.36595368,-62.23284339,-59.36763994,-62.23361006,-59.36680661,1.01357E-05
692,346,1,-93.164022,5.183009,-86.504889,249.167999,124.6768,20050115, 21:00:50.0000,-62.23208805,-59.36847327,-62.23057701,-59.37021759,-62.23132673,-59.3693346,1.20251E-07
692,347,1,-95.22323,3.225976,-89.006306,249.167999,124.6768,20050115, 21:01:30.0000,-62.22980702,-59.37107631,-62.22902535,-59.37187465,-62.22980702,-59.37107631,7.48461E-08
692,348,1,-91.126075,8.286605,-81.17136,249.167999,124.6768,20050115, 21:02:30.0000,-62.2282716,-59.37276759,-62.22673656,-59.37452514,-62.22749282,-59.37364052,1.92258E-07
692,349,1,-98.97739,1.35908,-92.645286,249.167999,124.6768,20050115, 21:03:10.0000,-62.22597028,-59.37540799,-62.22520425,-59.37625718,-62.22597028,-59.37540799,3.15321E-08
692,350,1,-94.769764,3.581028,-81.686024,249.167999,124.6768,20050115, 21:04:10.0000,-62.22441691,-59.37714129,-62.22285448,-59.37889023,-62.22363781,-59.37801828,8.30837E-08
692,351,1,-97.277055,2.010382,-87.805801,249.167999,124.6768,20050115, 21:04:50.0000,-62.22208982,-59.37980554,-62.22133781,-59.3807569,-62.22208982,-59.37980554,4.6643E-08
692,352,1,-98.341811,1.573269,-92.052325,249.167999,124.6768,20050115, 21:05:50.0000,-62.22055977,-59.38171828,-62.2189431,-59.38347356,-62.21973982,-59.38262684,3.65015E-08
692,353,1,-94.32926,3.963311,-87.094058,249.167999,124.6768,20050115, 21:06:30.0000,-62.21815977,-59.38436828,-62.2173431,-59.38524023,-62.21815977,-59.38436828,9.19531E-08
692,354,1,-90.773284,8.987848,-83.403746,249.167999,124.6768,20050115, 21:07:30.0000,-62.21655448,-59.38608494,-62.21499368,-59.38795632,-62.21578974,-59.38705565,2.08528E-07
692,355,1,-93.566619,4.724134,-89.05703,249.167999,124.6768,20050115, 21:08:10.0000,-62.21418827,-59.38882299,-62.21338974,-59.3896936,-62.21418827,-59.38882299,1.09605E-07
692,356,1,-90.556785,9.447253,-82.131678,249.167999,124.6768,20050115, 21:09:10.0000,-62.21260366,-59.39064777,-62.21103982,-59.39261018,-62.21183571,-59.39167144,2.19186E-07
692,357,1,-94.848839,3.516416,-88.349075,249.167999,124.6768,20050115, 21:09:50.0000,-62.2102507,-59.39349496,-62.20943971,-59.39436029,-62.2102507,-59.39349496,8.15846E-08
692,358,1,-91.48156,7.635336,-78.881997,249.167999,124.6768,20050115, 21:10:50.0000,-62.20863841,-59.39525725,-62.20703275,-59.39714656,-62.20782242,-59.3962231,1.77148E-07
692,359,1,-94.390364,3.907938,-83.128823,249.167999,124.6768,20050115, 21:11:30.0000,-62.20622506,-59.3980366,-62.20540713,-59.39897144,-62.20622506,-59.3980366,9.06684E-08
692,360,1,-97.488413,1.914886,-87.103129,249.167999,124.6768,20050115, 21:12:30.0000,-62.20458912,-59.39987754,-62.20294251,-59.40170232,-62.20377585,-59.40078565,4.44274E-08
692,361,1,-96.004671,2.694741,-90.215611,249.167999,124.6768,20050115, 21:13:10.0000,-62.20210976,-59.40263495,-62.20128907,-59.4035776,-62.20210976,-59.40263495,6.25209E-08
692,362,1,-95.015975,3.383659,-87.62223,249.167999,124.6768,20050115, 21:13:50.0000,-62.20045976,-59.40453495,-62.19967114,-59.40558495,-62.20045976,-59.40453495,7.85045E-08
692,363,1,-94.496713,3.813404,-86.758356,249.167999,124.6768,20050115, 21:14:50.0000,-62.19884115,-59.40652552,-62.1971931,-59.40835162,-62.19802643,-59.4074069,8.84751E-08
692,364,1,-97.683182,1.830905,-90.098404,249.167999,124.6768,20050115, 21:15:30.0000,-62.19635976,-59.40931828,-62.19554115,-59.41024218,-62.19635976,-59.40931828,4.2479E-08
692,365,1,-95.467745,3.049366,-84.140009,249.167999,124.6768,20050115, 21:16:30.0000,-62.19470976,-59.41115162,-62.19307643,-59.41305162,-62.19388907,-59.41208978,7.07486E-08
692,366,1,-97.89896,1.74216,-91.343552,249.167999,124.6768,20050115, 21:17:10.0000,-62.1922431,-59.41399024,-62.19140633,-59.41492701,-62.1922431,-59.41399024,4.042E-08
692,367,1,-95.288124,3.17813,-88.250387,249.167999,124.6768,20050115, 21:17:50.0000,-62.19059146,-59.41590358,-62.18977558,-59.41687442,-62.19059146,-59.41590358,7.37361E-08
692,368,1,-94.129911,4.149474,-86.858368,249.167999,124.6768,20050115, 21:18:50.0000,-62.18897379,-59.41779287,-62.18729365,-59.41967302,-62.18812299,-59.41873908,9.62723E-08
692,369,1,-91.666561,7.316916,-81.105408,249.167999,124.6768,20050115, 21:19:30.0000,-62.18644365,-59.42060095,-62.18561011,-59.42153989,-62.18644365,-59.42060095,1.6976E-07
692,370,1,-94.132842,4.146674,-87.275706,249.167999,124.6768,20050115, 21:20:30.0000,-62.18476098,-59.42246683,-62.18309263,-59.42435218,-62.18392764,-59.42340569,9.62073E-08
692,371,1,-94.446099,3.858106,-86.017964,249.167999,124.6768,20050115, 21:21:10.0000,-62.18226125,-59.4252665,-62.18142791,-59.4262165,-62.18226125,-59.4252665,8.95122E-08
692,372,1,-90.012526,10.70857,-78.586462,249.167999,124.6768,20050115, 21:21:50.0000,-62.18059008,-59.42715524,-62.17977791,-59.4281165,-62.18059008,-59.42715524,2.4845E-07
692,373,1,-93.771348,4.506603,-80.845423,249.167999,124.6768,20050115, 21:22:50.0000,-62.17894491,-59.42904944,-62.17726158,-59.43093277,-62.17811158,-59.42998277,1.04558E-07
692,374,1,-92.956064,5.43723,-81.925889,249.167999,124.6768,20050115, 21:23:30.0000,-62.17642435,-59.43192078,-62.17557678,-59.43286787,-62.17642435,-59.43192078,1.2615E-07
692,375,1,-96.125871,2.620578,-86.180302,249.167999,124.6768,20050115, 21:24:10.0000,-62.17472825,-59.43384944,-62.17389491,-59.4348161,-62.17472825,-59.43384944,6.08002E-08
692,376,1,-97.26923,2.014008,-88.754006,249.167999,124.6768,20050115, 21:25:10.0000,-62.17304316,-59.4357735,-62.17134101,-59.43770412,-62.17220056,-59.43672175,4.67272E-08
692,377,1,-101.612841,0.740798,-94.327826,249.167999,124.6768,20050115, 21:25:50.0000,-62.17049491,-59.43862175,-62.1697328,-59.4397051,-62.17049491,-59.43862175,1.71873E-08
692,378,1,-98.668729,1.459188,-86.780648,249.167999,124.6768,20050115, 21:26:50.0000,-62.16914372,-59.44114807,-62.1688,-59.44475104,-62.1688388,-59.44288985,3.38547E-08
692,379,1,-101.326028,0.791373,-92.240632,249.167999,124.6768,20050115, 21:27:30.0000,-62.16897357,-59.44662475,-62.16924555,-59.44854659,-62.16897357,-59.44662475,1.83607E-08
692,380,1,-96.959357,2.162959,-87.437651,249.167999,124.6768,20050115, 21:28:10.0000,-62.16954443,-59.45049978,-62.16982758,-59.45251425,-62.16954443,-59.45049978,5.0183E-08
692,381,1,-95.769863,2.844447,-82.466924,249.167999,124.6768,20050115, 21:29:10.0000,-62.17007758,-59.45454183,-62.17059055,-59.4587219,-62.17033945,-59.45661479,6.59942E-08
692,382,1,-95.562338,2.983666,-86.948655,249.167999,124.6768,20050115, 21:29:50.0000,-62.17084478,-59.46081548,-62.17107794,-59.46291319,-62.17084478,-59.46081548,6.92243E-08
692,383,1,-98.09946,1.663559,-88.260989,249.167999,124.6768,20050115, 21:30:30.0000,-62.171328,-59.4650307,-62.17156134,-59.4671527,-62.171328,-59.4650307,3.85964E-08
692,384,1,-94.426776,3.87531,-83.088704,249.167999,124.6768,20050115, 21:31:10.0000,-62.17178883,-59.469283,-62.17201174,-59.4714409,-62.17178883,-59.469283,8.99114E-08
692,385,1,-98.168948,1.637153,-87.632197,249.167999,124.6768,20050115, 21:31:50.0000,-62.17226196,-59.47355553,-62.17250623,-59.4756707,-62.17226196,-59.47355553,3.79837E-08
692,386,1,-92.765255,5.681442,-82.583628,249.167999,124.6768,20050115, 21:32:50.0000,-62.17275646,-59.47778873,-62.17324465,-59.48201384,-62.1729946,-59.47991312,1.31816E-07
692,387,1,-89.394259,12.346908,-77.342522,249.167999,124.6768,20050115, 21:33:30.0000,-62.173507,-59.48414201,-62.17379034,-59.48625385,-62.173507,-59.48414201,2.86462E-07
692,388,1,-93.439819,4.864097,-80.91021,249.167999,124.6768,20050115, 21:34:10.0000,-62.17405598,-59.48836384,-62.17434118,-59.49047601,-62.17405598,-59.48836384,1.12852E-07
692,389,1,-91.337199,7.893402,-80.103239,249.167999,124.6768,20050115, 21:34:50.0000,-62.17462329,-59.49255642,-62.17489039,-59.49465419,-62.17462329,-59.49255642,1.83135E-07
692,390,1,-95.53584,3.001927,-84.08048,249.167999,124.6768,20050115, 21:35:30.0000,-62.17517319,-59.49673912,-62.17545631,-59.49881602,-62.17517319,-59.49673912,6.96479E-08
692,391,1,-91.822007,7.059653,-78.780019,249.167999,124.6768,20050115, 21:36:30.0000,-62.17572848,-59.5009202,-62.17629519,-59.50512085,-62.17601198,-59.50302246,1.63792E-07
692,392,1,-92.859806,5.559088,-82.434195,249.167999,124.6768,20050115, 21:37:10.0000,-62.17660735,-59.50719411,-62.1769246,-59.50924761,-62.17660735,-59.50719411,1.28977E-07
692,393,1,-91.578504,7.466786,-79.501338,249.167999,124.6768,20050115, 21:37:50.0000,-62.1772073,-59.51132246,-62.1775073,-59.5134058,-62.1772073,-59.51132246,1.73237E-07
692,394,1,-94.642945,3.68714,-84.609079,249.167999,124.6768,20050115, 21:38:30.0000,-62.17779018,-59.5154744,-62.17808884,-59.51756081,-62.17779018,-59.5154744,8.55456E-08
692,395,1,-96.928806,2.178229,-89.055589,249.167999,124.6768,20050115, 21:39:10.0000,-62.17837253,-59.51966311,-62.17863884,-59.52176639,-62.17837253,-59.51966311,5.05373E-08
692,396,1,-85.788801,28.320702,-71.613951,249.167999,124.6768,20050115, 21:40:10.0000,-62.17884448,-59.52389488,-62.17927866,-59.52814398,-62.1790443,-59.52602589,6.57071E-07
692,397,1,-86.324831,25.032312,-74.31403,249.167999,124.6768,20050115, 21:40:50.0000,-62.17949448,-59.53026154,-62.17969448,-59.53238373,-62.17949448,-59.53026154,5.80777E-07
692,398,1,-99.447319,1.219698,-87.769785,249.167999,124.6768,20050115, 21:41:30.0000,-62.17992842,-59.53450774,-62.18017781,-59.53661154,-62.17992842,-59.53450774,2.82983E-08
692,399,1,-93.915137,4.359838,-83.931236,249.167999,124.6768,20050115, 21:42:10.0000,-62.18044424,-59.53870845,-62.18069497,-59.5407896,-62.18044424,-59.53870845,1.01153E-07
692,400,1,-94.620488,3.706255,-83.224596,249.167999,124.6768,20050115, 21:42:50.0000,-62.18095775,-59.54289647,-62.18119497,-59.5449679,-62.18095775,-59.54289647,8.59891E-08
692,401,1,-97.006161,2.139774,-84.634913,249.167999,124.6768,20050115, 21:43:50.0000,-62.1814283,-59.54705626,-62.18190574,-59.5512623,-62.18167461,-59.54917661,4.96451E-08
692,402,1,-95.556818,2.987461,-83.566921,249.167999,124.6768,20050115, 21:44:30.0000,-62.18215562,-59.55334488,-62.18239043,-59.55544259,-62.18215562,-59.55334488,6.93123E-08
692,403,1,-91.279506,7.998959,-80.76797,249.167999,124.6768,20050115, 21:45:10.0000,-62.18262781,-59.55753373,-62.18289073,-59.55963976,-62.18262781,-59.55753373,1.85584E-07
692,404,1,-102.753768,0.569649,-93.776519,249.167999,124.6768,20050115, 21:45:50.0000,-62.18314108,-59.56174647,-62.18337446,-59.56388006,-62.18314108,-59.56174647,1.32165E-08
692,405,1,-96.201239,2.575492,-86.084225,249.167999,124.6768,20050115, 21:46:30.0000,-62.18361084,-59.56596338,-62.18385573,-59.56806226,-62.18361084,-59.56596338,5.97542E-08
692,406,1,-98.691745,1.451475,-88.978732,249.167999,124.6768,20050115, 21:47:30.0000,-62.18407858,-59.57018825,-62.18455609,-59.57439795,-62.18432822,-59.5722886,3.36758E-08
692,407,1,-91.41532,7.752685,-81.577207,249.167999,124.6768,20050115, 21:48:10.0000,-62.18476218,-59.5764961,-62.18502805,-59.57853657,-62.18476218,-59.5764961,1.79871E-07
692,408,1,-90.937887,8.653572,-78.841599,249.167999,124.6768,20050115, 21:48:50.0000,-62.18527776,-59.58061645,-62.1854951,-59.58273634,-62.18527776,-59.58061645,2.00772E-07
692,409,1,-96.794555,2.246615,-86.798571,249.167999,124.6768,20050115, 21:49:30.0000,-62.18577386,-59.58482651,-62.18602354,-59.58691967,-62.18577386,-59.58482651,5.21239E-08
692,410,1,-103.18076,0.516307,-94.058098,249.167999,124.6768,20050115, 21:50:30.0000,-62.1863224,-59.58902893,-62.18685642,-59.59323851,-62.1866072,-59.59113844,1.19789E-08
692,411,1,-100.187833,1.028492,-90.609732,249.167999,124.6768,20050115, 21:51:10.0000,-62.18710512,-59.59535831,-62.18737354,-59.5974579,-62.18710512,-59.59535831,2.38621E-08
692,412,1,-99.420391,1.227284,-90.792981,249.167999,124.6768,20050115, 21:51:50.0000,-62.18764428,-59.59954805,-62.1879072,-59.60168844,-62.18764428,-59.59954805,2.84743E-08
692,413,1,-95.498453,3.027881,-86.732082,249.167999,124.6768,20050115, 21:52:30.0000,-62.1881891,-59.60377915,-62.18844011,-59.60586902,-62.1881891,-59.60377915,7.02501E-08
692,414,1,-101.564565,0.749079,-91.678458,249.167999,124.6768,20050115, 21:53:10.0000,-62.18867243,-59.60797915,-62.1889782,-59.61009485,-62.18867243,-59.60797915,1.73794E-08
692,415,1,-79.77029,113.22832,-65.023327,249.167999,124.6768,20050115, 21:54:10.0000,-62.1891951,-59.61223634,-62.18966131,-59.61643573,-62.18942874,-59.61434491,2.62702E-06
692,416,1,-96.250135,2.546658,-85.531734,249.167999,124.6768,20050115, 21:54:50.0000,-62.18987832,-59.61853487,-62.19010537,-59.62065989,-62.18987832,-59.61853487,5.90852E-08
692,417,1,-95.260661,3.198291,-82.950026,249.167999,124.6768,20050115, 21:55:30.0000,-62.19031146,-59.62279896,-62.19051212,-59.62492421,-62.19031146,-59.62279896,7.42038E-08
692,418,1,-88.530514,15.063737,-76.382009,249.167999,124.6768,20050115, 21:56:10.0000,-62.19072301,-59.62703292,-62.19096131,-59.62913038,-62.19072301,-59.62703292,3.49495E-07
692,419,1,-85.551113,29.913883,-72.479083,249.167999,124.6768,20050115, 21:56:50.0000,-62.19122806,-59.63122006,-62.19148919,-59.63331306,-62.19122806,-59.63122006,6.94034E-07
692,420,1,-88.620844,14.753658,-75.142795,249.167999,124.6768,20050115, 21:57:50.0000,-62.1917398,-59.63542215,-62.19222873,-59.63959021,-62.1919951,-59.63749121,3.42301E-07
692,421,1,-88.241724,16.099473,-76.386113,249.167999,124.6768,20050115, 21:58:30.0000,-62.19247823,-59.64168372,-62.19271196,-59.64378886,-62.19247823,-59.64168372,3.73525E-07
692,422,1,-86.640464,23.27757,-75.662797,249.167999,124.6768,20050115, 21:59:10.0000,-62.19296157,-59.64590039,-62.19321178,-59.6480032,-62.19296157,-59.64590039,5.40065E-07
692,423,1,-89.007772,13.496058,-77.142744,249.167999,124.6768,20050115, 21:59:50.0000,-62.19347453,-59.65008052,-62.19370777,-59.65219214,-62.19347453,-59.65008052,3.13123E-07
692,424,1,-83.958799,43.162259,-73.861332,249.167999,124.6768,20050115, 22:00:30.0000,-62.19396139,-59.65428145,-62.19420612,-59.65638145,-62.19396139,-59.65428145,1.00141E-06
692,425,1,-80.886,87.575802,-70.494633,249.167999,124.6768,20050115, 22:01:30.0000,-62.1944549,-59.65846272,-62.194978,-59.66263603,-62.19472823,-59.66055549,2.03185E-06
692,426,1,-86.814437,22.363531,-75.128415,249.167999,124.6768,20050115, 22:02:10.0000,-62.19522424,-59.66474088,-62.1954612,-59.66682889,-62.19522424,-59.66474088,5.18858E-07
692,427,1,-86.863374,22.112949,-76.132872,249.167999,124.6768,20050115, 22:02:50.0000,-62.19570464,-59.66892184,-62.19594478,-59.67101548,-62.19570464,-59.66892184,5.13044E-07
692,428,1,-86.787895,22.500624,-76.33231,249.167999,124.6768,20050115, 22:03:30.0000,-62.19618883,-59.6731274,-62.19641191,-59.67524294,-62.19618883,-59.6731274,5.22039E-07
692,429,1,-90.842687,8.845358,-79.974688,249.167999,124.6768,20050115, 22:04:10.0000,-62.19662879,-59.67735755,-62.19687816,-59.67944936,-62.19662879,-59.67735755,2.05222E-07
692,430,1,-81.28825,79.828713,-67.792893,249.167999,124.6768,20050115, 22:05:10.0000,-62.19711212,-59.68154543,-62.19766141,-59.68571497,-62.19737204,-59.68362657,1.85211E-06
692,431,1,-87.810322,17.780823,-77.111976,249.167999,124.6768,20050115, 22:05:50.0000,-62.19795669,-59.68781852,-62.19822866,-59.68992257,-62.19795669,-59.68781852,4.12534E-07
692,432,1,-88.57092,14.924235,-75.441428,249.167999,124.6768,20050115, 22:06:30.0000,-62.19851149,-59.69199936,-62.19880537,-59.69408222,-62.19851149,-59.69199936,3.46258E-07
692,433,1,-87.94363,17.243328,-77.05149,249.167999,124.6768,20050115, 22:07:10.0000,-62.19907879,-59.69620755,-62.19934506,-59.69830242,-62.19907879,-59.69620755,4.00064E-07
692,434,1,-85.439945,30.689488,-75.722168,249.167999,124.6768,20050115, 22:07:50.0000,-62.19961172,-59.70040242,-62.19986159,-59.70251731,-62.19961172,-59.70040242,7.12029E-07
692,435,1,-83.618956,46.675444,-72.254375,249.167999,124.6768,20050115, 22:08:50.0000,-62.20012768,-59.70459888,-62.20066159,-59.70881731,-62.20039435,-59.70669888,1.08292E-06
692,436,1,-82.654435,58.282822,-73.270439,249.167999,124.6768,20050115, 22:09:30.0000,-62.20094435,-59.71089888,-62.20122204,-59.71299324,-62.20094435,-59.71089888,1.35222E-06
692,437,1,-80.717793,91.034253,-69.669461,249.167999,124.6768,20050115, 22:10:10.0000,-62.20150684,-59.71510774,-62.20175537,-59.71719888,-62.20150684,-59.71510774,2.11209E-06
692,438,1,-81.27721,80.031894,-70.795008,249.167999,124.6768,20050115, 22:10:50.0000,-62.20201159,-59.71931731,-62.20227362,-59.72142506,-62.20201159,-59.71931731,1.85683E-06
692,439,1,-79.265759,127.176899,-70.308612,249.167999,124.6768,20050115, 22:11:30.0000,-62.20252825,-59.72353398,-62.2027727,-59.72561419,-62.20252825,-59.72353398,2.95064E-06
692,440,1,-80.332086,99.489088,-69.337814,249.167999,124.6768,20050115, 22:12:30.0000,-62.20304018,-59.72771949,-62.20356176,-59.73186949,-62.20330551,-59.72978305,2.30825E-06
692,441,1,-84.992006,34.02385,-71.789106,249.167999,124.6768,20050115, 22:13:10.0000,-62.20379492,-59.73395572,-62.20402792,-59.73603508,-62.20379492,-59.73395572,7.8939E-07
692,442,1,-86.74502,22.723858,-75.93516,249.167999,124.6768,20050115, 22:13:50.0000,-62.20428984,-59.73810572,-62.20454018,-59.74020774,-62.20428984,-59.73810572,5.27218E-07
692,443,1,-80.961467,86.067153,-70.320117,249.167999,124.6768,20050115, 22:14:30.0000,-62.20482327,-59.74227293,-62.20507807,-59.74433687,-62.20482327,-59.74227293,1.99685E-06
692,444,1,-85.660123,29.172373,-73.120487,249.167999,124.6768,20050115, 22:15:30.0000,-62.20532351,-59.74645282,-62.20586127,-59.7505852,-62.20558988,-59.74851758,6.76831E-07
692,445,1,-89.660638,11.612354,-76.228272,249.167999,124.6768,20050115, 22:16:10.0000,-62.20612855,-59.75268779,-62.20637822,-59.75477193,-62.20612855,-59.75268779,2.69419E-07
692,446,1,-85.427527,30.777362,-74.062159,249.167999,124.6768,20050115, 22:16:50.0000,-62.20663834,-59.75685755,-62.20689043,-59.75895445,-62.20663834,-59.75685755,7.14068E-07
692,447,1,-89.948369,10.867938,-78.038311,249.167999,124.6768,20050115, 22:17:30.0000,-62.20715609,-59.76105323,-62.20740717,-59.76315967,-62.20715609,-59.76105323,2.52148E-07
692,448,1,-88.30076,15.882106,-75.726321,249.167999,124.6768,20050115, 22:18:10.0000,-62.2076724,-59.7652456,-62.20791084,-59.76734089,-62.2076724,-59.7652456,3.68482E-07
692,449,1,-95.765496,2.847309,-82.548719,249.167999,124.6768,20050115, 22:19:10.0000,-62.20817276,-59.76946462,-62.20871098,-59.77362604,-62.20845609,-59.77154795,6.60606E-08
692,450,1,-106.546936,0.237843,-95.945356,249.167999,124.6768,20050115, 22:19:50.0000,-62.20895609,-59.77573657,-62.20920573,-59.7778344,-62.20895609,-59.77573657,5.51822E-09
692,451,1,-98.801514,1.415249,-87.025838,249.167999,124.6768,20050115, 22:20:30.0000,-62.2094606,-59.77991052,-62.20972276,-59.78200323,-62.2094606,-59.77991052,3.28353E-08
692,452,1,-94.520161,3.792871,-81.711585,249.167999,124.6768,20050115, 22:21:10.0000,-62.20999471,-59.78408657,-62.21026138,-59.78618657,-62.20999471,-59.78408657,8.79987E-08
692,453,1,-91.216567,8.115727,-78.397223,249.167999,124.6768,20050115, 22:22:10.0000,-62.21053873,-59.7882657,-62.21109436,-59.79244338,-62.21082386,-59.79035985,1.88294E-07
692,454,1,-106.616823,0.234046,-93.746214,249.167999,124.6768,20050115, 22:22:50.0000,-62.21136154,-59.79456672,-62.2116376,-59.79664226,-62.21136154,-59.79456672,5.43013E-09
692,455,1,-95.578283,2.972733,-85.144222,249.167999,124.6768,20050115, 22:23:30.0000,-62.21192158,-59.79872947,-62.2121876,-59.8008256,-62.21192158,-59.79872947,6.89706E-08
692,456,1,-97.658174,1.841479,-84.472464,249.167999,124.6768,20050115, 22:24:10.0000,-62.2124572,-59.80293844,-62.21271131,-59.80503573,-62.2124572,-59.80293844,4.27243E-08
692,457,1,-100.007024,1.072215,-88.932855,249.167999,124.6768,20050115, 22:24:50.0000,-62.21297786,-59.80714558,-62.2132572,-59.80923844,-62.21297786,-59.80714558,2.48765E-08
692,458,1,-91.07582,8.383052,-77.638448,249.167999,124.6768,20050115, 22:25:50.0000,-62.21352165,-59.81132989,-62.21407193,-59.81554828,-62.21379011,-59.81345235,1.94496E-07
692,459,1,-94.742566,3.603524,-82.909207,249.167999,124.6768,20050115, 22:26:30.0000,-62.21435669,-59.81765679,-62.21462295,-59.81977104,-62.21435669,-59.81765679,8.36057E-08
692,460,1,-97.557375,1.884719,-84.990187,249.167999,124.6768,20050115, 22:27:10.0000,-62.21490537,-59.82185989,-62.2151886,-59.82395924,-62.21490537,-59.82185989,4.37275E-08
692,461,1,-97.949676,1.721934,-87.862643,249.167999,124.6768,20050115, 22:27:50.0000,-62.21545641,-59.82608331,-62.21572713,-59.8281694,-62.21545641,-59.82608331,3.99507E-08
692,462,1,-95.886244,2.769235,-85.824616,249.167999,124.6768,20050115, 22:28:30.0000,-62.21600669,-59.83029012,-62.21626157,-59.83240039,-62.21600669,-59.83029012,6.42492E-08
692,463,1,-101.329691,0.790706,-90.617252,249.167999,124.6768,20050115, 22:29:10.0000,-62.21652703,-59.83448474,-62.21680612,-59.83660339,-62.21652703,-59.83448474,1.83452E-08
692,464,1,-93.408185,4.899656,-79.424409,249.167999,124.6768,20050115, 22:30:10.0000,-62.21708832,-59.83869656,-62.21762143,-59.84286192,-62.21736151,-59.84078294,1.13677E-07
692,465,1,-90.09197,10.514462,-78.097753,249.167999,124.6768,20050115, 22:30:50.0000,-62.21789405,-59.84495596,-62.21817732,-59.84707184,-62.21789405,-59.84495596,2.43947E-07
692,466,1,-94.16735,4.113857,-84.981084,249.167999,124.6768,20050115, 22:31:30.0000,-62.21844386,-59.84917015,-62.21870515,-59.85126425,-62.21844386,-59.84917015,9.54459E-08
692,467,1,-96.6955,2.298445,-85.536622,249.167999,124.6768,20050115, 22:32:10.0000,-62.21898823,-59.85331272,-62.21924436,-59.85538232,-62.21898823,-59.85331272,5.33264E-08
692,468,1,-107.96579,0.171556,-95.948306,249.167999,124.6768,20050115, 22:33:10.0000,-62.219506,-59.85746936,-62.22004418,-59.86169104,-62.21977144,-59.85957865,3.98028E-09
692,469,1,-106.819449,0.223377,-97.633622,249.167999,124.6768,20050115, 22:33:50.0000,-62.22032254,-59.86382987,-62.22057732,-59.86597184,-62.22032254,-59.86382987,5.1826E-09
692,470,1,-105.554365,0.298915,-92.403553,249.167999,124.6768,20050115, 22:34:30.0000,-62.22085464,-59.86812184,-62.22112131,-59.8702385,-62.22085464,-59.86812184,6.93515E-09
692,471,1,-103.435241,0.486923,-91.874322,249.167999,124.6768,20050115, 22:35:10.0000,-62.22139399,-59.87237184,-62.22165464,-59.8744885,-62.22139399,-59.87237184,1.12971E-08
692,472,1,-102.45843,0.609735,-91.876544,249.167999,124.6768,20050115, 22:35:50.0000,-62.22192205,-59.87659335,-62.22219399,-59.87869451,-62.22192205,-59.87659335,1.41465E-08
692,473,1,-88.913499,13.792221,-75.306151,249.167999,124.6768,20050115, 22:36:30.0000,-62.22247131,-59.88080517,-62.22274436,-59.88291002,-62.22247131,-59.88080517,3.19994E-07
692,474,1,-107.541547,0.18916,-96.727552,249.167999,124.6768,20050115, 22:37:30.0000,-62.22302131,-59.88502184,-62.22356097,-59.88929262,-62.22328797,-59.88714451,4.38872E-09
692,475,1,-105.667912,0.291201,-96.261922,249.167999,124.6768,20050115, 22:38:10.0000,-62.22382732,-59.89141118,-62.22410464,-59.8935385,-62.22382732,-59.89141118,6.75618E-09
692,476,1,-107.466207,0.19247,-94.395993,249.167999,124.6768,20050115, 22:38:50.0000,-62.22437131,-59.8956885,-62.22464388,-59.89782039,-62.22437131,-59.8956885,4.46551E-09
692,477,1,-99.066153,1.331585,-87.250223,249.167999,124.6768,20050115, 22:39:30.0000,-62.22491114,-59.89997815,-62.22518775,-59.90210372,-62.22491114,-59.89997815,3.08942E-08
692,478,1,-103.898965,0.43761,-95.540535,249.167999,124.6768,20050115, 22:40:10.0000,-62.22546054,-59.90423706,-62.22573923,-59.90641332,-62.22546054,-59.90423706,1.0153E-08
692,479,1,-93.746987,4.531953,-81.19964,249.167999,124.6768,20050115, 22:40:50.0000,-62.22599414,-59.90859048,-62.22626043,-59.91072512,-62.22599414,-59.90859048,1.05146E-07
692,480,1,-98.96189,1.36394,-87.543883,249.167999,124.6768,20050115, 22:41:50.0000,-62.22652781,-59.91287815,-62.22707703,-59.91721803,-62.22680419,-59.91503555,3.16449E-08
692,481,1,-100.997611,0.853538,-92.549326,249.167999,124.6768,20050115, 22:42:30.0000,-62.22735549,-59.91939401,-62.22762167,-59.92152421,-62.22735549,-59.91939401,1.9803E-08
692,482,1,-105.832297,0.280385,-96.717116,249.167999,124.6768,20050115, 22:43:10.0000,-62.22789369,-59.92365137,-62.22817058,-59.92580045,-62.22789369,-59.92365137,6.50523E-09
692,483,1,-101.398413,0.778292,-93.788362,249.167999,124.6768,20050115, 22:43:50.0000,-62.22842735,-59.92793887,-62.22868725,-59.93006711,-62.22842735,-59.92793887,1.80572E-08
692,484,1,-103.968073,0.430702,-95.648524,249.167999,124.6768,20050115, 22:44:30.0000,-62.22894362,-59.93221711,-62.2292047,-59.93436152,-62.22894362,-59.93221711,9.99275E-09
692,485,1,-98.789996,1.419007,-88.877772,249.167999,124.6768,20050115, 22:45:10.0000,-62.22948779,-59.93652063,-62.22975391,-59.93863378,-62.22948779,-59.93652063,3.29225E-08
692,486,1,-102.358623,0.62391,-91.345785,249.167999,124.6768,20050115, 22:46:10.0000,-62.23001029,-59.94075045,-62.23055391,-59.94500045,-62.23028725,-59.94288378,1.44754E-08
692,487,1,-101.711514,0.724157,-92.289997,249.167999,124.6768,20050115, 22:46:50.0000,-62.23082058,-59.94713378,-62.23107058,-59.94926711,-62.23082058,-59.94713378,1.68012E-08
692,488,1,-96.977653,2.153866,-83.435203,249.167999,124.6768,20050115, 22:47:30.0000,-62.23133725,-59.95141711,-62.23160391,-59.95356711,-62.23133725,-59.95141711,4.9972E-08
692,489,1,-94.855952,3.510661,-82.403115,249.167999,124.6768,20050115, 22:48:10.0000,-62.23186029,-59.95571711,-62.23213725,-59.95785045,-62.23186029,-59.95571711,8.14511E-08
692,490,1,-109.882611,0.110337,-101.115394,249.167999,124.6768,20050115, 22:48:50.0000,-62.23239404,-59.96000584,-62.2326537,-59.96214905,-62.23239404,-59.96000584,2.55995E-09
692,491,1,-102.163318,0.652608,-91.904384,249.167999,124.6768,20050115, 22:49:30.0000,-62.23293703,-59.96429905,-62.2332039,-59.96644007,-62.23293703,-59.96429905,1.51412E-08
692,492,1,-102.050162,0.669835,-91.190137,249.167999,124.6768,20050115, 22:50:10.0000,-62.23347106,-59.96857633,-62.23372719,-59.97072019,-62.23347106,-59.96857633,1.55409E-08
692,493,1,-106.819872,0.223356,-95.675859,249.167999,124.6768,20050115, 22:51:10.0000,-62.23397719,-59.97288686,-62.23450579,-59.97721263,-62.23424386,-59.97503686,5.18209E-09
692,494,1,-101.984384,0.680058,-91.201199,249.167999,124.6768,20050115, 22:51:50.0000,-62.234754,-59.97935099,-62.23501033,-59.98151766,-62.234754,-59.97935099,1.57781E-08
692,495,1,-105.312269,0.316051,-96.254552,249.167999,124.6768,20050115, 22:52:30.0000,-62.23524441,-59.98371072,-62.23548775,-59.98587648,-62.23524441,-59.98371072,7.33272E-09
692,496,1,-103.117399,0.523895,-92.416921,249.167999,124.6768,20050115, 22:53:10.0000,-62.23573775,-59.98800981,-62.23596054,-59.99017035,-62.23573775,-59.98800981,1.21549E-08
692,497,1,-105.003347,0.339351,-91.290629,249.167999,124.6768,20050115, 22:53:50.0000,-62.23621054,-59.99233702,-62.2363938,-59.99453606,-62.23621054,-59.99233702,7.87331E-09
692,498,1,-100.831211,0.886876,-91.168424,249.167999,124.6768,20050115, 22:54:30.0000,-62.23656047,-59.99674653,-62.23671047,-59.99895273,-62.23656047,-59.99674653,2.05765E-08
692,499,1,-102.173159,0.651131,-88.900517,249.167999,124.6768,20050115, 22:55:30.0000,-62.2368438,-60.00113606,-62.23716082,-60.00551821,-62.23701047,-60.0033194,1.51069E-08
692,500,1,-102.744668,0.570844,-89.122964,249.167999,124.6768,20050115, 22:56:10.0000,-62.23731047,-60.00770273,-62.23746047,-60.00990273,-62.23731047,-60.00770273,1.32442E-08
692,501,1,-106.697756,0.229725,-92.771668,249.167999,124.6768,20050115, 22:56:50.0000,-62.23761047,-60.01210273,-62.23775,-60.01430273,-62.23761047,-60.01210273,5.32987E-09
692,502,1,-100.437677,0.970994,-88.254452,249.167999,124.6768,20050115, 22:57:30.0000,-62.2379,-60.01650273,-62.23806082,-60.01870154,-62.2379,-60.01650273,2.25281E-08
692,503,1,-96.190978,2.581584,-84.64146,249.167999,124.6768,20050115, 22:58:10.0000,-62.23821047,-60.02088606,-62.23836047,-60.02308606,-62.23821047,-60.02088606,5.98955E-08
692,504,1,-96.776362,2.256046,-83.025009,249.167999,124.6768,20050115, 22:58:50.0000,-62.2384938,-60.02529653,-62.2386438,-60.0275194,-62.2384938,-60.02529653,5.23427E-08
692,505,1,-99.423692,1.226351,-87.930862,249.167999,124.6768,20050115, 22:59:50.0000,-62.23879429,-60.02972571,-62.2390937,-60.0341014,-62.2389437,-60.03191807,2.84527E-08
692,506,1,-100.967825,0.859412,-93.086753,249.167999,124.6768,20050115, 23:00:30.0000,-62.2392437,-60.0362951,-62.23938333,-60.03850154,-62.2392437,-60.0362951,1.99393E-08
692,507,1,-96.1022,2.6349,-82.266619,249.167999,124.6768,20050115, 23:01:10.0000,-62.23952691,-60.04068316,-62.23969358,-60.04289983,-62.23952691,-60.04068316,6.11325E-08
692,508,1,-101.730705,0.720964,-94.054658,249.167999,124.6768,20050115, 23:01:50.0000,-62.23982691,-60.04509983,-62.23997691,-60.04729983,-62.23982691,-60.04509983,1.67271E-08
692,509,1,-101.237852,0.807605,-87.779047,249.167999,124.6768,20050115, 23:02:30.0000,-62.24012685,-60.0494555,-62.24026018,-60.05159902,-62.24012685,-60.0494555,1.87373E-08
692,510,1,-104.692726,0.364512,-90.944161,249.167999,124.6768,20050115, 23:03:10.0000,-62.24041018,-60.05376568,-62.24056082,-60.05594064,-62.24041018,-60.05376568,8.45706E-09
692,511,1,-94.995075,3.399982,-78.947127,249.167999,124.6768,20050115, 23:04:10.0000,-62.2407,-60.05811467,-62.24099344,-60.06241467,-62.24084344,-60.06025457,7.88833E-08
692,512,1,-104.788963,0.356523,-95.212007,249.167999,124.6768,20050115, 23:04:50.0000,-62.24114384,-60.06458663,-62.24129344,-60.06676467,-62.24114384,-60.06458663,8.27172E-09
692,513,1,-106.917869,0.218372,-96.313744,249.167999,124.6768,20050115, 23:05:30.0000,-62.24143333,-60.06894801,-62.24157718,-60.07111996,-62.24143333,-60.06894801,5.06647E-09
692,514,1,-107.653146,0.184361,-97.069078,249.167999,124.6768,20050115, 23:06:10.0000,-62.24171667,-60.07328134,-62.2418601,-60.07541467,-62.24171667,-60.07328134,4.27738E-09
692,515,1,-103.393325,0.491645,-93.217677,249.167999,124.6768,20050115, 23:06:50.0000,-62.2420101,-60.07758134,-62.2421601,-60.07976467,-62.2420101,-60.07758134,1.14067E-08
692,516,1,-78.413825,154.739647,-63.415513,249.167999,124.6768,20050115, 23:07:50.0000,-62.2423101,-60.08192124,-62.2426101,-60.08623134,-62.2424601,-60.08408134,3.59013E-06
692,517,1,-70.438936,970.712291,-59.537263,249.167999,124.6768,20050115, 23:08:30.0000,-62.2427601,-60.08839801,-62.24291667,-60.09056467,-62.2427601,-60.08839801,2.25216E-05
692,518,1,-102.076651,0.665762,-87.692969,249.167999,124.6768,20050115, 23:09:10.0000,-62.24306,-60.09272997,-62.24321,-60.09489664,-62.24306,-60.09272997,1.54464E-08
692,519,1,-106.41698,0.245068,-93.712136,249.167999,124.6768,20050115, 23:09:50.0000,-62.24335,-60.09707997,-62.2435,-60.0992633,-62.24335,-60.09707997,5.68583E-09
692,520,1,-108.904424,0.138211,-98.975322,249.167999,124.6768,20050115, 23:10:30.0000,-62.24364367,-60.10145103,-62.24379378,-60.1036525,-62.24364367,-60.10145103,3.20664E-09
692,521,1,-104.959816,0.34277,-91.955897,249.167999,124.6768,20050115, 23:11:30.0000,-62.24394367,-60.10583436,-62.24429348,-60.1101486,-62.24409367,-60.10800103,7.95263E-09
692,522,1,-104.232772,0.405235,-93.161538,249.167999,124.6768,20050115, 23:12:10.0000,-62.24458908,-60.11226233,-62.24495491,-60.11427944,-62.24458908,-60.11226233,9.40189E-09
692,523,1,-86.111529,26.292459,-73.628444,249.167999,124.6768,20050115, 23:12:50.0000,-62.24539711,-60.11623845,-62.24589775,-60.11815767,-62.24539711,-60.11623845,6.10013E-07
692,524,1,-106.759399,0.226487,-96.06299,249.167999,124.6768,20050115, 23:13:30.0000,-62.24639775,-60.12009101,-62.24688205,-60.12202818,-62.24639775,-60.12009101,5.25475E-09
692,525,1,-99.118869,1.315519,-85.615534,249.167999,124.6768,20050115, 23:14:10.0000,-62.24738108,-60.12393064,-62.24793266,-60.1257531,-62.24738108,-60.12393064,3.05215E-08
692,526,1,-100.576558,0.940434,-88.061099,249.167999,124.6768,20050115, 23:14:50.0000,-62.24850939,-60.12754015,-62.24914116,-60.12925291,-62.24850939,-60.12754015,2.18191E-08
692,527,1,-103.213477,0.512432,-90.728404,249.167999,124.6768,20050115, 23:15:50.0000,-62.2497745,-60.13098624,-62.25105924,-60.13446707,-62.25042743,-60.1327546,1.1889E-08
692,528,1,-104.379127,0.391806,-92.441462,249.167999,124.6768,20050115, 23:16:30.0000,-62.25170891,-60.13618895,-62.25236022,-60.1379531,-62.25170891,-60.13618895,9.09033E-09
692,529,1,-102.659063,0.582208,-93.451198,249.167999,124.6768,20050115, 23:17:10.0000,-62.25300924,-60.13968373,-62.25365783,-60.1414132,-62.25300924,-60.13968373,1.35078E-08
692,530,1,-99.783091,1.128951,-89.072191,249.167999,124.6768,20050115, 23:17:50.0000,-62.25429754,-60.14316957,-62.25494224,-60.14493284,-62.25429754,-60.14316957,2.61929E-08
692,531,1,-63.923251,4351.700371,-53.238618,249.167999,124.6768,20050115, 23:18:30.0000,-62.2555784,-60.1466906,-62.25622584,-60.1484396,-62.2555784,-60.1466906,0.000100964
692,532,1,-105.670343,0.291038,-98.337595,249.167999,124.6768,20050115, 23:19:10.0000,-62.25688087,-60.15015291,-62.25754116,-60.15187986,-62.25688087,-60.15015291,6.7524E-09
692,533,1,-101.800602,0.709453,-91.176245,249.167999,124.6768,20050115, 23:20:10.0000,-62.25819335,-60.15361921,-62.25951175,-60.1571573,-62.25885011,-60.15537261,1.64601E-08
692,534,1,-112.771999,0.056726,-103.957726,249.167999,124.6768,20050115, 23:20:50.0000,-62.2601574,-60.15891202,-62.26080773,-60.16066293,-62.2601574,-60.15891202,1.31611E-09
692,535,1,-109.399133,0.123331,-98.090319,249.167999,124.6768,20050115, 23:21:30.0000,-62.26145851,-60.16243174,-62.26211076,-60.16419357,-62.26145851,-60.16243174,2.8614E-09
692,536,1,-106.522201,0.239202,-95.654899,249.167999,124.6768,20050115, 23:22:10.0000,-62.26277359,-60.16595064,-62.26342637,-60.1677076,-62.26277359,-60.16595064,5.54973E-09
692,537,1,-110.459283,0.096618,-98.571692,249.167999,124.6768,20050115, 23:22:50.0000,-62.26407331,-60.16945995,-62.26473998,-60.17122662,-62.26407331,-60.16945995,2.24163E-09
692,538,1,-104.008001,0.42676,-94.522392,249.167999,124.6768,20050115, 23:23:30.0000,-62.26538998,-60.17299328,-62.26604134,-60.17477001,-62.26538998,-60.17299328,9.9013E-09
692,539,1,-105.924384,0.274502,-96.788527,249.167999,124.6768,20050115, 23:24:10.0000,-62.26670633,-60.17654241,-62.26737623,-60.17831797,-62.26670633,-60.17654241,6.36875E-09
692,540,1,-93.307567,5.014497,-80.24169,249.167999,124.6768,20050115, 23:24:50.0000,-62.26804455,-60.18007252,-62.26871219,-60.18184185,-62.26804455,-60.18007252,1.16342E-07
692,541,1,-101.008355,0.851429,-89.13018,249.167999,124.6768,20050115, 23:25:50.0000,-62.26935914,-60.18358951,-62.270673,-60.18710907,-62.270023,-60.18533249,1.97541E-08
692,542,1,-102.889192,0.55216,-92.475093,249.167999,124.6768,20050115, 23:26:30.0000,-62.27131308,-60.18887574,-62.2719641,-60.19062947,-62.27131308,-60.18887574,1.28107E-08
692,543,1,-96.511716,2.397797,-85.344352,249.167999,124.6768,20050115, 23:27:10.0000,-62.27262495,-60.19238738,-62.27328966,-60.19414916,-62.27262495,-60.19238738,5.56315E-08
692,544,1,-99.509599,1.202331,-88.210597,249.167999,124.6768,20050115, 23:27:50.0000,-62.27393966,-60.19592574,-62.27460633,-60.19769241,-62.27393966,-60.19592574,2.78954E-08
692,545,1,-102.902975,0.55041,-95.58893,249.167999,124.6768,20050115, 23:28:30.0000,-62.27525914,-60.19945617,-62.27592519,-60.20123178,-62.27525914,-60.19945617,1.27701E-08
692,546,1,-105.301943,0.316803,-94.969287,249.167999,124.6768,20050115, 23:29:10.0000,-62.27658966,-60.20301582,-62.27724096,-60.20476906,-62.27658966,-60.20301582,7.35018E-09
692,547,1,-105.283302,0.318166,-95.466999,249.167999,124.6768,20050115, 23:29:50.0000,-62.27787435,-60.20656921,-62.27854102,-60.2083628,-62.27787435,-60.20656921,7.3818E-09
692,548,1,-101.784338,0.712115,-89.105965,249.167999,124.6768,20050115, 23:30:30.0000,-62.27920853,-60.21011513,-62.27987394,-60.211895,-62.27920853,-60.21011513,1.65218E-08
692,549,1,-106.871404,0.220721,-94.602991,249.167999,124.6768,20050115, 23:31:30.0000,-62.2805433,-60.21366907,-62.28185768,-60.2172128,-62.28120727,-60.21543485,5.12097E-09
692,550,1,-100.37142,0.985921,-89.266813,249.167999,124.6768,20050115, 23:32:10.0000,-62.28250651,-60.21899291,-62.28314266,-60.22073998,-62.28250651,-60.21899291,2.28744E-08
692,551,1,-104.259784,0.402722,-90.851009,249.167999,124.6768,20050115, 23:32:50.0000,-62.28379187,-60.22249846,-62.28445996,-60.22425824,-62.28379187,-60.22249846,9.34359E-09
692,552,1,-101.232212,0.808654,-88.93933,249.167999,124.6768,20050115, 23:33:30.0000,-62.28512559,-60.22601621,-62.28579306,-60.22778507,-62.28512559,-60.22601621,1.87617E-08
692,553,1,-107.641686,0.184848,-97.147619,249.167999,124.6768,20050115, 23:34:10.0000,-62.28644226,-60.22954954,-62.28711171,-60.23132388,-62.28644226,-60.22954954,4.28868E-09
692,554,1,-108.067975,0.167566,-100.818782,249.167999,124.6768,20050115, 23:34:50.0000,-62.28777122,-60.23308668,-62.28844286,-60.23484048,-62.28777122,-60.23308668,3.88772E-09
692,555,1,-100.562926,0.94339,-90.819796,249.167999,124.6768,20050115, 23:35:30.0000,-62.28911006,-60.23659183,-62.28976099,-60.23837188,-62.28911006,-60.23659183,2.18877E-08
692,556,1,-103.213635,0.512414,-93.864497,249.167999,124.6768,20050115, 23:36:30.0000,-62.29041074,-60.24014351,-62.29174306,-60.24365174,-62.29107543,-60.2418991,1.18886E-08
692,557,1,-104.454848,0.385034,-93.090294,249.167999,124.6768,20050115, 23:37:10.0000,-62.2924105,-60.24540957,-62.29306029,-60.24715906,-62.2924105,-60.24540957,8.93321E-09
692,558,1,-100.820337,0.889099,-90.916199,249.167999,124.6768,20050115, 23:37:50.0000,-62.29372565,-60.24893304,-62.29441056,-60.25068737,-62.29372565,-60.24893304,2.06281E-08
692,559,1,-105.833697,0.280294,-94.781652,249.167999,124.6768,20050115, 23:38:30.0000,-62.29507622,-60.25245126,-62.29574179,-60.25420448,-62.29507622,-60.25245126,6.50313E-09
692,560,1,-106.977284,0.215405,-93.560822,249.167999,124.6768,20050115, 23:39:10.0000,-62.29642792,-60.25598929,-62.29709204,-60.25773228,-62.29642792,-60.25598929,4.99763E-09
692,561,1,-105.828435,0.280634,-95.680059,249.167999,124.6768,20050115, 23:39:50.0000,-62.29777058,-60.25950194,-62.29844457,-60.2613059,-62.29777058,-60.25950194,6.51102E-09
692,562,1,-104.862948,0.350501,-91.465998,249.167999,124.6768,20050115, 23:40:30.0000,-62.29910955,-60.26307388,-62.29977496,-60.26484781,-62.29910955,-60.26307388,8.132E-09
692,563,1,-106.154973,0.260308,-96.676308,249.167999,124.6768,20050115, 23:41:10.0000,-62.30042842,-60.26667398,-62.30103955,-60.26851865,-62.30042842,-60.26667398,6.03942E-09
692,564,1,-111.063735,0.084064,-100.66357,249.167999,124.6768,20050115, 23:41:50.0000,-62.3016404,-60.27039443,-62.30222966,-60.27230198,-62.3016404,-60.27039443,1.95038E-09
692,565,1,-107.645261,0.184696,-94.215191,249.167999,124.6768,20050115, 23:42:50.0000,-62.30282288,-60.2741921,-62.30391695,-60.27805659,-62.30335707,-60.27610453,4.28515E-09
692,566,1,-115.633123,0.029354,-102.930254,249.167999,124.6768,20050115, 23:43:30.0000,-62.30441496,-60.28000985,-62.30493225,-60.28199568,-62.30441496,-60.28000985,6.8105E-10
692,567,1,-108.423349,0.154401,-100.153366,249.167999,124.6768,20050115, 23:44:10.0000,-62.30541423,-60.28397359,-62.30591423,-60.28597359,-62.30541423,-60.28397359,3.58226E-09
692,568,1,-111.330545,0.079055,-99.139992,249.167999,124.6768,20050115, 23:44:50.0000,-62.30638687,-60.2879712,-62.30686255,-60.28995021,-62.30638687,-60.2879712,1.83416E-09
692,569,1,-104.047172,0.422928,-92.178673,249.167999,124.6768,20050115, 23:45:30.0000,-62.30736363,-60.29195453,-62.30784814,-60.29395922,-62.30736363,-60.29195453,9.8124E-09
692,570,1,-113.24029,0.050928,-100.222818,249.167999,124.6768,20050115, 23:46:10.0000,-62.30832922,-60.29595021,-62.30883022,-60.29798754,-62.30832922,-60.29595021,1.18158E-09
692,571,1,-107.096957,0.20955,-95.779934,249.167999,124.6768,20050115, 23:46:50.0000,-62.30931363,-60.3000212,-62.30979589,-60.30202662,-62.30931363,-60.3000212,4.86179E-09
692,572,1,-110.331919,0.099493,-97.71144,249.167999,124.6768,20050115, 23:47:30.0000,-62.31027922,-60.30405021,-62.31076537,-60.30606148,-62.31027922,-60.30405021,2.30834E-09
692,573,1,-105.776943,0.283981,-92.073171,249.167999,124.6768,20050115, 23:48:30.0000,-62.3112329,-60.30808159,-62.31218288,-60.31206486,-62.31171322,-60.31006954,6.58867E-09
692,574,1,-100.604129,0.934483,-89.382972,249.167999,124.6768,20050115, 23:49:10.0000,-62.31266255,-60.31404047,-62.31314589,-60.31605021,-62.31266255,-60.31404047,2.1681E-08
692,575,1,-102.926426,0.547446,-94.62931,249.167999,124.6768,20050115, 23:49:50.0000,-62.31363001,-60.31805339,-62.31411225,-60.32004899,-62.31363001,-60.31805339,1.27013E-08
692,576,1,-106.013505,0.268926,-94.583795,249.167999,124.6768,20050115, 23:50:30.0000,-62.3145976,-60.32204042,-62.31507891,-60.32401566,-62.3145976,-60.32204042,6.23938E-09
692,577,1,-119.634992,0.011681,-105.917829,249.167999,124.6768,20050115, 23:51:10.0000,-62.31557989,-60.32601957,-62.31606539,-60.32802824,-62.31557989,-60.32601957,2.7101E-10
692,578,1,-104.415602,0.388529,-90.763887,249.167999,124.6768,20050115, 23:51:50.0000,-62.31654656,-60.33003624,-62.31704656,-60.33203624,-62.31654656,-60.33003624,9.0143E-09
692,579,1,-95.924614,2.744876,-82.892864,249.167999,124.6768,20050115, 23:52:30.0000,-62.3175481,-60.33402573,-62.31802931,-60.33600747,-62.3175481,-60.33402573,6.36841E-08
692,580,1,-107.062544,0.211217,-94.608284,249.167999,124.6768,20050115, 23:53:30.0000,-62.31851353,-60.3380041,-62.31951332,-60.34200328,-62.31901496,-60.34002652,4.90047E-09
692,581,1,-118.896737,0.013846,-105.265682,249.167999,124.6768,20050115, 23:54:10.0000,-62.32002999,-60.34400328,-62.32051332,-60.34600328,-62.32002999,-60.34400328,3.2123E-10
692,582,1,-94.388004,3.910062,-80.17423,249.167999,124.6768,20050115, 23:54:50.0000,-62.32102999,-60.34800328,-62.32154686,-60.3500541,-62.32102999,-60.34800328,9.07177E-08
692,583,1,-96.373695,2.475225,-82.001388,249.167999,124.6768,20050115, 23:55:30.0000,-62.32204819,-60.35204275,-62.32254641,-60.35403565,-62.32204819,-60.35204275,5.74279E-08
692,584,1,-107.468092,0.192387,-93.760701,249.167999,124.6768,20050115, 23:56:10.0000,-62.32301983,-60.35603565,-62.32349788,-60.35807485,-62.32301983,-60.35603565,4.46358E-09
692,585,1,-104.887285,0.348542,-93.160715,249.167999,124.6768,20050115, 23:56:50.0000,-62.32397975,-60.36008565,-62.32446308,-60.36210232,-62.32397975,-60.36008565,8.08656E-09
692,586,1,-104.939457,0.34438,-95.958294,249.167999,124.6768,20050115, 23:57:30.0000,-62.32494953,-60.36411477,-62.32541308,-60.36613565,-62.32494953,-60.36411477,7.99E-09
692,587,1,-103.576521,0.471338,-92.047281,249.167999,124.6768,20050115, 23:58:10.0000,-62.32591308,-60.36816899,-62.32641308,-60.37018565,-62.32591308,-60.36816899,1.09355E-08
692,588,1,-101.654935,0.733653,-89.443564,249.167999,124.6768,20050115, 23:58:50.0000,-62.32691533,-60.37222798,-62.32740316,-60.37425232,-62.32691533,-60.37222798,1.70215E-08
692,589,1,-105.320717,0.315437,-93.641899,249.167999,124.6768,20050115, 23:59:50.0000,-62.32788113,-60.3762745,-62.32881308,-60.38028565,-62.32834641,-60.3782789,7.31847E-09
692,590,1,-95.109892,3.311273,-81.361874,249.167999,124.6768,20050116, 00:00:30.0000,-62.3292865,-60.38228565,-62.32976386,-60.38428878,-62.3292865,-60.38228565,7.68251E-08
692,591,1,-102.459261,0.609618,-91.905104,249.167999,124.6768,20050116, 00:01:10.0000,-62.33021964,-60.38630116,-62.33067946,-60.38831783,-62.33021964,-60.38630116,1.41438E-08
692,592,1,-105.843487,0.279663,-93.748799,249.167999,124.6768,20050116, 00:01:50.0000,-62.33114743,-60.39030639,-62.33161245,-60.39228312,-62.33114743,-60.39030639,6.48849E-09
692,593,1,-101.109287,0.83187,-89.752656,249.167999,124.6768,20050116, 00:02:30.0000,-62.33208607,-60.39428312,-62.33256331,-60.39626992,-62.33208607,-60.39428312,1.93003E-08
692,594,1,-97.877427,1.75082,-87.868622,249.167999,124.6768,20050116, 00:03:10.0000,-62.33304723,-60.39827226,-62.33351224,-60.40024897,-62.33304723,-60.39827226,4.06209E-08
692,595,1,-99.123171,1.314217,-86.49315,249.167999,124.6768,20050116, 00:04:10.0000,-62.33398247,-60.40226322,-62.33492977,-60.40626907,-62.33444972,-60.40426554,3.04913E-08
692,596,1,-106.795704,0.224602,-96.284931,249.167999,124.6768,20050116, 00:04:50.0000,-62.33542866,-60.40823129,-62.33587866,-60.41020508,-62.33542866,-60.40823129,5.21101E-09
692,597,1,-103.057341,0.53119,-89.487511,249.167999,124.6768,20050116, 00:05:30.0000,-62.33633651,-60.4122024,-62.33682977,-60.4142024,-62.33633651,-60.4122024,1.23242E-08
692,598,1,-67.705527,1821.509186,-54.002863,249.167999,124.6768,20050116, 00:06:10.0000,-62.33729901,-60.41621272,-62.33778133,-60.41817533,-62.33729901,-60.41621272,4.2261E-05
692,599,1,-102.996411,0.538695,-95.002535,249.167999,124.6768,20050116, 00:06:50.0000,-62.33826581,-60.42017989,-62.33878969,-60.42209248,-62.33826581,-60.42017989,1.24983E-08
692,600,1,-93.113638,5.243488,-81.142761,249.167999,124.6768,20050116, 00:07:30.0000,-62.33939306,-60.42390174,-62.33999178,-60.42563778,-62.33939306,-60.42390174,1.21655E-07
692,601,1,-92.234945,6.419329,-84.600467,249.167999,124.6768,20050116, 00:08:30.0000,-62.3406274,-60.42737684,-62.34188912,-60.43083113,-62.34125844,-60.42913156,1.48935E-07
692,602,1,-91.532105,7.546987,-82.349216,249.167999,124.6768,20050116, 00:09:10.0000,-62.34254232,-60.43255579,-62.34319041,-60.43429447,-62.34254232,-60.43255579,1.75098E-07
692,603,1,-93.507077,4.789348,-83.88705,249.167999,124.6768,20050116, 00:09:50.0000,-62.34382425,-60.43601895,-62.34449091,-60.43774585,-62.34382425,-60.43601895,1.11118E-07
692,604,1,-94.749799,3.597528,-86.480322,249.167999,124.6768,20050116, 00:10:30.0000,-62.3451545,-60.43942792,-62.34583952,-60.44114879,-62.3451545,-60.43942792,8.34665E-08
692,605,1,-98.124731,1.653907,-89.189627,249.167999,124.6768,20050116, 00:11:10.0000,-62.34650618,-60.44284879,-62.34717242,-60.44454772,-62.34650618,-60.44284879,3.83724E-08
692,606,1,-97.91075,1.737437,-91.050099,249.167999,124.6768,20050116, 00:11:50.0000,-62.3478575,-60.4462623,-62.34853999,-60.44798331,-62.3478575,-60.4462623,4.03104E-08
692,607,1,-97.317192,1.991888,-87.138313,249.167999,124.6768,20050116, 00:12:30.0000,-62.34920778,-60.44970278,-62.34989041,-60.45143436,-62.34920778,-60.44970278,4.62139E-08
692,608,1,-96.820308,2.233332,-85.570776,249.167999,124.6768,20050116, 00:13:30.0000,-62.35057595,-60.45315654,-62.35193999,-60.45655997,-62.35127054,-60.45485775,5.18157E-08
692,609,1,-97.282603,2.007816,-86.976961,249.167999,124.6768,20050116, 00:14:10.0000,-62.35262417,-60.45826876,-62.35328999,-60.45999998,-62.35262417,-60.45826876,4.65835E-08
692,610,1,-91.69578,7.267852,-78.631964,249.167999,124.6768,20050116, 00:14:50.0000,-62.35392417,-60.46177896,-62.35455789,-60.46361337,-62.35392417,-60.46177896,1.68622E-07
692,611,1,-95.241399,3.212508,-82.655353,249.167999,124.6768,20050116, 00:15:30.0000,-62.35519134,-60.46544703,-62.35580928,-60.46726719,-62.35519134,-60.46544703,7.45336E-08
692,612,1,-95.010952,3.387575,-82.167367,249.167999,124.6768,20050116, 00:16:10.0000,-62.3564241,-60.46908525,-62.35709262,-60.47090053,-62.3564241,-60.46908525,7.85954E-08
692,613,1,-100.46834,0.964162,-86.217036,249.167999,124.6768,20050116, 00:16:50.0000,-62.35774122,-60.47269669,-62.35839262,-60.47448386,-62.35774122,-60.47269669,2.23696E-08
692,614,1,-102.717108,0.574478,-93.239628,249.167999,124.6768,20050116, 00:17:30.0000,-62.35902373,-60.47624443,-62.35969152,-60.47802047,-62.35902373,-60.47624443,1.33285E-08
692,615,1,-101.040993,0.845055,-91.763252,249.167999,124.6768,20050116, 00:18:30.0000,-62.36032466,-60.47978665,-62.3616436,-60.48334233,-62.36097531,-60.48154877,1.96062E-08
692,616,1,-99.039815,1.339685,-90.021393,249.167999,124.6768,20050116, 00:19:10.0000,-62.36230696,-60.48511739,-62.36297556,-60.48689946,-62.36230696,-60.48511739,3.10821E-08
692,617,1,-70.161859,1034.661387,-54.462661,249.167999,124.6768,20050116, 00:19:50.0000,-62.36367051,-60.48870178,-62.36434307,-60.49046844,-62.36367051,-60.48870178,2.40053E-05
692,618,1,-98.120452,1.655537,-91.266272,249.167999,124.6768,20050116, 00:20:30.0000,-62.3650264,-60.49219101,-62.36569172,-60.49398139,-62.3650264,-60.49219101,3.84103E-08
692,619,1,-93.468365,4.83223,-83.559861,249.167999,124.6768,20050116, 00:21:10.0000,-62.36634315,-60.49581865,-62.36699754,-60.49759653,-62.36634315,-60.49581865,1.12113E-07
692,620,1,-101.495459,0.761094,-94.200064,249.167999,124.6768,20050116, 00:21:50.0000,-62.36765783,-60.49937986,-62.36830924,-60.5012004,-62.36765783,-60.49937986,1.76582E-08
692,621,1,-96.45327,2.430284,-89.700376,249.167999,124.6768,20050116, 00:22:30.0000,-62.3689745,-60.50301957,-62.36961462,-60.50486472,-62.3689745,-60.50301957,5.63852E-08
692,622,1,-74.959955,342.758806,-60.135003,249.167999,124.6768,20050116, 00:23:10.0000,-62.37025891,-60.50664951,-62.37090924,-60.50845642,-62.37025891,-60.50664951,7.95237E-06
692,623,1,-72.424968,614.451082,-58.323138,249.167999,124.6768,20050116, 00:23:50.0000,-62.37159257,-60.51026707,-62.37225837,-60.51204803,-62.37159257,-60.51026707,1.42559E-05
692,624,1,-63.695122,4586.399845,-50.063837,249.167999,124.6768,20050116, 00:24:30.0000,-62.37295863,-60.51388206,-62.37364154,-60.51569756,-62.37295863,-60.51388206,0.000106409
692,625,1,-95.574333,2.975437,-88.087547,249.167999,124.6768,20050116, 00:25:10.0000,-62.37434154,-60.51749756,-62.37502487,-60.51929756,-62.37434154,-60.51749756,6.90334E-08
692,626,1,-94.949749,3.435652,-81.46263,249.167999,124.6768,20050116, 00:26:10.0000,-62.37570924,-60.52110642,-62.3770744,-60.52474627,-62.37639257,-60.52293373,7.97108E-08
692,627,1,-96.593252,2.3532,-86.851232,249.167999,124.6768,20050116, 00:26:50.0000,-62.3777411,-60.52654636,-62.3784244,-60.52834627,-62.3777411,-60.52654636,5.45968E-08
692,628,1,-97.283631,2.00734,-88.773103,249.167999,124.6768,20050116, 00:27:30.0000,-62.37910924,-60.5301504,-62.3797923,-60.53193909,-62.37910924,-60.5301504,4.65725E-08
692,629,1,-96.043155,2.670967,-85.09793,249.167999,124.6768,20050116, 00:28:10.0000,-62.38045773,-60.5337296,-62.38113621,-60.535533,-62.38045773,-60.5337296,6.19693E-08
692,630,1,-95.09814,3.320245,-84.571323,249.167999,124.6768,20050116, 00:28:50.0000,-62.38180777,-60.53731303,-62.3824744,-60.53909627,-62.38180777,-60.53731303,7.70333E-08
692,631,1,-92.639655,5.848151,-83.999017,249.167999,124.6768,20050116, 00:29:30.0000,-62.3831582,-60.54091421,-62.38382486,-60.54269755,-62.3831582,-60.54091421,1.35683E-07
692,632,1,-81.957647,68.425724,-62.589079,249.167999,124.6768,20050116, 00:30:10.0000,-62.38450773,-60.544486,-62.3851728,-60.54626532,-62.38450773,-60.544486,1.58755E-06
692,633,1,-73.269186,505.900925,-55.598585,249.167999,124.6768,20050116, 00:30:50.0000,-62.38584102,-60.54804613,-62.38650768,-60.54983588,-62.38584102,-60.54804613,1.17374E-05
692,634,1,-91.051918,8.429315,-81.804339,249.167999,124.6768,20050116, 00:31:30.0000,-62.38715768,-60.55160255,-62.38780768,-60.55339613,-62.38715768,-60.55160255,1.95569E-07
692,635,1,-90.789359,8.954642,-81.859865,249.167999,124.6768,20050116, 00:32:10.0000,-62.38845747,-60.55519556,-62.38910749,-60.5569456,-62.38845747,-60.55519556,2.07757E-07
692,636,1,-92.236282,6.417353,-81.56859,249.167999,124.6768,20050116, 00:33:10.0000,-62.38979083,-60.55876227,-62.39110719,-60.56235132,-62.39044053,-60.56056145,1.4889E-07
692,637,1,-92.756568,5.692817,-82.797248,249.167999,124.6768,20050116, 00:33:50.0000,-62.39175719,-60.56410132,-62.39242402,-60.56589522,-62.39175719,-60.56410132,1.3208E-07
692,638,1,-92.541361,5.982022,-79.447489,249.167999,124.6768,20050116, 00:34:30.0000,-62.39309014,-60.56767706,-62.39374014,-60.56947706,-62.39309014,-60.56767706,1.38789E-07
692,639,1,-94.960868,3.426867,-81.943973,249.167999,124.6768,20050116, 00:35:10.0000,-62.39440681,-60.57127706,-62.39505717,-60.57308458,-62.39440681,-60.57127706,7.9507E-08
692,640,1,-90.356181,9.893865,-72.186675,249.167999,124.6768,20050116, 00:35:50.0000,-62.39570182,-60.57485364,-62.39635812,-60.57664734,-62.39570182,-60.57485364,2.29548E-07
692,641,1,-90.928531,8.672234,-76.208087,249.167999,124.6768,20050116, 00:36:30.0000,-62.39704102,-60.5784128,-62.39769146,-60.58018698,-62.39704102,-60.5784128,2.01205E-07
692,642,1,-95.361191,3.125108,-82.744076,249.167999,124.6768,20050116, 00:37:10.0000,-62.39834075,-60.58196855,-62.39899075,-60.58376855,-62.39834075,-60.58196855,7.25059E-08
692,643,1,-96.518816,2.393881,-87.748147,249.167999,124.6768,20050116, 00:37:50.0000,-62.39964075,-60.58559541,-62.4002639,-60.58742874,-62.39964075,-60.58559541,5.55406E-08
692,644,1,-93.939935,4.335014,-86.569758,249.167999,124.6768,20050116, 00:38:30.0000,-62.400891,-60.58924608,-62.40155788,-60.59104666,-62.400891,-60.58924608,1.00577E-07
692,645,1,-87.302549,19.986153,-68.327364,249.167999,124.6768,20050116, 00:39:30.0000,-62.40220794,-60.59286349,-62.40348073,-60.5964691,-62.40284097,-60.59465243,4.637E-07
692,646,1,-96.305122,2.514618,-89.666333,249.167999,124.6768,20050116, 00:40:10.0000,-62.40412431,-60.59827934,-62.40477431,-60.60010625,-62.40412431,-60.59827934,5.83418E-08
692,647,1,-97.523972,1.899271,-88.430683,249.167999,124.6768,20050116, 00:40:50.0000,-62.40542484,-60.60191415,-62.40605904,-60.60369986,-62.40542484,-60.60191415,4.40651E-08
692,648,1,-96.232344,2.557112,-84.26841,249.167999,124.6768,20050116, 00:41:30.0000,-62.40669179,-60.60547115,-62.40731388,-60.60729532,-62.40669179,-60.60547115,5.93278E-08
692,649,1,-95.69025,2.897071,-88.210455,249.167999,124.6768,20050116, 00:42:10.0000,-62.40794721,-60.60908514,-62.40859151,-60.61091415,-62.40794721,-60.60908514,6.72152E-08
692,650,1,-95.590744,2.964215,-88.63553,249.167999,124.6768,20050116, 00:42:50.0000,-62.40924153,-60.6127142,-62.40989153,-60.61453086,-62.40924153,-60.6127142,6.8773E-08
692,651,1,-93.96841,4.306684,-87.456465,249.167999,124.6768,20050116, 00:43:30.0000,-62.41053524,-60.61634753,-62.41117486,-60.61813086,-62.41053524,-60.61634753,9.99197E-08
692,652,1,-94.382528,3.914996,-84.897011,249.167999,124.6768,20050116, 00:44:10.0000,-62.41183094,-60.61994678,-62.41248094,-60.62178011,-62.41183094,-60.61994678,9.08321E-08
692,653,1,-92.042235,6.710589,-77.967568,249.167999,124.6768,20050116, 00:45:10.0000,-62.41314125,-60.62358646,-62.4144575,-60.62713542,-62.41379084,-60.6253623,1.55693E-07
692,654,1,-91.212938,8.122511,-78.831186,249.167999,124.6768,20050116, 00:45:50.0000,-62.4151075,-60.62889563,-62.4157575,-60.63067896,-62.4151075,-60.62889563,1.88451E-07
692,655,1,-93.108394,5.249824,-82.216036,249.167999,124.6768,20050116, 00:46:30.0000,-62.41640846,-60.63246493,-62.41707513,-60.63428782,-62.41640846,-60.63246493,1.21802E-07
692,656,1,-89.408073,12.307697,-79.145745,249.167999,124.6768,20050116, 00:47:10.0000,-62.41772513,-60.63608782,-62.41839179,-60.63786493,-62.41772513,-60.63608782,2.85552E-07
692,657,1,-91.75992,7.161303,-78.335644,249.167999,124.6768,20050116, 00:47:50.0000,-62.41904179,-60.63963782,-62.41970707,-60.641401,-62.41904179,-60.63963782,1.6615E-07
692,658,1,-93.817403,4.459065,-81.674803,249.167999,124.6768,20050116, 00:48:30.0000,-62.42035584,-60.64318126,-62.42100707,-60.64499443,-62.42035584,-60.64318126,1.03455E-07
692,659,1,-92.826454,5.601943,-82.504059,249.167999,124.6768,20050116, 00:49:10.0000,-62.42167373,-60.64679443,-62.42230707,-60.6486111,-62.42167373,-60.64679443,1.29971E-07
692,660,1,-75.651458,292.306402,-59.700688,249.167999,124.6768,20050116, 00:49:50.0000,-62.4229404,-60.6504611,-62.42357373,-60.6523111,-62.4229404,-60.6504611,6.78182E-06
692,661,1,-90.415206,9.760307,-77.073095,249.167999,124.6768,20050116, 00:50:30.0000,-62.42423057,-60.6541121,-62.42487373,-60.65588433,-62.42423057,-60.6541121,2.2645E-07
692,662,1,-88.495983,15.183987,-72.442268,249.167999,124.6768,20050116, 00:51:30.0000,-62.42552373,-60.6576611,-62.42682373,-60.66124443,-62.42617373,-60.65944443,3.52285E-07
692,663,1,-96.951308,2.166972,-84.378664,249.167999,124.6768,20050116, 00:52:10.0000,-62.42747362,-60.66302747,-62.42813896,-60.66484047,-62.42747362,-60.66302747,5.02761E-08
692,664,1,-98.57413,1.491321,-84.300655,249.167999,124.6768,20050116, 00:52:50.0000,-62.4288068,-60.66663367,-62.42946684,-60.6683937,-62.4288068,-60.66663367,3.46003E-08
692,665,1,-109.159646,0.130323,-99.836509,249.167999,124.6768,20050116, 00:53:30.0000,-62.43012318,-60.67017624,-62.43078022,-60.67194413,-62.43012318,-60.67017624,3.02362E-09
692,666,1,-103.268905,0.505934,-93.204844,249.167999,124.6768,20050116, 00:54:10.0000,-62.43144029,-60.67368406,-62.43206355,-60.67540073,-62.43144029,-60.67368406,1.17382E-08
692,667,1,-100.443121,0.969777,-91.611551,249.167999,124.6768,20050116, 00:54:50.0000,-62.43270696,-60.67708406,-62.43332278,-60.67873194,-62.43270696,-60.67708406,2.24999E-08
692,668,1,-99.20906,1.288481,-84.644606,249.167999,124.6768,20050116, 00:55:50.0000,-62.43394688,-60.68037399,-62.43516355,-60.68360073,-62.43457362,-60.68200073,2.98942E-08
692,669,1,-98.106692,1.660791,-89.312257,249.167999,124.6768,20050116, 00:56:30.0000,-62.43579029,-60.68520073,-62.43636355,-60.68677399,-62.43579029,-60.68520073,3.85321E-08
692,670,1,-64.2222,4062.225913,-49.405036,249.167999,124.6768,20050116, 00:57:30.0000,-62.43693022,-60.68830732,-62.43809747,-60.6913924,-62.43750667,-60.68984,9.4248E-05
692,671,1,-98.534243,1.505081,-88.234407,249.167999,124.6768,20050116, 00:58:10.0000,-62.4386308,-60.69290907,-62.43919107,-60.69440907,-62.4386308,-60.69290907,3.49195E-08
692,672,1,-107.374929,0.196558,-97.590554,249.167999,124.6768,20050116, 00:59:10.0000,-62.43974747,-60.69586547,-62.44081332,-60.6986633,-62.44029701,-60.69727437,4.56036E-09
692,673,1,-101.142648,0.825504,-92.002819,249.167999,124.6768,20050116, 01:00:10.0000,-62.4412808,-60.70003213,-62.44216308,-60.70252932,-62.4417308,-60.70132187,1.91526E-08
692,674,1,-98.393177,1.554771,-84.219827,249.167999,124.6768,20050116, 01:01:10.0000,-62.44257053,-60.70367187,-62.44363718,-60.70668461,-62.4429372,-60.70474493,3.60724E-08
692,675,1,-60.455737,9669.642357,-47.62701,249.167999,124.6768,20050116, 01:02:50.0000,-62.44395387,-60.70759493,-62.44498718,-60.71059102,-62.44451025,-60.70920768,0.000224346
