Process_ID,Interval,Layer,Sv_mean,NASC,Sv_max,Height_mean,Depth_mean,Date_M,Time_M,Lat_S,Lon_S,Lat_E,Lon_E,Lat_M,Lon_M,ABC
675,40,1,-83.661973,46.634957,-67.971717,251.43,125.715,20030131, 18:55:10.0000,-62.32818992,-58.27474183,-62.32818992,-58.27474183,-62.32818992,-58.27474183,1.08198E-06
675,41,1,-102.119488,0.665212,-87.478549,251.43,125.715,20030131, 18:55:30.0000,-62.32876513,-58.27693667,-62.3293495,-58.27915672,-62.32876513,-58.27693667,1.54336E-08
675,42,1,-102.273408,0.642049,-87.709041,251.43,125.715,20030131, 18:56:10.0000,-62.3299495,-58.28139003,-62.33056537,-58.28362079,-62.3299495,-58.28139003,1.48962E-08
675,43,1,-97.973353,1.728119,-84.741987,251.43,125.715,20030131, 18:56:50.0000,-62.33116529,-58.2858372,-62.33176537,-58.28805413,-62.33116529,-58.2858372,4.00942E-08
675,44,1,-107.752394,0.181832,-94.67024,251.43,125.715,20030131, 18:57:30.0000,-62.33234705,-58.29024876,-62.33293196,-58.29251186,-62.33234705,-58.29024876,4.21869E-09
675,45,1,-107.016355,0.215414,-94.111158,251.43,125.715,20030131, 18:58:10.0000,-62.33350625,-58.29475694,-62.33410808,-58.29692392,-62.33350625,-58.29475694,4.99783E-09
675,46,1,-99.545498,1.203259,-81.848287,251.43,125.715,20030131, 18:58:50.0000,-62.33470748,-58.29914602,-62.33530683,-58.30140967,-62.33470748,-58.29914602,2.79169E-08
675,47,1,-100.549998,0.954793,-85.311802,251.43,125.715,20030131, 18:59:30.0000,-62.33590808,-58.30362392,-62.33652475,-58.30584058,-62.33590808,-58.30362392,2.21522E-08
675,48,1,-104.52586,0.382228,-88.565463,251.43,125.715,20030131, 19:00:10.0000,-62.33710604,-58.30799839,-62.33710604,-58.30799839,-62.33710604,-58.30799839,8.86811E-09
675,49,1,-103.657407,0.46684,-85.732103,251.43,125.715,20030131, 19:00:30.0000,-62.33771341,-58.31018107,-62.33831633,-58.31239058,-62.33771341,-58.31018107,1.08312E-08
675,50,1,-102.632998,0.591029,-85.822022,251.43,125.715,20030131, 19:01:10.0000,-62.338883,-58.31455725,-62.33943877,-58.31669579,-62.338883,-58.31455725,1.37125E-08
675,51,1,-104.338713,0.399059,-86.396118,251.43,125.715,20030131, 19:01:50.0000,-62.33999077,-58.31888778,-62.34055636,-58.32110744,-62.33999077,-58.31888778,9.25861E-09
675,52,1,-110.768826,0.090788,-92.228967,251.43,125.715,20030131, 19:02:30.0000,-62.34114081,-58.32335463,-62.34171547,-58.32553778,-62.34114081,-58.32335463,2.10637E-09
675,53,1,-106.299196,0.254091,-91.033913,251.43,125.715,20030131, 19:03:10.0000,-62.34228236,-58.32775518,-62.34284081,-58.3299713,-62.34228236,-58.32775518,5.89519E-09
675,54,1,-108.066653,0.169139,-91.034333,251.43,125.715,20030131, 19:03:50.0000,-62.3433988,-58.33218778,-62.34394886,-58.33439602,-62.3433988,-58.33218778,3.92421E-09
675,55,1,-106.264313,0.25614,-91.27118,251.43,125.715,20030131, 19:04:30.0000,-62.34450748,-58.33658797,-62.345083,-58.33877392,-62.34450748,-58.33658797,5.94273E-09
675,56,1,-103.771745,0.45471,-85.762334,251.43,125.715,20030131, 19:05:10.0000,-62.34567415,-58.34095463,-62.34624967,-58.34314058,-62.34567415,-58.34095463,1.05498E-08
675,57,1,-114.72837,0.036481,-98.1681,251.43,125.715,20030131, 19:05:50.0000,-62.34681281,-58.34529579,-62.34736133,-58.34745767,-62.34681281,-58.34529579,8.4641E-10
675,58,1,-113.169577,0.052234,-98.14343,251.43,125.715,20030131, 19:06:30.0000,-62.34791617,-58.34964005,-62.34848283,-58.3518067,-62.34791617,-58.34964005,1.21188E-09
675,59,1,-105.842839,0.282244,-91.567572,251.43,125.715,20030131, 19:07:10.0000,-62.34904142,-58.35395725,-62.34959081,-58.3561213,-62.34904142,-58.35395725,6.54837E-09
675,60,1,-99.736388,1.151516,-85.327002,251.43,125.715,20030131, 19:07:50.0000,-62.35015748,-58.35828797,-62.35071467,-58.3604185,-62.35015748,-58.35828797,2.67164E-08
675,61,1,-104.294852,0.40311,-89.6978,251.43,125.715,20030131, 19:08:30.0000,-62.35129017,-58.36252733,-62.35189017,-58.364644,-62.35129017,-58.36252733,9.35259E-09
675,62,1,-77.677926,184.976388,-61.832909,251.43,125.715,20030131, 19:09:10.0000,-62.35248133,-58.3667685,-62.35248133,-58.3667685,-62.35248133,-58.3667685,4.29165E-06
675,63,1,-99.06721,1.343346,-86.214808,251.43,125.715,20030131, 19:09:30.0000,-62.35308969,-58.36887543,-62.35369077,-58.37098778,-62.35308969,-58.36887543,3.11671E-08
675,64,1,-106.112078,0.265278,-91.797978,251.43,125.715,20030131, 19:10:10.0000,-62.3542741,-58.37308778,-62.35485821,-58.37520779,-62.3542741,-58.37308778,6.15473E-09
675,65,1,-108.750173,0.144508,-94.604774,251.43,125.715,20030131, 19:10:50.0000,-62.35546547,-58.37733778,-62.35604081,-58.3794713,-62.35546547,-58.37733778,3.35274E-09
675,66,1,-106.155994,0.262609,-92.917208,251.43,125.715,20030131, 19:11:30.0000,-62.35661406,-58.3815755,-62.35719736,-58.38369977,-62.35661406,-58.3815755,6.09281E-09
675,67,1,-104.525327,0.382275,-91.067473,251.43,125.715,20030131, 19:12:10.0000,-62.35778214,-58.38582111,-62.35834967,-58.38796567,-62.35778214,-58.38582111,8.8692E-09
675,68,1,-103.297328,0.507196,-89.256689,251.43,125.715,20030131, 19:12:50.0000,-62.35888274,-58.39015444,-62.35932225,-58.39242051,-62.35888274,-58.39015444,1.17675E-08
675,69,1,-103.046598,0.53734,-89.176373,251.43,125.715,20030131, 19:13:30.0000,-62.35976407,-58.39473183,-62.3601735,-58.397043,-62.35976407,-58.39473183,1.24669E-08
675,70,1,-104.024699,0.428982,-88.16121,251.43,125.715,20030131, 19:14:10.0000,-62.36058083,-58.39934917,-62.36098915,-58.40167161,-62.36058083,-58.39934917,9.95284E-09
675,71,1,-113.686876,0.046368,-99.539168,251.43,125.715,20030131, 19:14:50.0000,-62.36141523,-58.40398235,-62.36183166,-58.40628828,-62.36141523,-58.40398235,1.0758E-09
675,72,1,-100.009537,1.081322,-84.122503,251.43,125.715,20030131, 19:15:30.0000,-62.36225458,-58.40859917,-62.36269833,-58.41092161,-62.36225458,-58.40859917,2.50879E-08
675,73,1,-98.986048,1.368687,-83.529543,251.43,125.715,20030131, 19:16:10.0000,-62.3631475,-58.41321583,-62.36358992,-58.41552519,-62.3631475,-58.41321583,3.1755E-08
675,74,1,-106.741107,0.229508,-92.548848,251.43,125.715,20030131, 19:16:50.0000,-62.36402297,-58.41784054,-62.36444948,-58.42014639,-62.36402297,-58.41784054,5.32484E-09
675,75,1,-90.074706,10.652175,-70.514825,251.43,125.715,20030131, 19:17:30.0000,-62.36485659,-58.42240853,-62.36529094,-58.42468851,-62.36485659,-58.42240853,2.47142E-07
675,76,1,-103.436373,0.491215,-90.251446,251.43,125.715,20030131, 19:18:10.0000,-62.36573333,-58.42696667,-62.36617313,-58.42925794,-62.36573333,-58.42696667,1.13967E-08
675,77,1,-99.30503,1.271762,-85.56743,251.43,125.715,20030131, 19:18:50.0000,-62.36661499,-58.43153078,-62.36703217,-58.43382519,-62.36661499,-58.43153078,2.95063E-08
675,78,1,-80.573158,94.971461,-63.009603,251.43,125.715,20030131, 19:19:30.0000,-62.36745458,-58.43616583,-62.36788158,-58.43848772,-62.36745458,-58.43616583,2.20344E-06
675,79,1,-99.977994,1.089205,-81.698031,251.43,125.715,20030131, 19:20:10.0000,-62.36832125,-58.4408325,-62.36875458,-58.44316583,-62.36832125,-58.4408325,2.52707E-08
675,80,1,-70.19777,1035.456654,-54.36949,251.43,125.715,20030131, 19:20:50.0000,-62.36918792,-58.44549917,-62.36918792,-58.44549917,-62.36918792,-58.44549917,2.40237E-05
675,81,1,-107.385043,0.197881,-92.087136,251.43,125.715,20030131, 19:21:10.0000,-62.36962125,-58.4478325,-62.3700475,-58.45016583,-62.36962125,-58.4478325,4.59106E-09
675,82,1,-93.663209,4.662169,-74.701996,251.43,125.715,20030131, 19:21:50.0000,-62.37047125,-58.4524825,-62.37088792,-58.45479917,-62.37047125,-58.4524825,1.08167E-07
675,83,1,-105.955185,0.275037,-91.382049,251.43,125.715,20030131, 19:22:30.0000,-62.37131491,-58.4571136,-62.37174825,-58.4594136,-62.37131491,-58.4571136,6.38115E-09
675,84,1,-109.0555,0.134697,-95.551634,251.43,125.715,20030131, 19:23:10.0000,-62.37218083,-58.4617325,-62.37260458,-58.46404917,-62.37218083,-58.4617325,3.12512E-09
675,85,1,-106.425958,0.246782,-88.106061,251.43,125.715,20030131, 19:23:50.0000,-62.37302136,-58.46636633,-62.37345458,-58.4686825,-62.37302136,-58.46636633,5.7256E-09
675,86,1,-104.644718,0.371909,-89.24382,251.43,125.715,20030131, 19:24:30.0000,-62.37389825,-58.47098772,-62.37431417,-58.47329917,-62.37389825,-58.47098772,8.6287E-09
675,87,1,-103.431861,0.491726,-86.674889,251.43,125.715,20030131, 19:25:10.0000,-62.37475833,-58.47563333,-62.37519959,-58.47796382,-62.37475833,-58.47563333,1.14086E-08
675,88,1,-88.852643,14.113822,-69.718911,251.43,125.715,20030131, 19:25:50.0000,-62.37564167,-58.4803,-62.37604767,-58.48263367,-62.37564167,-58.4803,3.27456E-07
675,89,1,-104.993377,0.343219,-90.385051,251.43,125.715,20030131, 19:26:30.0000,-62.37639752,-58.4850231,-62.37676433,-58.4874575,-62.37639752,-58.4850231,7.96305E-09
675,90,1,-104.290134,0.403548,-89.071848,251.43,125.715,20030131, 19:27:10.0000,-62.37711433,-58.48987417,-62.37744767,-58.49228367,-62.37711433,-58.48987417,9.36276E-09
675,91,1,-100.928275,0.875148,-87.896091,251.43,125.715,20030131, 19:27:50.0000,-62.37776515,-58.49470606,-62.37809767,-58.497117,-62.37776515,-58.49470606,2.03044E-08
675,92,1,-69.267621,1282.764139,-50.112728,251.43,125.715,20030131, 19:28:30.0000,-62.37841433,-58.49953367,-62.37874767,-58.501917,-62.37841433,-58.49953367,2.97615E-05
675,93,1,-66.253925,2567.53539,-49.61906,251.43,125.715,20030131, 19:29:10.0000,-62.3790309,-58.50426633,-62.37939103,-58.50668034,-62.3790309,-58.50426633,5.95696E-05
675,94,1,-103.537314,0.47993,-91.172616,251.43,125.715,20030131, 19:29:50.0000,-62.37975585,-58.5090959,-62.37975585,-58.5090959,-62.37975585,-58.5090959,1.11349E-08
675,95,1,-63.551146,4784.034302,-44.122863,251.43,125.715,20030131, 19:30:10.0000,-62.38009957,-58.51151368,-62.38043293,-58.51392195,-62.38009957,-58.51151368,0.000110995
675,96,1,-100.698946,0.922602,-87.183073,251.43,125.715,20030131, 19:30:50.0000,-62.38076624,-58.51629701,-62.38109957,-58.51869701,-62.38076624,-58.51629701,2.14054E-08
675,97,1,-103.953696,0.436053,-86.987337,251.43,125.715,20030131, 19:31:30.0000,-62.38143333,-58.52108333,-62.38179834,-58.52347173,-62.38143333,-58.52108333,1.01169E-08
675,98,1,-103.995842,0.431842,-88.559772,251.43,125.715,20030131, 19:32:10.0000,-62.38214767,-58.52584083,-62.38248167,-58.52823839,-62.38214767,-58.52584083,1.00192E-08
675,99,1,-93.839734,4.476468,-78.158878,251.43,125.715,20030131, 19:32:50.0000,-62.38283291,-58.53061368,-62.38316624,-58.53298846,-62.38283291,-58.53061368,1.03859E-07
675,100,1,-104.493774,0.385063,-88.19988,251.43,125.715,20030131, 19:33:30.0000,-62.38349957,-58.53538034,-62.38386624,-58.53776368,-62.38349957,-58.53538034,8.93387E-09
675,101,1,-102.726806,0.5784,-89.287247,251.43,125.715,20030131, 19:34:10.0000,-62.38423342,-58.54016725,-62.38458168,-58.5425459,-62.38423342,-58.54016725,1.34195E-08
675,102,1,-104.229306,0.40924,-89.704067,251.43,125.715,20030131, 19:34:50.0000,-62.38493208,-58.54492455,-62.38528333,-58.54733333,-62.38493208,-58.54492455,9.49482E-09
675,103,1,-103.951369,0.436287,-90.319564,251.43,125.715,20030131, 19:35:30.0000,-62.38564917,-58.54971875,-62.38603216,-58.55214955,-62.38564917,-58.54971875,1.01223E-08
675,104,1,-100.55911,0.952792,-81.870182,251.43,125.715,20030131, 19:36:10.0000,-62.38639966,-58.55458093,-62.38676583,-58.55700208,-62.38639966,-58.55458093,2.21058E-08
675,105,1,-65.008572,3420.20186,-46.371025,251.43,125.715,20030131, 19:36:50.0000,-62.38715785,-58.55943107,-62.3875155,-58.56184955,-62.38715785,-58.55943107,7.93524E-05
675,106,1,-105.727083,0.289868,-93.72345,251.43,125.715,20030131, 19:37:30.0000,-62.38783168,-58.56426257,-62.38783168,-58.56426257,-62.38783168,-58.56426257,6.72525E-09
675,107,1,-103.247798,0.513014,-90.256311,251.43,125.715,20030131, 19:37:50.0000,-62.3881825,-58.56669417,-62.38851583,-58.56909417,-62.3881825,-58.56669417,1.19025E-08
675,108,1,-113.133029,0.052675,-98.956845,251.43,125.715,20030131, 19:38:30.0000,-62.38885008,-58.57150058,-62.38919103,-58.57390513,-62.38885008,-58.57150058,1.22212E-09
675,109,1,-75.768529,287.115098,-56.074457,251.43,125.715,20030131, 19:39:10.0000,-62.38954968,-58.5763144,-62.38991573,-58.57871012,-62.38954968,-58.5763144,6.66138E-06
675,110,1,-104.94003,0.347461,-88.516284,251.43,125.715,20030131, 19:39:50.0000,-62.39028308,-58.58109821,-62.39064776,-58.58349154,-62.39028308,-58.58109821,8.06147E-09
675,111,1,-110.717519,0.091866,-96.090474,251.43,125.715,20030131, 19:40:30.0000,-62.391016,-58.58592,-62.3913645,-58.58828483,-62.391016,-58.58592,2.1314E-09
675,112,1,-101.881937,0.702611,-84.456358,251.43,125.715,20030131, 19:41:10.0000,-62.39173166,-58.59060494,-62.39221233,-58.59284425,-62.39173166,-58.59060494,1.63013E-08
675,113,1,-106.651379,0.234299,-95.952777,251.43,125.715,20030131, 19:41:50.0000,-62.39279167,-58.59500833,-62.39341615,-58.59712333,-62.39279167,-58.59500833,5.436E-09
675,114,1,-105.082792,0.336225,-95.090239,251.43,125.715,20030131, 19:42:30.0000,-62.39404067,-58.59927067,-62.39466452,-58.60137688,-62.39404067,-58.59927067,7.80078E-09
675,115,1,-99.55061,1.201844,-83.290723,251.43,125.715,20030131, 19:43:10.0000,-62.395279,-58.60350367,-62.39588813,-58.60565253,-62.395279,-58.60350367,2.78841E-08
675,116,1,-103.748142,0.457188,-89.753918,251.43,125.715,20030131, 19:43:50.0000,-62.39653282,-58.60780667,-62.39715033,-58.60997608,-62.39653282,-58.60780667,1.06073E-08
675,117,1,-92.599694,5.955792,-75.418872,251.43,125.715,20030131, 19:44:30.0000,-62.39772525,-58.61215942,-62.39830553,-58.61432951,-62.39772525,-58.61215942,1.38181E-07
675,118,1,-107.841006,0.178159,-94.82223,251.43,125.715,20030131, 19:45:10.0000,-62.3989137,-58.61649869,-62.3989137,-58.61649869,-62.3989137,-58.61649869,4.13349E-09
675,119,1,-100.71697,0.918781,-84.912468,251.43,125.715,20030131, 19:45:30.0000,-62.39952871,-58.61869332,-62.40013384,-58.62088484,-62.39952871,-58.61869332,2.13167E-08
675,120,1,-105.038889,0.339641,-92.419527,251.43,125.715,20030131, 19:46:10.0000,-62.40072525,-58.62304275,-62.40129813,-58.62520226,-62.40072525,-58.62304275,7.88004E-09
675,121,1,-101.438907,0.778069,-91.166582,251.43,125.715,20030131, 19:46:50.0000,-62.40188282,-58.62735667,-62.40249038,-58.62947817,-62.40188282,-58.62735667,1.8052E-08
675,122,1,-102.228115,0.64878,-90.225687,251.43,125.715,20030131, 19:47:30.0000,-62.403117,-58.63162608,-62.40370704,-58.63376941,-62.403117,-58.63162608,1.50524E-08
675,123,1,-103.44794,0.489908,-89.329203,251.43,125.715,20030131, 19:48:10.0000,-62.40430693,-58.63591893,-62.40489039,-58.63810279,-62.40430693,-58.63591893,1.13664E-08
675,124,1,-104.889325,0.351541,-92.697812,251.43,125.715,20030131, 19:48:50.0000,-62.40549785,-58.64021022,-62.40608367,-58.64237608,-62.40549785,-58.64021022,8.15614E-09
675,125,1,-108.340854,0.15879,-95.475165,251.43,125.715,20030131, 19:49:30.0000,-62.40669026,-58.64446893,-62.40729038,-58.64656941,-62.40669026,-58.64446893,3.6841E-09
675,126,1,-109.316255,0.126848,-95.270546,251.43,125.715,20030131, 19:50:10.0000,-62.4078902,-58.64868529,-62.40853161,-58.65076941,-62.4078902,-58.64868529,2.94301E-09
675,127,1,-100.24595,1.024033,-84.626589,251.43,125.715,20030131, 19:50:50.0000,-62.40913845,-58.65287772,-62.40975033,-58.65500942,-62.40913845,-58.65287772,2.37587E-08
675,128,1,-103.732957,0.458789,-91.530808,251.43,125.715,20030131, 19:51:30.0000,-62.41036267,-58.65707133,-62.41098137,-58.65916863,-62.41036267,-58.65707133,1.06444E-08
675,129,1,-104.160424,0.415783,-89.319359,251.43,125.715,20030131, 19:52:10.0000,-62.41160858,-58.66125942,-62.41223178,-58.66331199,-62.41160858,-58.66125942,9.64661E-09
675,130,1,-104.666512,0.370048,-89.828358,251.43,125.715,20030131, 19:52:50.0000,-62.41286495,-58.6653615,-62.41344804,-58.66746863,-62.41286495,-58.6653615,8.58551E-09
675,131,1,-105.894302,0.278919,-93.797708,251.43,125.715,20030131, 19:53:30.0000,-62.41405858,-58.66955942,-62.41467525,-58.67161767,-62.41405858,-58.66955942,6.47123E-09
675,132,1,-101.823434,0.71214,-82.827107,251.43,125.715,20030131, 19:54:10.0000,-62.4152902,-58.67366078,-62.415896,-58.67570467,-62.4152902,-58.67366078,1.65224E-08
675,133,1,-103.687945,0.463569,-89.054383,251.43,125.715,20030131, 19:54:50.0000,-62.41651267,-58.67777133,-62.41712933,-58.679838,-62.41651267,-58.67777133,1.07553E-08
675,134,1,-101.841685,0.709154,-88.859709,251.43,125.715,20030131, 19:55:30.0000,-62.417746,-58.68190467,-62.41836471,-58.68394412,-62.417746,-58.68190467,1.64531E-08
675,135,1,-104.946652,0.346931,-90.904006,251.43,125.715,20030131, 19:56:10.0000,-62.41896717,-58.68600151,-62.41956509,-58.68803656,-62.41896717,-58.68600151,8.04918E-09
675,136,1,-102.655487,0.587977,-89.964255,251.43,125.715,20030131, 19:56:50.0000,-62.42016487,-58.69014462,-62.420784,-58.6922105,-62.42016487,-58.69014462,1.36417E-08
675,137,1,-101.370149,0.790486,-87.522447,251.43,125.715,20030131, 19:57:30.0000,-62.42139192,-58.69427608,-62.42199032,-58.69632796,-62.42139192,-58.69427608,1.83401E-08
675,138,1,-106.693659,0.232029,-92.910433,251.43,125.715,20030131, 19:58:10.0000,-62.42260883,-58.69836867,-62.4232053,-58.70046187,-62.42260883,-58.69836867,5.38333E-09
675,139,1,-105.23659,0.324526,-90.881362,251.43,125.715,20030131, 19:58:50.0000,-62.42383173,-58.70256979,-62.42383173,-58.70256979,-62.42383173,-58.70256979,7.52936E-09
675,140,1,-107.022619,0.215103,-89.700446,251.43,125.715,20030131, 19:59:10.0000,-62.424484,-58.70463533,-62.42508173,-58.70667852,-62.424484,-58.70463533,4.99063E-09
675,141,1,-105.510256,0.304708,-90.80172,251.43,125.715,20030131, 19:59:50.0000,-62.42567538,-58.70876817,-62.4262755,-58.71081867,-62.42567538,-58.70876817,7.06955E-09
675,142,1,-100.514844,0.962553,-84.437696,251.43,125.715,20030131, 20:00:30.0000,-62.42685558,-58.71286308,-62.42744821,-58.71492796,-62.42685558,-58.71286308,2.23323E-08
675,143,1,-106.107172,0.265578,-94.187905,251.43,125.715,20030131, 20:01:10.0000,-62.428034,-58.71702717,-62.42862383,-58.7190866,-62.428034,-58.71702717,6.16169E-09
675,144,1,-101.312624,0.801026,-90.520353,251.43,125.715,20030131, 20:01:50.0000,-62.42917967,-58.72114642,-62.42976733,-58.72321867,-62.42917967,-58.72114642,1.85847E-08
675,145,1,-103.711526,0.461059,-90.727502,251.43,125.715,20030131, 20:02:30.0000,-62.43037394,-58.72528709,-62.43095558,-58.72736308,-62.43037394,-58.72528709,1.06971E-08
675,146,1,-104.640486,0.372272,-92.344444,251.43,125.715,20030131, 20:03:10.0000,-62.43152225,-58.72944642,-62.43212537,-58.73155149,-62.43152225,-58.72944642,8.63711E-09
675,147,1,-100.352328,0.999254,-89.638816,251.43,125.715,20030131, 20:03:50.0000,-62.43273173,-58.73363645,-62.433363,-58.73572975,-62.43273173,-58.73363645,2.31838E-08
675,148,1,-100.196988,1.035643,-87.869691,251.43,125.715,20030131, 20:04:30.0000,-62.43397967,-58.73782975,-62.43461506,-58.73991979,-62.43397967,-58.73782975,2.4028E-08
675,149,1,-101.707056,0.731482,-85.665342,251.43,125.715,20030131, 20:05:10.0000,-62.435213,-58.74201308,-62.43581511,-58.74415327,-62.435213,-58.74201308,1.69712E-08
675,150,1,-106.262159,0.256267,-90.559809,251.43,125.715,20030131, 20:05:50.0000,-62.43641487,-58.74625251,-62.43700883,-58.748352,-62.43641487,-58.74625251,5.94567E-09
675,151,1,-105.753471,0.288112,-89.982841,251.43,125.715,20030131, 20:06:30.0000,-62.4375905,-58.75046199,-62.43817915,-58.7525541,-62.4375905,-58.75046199,6.68452E-09
675,152,1,-108.954144,0.137878,-94.707095,251.43,125.715,20030131, 20:07:10.0000,-62.43877189,-58.75464486,-62.43934192,-58.75673433,-62.43877189,-58.75464486,3.19891E-09
675,153,1,-100.641671,0.93485,-87.243382,251.43,125.715,20030131, 20:07:50.0000,-62.43994061,-58.75881244,-62.4405505,-58.76090149,-62.43994061,-58.75881244,2.16895E-08
675,154,1,-100.445801,0.977977,-86.198635,251.43,125.715,20030131, 20:08:30.0000,-62.44114615,-58.76297178,-62.44174633,-58.76507233,-62.44114615,-58.76297178,2.26901E-08
675,155,1,-91.139965,8.335131,-73.409858,251.43,125.715,20030131, 20:09:10.0000,-62.442322,-58.767138,-62.44290556,-58.76922963,-62.442322,-58.767138,1.93384E-07
675,156,1,-107.725638,0.182955,-95.837319,251.43,125.715,20030131, 20:09:50.0000,-62.44342394,-58.77129577,-62.44395727,-58.77336241,-62.44342394,-58.77129577,4.24476E-09
675,157,1,-99.98907,1.08643,-83.362829,251.43,125.715,20030131, 20:10:30.0000,-62.4445255,-58.77541867,-62.4451005,-58.77745149,-62.4445255,-58.77541867,2.52064E-08
675,158,1,-103.757212,0.456234,-87.111427,251.43,125.715,20030131, 20:11:10.0000,-62.44565858,-58.779501,-62.44624204,-58.78155997,-62.44565858,-58.779501,1.05851E-08
675,159,1,-107.92428,0.174776,-93.583964,251.43,125.715,20030131, 20:11:50.0000,-62.44681506,-58.78364519,-62.4473755,-58.78572717,-62.44681506,-58.78364519,4.05498E-09
675,160,1,-99.891445,1.111129,-83.933257,251.43,125.715,20030131, 20:12:30.0000,-62.4479255,-58.78778533,-62.44850883,-58.789852,-62.4479255,-58.78778533,2.57794E-08
675,161,1,-66.522222,2413.719047,-48.45176,251.43,125.715,20030131, 20:13:10.0000,-62.449084,-58.79193533,-62.4496255,-58.79402717,-62.449084,-58.79193533,5.60009E-05
675,162,1,-100.988576,0.863081,-86.786579,251.43,125.715,20030131, 20:13:50.0000,-62.4501238,-58.79610312,-62.4506406,-58.79818706,-62.4501238,-58.79610312,2.00244E-08
675,163,1,-104.982162,0.344106,-92.613885,251.43,125.715,20030131, 20:14:30.0000,-62.45118917,-58.8002475,-62.45176541,-58.80231289,-62.45118917,-58.8002475,7.98364E-09
675,164,1,-99.627415,1.180776,-82.15344,251.43,125.715,20030131, 20:15:10.0000,-62.45235896,-58.80438585,-62.45293194,-58.80642915,-62.45235896,-58.80438585,2.73953E-08
675,165,1,-105.758111,0.287805,-90.757899,251.43,125.715,20030131, 20:15:50.0000,-62.45350713,-58.80849519,-62.45408,-58.81058083,-62.45350713,-58.80849519,6.67738E-09
675,166,1,-112.457036,0.061547,-98.290858,251.43,125.715,20030131, 20:16:30.0000,-62.45467967,-58.81265567,-62.45526506,-58.81475312,-62.45467967,-58.81265567,1.42795E-09
675,167,1,-63.652966,4673.178032,-46.721052,251.43,125.715,20030131, 20:17:10.0000,-62.455851,-58.81686158,-62.45643192,-58.81896244,-62.455851,-58.81686158,0.000108423
675,168,1,-68.770526,1438.322811,-51.876642,251.43,125.715,20030131, 20:17:50.0000,-62.45700871,-58.8210933,-62.4575557,-58.82323023,-62.45700871,-58.8210933,3.33706E-05
675,169,1,-101.196338,0.822764,-87.781323,251.43,125.715,20030131, 20:18:30.0000,-62.45810558,-58.82537975,-62.45867239,-58.82753035,-62.45810558,-58.82537975,1.9089E-08
675,170,1,-71.959634,690.153178,-53.668402,251.43,125.715,20030131, 20:19:10.0000,-62.45923417,-58.82967772,-62.45980067,-58.83181867,-62.45923417,-58.82967772,1.60123E-05
675,171,1,-86.821572,22.529511,-67.274564,251.43,125.715,20030131, 20:19:50.0000,-62.46034217,-58.8339605,-62.46085883,-58.8361105,-62.46034217,-58.8339605,5.22709E-07
675,172,1,-68.034169,1704.088094,-48.600459,251.43,125.715,20030131, 20:20:30.0000,-62.46137382,-58.83823656,-62.46191315,-58.84037278,-62.46137382,-58.83823656,3.95367E-05
675,173,1,-105.933235,0.27643,-89.619834,251.43,125.715,20030131, 20:21:10.0000,-62.46248919,-58.84251427,-62.4630557,-58.8446469,-62.46248919,-58.84251427,6.41348E-09
675,174,1,-101.398019,0.785429,-88.316256,251.43,125.715,20030131, 20:21:50.0000,-62.46363919,-58.84678094,-62.46421767,-58.84896158,-62.46363919,-58.84678094,1.82228E-08
675,175,1,-103.281556,0.509042,-88.375686,251.43,125.715,20030131, 20:22:30.0000,-62.46472275,-58.85108192,-62.46523914,-58.85321406,-62.46472275,-58.85108192,1.18103E-08
675,176,1,-103.060229,0.535656,-87.213997,251.43,125.715,20030131, 20:23:10.0000,-62.465801,-58.85534492,-62.46633903,-58.8574469,-62.465801,-58.85534492,1.24278E-08
675,177,1,-109.48936,0.121891,-96.024226,251.43,125.715,20030131, 20:23:50.0000,-62.46688209,-58.85954626,-62.4674074,-58.86160428,-62.46688209,-58.85954626,2.82801E-09
675,178,1,-105.080649,0.336391,-90.92102,251.43,125.715,20030131, 20:24:30.0000,-62.4679656,-58.86368014,-62.4685074,-58.86577959,-62.4679656,-58.86368014,7.80463E-09
675,179,1,-97.778313,1.807497,-79.810309,251.43,125.715,20030131, 20:25:10.0000,-62.46903928,-58.86788132,-62.46957575,-58.87001967,-62.46903928,-58.86788132,4.19359E-08
675,180,1,-102.012923,0.681737,-86.469756,251.43,125.715,20030131, 20:25:50.0000,-62.47010595,-58.87213132,-62.4706675,-58.87426106,-62.47010595,-58.87213132,1.5817E-08
675,181,1,-100.059519,1.068949,-84.457833,251.43,125.715,20030131, 20:26:30.0000,-62.47123417,-58.87642772,-62.47178,-58.87856417,-62.47123417,-58.87642772,2.48008E-08
675,182,1,-106.554158,0.239603,-94.282579,251.43,125.715,20030131, 20:27:10.0000,-62.47228942,-58.88066525,-62.47286348,-58.88279045,-62.47228942,-58.88066525,5.55906E-09
675,183,1,-71.584013,752.501948,-53.768814,251.43,125.715,20030131, 20:27:50.0000,-62.47344096,-58.88492193,-62.47398917,-58.88703083,-62.47344096,-58.88492193,1.74589E-05
675,184,1,-102.481824,0.611965,-87.68593,251.43,125.715,20030131, 20:28:30.0000,-62.47455896,-58.88917772,-62.47511333,-58.89128083,-62.47455896,-58.88917772,1.41983E-08
675,185,1,-100.417111,0.98446,-82.840849,251.43,125.715,20030131, 20:29:10.0000,-62.47568015,-58.89342379,-62.47624087,-58.89556348,-62.47568015,-58.89342379,2.28405E-08
675,186,1,-103.326094,0.503848,-87.214282,251.43,125.715,20030131, 20:29:50.0000,-62.47675896,-58.89766918,-62.47734652,-58.89976368,-62.47675896,-58.89766918,1.16898E-08
675,187,1,-97.918257,1.750182,-79.374096,251.43,125.715,20030131, 20:30:30.0000,-62.47789085,-58.90188811,-62.47838942,-58.90396525,-62.47789085,-58.90188811,4.06061E-08
675,188,1,-105.526579,0.303565,-93.584952,251.43,125.715,20030131, 20:31:10.0000,-62.47895595,-58.90609799,-62.47954663,-58.90826406,-62.47895595,-58.90609799,7.04302E-09
675,189,1,-105.963314,0.274522,-93.505693,251.43,125.715,20030131, 20:31:50.0000,-62.48011318,-58.91039701,-62.480701,-58.91254492,-62.48011318,-58.91039701,6.36921E-09
675,190,1,-102.608575,0.594363,-89.824013,251.43,125.715,20030131, 20:32:30.0000,-62.48127261,-58.91464045,-62.48184073,-58.91675428,-62.48127261,-58.91464045,1.37899E-08
675,191,1,-103.838772,0.447746,-91.195539,251.43,125.715,20030131, 20:33:10.0000,-62.48239242,-58.91886967,-62.48294229,-58.92097769,-62.48239242,-58.91886967,1.03882E-08
675,192,1,-70.665101,929.819879,-51.968866,251.43,125.715,20030131, 20:33:50.0000,-62.48348433,-58.92308633,-62.48403449,-58.92521211,-62.48348433,-58.92308633,2.15728E-05
675,193,1,-94.314768,4.012658,-79.247584,251.43,125.715,20030131, 20:34:30.0000,-62.48460896,-58.92732769,-62.48519242,-58.92944492,-62.48460896,-58.92732769,9.3098E-08
675,194,1,-103.130784,0.527024,-90.331188,251.43,125.715,20030131, 20:35:10.0000,-62.485751,-58.93156158,-62.48631767,-58.93369492,-62.485751,-58.93156158,1.22275E-08
675,195,1,-104.31121,0.401595,-90.026194,251.43,125.715,20030131, 20:35:50.0000,-62.48687563,-58.93581106,-62.48741767,-58.93789492,-62.48687563,-58.93581106,9.31743E-09
675,196,1,-99.689663,1.163972,-85.32668,251.43,125.715,20030131, 20:36:30.0000,-62.48797562,-58.93999436,-62.48852563,-58.94211918,-62.48797562,-58.93999436,2.70054E-08
675,197,1,-100.688114,0.924906,-87.177815,251.43,125.715,20030131, 20:37:10.0000,-62.48908433,-58.94426158,-62.48965896,-58.94637769,-62.48908433,-58.94426158,2.14588E-08
675,198,1,-100.510309,0.963558,-85.003052,251.43,125.715,20030131, 20:37:50.0000,-62.4902175,-58.94851106,-62.49076767,-58.95063633,-62.4902175,-58.94851106,2.23556E-08
675,199,1,-83.756406,45.631881,-66.576647,251.43,125.715,20030131, 20:38:30.0000,-62.49131767,-58.952753,-62.49185774,-58.95485577,-62.49131767,-58.952753,1.05871E-06
675,200,1,-102.645574,0.589321,-91.175083,251.43,125.715,20030131, 20:39:10.0000,-62.49242575,-58.95697825,-62.49299242,-58.95909492,-62.49242575,-58.95697825,1.36729E-08
675,201,1,-102.100308,0.668156,-88.819099,251.43,125.715,20030131, 20:39:50.0000,-62.49355908,-58.96121158,-62.49410908,-58.96331158,-62.49355908,-58.96121158,1.5502E-08
675,202,1,-103.845008,0.447104,-91.094685,251.43,125.715,20030131, 20:40:30.0000,-62.49466767,-58.96541967,-62.49523433,-58.96752825,-62.49466767,-58.96541967,1.03733E-08
675,203,1,-103.32941,0.503463,-87.831153,251.43,125.715,20030131, 20:41:10.0000,-62.49577575,-58.96962825,-62.49632575,-58.97174492,-62.49577575,-58.96962825,1.16809E-08
675,204,1,-82.286985,64.004485,-62.501437,251.43,125.715,20030131, 20:41:50.0000,-62.49688433,-58.97389492,-62.497451,-58.97604492,-62.49688433,-58.97389492,1.48497E-06
675,205,1,-100.436673,0.980035,-87.179112,251.43,125.715,20030131, 20:42:30.0000,-62.49801767,-58.97821158,-62.498601,-58.98034492,-62.49801767,-58.97821158,2.27379E-08
675,206,1,-99.793579,1.136452,-85.648995,251.43,125.715,20030131, 20:43:10.0000,-62.49917575,-58.98249492,-62.49975908,-58.98461158,-62.49917575,-58.98249492,2.63669E-08
675,207,1,-105.014281,0.341571,-92.438738,251.43,125.715,20030131, 20:43:50.0000,-62.50032575,-58.98674492,-62.50032575,-58.98674492,-62.50032575,-58.98674492,7.92481E-09
675,208,1,-92.92583,5.524919,-75.865139,251.43,125.715,20030131, 20:44:10.0000,-62.50087575,-58.98892825,-62.5014092,-58.99109544,-62.50087575,-58.98892825,1.28184E-07
675,209,1,-101.390798,0.786736,-87.874852,251.43,125.715,20030131, 20:44:50.0000,-62.50197588,-58.99326214,-62.50252587,-58.99540348,-62.50197588,-58.99326214,1.82531E-08
675,210,1,-100.833245,0.894508,-88.24688,251.43,125.715,20030131, 20:45:30.0000,-62.503101,-58.99752825,-62.50366767,-58.99967825,-62.503101,-58.99752825,2.07536E-08
675,211,1,-62.922827,5528.741186,-47.372364,251.43,125.715,20030131, 20:46:10.0000,-62.5042092,-59.00186211,-62.50479242,-59.00397825,-62.5042092,-59.00186211,0.000128273
675,212,1,-98.737009,1.449466,-83.302904,251.43,125.715,20030131, 20:46:50.0000,-62.5054598,-59.00592822,-62.506168,-59.00779533,-62.5054598,-59.00592822,3.36292E-08
675,213,1,-73.912216,440.237803,-54.180373,251.43,125.715,20030131, 20:47:30.0000,-62.50689312,-59.00968682,-62.50763451,-59.01157822,-62.50689312,-59.00968682,1.0214E-05
675,214,1,-62.995251,5437.306457,-46.826056,251.43,125.715,20030131, 20:48:10.0000,-62.50840133,-59.013504,-62.50916367,-59.01538342,-62.50840133,-59.013504,0.000126151
675,215,1,-100.323944,1.005807,-89.583958,251.43,125.715,20030131, 20:48:50.0000,-62.50992125,-59.01727433,-62.51070458,-59.01918342,-62.50992125,-59.01727433,2.33358E-08
675,216,1,-94.405593,3.929611,-76.370531,251.43,125.715,20030131, 20:49:30.0000,-62.5114883,-59.02109192,-62.5122803,-59.02303333,-62.5114883,-59.02109192,9.11712E-08
675,217,1,-101.944098,0.692627,-90.275852,251.43,125.715,20030131, 20:50:10.0000,-62.51306382,-59.02492479,-62.51384733,-59.02682533,-62.51306382,-59.02492479,1.60697E-08
675,218,1,-101.484714,0.769906,-89.646336,251.43,125.715,20030131, 20:50:50.0000,-62.51463853,-59.02873476,-62.51543814,-59.03065821,-62.51463853,-59.02873476,1.78626E-08
675,219,1,-100.217328,1.030804,-88.079034,251.43,125.715,20030131, 20:51:30.0000,-62.51622645,-59.03257819,-62.51702186,-59.03446809,-62.51622645,-59.03257819,2.39158E-08
675,220,1,-77.974219,172.777448,-60.258179,251.43,125.715,20030131, 20:52:10.0000,-62.51780477,-59.03638384,-62.51860978,-59.03833682,-62.51780477,-59.03638384,4.00862E-06
675,221,1,-102.094949,0.668981,-91.501305,251.43,125.715,20030131, 20:52:50.0000,-62.5194098,-59.04029489,-62.5194098,-59.04029489,-62.5194098,-59.04029489,1.55211E-08
675,222,1,-100.541966,0.95656,-86.062558,251.43,125.715,20030131, 20:53:10.0000,-62.52022667,-59.042254,-62.52102167,-59.04418433,-62.52022667,-59.042254,2.21932E-08
675,223,1,-97.80713,1.795543,-81.502089,251.43,125.715,20030131, 20:53:50.0000,-62.52183856,-59.0461592,-62.522655,-59.04810867,-62.52183856,-59.0461592,4.16585E-08
675,224,1,-103.923392,0.439106,-92.777765,251.43,125.715,20030131, 20:54:30.0000,-62.523455,-59.05007533,-62.524255,-59.052001,-62.523455,-59.05007533,1.01877E-08
675,225,1,-104.345594,0.398428,-93.281384,251.43,125.715,20030131, 20:55:10.0000,-62.525055,-59.053951,-62.52587186,-59.05590913,-62.525055,-59.053951,9.24395E-09
675,226,1,-105.425223,0.310732,-93.261813,251.43,125.715,20030131, 20:55:50.0000,-62.52668833,-59.05786767,-62.52748833,-59.05982533,-62.52668833,-59.05786767,7.20933E-09
675,227,1,-107.010497,0.215704,-97.028955,251.43,125.715,20030131, 20:56:30.0000,-62.52828833,-59.06180867,-62.52828833,-59.06180867,-62.52828833,-59.06180867,5.00458E-09
675,228,1,-103.100524,0.530709,-89.3235,251.43,125.715,20030131, 20:56:50.0000,-62.529105,-59.06377533,-62.529914,-59.065742,-62.529105,-59.06377533,1.2313E-08
675,229,1,-103.967594,0.43466,-89.71627,251.43,125.715,20030131, 20:57:30.0000,-62.53072208,-59.067693,-62.53152667,-59.06967067,-62.53072208,-59.067693,1.00846E-08
675,230,1,-107.61927,0.187492,-93.465013,251.43,125.715,20030131, 20:58:10.0000,-62.53232667,-59.07164533,-62.53311,-59.07358733,-62.53232667,-59.07164533,4.35001E-09
675,231,1,-105.509203,0.304782,-92.39049,251.43,125.715,20030131, 20:58:50.0000,-62.53389333,-59.07552867,-62.53467667,-59.07744533,-62.53389333,-59.07552867,7.07126E-09
675,232,1,-111.438889,0.077807,-97.309577,251.43,125.715,20030131, 20:59:30.0000,-62.53546,-59.07937867,-62.53624333,-59.081304,-62.53546,-59.07937867,1.80521E-09
675,233,1,-109.225597,0.129524,-93.693108,251.43,125.715,20030131, 21:00:10.0000,-62.53702687,-59.08322114,-62.53781,-59.08513733,-62.53702687,-59.08322114,3.00509E-09
675,234,1,-110.173808,0.104119,-96.014078,251.43,125.715,20030131, 21:00:50.0000,-62.53857667,-59.08707867,-62.53934333,-59.089012,-62.53857667,-59.08707867,2.41566E-09
675,235,1,-103.671235,0.465356,-86.693789,251.43,125.715,20030131, 21:01:30.0000,-62.54011,-59.090954,-62.54088467,-59.09288733,-62.54011,-59.090954,1.07968E-08
675,236,1,-100.471047,0.972309,-86.267246,251.43,125.715,20030131, 21:02:10.0000,-62.54164353,-59.09481244,-62.54164353,-59.09481244,-62.54164353,-59.09481244,2.25586E-08
675,237,1,-105.02614,0.340639,-91.141927,251.43,125.715,20030131, 21:02:30.0000,-62.54241,-59.09673733,-62.54317667,-59.09867067,-62.54241,-59.09673733,7.9032E-09
675,238,1,-106.92238,0.220126,-88.840374,251.43,125.715,20030131, 21:03:10.0000,-62.54393875,-59.100593,-62.54469731,-59.10253426,-62.54393875,-59.100593,5.10716E-09
675,239,1,-98.735405,1.450002,-85.259855,251.43,125.715,20030131, 21:03:50.0000,-62.545448,-59.10447733,-62.54621433,-59.10640192,-62.545448,-59.10447733,3.36416E-08
675,240,1,-104.608777,0.375,-88.677073,251.43,125.715,20030131, 21:04:30.0000,-62.546981,-59.108343,-62.54774784,-59.11028574,-62.546981,-59.108343,8.7004E-09
675,241,1,-106.711659,0.23107,-94.412405,251.43,125.715,20030131, 21:05:10.0000,-62.54851433,-59.11221858,-62.54928116,-59.11414347,-62.54851433,-59.11221858,5.36107E-09
675,242,1,-110.03658,0.107461,-98.213327,251.43,125.715,20030131, 21:05:50.0000,-62.55004767,-59.11605967,-62.55082186,-59.11799246,-62.55004767,-59.11605967,2.49321E-09
675,243,1,-106.446636,0.24561,-88.0248,251.43,125.715,20030131, 21:06:30.0000,-62.55159782,-59.1199268,-62.55236433,-59.121843,-62.55159782,-59.1199268,5.69841E-09
675,244,1,-105.292099,0.320405,-88.319601,251.43,125.715,20030131, 21:07:10.0000,-62.55312208,-59.123793,-62.55387228,-59.12575235,-62.55312208,-59.123793,7.43374E-09
675,245,1,-107.3968,0.197346,-94.938623,251.43,125.715,20030131, 21:07:50.0000,-62.55463856,-59.12770149,-62.55540542,-59.129643,-62.55463856,-59.12770149,4.57865E-09
675,246,1,-111.287633,0.080565,-99.744025,251.43,125.715,20030131, 21:08:30.0000,-62.55617208,-59.13156858,-62.55617208,-59.13156858,-62.55617208,-59.13156858,1.86919E-09
675,247,1,-99.366483,1.253893,-81.483112,251.43,125.715,20030131, 21:08:50.0000,-62.55693875,-59.133493,-62.55771415,-59.13543476,-62.55693875,-59.133493,2.90917E-08
675,248,1,-106.670135,0.23329,-90.43939,251.43,125.715,20030131, 21:09:30.0000,-62.55848875,-59.13736858,-62.55924767,-59.13928525,-62.55848875,-59.13736858,5.41257E-09
675,249,1,-98.479777,1.537911,-82.725698,251.43,125.715,20030131, 21:10:10.0000,-62.56001433,-59.14121858,-62.56078814,-59.14315821,-62.56001433,-59.14121858,3.56812E-08
675,250,1,-101.703569,0.732069,-83.051947,251.43,125.715,20030131, 21:10:50.0000,-62.56154833,-59.14511167,-62.56230542,-59.14706858,-62.56154833,-59.14511167,1.69848E-08
675,251,1,-104.701368,0.36709,-87.525707,251.43,125.715,20030131, 21:11:30.0000,-62.56305542,-59.14898525,-62.56382208,-59.150893,-62.56305542,-59.14898525,8.51688E-09
675,252,1,-99.898099,1.109428,-85.269859,251.43,125.715,20030131, 21:12:10.0000,-62.56458875,-59.15280967,-62.56537247,-59.15476061,-62.56458875,-59.15280967,2.57399E-08
675,253,1,-68.934967,1384.88036,-51.743171,251.43,125.715,20030131, 21:12:50.0000,-62.56613894,-59.15671013,-62.56691449,-59.15865235,-62.56613894,-59.15671013,3.21307E-05
675,254,1,-71.279466,807.165012,-51.640321,251.43,125.715,20030131, 21:13:30.0000,-62.567698,-59.160594,-62.56848133,-59.16253617,-62.567698,-59.160594,1.87271E-05
675,255,1,-106.862021,0.223206,-92.008386,251.43,125.715,20030131, 21:14:10.0000,-62.56925545,-59.16449307,-62.57003917,-59.16643617,-62.56925545,-59.16449307,5.17863E-09
675,256,1,-110.173413,0.104128,-96.096292,251.43,125.715,20030131, 21:14:50.0000,-62.57081449,-59.1683768,-62.57081449,-59.1683768,-62.57081449,-59.1683768,2.41588E-09
675,257,1,-108.091087,0.16819,-93.863976,251.43,125.715,20030131, 21:15:10.0000,-62.57158875,-59.17030192,-62.57236467,-59.172194,-62.57158875,-59.17030192,3.90219E-09
675,258,1,-105.97886,0.273541,-92.927119,251.43,125.715,20030131, 21:15:50.0000,-62.57313897,-59.1741102,-62.57392231,-59.17604353,-62.57313897,-59.1741102,6.34645E-09
675,259,1,-113.420233,0.049304,-97.149421,251.43,125.715,20030131, 21:16:30.0000,-62.57470539,-59.17799293,-62.57543133,-59.180044,-62.57470539,-59.17799293,1.14392E-09
675,260,1,-108.907775,0.139358,-96.181976,251.43,125.715,20030131, 21:17:10.0000,-62.57603118,-59.18222579,-62.5766235,-59.18445183,-62.57603118,-59.18222579,3.23325E-09
675,261,1,-106.630449,0.235431,-91.891264,251.43,125.715,20030131, 21:17:50.0000,-62.57720695,-59.18665235,-62.57777362,-59.18885235,-62.57720695,-59.18665235,5.46226E-09
675,262,1,-105.199632,0.3273,-92.996563,251.43,125.715,20030131, 21:18:30.0000,-62.57837625,-59.1910725,-62.57896449,-59.19326792,-62.57837625,-59.1910725,7.59371E-09
675,263,1,-104.285212,0.404006,-93.461441,251.43,125.715,20030131, 21:19:10.0000,-62.57955697,-59.19546907,-62.58015821,-59.19767449,-62.57955697,-59.19546907,9.37337E-09
675,264,1,-103.404494,0.494834,-92.729438,251.43,125.715,20030131, 21:19:50.0000,-62.58075958,-59.19988042,-62.58136467,-59.20208517,-62.58075958,-59.19988042,1.14807E-08
675,265,1,-100.212403,1.031974,-86.389116,251.43,125.715,20030131, 21:20:30.0000,-62.58195683,-59.2042685,-62.58255683,-59.20645183,-62.58195683,-59.2042685,2.39429E-08
675,266,1,-101.933335,0.694345,-91.956443,251.43,125.715,20030131, 21:21:10.0000,-62.5831399,-59.20863401,-62.5831399,-59.20863401,-62.5831399,-59.20863401,1.61096E-08
675,267,1,-100.877641,0.885411,-87.573779,251.43,125.715,20030131, 21:21:30.0000,-62.58372362,-59.21086901,-62.584298,-59.21312633,-62.58372362,-59.21086901,2.05425E-08
675,268,1,-102.681881,0.584414,-90.651066,251.43,125.715,20030131, 21:22:10.0000,-62.58487338,-59.21537579,-62.585448,-59.21762633,-62.58487338,-59.21537579,1.3559E-08
675,269,1,-99.538268,1.205264,-82.305469,251.43,125.715,20030131, 21:22:50.0000,-62.58603518,-59.21990645,-62.58661833,-59.22215583,-62.58603518,-59.21990645,2.79634E-08
675,270,1,-96.773014,2.278282,-85.332287,251.43,125.715,20030131, 21:23:30.0000,-62.58720182,-59.22442305,-62.58778518,-59.22668978,-62.58720182,-59.22442305,5.28586E-08
675,271,1,-98.563471,1.508557,-85.181687,251.43,125.715,20030131, 21:24:10.0000,-62.5883765,-59.2289815,-62.58898516,-59.23125638,-62.5883765,-59.2289815,3.50002E-08
675,272,1,-62.012558,6817.939644,-45.811471,251.43,125.715,20030131, 21:24:50.0000,-62.58960958,-59.2335225,-62.59021833,-59.23578042,-62.58960958,-59.2335225,0.000158184
675,273,1,-102.8464,0.56269,-91.22971,251.43,125.715,20030131, 21:25:30.0000,-62.59081833,-59.23804708,-62.59140167,-59.24033917,-62.59081833,-59.23804708,1.3055E-08
675,274,1,-101.158738,0.829918,-86.25207,251.43,125.715,20030131, 21:26:10.0000,-62.59199292,-59.2426225,-62.59199292,-59.2426225,-62.59199292,-59.2426225,1.9255E-08
675,275,1,-101.655073,0.74029,-90.127978,251.43,125.715,20030131, 21:26:30.0000,-62.59259292,-59.24488917,-62.59319292,-59.24716375,-62.59259292,-59.24488917,1.71755E-08
675,276,1,-102.121491,0.664905,-89.710682,251.43,125.715,20030131, 21:27:10.0000,-62.59379317,-59.24942367,-62.59440958,-59.25166375,-62.59379317,-59.24942367,1.54265E-08
675,277,1,-80.281903,101.559053,-61.067844,251.43,125.715,20030131, 21:27:50.0000,-62.59501851,-59.25391432,-62.59562387,-59.25617806,-62.59501851,-59.25391432,2.35628E-06
675,278,1,-96.899083,2.213098,-80.942598,251.43,125.715,20030131, 21:28:30.0000,-62.59623167,-59.25844417,-62.59682351,-59.26074307,-62.59623167,-59.25844417,5.13463E-08
675,279,1,-100.563114,0.951914,-86.151802,251.43,125.715,20030131, 21:29:10.0000,-62.59741467,-59.26300967,-62.59800685,-59.2652519,-62.59741467,-59.26300967,2.20854E-08
675,280,1,-93.171472,5.221096,-80.756976,251.43,125.715,20030131, 21:29:50.0000,-62.59859816,-59.26749355,-62.59919833,-59.26974417,-62.59859816,-59.26749355,1.21135E-07
675,281,1,-97.975331,1.727332,-87.94753,251.43,125.715,20030131, 21:30:30.0000,-62.59979867,-59.27197867,-62.59979867,-59.27197867,-62.59979867,-59.27197867,4.0076E-08
675,282,1,-99.19968,1.30299,-84.928978,251.43,125.715,20030131, 21:30:50.0000,-62.60039833,-59.2742275,-62.60100708,-59.27646958,-62.60039833,-59.2742275,3.02308E-08
675,283,1,-98.223972,1.631217,-84.521925,251.43,125.715,20030131, 21:31:30.0000,-62.60160708,-59.27871958,-62.60224833,-59.28085292,-62.60160708,-59.27871958,3.7846E-08
675,284,1,-100.153629,1.046034,-84.921823,251.43,125.715,20030131, 21:32:10.0000,-62.602965,-59.28283708,-62.60375645,-59.28468752,-62.602965,-59.28283708,2.42691E-08
675,285,1,-105.042199,0.339382,-93.435252,251.43,125.715,20030131, 21:32:50.0000,-62.60455625,-59.28657833,-62.60533167,-59.28847833,-62.60455625,-59.28657833,7.87403E-09
675,286,1,-102.096992,0.668667,-86.773045,251.43,125.715,20030131, 21:33:30.0000,-62.60612292,-59.290395,-62.60690605,-59.29226998,-62.60612292,-59.290395,1.55138E-08
675,287,1,-94.70456,3.668199,-77.251952,251.43,125.715,20030131, 21:34:10.0000,-62.60768958,-59.29415375,-62.60848936,-59.2960366,-62.60768958,-59.29415375,8.51062E-08
675,288,1,-103.881081,0.443405,-90.843697,251.43,125.715,20030131, 21:34:50.0000,-62.60928958,-59.29793708,-62.61008184,-59.29982886,-62.60928958,-59.29793708,1.02875E-08
675,289,1,-101.68806,0.734688,-88.460028,251.43,125.715,20030131, 21:35:30.0000,-62.61088167,-59.301745,-62.61168149,-59.30367781,-62.61088167,-59.301745,1.70456E-08
675,290,1,-103.71928,0.460236,-92.049592,251.43,125.715,20030131, 21:36:10.0000,-62.61247292,-59.305595,-62.61247292,-59.305595,-62.61247292,-59.305595,1.0678E-08
675,291,1,-60.89626,8816.230581,-43.981435,251.43,125.715,20030131, 21:36:30.0000,-62.61327292,-59.30750375,-62.61407313,-59.3094209,-62.61327292,-59.30750375,0.000204546
675,292,1,-101.386781,0.787464,-90.669076,251.43,125.715,20030131, 21:37:10.0000,-62.6148727,-59.31130327,-62.61568183,-59.31320419,-62.6148727,-59.31130327,1.827E-08
675,293,1,-99.114714,1.328732,-85.779694,251.43,125.715,20030131, 21:37:50.0000,-62.61648151,-59.31510332,-62.61728201,-59.3170047,-62.61648151,-59.31510332,3.0828E-08
675,294,1,-103.057799,0.535956,-88.71348,251.43,125.715,20030131, 21:38:30.0000,-62.61808183,-59.31891214,-62.61889022,-59.32082181,-62.61808183,-59.31891214,1.24348E-08
675,295,1,-103.712876,0.460916,-88.644893,251.43,125.715,20030131, 21:39:10.0000,-62.61969,-59.322746,-62.62048978,-59.32465419,-62.61969,-59.322746,1.06937E-08
675,296,1,-101.206749,0.820794,-87.794853,251.43,125.715,20030131, 21:39:50.0000,-62.62129,-59.32657133,-62.62207333,-59.328496,-62.62129,-59.32657133,1.90433E-08
675,297,1,-98.896966,1.397051,-84.443465,251.43,125.715,20030131, 21:40:30.0000,-62.62285667,-59.33040467,-62.62365667,-59.332288,-62.62285667,-59.33040467,3.24131E-08
675,298,1,-103.037076,0.538519,-87.374912,251.43,125.715,20030131, 21:41:10.0000,-62.62445667,-59.334188,-62.62525667,-59.336088,-62.62445667,-59.334188,1.24942E-08
675,299,1,-101.617021,0.746804,-87.234389,251.43,125.715,20030131, 21:41:50.0000,-62.6260402,-59.33797982,-62.6260402,-59.33797982,-62.6260402,-59.33797982,1.73267E-08
675,300,1,-98.822512,1.421208,-84.354298,251.43,125.715,20030131, 21:42:10.0000,-62.62684,-59.33987933,-62.62764,-59.34177133,-62.62684,-59.33987933,3.29736E-08
675,301,1,-102.062565,0.673988,-90.500711,251.43,125.715,20030131, 21:42:50.0000,-62.62845688,-59.34365514,-62.62924867,-59.34552933,-62.62845688,-59.34365514,1.56373E-08
675,302,1,-98.631044,1.485267,-83.126454,251.43,125.715,20030131, 21:43:30.0000,-62.63004867,-59.34740467,-62.6308398,-59.34928756,-62.63004867,-59.34740467,3.44598E-08
675,303,1,-101.489465,0.769064,-89.095171,251.43,125.715,20030131, 21:44:10.0000,-62.63164,-59.35117133,-62.63244,-59.35307133,-62.63164,-59.35117133,1.78431E-08
675,304,1,-101.598269,0.750036,-89.977468,251.43,125.715,20030131, 21:44:50.0000,-62.63324022,-59.35495514,-62.63403978,-59.35682881,-62.63324022,-59.35495514,1.74016E-08
675,305,1,-100.610576,0.941567,-90.035113,251.43,125.715,20030131, 21:45:30.0000,-62.63485688,-59.35872985,-62.63565667,-59.36062133,-62.63485688,-59.35872985,2.18454E-08
675,306,1,-102.081294,0.671088,-91.249999,251.43,125.715,20030131, 21:46:10.0000,-62.63644867,-59.36251267,-62.63723956,-59.36441162,-62.63644867,-59.36251267,1.557E-08
675,307,1,-102.363968,0.628799,-90.671373,251.43,125.715,20030131, 21:46:50.0000,-62.63804042,-59.36630558,-62.63885667,-59.36821267,-62.63804042,-59.36630558,1.45888E-08
675,308,1,-101.500784,0.767062,-87.532211,251.43,125.715,20030131, 21:47:30.0000,-62.63967353,-59.37013844,-62.64045667,-59.37206267,-62.63967353,-59.37013844,1.77967E-08
675,309,1,-103.870897,0.444446,-92.077826,251.43,125.715,20030131, 21:48:10.0000,-62.64126551,-59.37396318,-62.64126551,-59.37396318,-62.64126551,-59.37396318,1.03116E-08
675,310,1,-102.834432,0.564242,-88.55084,251.43,125.715,20030131, 21:48:30.0000,-62.64205708,-59.37585558,-62.64285647,-59.37775423,-62.64205708,-59.37585558,1.3091E-08
675,311,1,-106.501179,0.242544,-95.539163,251.43,125.715,20030131, 21:49:10.0000,-62.64365688,-59.37967181,-62.64443998,-59.38156263,-62.64365688,-59.37967181,5.62729E-09
675,312,1,-104.605569,0.375277,-90.586312,251.43,125.715,20030131, 21:49:50.0000,-62.64522333,-59.38346267,-62.64602375,-59.38535558,-62.64522333,-59.38346267,8.70683E-09
675,313,1,-106.321314,0.2528,-93.487053,251.43,125.715,20030131, 21:50:30.0000,-62.64681517,-59.38725423,-62.64759022,-59.38917985,-62.64681517,-59.38725423,5.86524E-09
675,314,1,-103.585598,0.474623,-91.875454,251.43,125.715,20030131, 21:51:10.0000,-62.64838216,-59.39107982,-62.64915708,-59.39295558,-62.64838216,-59.39107982,1.10118E-08
675,315,1,-104.880622,0.352247,-91.414126,251.43,125.715,20030131, 21:51:50.0000,-62.6499571,-59.39488036,-62.65075708,-59.39683892,-62.6499571,-59.39488036,8.1725E-09
675,316,1,-103.377444,0.497926,-88.905511,251.43,125.715,20030131, 21:52:30.0000,-62.65154002,-59.39874604,-62.65231584,-59.40066418,-62.65154002,-59.39874604,1.15524E-08
675,317,1,-104.949353,0.346716,-92.58922,251.43,125.715,20030131, 21:53:10.0000,-62.65310035,-59.40259264,-62.65389246,-59.40451008,-62.65310035,-59.40259264,8.04418E-09
675,318,1,-105.653493,0.294822,-94.585031,251.43,125.715,20030131, 21:53:50.0000,-62.65467375,-59.40643033,-62.65467375,-59.40643033,-62.65467375,-59.40643033,6.84018E-09
675,319,1,-104.051728,0.42632,-91.5888,251.43,125.715,20030131, 21:54:10.0000,-62.65546567,-59.40833892,-62.65625708,-59.41022225,-62.65546567,-59.40833892,9.89109E-09
675,320,1,-102.721326,0.57913,-89.884154,251.43,125.715,20030131, 21:54:50.0000,-62.65704083,-59.41213133,-62.65784002,-59.41408804,-62.65704083,-59.41213133,1.34365E-08
675,321,1,-104.081032,0.423453,-91.244361,251.43,125.715,20030131, 21:55:30.0000,-62.65864042,-59.41603033,-62.65944042,-59.417947,-62.65864042,-59.41603033,9.82458E-09
675,322,1,-104.401695,0.393314,-89.692595,251.43,125.715,20030131, 21:56:10.0000,-62.66025708,-59.41983892,-62.66107579,-59.42166008,-62.66025708,-59.41983892,9.12531E-09
675,323,1,-104.505207,0.38405,-92.224125,251.43,125.715,20030131, 21:56:50.0000,-62.66191541,-59.42345603,-62.66274458,-59.42525583,-62.66191541,-59.42345603,8.91038E-09
675,324,1,-83.115346,52.890087,-65.299881,251.43,125.715,20030131, 21:57:30.0000,-62.66357375,-59.4270475,-62.66440233,-59.42885583,-62.66357375,-59.4270475,1.22711E-06
675,325,1,-101.727424,0.728059,-88.111475,251.43,125.715,20030131, 21:58:10.0000,-62.66522792,-59.43064808,-62.66606125,-59.43238917,-62.66522792,-59.43064808,1.68918E-08
675,326,1,-109.040954,0.135149,-96.714948,251.43,125.715,20030131, 21:58:50.0000,-62.6669263,-59.43412786,-62.66777792,-59.43588142,-62.6669263,-59.43412786,3.13561E-09
675,327,1,-109.097882,0.133389,-95.516368,251.43,125.715,20030131, 21:59:30.0000,-62.66865954,-59.4376024,-62.66954458,-59.43930583,-62.66865954,-59.4376024,3.09477E-09
675,328,1,-106.791704,0.22685,-89.812687,251.43,125.715,20030131, 22:00:10.0000,-62.67042792,-59.44098917,-62.67130131,-59.44266885,-62.67042792,-59.44098917,5.26316E-09
675,329,1,-108.257546,0.161866,-92.998638,251.43,125.715,20030131, 22:00:50.0000,-62.6721763,-59.44433594,-62.6721763,-59.44433594,-62.6721763,-59.44433594,3.75545E-09
675,330,1,-100.37285,0.994544,-84.586024,251.43,125.715,20030131, 22:01:10.0000,-62.67307017,-59.44603917,-62.67394287,-59.4477524,-62.67307017,-59.44603917,2.30745E-08
675,331,1,-105.577029,0.300059,-92.799131,251.43,125.715,20030131, 22:01:50.0000,-62.67482609,-59.44943551,-62.67571125,-59.4511725,-62.67482609,-59.44943551,6.96168E-09
675,332,1,-105.874816,0.280174,-93.285518,251.43,125.715,20030131, 22:02:30.0000,-62.67660144,-59.45287764,-62.67749297,-59.4546026,-62.67660144,-59.45287764,6.50033E-09
675,333,1,-104.205233,0.411515,-91.168898,251.43,125.715,20030131, 22:03:10.0000,-62.67838683,-59.4563225,-62.6792762,-59.45801907,-62.67838683,-59.4563225,9.54759E-09
675,334,1,-98.822442,1.421231,-86.514223,251.43,125.715,20030131, 22:03:50.0000,-62.68016823,-59.45969453,-62.68107017,-59.46138917,-62.68016823,-59.45969453,3.29741E-08
675,335,1,-102.18173,0.655746,-87.424527,251.43,125.715,20030131, 22:04:30.0000,-62.68197017,-59.4630725,-62.68284297,-59.46476927,-62.68197017,-59.4630725,1.5214E-08
675,336,1,-91.877837,7.032751,-76.478435,251.43,125.715,20030131, 22:05:10.0000,-62.68373233,-59.46648167,-62.68463478,-59.46819431,-62.68373233,-59.46648167,1.63167E-07
675,337,1,-93.402048,4.951127,-75.657851,251.43,125.715,20030131, 22:05:50.0000,-62.68552437,-59.46989874,-62.6864262,-59.47158574,-62.68552437,-59.46989874,1.14871E-07
675,338,1,-102.067543,0.673216,-88.669709,251.43,125.715,20030131, 22:06:30.0000,-62.68731617,-59.47324917,-62.68731617,-59.47324917,-62.68731617,-59.47324917,1.56193E-08
675,339,1,-97.530007,1.913851,-80.796721,251.43,125.715,20030131, 22:06:50.0000,-62.68821617,-59.47495742,-62.68910792,-59.4766825,-62.68821617,-59.47495742,4.44034E-08
675,340,1,-104.132258,0.418488,-92.910337,251.43,125.715,20030131, 22:07:30.0000,-62.69000167,-59.47840279,-62.69089125,-59.48009917,-62.69000167,-59.47840279,9.70937E-09
675,341,1,-104.810654,0.357967,-91.956485,251.43,125.715,20030131, 22:08:10.0000,-62.69177619,-59.48181905,-62.69267458,-59.48351583,-62.69177619,-59.48181905,8.30523E-09
675,342,1,-105.796306,0.285285,-93.019133,251.43,125.715,20030131, 22:08:50.0000,-62.6935685,-59.48521972,-62.69447417,-59.486915,-62.6935685,-59.48521972,6.61891E-09
675,343,1,-100.824462,0.896319,-87.27244,251.43,125.715,20030131, 22:09:30.0000,-62.69539084,-59.48863985,-62.69627632,-59.49036123,-62.69539084,-59.48863985,2.07956E-08
675,344,1,-94.617347,3.742607,-75.596908,251.43,125.715,20030131, 22:10:10.0000,-62.69717438,-59.49208209,-62.69807437,-59.49379874,-62.69717438,-59.49208209,8.68325E-08
675,345,1,-102.767264,0.573037,-88.990908,251.43,125.715,20030131, 22:10:50.0000,-62.69895771,-59.49551541,-62.69984083,-59.49723983,-62.69895771,-59.49551541,1.32951E-08
675,346,1,-102.958299,0.548377,-90.614752,251.43,125.715,20030131, 22:11:30.0000,-62.70072417,-59.49894833,-62.70072417,-59.49894833,-62.70072417,-59.49894833,1.27229E-08
675,347,1,-105.408748,0.311913,-92.56364,251.43,125.715,20030131, 22:11:50.0000,-62.7016073,-59.50066459,-62.70249925,-59.5023903,-62.7016073,-59.50066459,7.23673E-09
675,348,1,-107.533606,0.191227,-94.931288,251.43,125.715,20030131, 22:12:30.0000,-62.70338208,-59.50410603,-62.70427417,-59.50583167,-62.70338208,-59.50410603,4.43666E-09
675,349,1,-108.442052,0.155133,-96.271615,251.43,125.715,20030131, 22:13:10.0000,-62.70516567,-59.50754833,-62.70605771,-59.50924874,-62.70516567,-59.50754833,3.59925E-09
675,350,1,-101.947227,0.692128,-87.01625,251.43,125.715,20030131, 22:13:50.0000,-62.70694104,-59.51096541,-62.70784083,-59.51267317,-62.70694104,-59.51096541,1.60581E-08
675,351,1,-105.793093,0.285496,-94.663475,251.43,125.715,20030131, 22:14:30.0000,-62.70873233,-59.51438983,-62.70963283,-59.51611583,-62.70873233,-59.51438983,6.62381E-09
675,352,1,-106.935199,0.219477,-92.768234,251.43,125.715,20030131, 22:15:10.0000,-62.71052417,-59.51784833,-62.71141567,-59.51954833,-62.71052417,-59.51784833,5.0921E-09
675,353,1,-99.209341,1.300094,-81.134949,251.43,125.715,20030131, 22:15:50.0000,-62.7123077,-59.52128206,-62.7132075,-59.52303167,-62.7123077,-59.52128206,3.01636E-08
675,354,1,-103.00192,0.542896,-88.586068,251.43,125.715,20030131, 22:16:30.0000,-62.7141075,-59.52474833,-62.71497458,-59.52646582,-62.7141075,-59.52474833,1.25958E-08
675,355,1,-107.019983,0.215234,-93.798548,251.43,125.715,20030131, 22:17:10.0000,-62.71585791,-59.52821582,-62.71585791,-59.52821582,-62.71585791,-59.52821582,4.99366E-09
675,356,1,-108.724662,0.145359,-96.449697,251.43,125.715,20030131, 22:17:30.0000,-62.7167575,-59.52993167,-62.7176575,-59.53162317,-62.7167575,-59.52993167,3.37249E-09
675,357,1,-105.997511,0.272369,-93.656999,251.43,125.715,20030131, 22:18:10.0000,-62.71855729,-59.53331457,-62.71946616,-59.53498249,-62.71855729,-59.53331457,6.31926E-09
675,358,1,-104.141886,0.417561,-89.672591,251.43,125.715,20030131, 22:18:50.0000,-62.72038542,-59.53657813,-62.72129125,-59.53827409,-62.72038542,-59.53657813,9.68788E-09
675,359,1,-106.674528,0.233054,-91.709522,251.43,125.715,20030131, 22:19:30.0000,-62.72219083,-59.539965,-62.72308233,-59.54164833,-62.72219083,-59.539965,5.4071E-09
675,360,1,-110.605391,0.094269,-97.905668,251.43,125.715,20030131, 22:20:10.0000,-62.72396542,-59.54334793,-62.72484083,-59.545065,-62.72396542,-59.54334793,2.18715E-09
675,361,1,-100.689927,0.92452,-87.229225,251.43,125.715,20030131, 22:20:50.0000,-62.72574083,-59.546765,-62.72664125,-59.54846584,-62.72574083,-59.546765,2.14499E-08
675,362,1,-108.402044,0.156569,-96.511911,251.43,125.715,20030131, 22:21:30.0000,-62.72754125,-59.55016582,-62.72844125,-59.55184917,-62.72754125,-59.55016582,3.63256E-09
675,363,1,-107.713252,0.183478,-95.629623,251.43,125.715,20030131, 22:22:10.0000,-62.72934125,-59.55351583,-62.73023258,-59.55514874,-62.72934125,-59.55351583,4.25688E-09
675,364,1,-109.208553,0.130033,-97.691682,251.43,125.715,20030131, 22:22:50.0000,-62.73114146,-59.55674129,-62.73114146,-59.55674129,-62.73114146,-59.55674129,3.01691E-09
675,365,1,-83.562616,47.714168,-65.001457,251.43,125.715,20030131, 22:23:10.0000,-62.7320505,-59.55835908,-62.73296717,-59.55994242,-62.7320505,-59.55835908,1.10702E-06
675,366,1,-84.953357,34.63963,-66.302832,251.43,125.715,20030131, 22:23:50.0000,-62.73389188,-59.56151709,-62.73481617,-59.56311584,-62.73389188,-59.56151709,8.03677E-07
675,367,1,-107.085621,0.212005,-95.475084,251.43,125.715,20030131, 22:24:30.0000,-62.73574125,-59.56476583,-62.73666617,-59.56639092,-62.73574125,-59.56476583,4.91875E-09
675,368,1,-105.620398,0.297077,-89.864816,251.43,125.715,20030131, 22:25:10.0000,-62.73759125,-59.5680325,-62.73850792,-59.56966583,-62.73759125,-59.5680325,6.89251E-09
675,369,1,-96.237389,2.57733,-80.132513,251.43,125.715,20030131, 22:25:50.0000,-62.73943283,-59.57129917,-62.74034146,-59.57294959,-62.73943283,-59.57129917,5.97968E-08
675,370,1,-104.372482,0.395969,-92.674895,251.43,125.715,20030131, 22:26:30.0000,-62.74125792,-59.57460758,-62.74216617,-59.57626583,-62.74125792,-59.57460758,9.1869E-09
675,371,1,-102.247142,0.645944,-83.803222,251.43,125.715,20030131, 22:27:10.0000,-62.74307458,-59.57790758,-62.7439995,-59.57959917,-62.74307458,-59.57790758,1.49866E-08
675,372,1,-104.932363,0.348075,-87.936647,251.43,125.715,20030131, 22:27:50.0000,-62.74489125,-59.58134075,-62.74577458,-59.58306583,-62.74489125,-59.58134075,8.07571E-09
675,373,1,-106.359113,0.25061,-93.779874,251.43,125.715,20030131, 22:28:30.0000,-62.74665792,-59.5847825,-62.74665792,-59.5847825,-62.74665792,-59.5847825,5.81441E-09
675,374,1,-102.374387,0.627293,-91.874894,251.43,125.715,20030131, 22:28:50.0000,-62.74754231,-59.58651795,-62.74842458,-59.5882325,-62.74754231,-59.58651795,1.45539E-08
675,375,1,-101.954951,0.690898,-87.302534,251.43,125.715,20030131, 22:29:30.0000,-62.74933283,-59.58994917,-62.75024125,-59.59165742,-62.74933283,-59.58994917,1.60296E-08
675,376,1,-90.526346,9.600068,-73.929772,251.43,125.715,20030131, 22:30:10.0000,-62.75112521,-59.5935005,-62.7519,-59.59554167,-62.75112521,-59.5935005,2.22732E-07
675,377,1,-95.113098,3.338867,-76.708636,251.43,125.715,20030131, 22:30:50.0000,-62.75249192,-59.59780117,-62.75291675,-59.60020896,-62.75249192,-59.59780117,7.74653E-08
675,378,1,-107.63989,0.186604,-95.579319,251.43,125.715,20030131, 22:31:30.0000,-62.75328342,-59.60270896,-62.75364179,-59.60520896,-62.75328342,-59.60270896,4.3294E-09
675,379,1,-106.480593,0.243697,-94.204548,251.43,125.715,20030131, 22:32:10.0000,-62.75399983,-59.60765708,-62.75434167,-59.61010833,-62.75399983,-59.60765708,5.65403E-09
675,380,1,-108.146526,0.166057,-95.690619,251.43,125.715,20030131, 22:32:50.0000,-62.7547,-59.61259167,-62.75503325,-59.61510771,-62.7547,-59.61259167,3.85269E-09
675,381,1,-104.229569,0.409215,-88.264383,251.43,125.715,20030131, 22:33:30.0000,-62.75539983,-59.61762375,-62.75539983,-59.61762375,-62.75539983,-59.61762375,9.49424E-09
675,382,1,-105.355184,0.315784,-93.280614,251.43,125.715,20030131, 22:33:50.0000,-62.75574992,-59.62010771,-62.7560665,-59.62260708,-62.75574992,-59.62010771,7.32654E-09
675,383,1,-103.204677,0.518133,-91.321172,251.43,125.715,20030131, 22:34:30.0000,-62.75639983,-59.62507375,-62.75673358,-59.62758534,-62.75639983,-59.62507375,1.20212E-08
675,384,1,-105.21545,0.32611,-93.784276,251.43,125.715,20030131, 22:35:10.0000,-62.75709192,-59.63007625,-62.7574335,-59.63257625,-62.75709192,-59.63007625,7.5661E-09
675,385,1,-104.213024,0.410777,-88.484521,251.43,125.715,20030131, 22:35:50.0000,-62.7577835,-59.63506783,-62.7581335,-59.63755958,-62.7577835,-59.63506783,9.53048E-09
675,386,1,-102.102851,0.667765,-90.332809,251.43,125.715,20030131, 22:36:30.0000,-62.7585,-59.64005833,-62.758867,-59.64261083,-62.7585,-59.64005833,1.54929E-08
675,387,1,-104.311359,0.401581,-91.101767,251.43,125.715,20030131, 22:37:10.0000,-62.75923367,-59.6451775,-62.75956785,-59.64774276,-62.75923367,-59.6451775,9.31711E-09
675,388,1,-103.967836,0.434636,-90.959466,251.43,125.715,20030131, 22:37:50.0000,-62.75990025,-59.65029353,-62.75990025,-59.65029353,-62.75990025,-59.65029353,1.0084E-08
675,389,1,-101.258402,0.811089,-90.069784,251.43,125.715,20030131, 22:38:10.0000,-62.76025017,-59.65285958,-62.76060025,-59.65540201,-62.76025017,-59.65285958,1.88182E-08
675,390,1,-97.197029,2.06636,-84.253045,251.43,125.715,20030131, 22:38:50.0000,-62.76093358,-59.65794353,-62.76128358,-59.66050201,-62.76093358,-59.65794353,4.79418E-08
675,391,1,-95.884812,2.795295,-83.209871,251.43,125.715,20030131, 22:39:30.0000,-62.76160008,-59.66307562,-62.76193342,-59.66562563,-62.76160008,-59.66307562,6.48539E-08
675,392,1,-101.120934,0.837174,-90.898185,251.43,125.715,20030131, 22:40:10.0000,-62.76226692,-59.66817688,-62.76261683,-59.67072625,-62.76226692,-59.66817688,1.94233E-08
675,393,1,-96.403132,2.480823,-80.570389,251.43,125.715,20030131, 22:40:50.0000,-62.76296692,-59.67327688,-62.76328358,-59.67582688,-62.76296692,-59.67327688,5.75578E-08
675,394,1,-98.831138,1.418388,-88.055228,251.43,125.715,20030131, 22:41:30.0000,-62.76360025,-59.67840201,-62.76360025,-59.67840201,-62.76360025,-59.67840201,3.29081E-08
675,395,1,-102.297721,0.638465,-90.368687,251.43,125.715,20030131, 22:41:50.0000,-62.76393358,-59.6810102,-62.76425017,-59.68359292,-62.76393358,-59.6810102,1.48131E-08
675,396,1,-100.494692,0.96703,-84.468202,251.43,125.715,20030131, 22:42:30.0000,-62.7645835,-59.68615957,-62.76490008,-59.68874228,-62.7645835,-59.68615957,2.24361E-08
675,397,1,-101.084891,0.84415,-90.623476,251.43,125.715,20030131, 22:43:10.0000,-62.76523367,-59.691336,-62.76556675,-59.69392563,-62.76523367,-59.691336,1.95852E-08
675,398,1,-98.231237,1.62849,-86.966082,251.43,125.715,20030131, 22:43:50.0000,-62.76591675,-59.69650896,-62.76623358,-59.69910201,-62.76591675,-59.69650896,3.77827E-08
675,399,1,-97.13548,2.095853,-83.993378,251.43,125.715,20030131, 22:44:30.0000,-62.76656675,-59.701684,-62.76690025,-59.70423532,-62.76656675,-59.701684,4.86261E-08
675,400,1,-98.064039,1.692408,-87.062359,251.43,125.715,20030131, 22:45:10.0000,-62.76728358,-59.70681866,-62.76728358,-59.70681866,-62.76728358,-59.70681866,3.92657E-08
675,401,1,-98.315701,1.597125,-85.466319,251.43,125.715,20030131, 22:45:30.0000,-62.76767538,-59.70936022,-62.7680335,-59.71189292,-62.76767538,-59.70936022,3.7055E-08
675,402,1,-96.707095,2.313127,-84.932669,251.43,125.715,20030131, 22:46:10.0000,-62.76836683,-59.71448467,-62.76868367,-59.71705267,-62.76836683,-59.71448467,5.3667E-08
675,403,1,-89.784908,11.387232,-71.242214,251.43,125.715,20030131, 22:46:50.0000,-62.76900025,-59.71958534,-62.769317,-59.72214419,-62.76900025,-59.71958534,2.64196E-07
675,404,1,-95.869329,2.805279,-80.793682,251.43,125.715,20030131, 22:47:30.0000,-62.76965025,-59.72472687,-62.76995034,-59.72731086,-62.76965025,-59.72472687,6.50855E-08
675,405,1,-96.733659,2.299021,-83.289748,251.43,125.715,20030131, 22:48:10.0000,-62.77026709,-59.72989481,-62.77060033,-59.7324275,-62.77026709,-59.72989481,5.33398E-08
675,406,1,-96.747144,2.291894,-86.512943,251.43,125.715,20030131, 22:48:50.0000,-62.77095025,-59.73494355,-62.77095025,-59.73494355,-62.77095025,-59.73494355,5.31744E-08
675,407,1,-94.757544,3.623719,-81.641181,251.43,125.715,20030131, 22:49:10.0000,-62.77135858,-59.73754292,-62.77171692,-59.74012687,-62.77135858,-59.73754292,8.40742E-08
675,408,1,-96.103121,2.658256,-82.823792,251.43,125.715,20030131, 22:49:50.0000,-62.77208375,-59.74263668,-62.77243375,-59.74511147,-62.77208375,-59.74263668,6.16744E-08
675,409,1,-100.872501,0.886459,-88.548,251.43,125.715,20030131, 22:50:30.0000,-62.77282562,-59.74766144,-62.77318359,-59.7501769,-62.77282562,-59.74766144,2.05668E-08
675,410,1,-98.544731,1.515081,-79.818165,251.43,125.715,20030131, 22:51:10.0000,-62.77355034,-59.75264419,-62.77393375,-59.75517811,-62.77355034,-59.75264419,3.51515E-08
675,411,1,-80.751218,91.156399,-64.833864,251.43,125.715,20030131, 22:51:50.0000,-62.77425042,-59.75766147,-62.77455042,-59.76011147,-62.77425042,-59.75766147,2.11493E-06
675,412,1,-102.414945,0.621462,-88.836366,251.43,125.715,20030131, 22:52:30.0000,-62.77486708,-59.76249478,-62.77521709,-59.76488626,-62.77486708,-59.76249478,1.44186E-08
675,413,1,-100.173572,1.041242,-88.738606,251.43,125.715,20030131, 22:53:10.0000,-62.77555042,-59.76725293,-62.77590033,-59.76968567,-62.77555042,-59.76725293,2.41579E-08
675,414,1,-97.217979,2.056416,-84.461817,251.43,125.715,20030131, 22:53:50.0000,-62.77626709,-59.77211147,-62.77660871,-59.77445174,-62.77626709,-59.77211147,4.77111E-08
675,415,1,-99.163759,1.313811,-88.228437,251.43,125.715,20030131, 22:54:30.0000,-62.77696709,-59.7768196,-62.77733375,-59.77918626,-62.77696709,-59.7768196,3.04818E-08
675,416,1,-99.646645,1.175559,-89.910717,251.43,125.715,20030131, 22:55:10.0000,-62.77770042,-59.7815696,-62.77810042,-59.78390293,-62.77770042,-59.7815696,2.72742E-08
675,417,1,-95.883276,2.796284,-85.913417,251.43,125.715,20030131, 22:55:50.0000,-62.77848367,-59.78631086,-62.77848367,-59.78631086,-62.77848367,-59.78631086,6.48768E-08
675,418,1,-95.624924,2.967676,-84.909032,251.43,125.715,20030131, 22:56:10.0000,-62.77885042,-59.78873626,-62.77923375,-59.79110293,-62.77885042,-59.78873626,6.88533E-08
675,419,1,-97.256699,2.038164,-82.769163,251.43,125.715,20030131, 22:56:50.0000,-62.7796755,-59.7935275,-62.78010041,-59.79602811,-62.7796755,-59.7935275,4.72876E-08
675,420,1,-97.006219,2.159171,-85.160041,251.43,125.715,20030131, 22:57:30.0000,-62.78045041,-59.79841144,-62.780817,-59.80086083,-62.78045041,-59.79841144,5.00951E-08
675,421,1,-96.261072,2.563313,-82.229846,251.43,125.715,20030131, 22:58:10.0000,-62.78118383,-59.80336208,-62.78154229,-59.80585332,-62.78118383,-59.80336208,5.94716E-08
675,422,1,-94.043072,4.27171,-83.369427,251.43,125.715,20030131, 22:58:50.0000,-62.78193358,-59.80832685,-62.78230025,-59.81082685,-62.78193358,-59.80832685,9.91083E-08
675,423,1,-94.095226,4.220718,-83.144573,251.43,125.715,20030131, 22:59:30.0000,-62.78267525,-59.81329293,-62.7830335,-59.81577626,-62.78267525,-59.81329293,9.79252E-08
675,424,1,-96.283072,2.550361,-84.785112,251.43,125.715,20030131, 23:00:10.0000,-62.78340033,-59.8182775,-62.7838,-59.82080833,-62.78340033,-59.8182775,5.91711E-08
675,425,1,-92.671831,5.857682,-83.034442,251.43,125.715,20030131, 23:00:50.0000,-62.78415017,-59.82327626,-62.78415017,-59.82327626,-62.78415017,-59.82327626,1.35905E-07
675,426,1,-91.354745,7.932944,-79.656484,251.43,125.715,20030131, 23:01:10.0000,-62.784484,-59.82576333,-62.78480033,-59.8282775,-62.784484,-59.82576333,1.84053E-07
675,427,1,-92.56109,6.008969,-76.28677,251.43,125.715,20030131, 23:01:50.0000,-62.78512563,-59.83084481,-62.78550067,-59.83339667,-62.78512563,-59.83084481,1.39415E-07
675,428,1,-101.301579,0.803066,-87.582358,251.43,125.715,20030131, 23:02:30.0000,-62.78588392,-59.8359294,-62.78624267,-59.83838,-62.78588392,-59.8359294,1.8632E-08
675,429,1,-101.613446,0.747419,-87.748225,251.43,125.715,20030131, 23:03:10.0000,-62.78661717,-59.84084542,-62.78698391,-59.84327935,-62.78661717,-59.84084542,1.73409E-08
675,430,1,-99.813495,1.131252,-84.552327,251.43,125.715,20030131, 23:03:50.0000,-62.78733375,-59.84571144,-62.78770908,-59.84812013,-62.78733375,-59.84571144,2.62463E-08
675,431,1,-98.466855,1.542494,-83.278032,251.43,125.715,20030131, 23:04:30.0000,-62.7881005,-59.85047017,-62.78848392,-59.8528541,-62.7881005,-59.85047017,3.57875E-08
675,432,1,-98.758782,1.442217,-85.893409,251.43,125.715,20030131, 23:05:10.0000,-62.78889242,-59.85517017,-62.78941783,-59.85737877,-62.78889242,-59.85517017,3.3461E-08
675,433,1,-100.062388,1.068243,-85.948812,251.43,125.715,20030131, 23:05:50.0000,-62.78999255,-59.85952881,-62.7905592,-59.86167877,-62.78999255,-59.85952881,2.47844E-08
675,434,1,-99.368098,1.253427,-86.008166,251.43,125.715,20030131, 23:06:30.0000,-62.79113432,-59.86386155,-62.79171751,-59.86606963,-62.79113432,-59.86386155,2.90809E-08
675,435,1,-88.254452,16.198085,-69.2633,251.43,125.715,20030131, 23:07:10.0000,-62.79229254,-59.86826211,-62.79288417,-59.87046106,-62.79229254,-59.86826211,3.75813E-07
675,436,1,-100.177248,1.040361,-89.786545,251.43,125.715,20030131, 23:07:50.0000,-62.7934592,-59.87267073,-62.79402587,-59.87489544,-62.7934592,-59.87267073,2.41375E-08
675,437,1,-100.18094,1.039477,-89.779088,251.43,125.715,20030131, 23:08:30.0000,-62.79459254,-59.87711211,-62.79459254,-59.87711211,-62.79459254,-59.87711211,2.4117E-08
675,438,1,-101.041014,0.852722,-92.170138,251.43,125.715,20030131, 23:08:50.0000,-62.7951592,-59.87932877,-62.7957092,-59.88154544,-62.7951592,-59.87932877,1.97841E-08
675,439,1,-94.733176,3.644109,-78.560952,251.43,125.715,20030131, 23:09:30.0000,-62.79626768,-59.88377828,-62.79683449,-59.88600406,-62.79626768,-59.88377828,8.45473E-08
675,440,1,-98.922205,1.388956,-88.236084,251.43,125.715,20030131, 23:10:10.0000,-62.79740933,-59.88825467,-62.79797575,-59.89049492,-62.79740933,-59.88825467,3.22253E-08
675,441,1,-95.675496,2.933319,-83.811341,251.43,125.715,20030131, 23:10:50.0000,-62.79853451,-59.89273744,-62.79907588,-59.89499548,-62.79853451,-59.89273744,6.80562E-08
675,442,1,-99.808728,1.132495,-88.816029,251.43,125.715,20030131, 23:11:30.0000,-62.79962574,-59.89726155,-62.80018451,-59.89952077,-62.79962574,-59.89726155,2.62751E-08
675,443,1,-97.702255,1.839431,-86.059913,251.43,125.715,20030131, 23:12:10.0000,-62.80074267,-59.901788,-62.80130871,-59.90406841,-62.80074267,-59.901788,4.26768E-08
675,444,1,-98.400348,1.566297,-82.081112,251.43,125.715,20030131, 23:12:50.0000,-62.80189243,-59.90632832,-62.80246784,-59.90857881,-62.80189243,-59.90632832,3.63398E-08
675,445,1,-100.44846,0.977379,-86.674823,251.43,125.715,20030131, 23:13:30.0000,-62.80299254,-59.91086211,-62.80349254,-59.9131874,-62.80299254,-59.91086211,2.26762E-08
675,446,1,-62.907018,5548.902463,-49.30562,251.43,125.715,20030131, 23:14:10.0000,-62.80399279,-59.91553856,-62.80449279,-59.91794726,-62.80399279,-59.91553856,0.000128741
675,447,1,-101.879688,0.702975,-91.522081,251.43,125.715,20030131, 23:14:50.0000,-62.80500933,-59.92035467,-62.80500933,-59.92035467,-62.80500933,-59.92035467,1.63098E-08
675,448,1,-101.031963,0.854501,-89.877364,251.43,125.715,20030131, 23:15:10.0000,-62.80552625,-59.92276458,-62.80605945,-59.92516393,-62.80552625,-59.92276458,1.98253E-08
675,449,1,-95.918786,2.773514,-80.884182,251.43,125.715,20030131, 23:15:50.0000,-62.80657612,-59.92752189,-62.80707625,-59.9298725,-62.80657612,-59.92752189,6.43485E-08
675,450,1,-96.675862,2.329822,-84.869553,251.43,125.715,20030131, 23:16:30.0000,-62.80759279,-59.93221393,-62.80812613,-59.93457194,-62.80759279,-59.93221393,5.40544E-08
675,451,1,-99.05632,1.346719,-87.076859,251.43,125.715,20030131, 23:17:10.0000,-62.80864279,-59.93695522,-62.8091428,-59.93936399,-62.80864279,-59.93695522,3.12453E-08
675,452,1,-98.625753,1.487077,-84.912954,251.43,125.715,20030131, 23:17:50.0000,-62.80965946,-59.94183065,-62.81020149,-59.9442806,-62.80965946,-59.94183065,3.45018E-08
675,453,1,-99.730998,1.152947,-87.911731,251.43,125.715,20030131, 23:18:30.0000,-62.81072625,-59.94668125,-62.8112591,-59.94907024,-62.81072625,-59.94668125,2.67496E-08
675,454,1,-103.158222,0.523705,-91.835513,251.43,125.715,20030131, 23:19:10.0000,-62.811776,-59.951488,-62.811776,-59.951488,-62.811776,-59.951488,1.21505E-08
675,455,1,-101.65445,0.740396,-90.698931,251.43,125.715,20030131, 23:19:30.0000,-62.812285,-59.95390583,-62.81280083,-59.9562725,-62.812285,-59.95390583,1.7178E-08
675,456,1,-100.071007,1.066125,-83.639882,251.43,125.715,20030131, 23:20:10.0000,-62.81320958,-59.95873125,-62.81356716,-59.96122059,-62.81320958,-59.95873125,2.47353E-08
675,457,1,-96.273044,2.556257,-84.453859,251.43,125.715,20030131, 23:20:50.0000,-62.8139335,-59.96379292,-62.81426683,-59.96638467,-62.8139335,-59.96379292,5.93079E-08
675,458,1,-93.420425,4.930222,-77.741658,251.43,125.715,20030131, 23:21:30.0000,-62.8145835,-59.96900133,-62.81490017,-59.97162625,-62.8145835,-59.96900133,1.14386E-07
675,459,1,-100.544286,0.956049,-89.870462,251.43,125.715,20030131, 23:22:10.0000,-62.8152335,-59.97425133,-62.81558409,-59.97683065,-62.8152335,-59.97425133,2.21814E-08
675,460,1,-101.227896,0.816807,-89.985336,251.43,125.715,20030131, 23:22:50.0000,-62.81613435,-59.97917024,-62.81613435,-59.97917024,-62.81613435,-59.97917024,1.89508E-08
675,461,1,-86.603834,23.687845,-71.891052,251.43,125.715,20030131, 23:23:10.0000,-62.81676783,-59.98137877,-62.81740133,-59.98356267,-62.81676783,-59.98137877,5.49584E-07
675,462,1,-98.662113,1.474679,-83.006872,251.43,125.715,20030131, 23:23:50.0000,-62.81805082,-59.985761,-62.818685,-59.98794708,-62.81805082,-59.985761,3.42142E-08
675,463,1,-100.345899,1.000735,-87.726428,251.43,125.715,20030131, 23:24:30.0000,-62.81932625,-59.99015583,-62.82000133,-59.992296,-62.81932625,-59.99015583,2.32181E-08
675,464,1,-89.087217,13.371718,-75.308734,251.43,125.715,20030131, 23:25:10.0000,-62.82068367,-59.99442608,-62.82135033,-59.99657608,-62.82068367,-59.99442608,3.10238E-07
675,465,1,-82.187869,65.482012,-65.084485,251.43,125.715,20030131, 23:25:50.0000,-62.82200033,-59.99875942,-62.82261733,-60.00098567,-62.82200033,-59.99875942,1.51925E-06
675,466,1,-100.53053,0.959082,-88.020043,251.43,125.715,20030131, 23:26:30.0000,-62.82325067,-60.00317717,-62.82386733,-60.00532717,-62.82325067,-60.00317717,2.22518E-08
675,467,1,-77.078689,212.344017,-61.903951,251.43,125.715,20030131, 23:27:10.0000,-62.824484,-60.0074605,-62.82510067,-60.00959383,-62.824484,-60.0074605,4.92661E-06
675,468,1,-79.571653,119.60343,-65.312279,251.43,125.715,20030131, 23:27:50.0000,-62.825734,-60.01174383,-62.82638383,-60.01382662,-62.825734,-60.01174383,2.77493E-06
675,469,1,-101.746772,0.724823,-91.250461,251.43,125.715,20030131, 23:28:30.0000,-62.82701733,-60.01589383,-62.82766733,-60.0179605,-62.82701733,-60.01589383,1.68167E-08
675,470,1,-84.106079,42.101838,-68.310189,251.43,125.715,20030131, 23:29:10.0000,-62.82830067,-60.02003533,-62.828934,-60.02208533,-62.82830067,-60.02003533,9.76808E-07
675,471,1,-95.526813,3.035482,-81.049729,251.43,125.715,20030131, 23:29:50.0000,-62.82958452,-60.02410355,-62.82958452,-60.02410355,-62.82958452,-60.02410355,7.04264E-08
675,472,1,-103.644134,0.468269,-91.691661,251.43,125.715,20030131, 23:30:10.0000,-62.83025067,-60.026152,-62.83091785,-60.02820355,-62.83025067,-60.026152,1.08644E-08
675,473,1,-101.023129,0.856241,-89.199289,251.43,125.715,20030131, 23:30:50.0000,-62.83156782,-60.03025345,-62.8322255,-60.03231867,-62.83156782,-60.03025345,1.98657E-08
675,474,1,-100.225578,1.028848,-86.43457,251.43,125.715,20030131, 23:31:30.0000,-62.8328755,-60.0344105,-62.83353448,-60.0364954,-62.8328755,-60.0344105,2.38704E-08
675,475,1,-96.357897,2.506797,-83.574986,251.43,125.715,20030131, 23:32:10.0000,-62.834184,-60.03857717,-62.834834,-60.040652,-62.834184,-60.03857717,5.81604E-08
675,476,1,-96.207048,2.595399,-83.081519,251.43,125.715,20030131, 23:32:50.0000,-62.83551733,-60.0427105,-62.836184,-60.04477717,-62.83551733,-60.0427105,6.02161E-08
675,477,1,-97.313367,2.011742,-84.051902,251.43,125.715,20030131, 23:33:30.0000,-62.836834,-60.04686867,-62.83746785,-60.04894552,-62.836834,-60.04686867,4.66746E-08
675,478,1,-101.709427,0.731082,-88.262876,251.43,125.715,20030131, 23:34:10.0000,-62.83811733,-60.05103533,-62.83876733,-60.053102,-62.83811733,-60.05103533,1.69619E-08
675,479,1,-102.251066,0.64536,-88.872234,251.43,125.715,20030131, 23:34:50.0000,-62.83941867,-60.05519817,-62.84006867,-60.0572815,-62.83941867,-60.05519817,1.49731E-08
675,480,1,-100.346385,1.000623,-87.248138,251.43,125.715,20030131, 23:35:30.0000,-62.84071782,-60.05938678,-62.84136733,-60.06149383,-62.84071782,-60.05938678,2.32155E-08
675,481,1,-98.960711,1.376695,-86.944126,251.43,125.715,20030131, 23:36:10.0000,-62.84201733,-60.06364383,-62.84266797,-60.06582124,-62.84201733,-60.06364383,3.19408E-08
675,482,1,-95.463414,3.080119,-81.303243,251.43,125.715,20030131, 23:36:50.0000,-62.84331833,-60.06798833,-62.84396782,-60.07008678,-62.84331833,-60.06798833,7.14621E-08
675,483,1,-100.484496,0.969302,-88.383733,251.43,125.715,20030131, 23:37:30.0000,-62.844634,-60.07218533,-62.845284,-60.07429383,-62.844634,-60.07218533,2.24889E-08
675,484,1,-100.941056,0.872576,-88.517847,251.43,125.715,20030131, 23:38:10.0000,-62.84589217,-60.07647717,-62.8464255,-60.078769,-62.84589217,-60.07647717,2.02447E-08
675,485,1,-100.326936,1.005114,-87.311445,251.43,125.715,20030131, 23:38:50.0000,-62.8469255,-60.08110233,-62.8474255,-60.08338567,-62.8469255,-60.08110233,2.33197E-08
675,486,1,-96.466419,2.444933,-81.018161,251.43,125.715,20030131, 23:39:30.0000,-62.8479255,-60.08565233,-62.8479255,-60.08565233,-62.8479255,-60.08565233,5.67251E-08
675,487,1,-95.066384,3.374975,-77.623667,251.43,125.715,20030131, 23:39:50.0000,-62.84844217,-60.08795233,-62.84894305,-60.09027312,-62.84844217,-60.08795233,7.83031E-08
675,488,1,-96.647362,2.345161,-79.024123,251.43,125.715,20030131, 23:40:30.0000,-62.84936732,-60.0926799,-62.8497265,-60.09511583,-62.84936732,-60.0926799,5.44103E-08
675,489,1,-94.175025,4.143873,-75.046066,251.43,125.715,20030131, 23:41:10.0000,-62.8500845,-60.09756708,-62.8503255,-60.1000825,-62.8500845,-60.09756708,9.61423E-08
675,490,1,-99.793364,1.136508,-87.386516,251.43,125.715,20030131, 23:41:50.0000,-62.8503,-60.10263077,-62.85021667,-60.10519924,-62.8503,-60.10263077,2.63682E-08
675,491,1,-102.192365,0.654143,-89.073608,251.43,125.715,20030131, 23:42:30.0000,-62.85013333,-60.10777467,-62.84999113,-60.11032529,-62.85013333,-60.10777467,1.51768E-08
675,492,1,-101.851147,0.70761,-88.561771,251.43,125.715,20030131, 23:43:10.0000,-62.84984121,-60.11289063,-62.84969108,-60.11549267,-62.84984121,-60.11289063,1.64173E-08
675,493,1,-101.965743,0.689183,-89.813263,251.43,125.715,20030131, 23:43:50.0000,-62.84954112,-60.11809204,-62.84937462,-60.12070615,-62.84954112,-60.11809204,1.59898E-08
675,494,1,-101.898677,0.699908,-89.675767,251.43,125.715,20030131, 23:44:30.0000,-62.84922462,-60.12332276,-62.84910783,-60.12595808,-62.84922462,-60.12332276,1.62386E-08
675,495,1,-102.687039,0.583721,-90.056541,251.43,125.715,20030131, 23:45:10.0000,-62.84899122,-60.12856511,-62.84899122,-60.12856511,-62.84899122,-60.12856511,1.3543E-08
675,496,1,-97.928951,1.745878,-86.018952,251.43,125.715,20030131, 23:45:30.0000,-62.84885779,-60.1311665,-62.84870788,-60.13378184,-62.84885779,-60.1311665,4.05063E-08
675,497,1,-94.81687,3.574555,-82.234394,251.43,125.715,20030131, 23:46:10.0000,-62.84857459,-60.1363732,-62.84844108,-60.13898375,-62.84857459,-60.1363732,8.29335E-08
675,498,1,-93.538242,4.79827,-82.30823,251.43,125.715,20030131, 23:46:50.0000,-62.84830783,-60.14159133,-62.84817446,-60.14419975,-62.84830783,-60.14159133,1.11325E-07
675,499,1,-97.380358,1.980948,-83.598861,251.43,125.715,20030131, 23:47:30.0000,-62.84804126,-60.14680654,-62.84790783,-60.14942467,-62.84804126,-60.14680654,4.59601E-08
675,500,1,-70.521766,961.019709,-53.864382,251.43,125.715,20030131, 23:48:10.0000,-62.84779112,-60.15202538,-62.84765779,-60.15464196,-62.84779112,-60.15202538,2.22967E-05
675,501,1,-99.416635,1.239497,-87.300064,251.43,125.715,20030131, 23:48:50.0000,-62.84752457,-60.15724804,-62.84740795,-60.15987276,-62.84752457,-60.15724804,2.87577E-08
675,502,1,-78.698631,146.233142,-63.045849,251.43,125.715,20030131, 23:49:30.0000,-62.84727442,-60.16250933,-62.84727442,-60.16250933,-62.84727442,-60.16250933,3.39277E-06
675,503,1,-93.19611,5.191561,-80.60676,251.43,125.715,20030131, 23:49:50.0000,-62.84714108,-60.16514276,-62.84694883,-60.167776,-62.84714108,-60.16514276,1.2045E-07
675,504,1,-96.087847,2.667622,-87.523686,251.43,125.715,20030131, 23:50:30.0000,-62.84663233,-60.17034133,-62.84631559,-60.17293308,-62.84663233,-60.17034133,6.18917E-08
675,505,1,-93.714125,4.60783,-84.806301,251.43,125.715,20030131, 23:51:10.0000,-62.84598226,-60.17549196,-62.84563226,-60.17806642,-62.84598226,-60.17549196,1.06907E-07
675,506,1,-93.398612,4.955046,-84.683912,251.43,125.715,20030131, 23:51:50.0000,-62.84528224,-60.1806165,-62.84494883,-60.18316708,-62.84528224,-60.1806165,1.14962E-07
675,507,1,-99.329806,1.264528,-84.825409,251.43,125.715,20030131, 23:52:30.0000,-62.84465789,-60.18572382,-62.84440795,-60.18829738,-62.84465789,-60.18572382,2.93384E-08
675,508,1,-105.488697,0.306224,-90.610007,251.43,125.715,20030131, 23:53:10.0000,-62.84415767,-60.190885,-62.84389122,-60.19347382,-62.84415767,-60.190885,7.10473E-09
675,509,1,-112.545228,0.06031,-100.940137,251.43,125.715,20030131, 23:53:50.0000,-62.84363239,-60.19606538,-62.84363239,-60.19606538,-62.84363239,-60.19606538,1.39925E-09
675,510,1,-103.158161,0.523712,-88.676396,251.43,125.715,20030131, 23:54:10.0000,-62.84337437,-60.19867672,-62.84312455,-60.20128171,-62.84337437,-60.19867672,1.21507E-08
675,511,1,-99.427207,1.236483,-84.641105,251.43,125.715,20030131, 23:54:50.0000,-62.8428912,-60.20385752,-62.842632,-60.20640167,-62.8428912,-60.20385752,2.86877E-08
675,512,1,-110.482536,0.096974,-96.547443,251.43,125.715,20030131, 23:55:30.0000,-62.84238259,-60.20894721,-62.84212453,-60.21151538,-62.84238259,-60.20894721,2.2499E-09
675,513,1,-114.472449,0.038696,-100.340288,251.43,125.715,20030131, 23:56:10.0000,-62.84185767,-60.21406833,-62.84159122,-60.21659049,-62.84185767,-60.21406833,8.9778E-10
675,514,1,-110.163236,0.104372,-94.627514,251.43,125.715,20030131, 23:56:50.0000,-62.84132437,-60.21913442,-62.84106533,-60.22172733,-62.84132437,-60.21913442,2.42155E-09
675,515,1,-106.914735,0.220514,-91.570682,251.43,125.715,20030131, 23:57:30.0000,-62.84079911,-60.22431504,-62.84053239,-60.22689872,-62.84079911,-60.22431504,5.11615E-09
675,516,1,-112.781669,0.057114,-98.703389,251.43,125.715,20030131, 23:58:10.0000,-62.84027433,-60.22945167,-62.84027433,-60.22945167,-62.84027433,-60.22945167,1.3251E-09
675,517,1,-105.31515,0.318709,-88.862356,251.43,125.715,20030131, 23:58:30.0000,-62.84002455,-60.23200715,-62.83976573,-60.23459872,-62.84002455,-60.23200715,7.39438E-09
675,518,1,-95.303031,3.195993,-82.083871,251.43,125.715,20030131, 23:59:10.0000,-62.83951533,-60.23720167,-62.83927455,-60.23977382,-62.83951533,-60.23720167,7.41505E-08
675,519,1,-96.047878,2.692286,-86.089197,251.43,125.715,20030131, 23:59:50.0000,-62.83904124,-60.24232347,-62.838791,-60.24492733,-62.83904124,-60.24232347,6.24639E-08
675,520,1,-99.632599,1.179367,-86.529068,251.43,125.715,20030201, 00:00:30.0000,-62.83855789,-60.24755715,-62.83835786,-60.25014085,-62.83855789,-60.24755715,2.73626E-08
675,521,1,-103.004679,0.542552,-90.323285,251.43,125.715,20030201, 00:01:10.0000,-62.83814867,-60.252735,-62.83794911,-60.25532382,-62.83814867,-60.252735,1.25878E-08
675,522,1,-100.171411,1.04176,-87.763074,251.43,125.715,20030201, 00:01:50.0000,-62.83777457,-60.25789804,-62.83756533,-60.26047733,-62.83777457,-60.25789804,2.417E-08
675,523,1,-97.650969,1.861281,-88.910232,251.43,125.715,20030201, 00:02:30.0000,-62.83734911,-60.26304049,-62.83734911,-60.26304049,-62.83734911,-60.26304049,4.31837E-08
675,524,1,-94.534451,3.81473,-83.993081,251.43,125.715,20030201, 00:02:50.0000,-62.83714906,-60.26559085,-62.83692442,-60.26815042,-62.83714906,-60.26559085,8.85059E-08
675,525,1,-93.365192,4.993323,-81.016667,251.43,125.715,20030201, 00:03:30.0000,-62.83672455,-60.27069837,-62.83650791,-60.27321471,-62.83672455,-60.27069837,1.1585E-07
675,526,1,-97.929209,1.745774,-86.322104,251.43,125.715,20030201, 00:04:10.0000,-62.83630786,-60.27573205,-62.83610775,-60.27826708,-62.83630786,-60.27573205,4.05038E-08
675,527,1,-95.747274,2.885237,-85.177055,251.43,125.715,20030201, 00:04:50.0000,-62.83589115,-60.28078273,-62.83568192,-60.28328557,-62.83589115,-60.28078273,6.69406E-08
675,528,1,-96.418889,2.471838,-86.923084,251.43,125.715,20030201, 00:05:30.0000,-62.83549114,-60.28578293,-62.83529116,-60.28829932,-62.83549114,-60.28578293,5.73493E-08
675,529,1,-94.684647,3.685057,-82.826251,251.43,125.715,20030201, 00:06:10.0000,-62.83510758,-60.29080292,-62.83490767,-60.29330167,-62.83510758,-60.29080292,8.54973E-08
675,530,1,-97.246033,2.043175,-85.351352,251.43,125.715,20030201, 00:06:50.0000,-62.8347243,-60.29580224,-62.83454114,-60.29829959,-62.8347243,-60.29580224,4.74039E-08
675,531,1,-98.283932,1.608851,-89.320463,251.43,125.715,20030201, 00:07:30.0000,-62.83431565,-60.30075714,-62.83409114,-60.30324959,-62.83431565,-60.30075714,3.73271E-08
675,532,1,-97.759131,1.815498,-85.904164,251.43,125.715,20030201, 00:08:10.0000,-62.8338743,-60.30575224,-62.83364894,-60.30821626,-62.8338743,-60.30575224,4.21215E-08
675,533,1,-99.774555,1.141441,-90.592614,251.43,125.715,20030201, 00:08:50.0000,-62.83342444,-60.3107,-62.83322433,-60.31315933,-62.83342444,-60.3107,2.64827E-08
675,534,1,-94.790508,3.596318,-85.78823,251.43,125.715,20030201, 00:09:30.0000,-62.83301526,-60.31561891,-62.83280763,-60.31808557,-62.83301526,-60.31561891,8.34385E-08
675,535,1,-95.723813,2.900866,-83.003571,251.43,125.715,20030201, 00:10:10.0000,-62.83262433,-60.32055933,-62.8324578,-60.3230074,-62.83262433,-60.32055933,6.73032E-08
675,536,1,-95.335328,3.172314,-80.348048,251.43,125.715,20030201, 00:10:50.0000,-62.83227429,-60.32546901,-62.83210758,-60.32786958,-62.83227429,-60.32546901,7.36011E-08
675,537,1,-92.105752,6.673194,-80.449117,251.43,125.715,20030201, 00:11:30.0000,-62.8319578,-60.3302574,-62.83180767,-60.33265167,-62.8319578,-60.3302574,1.54825E-07
675,538,1,-90.025353,10.773918,-80.818582,251.43,125.715,20030201, 00:12:10.0000,-62.83165762,-60.33505235,-62.83152433,-60.337485,-62.83165762,-60.33505235,2.49967E-07
675,539,1,-85.541922,30.249394,-77.598409,251.43,125.715,20030201, 00:12:50.0000,-62.8314,-60.33990997,-62.83127433,-60.34230933,-62.8314,-60.33990997,7.01819E-07
675,540,1,-89.326861,12.653853,-81.232428,251.43,125.715,20030201, 00:13:30.0000,-62.831141,-60.344735,-62.83095763,-60.34720224,-62.831141,-60.344735,2.93583E-07
675,541,1,-87.949641,17.375803,-80.162937,251.43,125.715,20030201, 00:14:10.0000,-62.83077429,-60.34962663,-62.83059095,-60.3520433,-62.83077429,-60.34962663,4.03137E-07
675,542,1,-91.580577,7.530975,-83.526868,251.43,125.715,20030201, 00:14:50.0000,-62.83039886,-60.35448358,-62.83020763,-60.35696891,-62.83039886,-60.35448358,1.74727E-07
675,543,1,-90.443231,9.785562,-81.895473,251.43,125.715,20030201, 00:15:30.0000,-62.83005762,-60.35946901,-62.82992467,-60.36194667,-62.83005762,-60.35946901,2.27036E-07
675,544,1,-88.057257,16.95053,-73.43494,251.43,125.715,20030201, 00:16:10.0000,-62.82974101,-60.36446823,-62.8295743,-60.36696891,-62.82974101,-60.36446823,3.93271E-07
675,545,1,-81.368339,79.081523,-68.965804,251.43,125.715,20030201, 00:16:50.0000,-62.82942421,-60.36947015,-62.82942421,-60.36947015,-62.82942421,-60.36947015,1.83478E-06
675,546,1,-90.121432,10.538183,-76.679233,251.43,125.715,20030201, 00:17:10.0000,-62.82929087,-60.3719794,-62.82915759,-60.37455281,-62.82929087,-60.3719794,2.44497E-07
675,547,1,-87.990916,17.211445,-76.884002,251.43,125.715,20030201, 00:17:50.0000,-62.82908333,-60.37706958,-62.82898333,-60.3796375,-62.82908333,-60.37706958,3.99324E-07
675,548,1,-87.407334,19.686817,-77.484852,251.43,125.715,20030201, 00:18:30.0000,-62.82889092,-60.38216958,-62.82880755,-60.38468682,-62.82889092,-60.38216958,4.56755E-07
675,549,1,-87.305124,20.155639,-76.723863,251.43,125.715,20030201, 00:19:10.0000,-62.82872421,-60.38720348,-62.82862421,-60.38973682,-62.82872421,-60.38720348,4.67633E-07
675,550,1,-87.623253,18.731978,-75.034085,251.43,125.715,20030201, 00:19:50.0000,-62.82853333,-60.39228693,-62.82842421,-60.39489594,-62.82853333,-60.39228693,4.34602E-07
675,551,1,-88.308233,15.998733,-77.44558,251.43,125.715,20030201, 00:20:30.0000,-62.82831667,-60.39747015,-62.82821667,-60.40002556,-62.82831667,-60.39747015,3.71188E-07
675,552,1,-90.411697,9.856875,-77.675034,251.43,125.715,20030201, 00:21:10.0000,-62.82825917,-60.40259667,-62.82835,-60.40515292,-62.82825917,-60.40259667,2.2869E-07
675,553,1,-93.40864,4.943618,-81.437034,251.43,125.715,20030201, 00:21:50.0000,-62.82842575,-60.407712,-62.82852579,-60.41025348,-62.82842575,-60.407712,1.14697E-07
675,554,1,-93.483628,4.858992,-79.74374,251.43,125.715,20030201, 00:22:30.0000,-62.82862579,-60.41280348,-62.82870912,-60.41539594,-62.82862579,-60.41280348,1.12734E-07
675,555,1,-93.796251,4.521514,-83.344129,251.43,125.715,20030201, 00:23:10.0000,-62.82877579,-60.4180126,-62.82883333,-60.4206126,-62.82877579,-60.4180126,1.04904E-07
675,556,1,-93.782075,4.536297,-85.854491,251.43,125.715,20030201, 00:23:50.0000,-62.82888333,-60.42322015,-62.82888333,-60.42322015,-62.82888333,-60.42322015,1.05247E-07
675,557,1,-92.047886,6.762704,-82.203956,251.43,125.715,20030201, 00:24:10.0000,-62.82893333,-60.42583,-62.82898333,-60.4284445,-62.82893333,-60.42583,1.56902E-07
675,558,1,-91.038868,8.531436,-78.298055,251.43,125.715,20030201, 00:24:50.0000,-62.82903333,-60.43104594,-62.82908333,-60.4336794,-62.82903333,-60.43104594,1.97939E-07
675,559,1,-69.511833,1212.622612,-51.687138,251.43,125.715,20030201, 00:25:30.0000,-62.82915,-60.43632867,-62.82921667,-60.43899309,-62.82915,-60.43632867,2.81342E-05
675,560,1,-71.54207,759.804615,-52.777002,251.43,125.715,20030201, 00:26:10.0000,-62.82927579,-60.4416626,-62.82932542,-60.44434,-62.82927579,-60.4416626,1.76283E-05
675,561,1,-90.943338,8.721178,-78.267928,251.43,125.715,20030201, 00:26:50.0000,-62.82938333,-60.44701273,-62.82943333,-60.449712,-62.82938333,-60.44701273,2.02341E-07
675,562,1,-97.102835,2.111667,-87.31092,251.43,125.715,20030201, 00:27:30.0000,-62.82946667,-60.45243,-62.82946667,-60.45243,-62.82946667,-60.45243,4.8993E-08
675,563,1,-91.205573,8.21016,-79.879708,251.43,125.715,20030201, 00:27:50.0000,-62.82946667,-60.45518,-62.8295,-60.4578626,-62.82946667,-60.45518,1.90485E-07
675,564,1,-93.835826,4.480498,-83.318709,251.43,125.715,20030201, 00:28:30.0000,-62.82953333,-60.46055506,-62.8295758,-60.46324606,-62.82953333,-60.46055506,1.03952E-07
675,565,1,-92.115681,6.657954,-80.795806,251.43,125.715,20030201, 00:29:10.0000,-62.8296,-60.46597186,-62.82962579,-60.46869594,-62.8296,-60.46597186,1.54472E-07
675,566,1,-93.554384,4.780469,-81.878256,251.43,125.715,20030201, 00:29:50.0000,-62.82965,-60.47141542,-62.82968333,-60.4741687,-62.82965,-60.47141542,1.10912E-07
675,567,1,-98.533719,1.518927,-88.64252,251.43,125.715,20030201, 00:30:30.0000,-62.8297,-60.47690667,-62.8297,-60.47690667,-62.8297,-60.47690667,3.52408E-08
675,568,1,-94.526045,3.822121,-81.820898,251.43,125.715,20030201, 00:30:50.0000,-62.8297,-60.47965506,-62.82971667,-60.48240583,-62.8297,-60.47965506,8.86773E-08
675,569,1,-97.234823,2.048456,-85.001988,251.43,125.715,20030201, 00:31:30.0000,-62.82975,-60.48514653,-62.82981667,-60.48785583,-62.82975,-60.48514653,4.75264E-08
675,570,1,-96.418092,2.472292,-85.470394,251.43,125.715,20030201, 00:32:10.0000,-62.82985,-60.49059606,-62.82986667,-60.49336333,-62.82985,-60.49059606,5.73598E-08
675,571,1,-95.956822,2.749329,-87.876025,251.43,125.715,20030201, 00:32:50.0000,-62.82986667,-60.49613,-62.82988333,-60.49890725,-62.82986667,-60.49613,6.37874E-08
675,572,1,-91.212828,8.196456,-84.626405,251.43,125.715,20030201, 00:33:30.0000,-62.82995914,-60.50170533,-62.82995914,-60.50170533,-62.82995914,-60.50170533,1.90167E-07
675,573,1,-93.188087,5.20116,-82.87206,251.43,125.715,20030201, 00:33:50.0000,-62.83002588,-60.50450662,-62.83008333,-60.50730662,-62.83002588,-60.50450662,1.20673E-07
675,574,1,-92.862338,5.606285,-85.256532,251.43,125.715,20030201, 00:34:30.0000,-62.83015,-60.51010647,-62.8302092,-60.5128898,-62.83015,-60.51010647,1.30072E-07
675,575,1,-93.188139,5.201098,-83.902104,251.43,125.715,20030201, 00:35:10.0000,-62.83028333,-60.51572002,-62.83035,-60.518536,-62.83028333,-60.51572002,1.20671E-07
675,576,1,-94.10706,4.209233,-86.553809,251.43,125.715,20030201, 00:35:50.0000,-62.83041667,-60.521336,-62.83041667,-60.521336,-62.83041667,-60.521336,9.76587E-08
675,577,1,-95.493312,3.058988,-87.036234,251.43,125.715,20030201, 00:36:10.0000,-62.83047588,-60.52417328,-62.83053333,-60.52695267,-62.83047588,-60.52417328,7.09718E-08
675,578,1,-74.569126,378.439387,-54.999575,251.43,125.715,20030201, 00:36:50.0000,-62.83060921,-60.5297474,-62.8307,-60.5325474,-62.83060921,-60.5297474,8.7802E-06
675,579,1,-94.693303,3.677719,-86.763582,251.43,125.715,20030201, 00:37:30.0000,-62.83077592,-60.53537392,-62.83077592,-60.53537392,-62.83077592,-60.53537392,8.53271E-08
675,580,1,-95.393136,3.130368,-84.622701,251.43,125.715,20030201, 00:37:50.0000,-62.83083333,-60.53822159,-62.8309,-60.54105519,-62.83083333,-60.53822159,7.26279E-08
675,581,1,-96.546556,2.400233,-87.297066,251.43,125.715,20030201, 00:38:30.0000,-62.83097565,-60.543886,-62.83103333,-60.54673995,-62.83097565,-60.543886,5.5688E-08
675,582,1,-93.531176,4.806083,-83.957334,251.43,125.715,20030201, 00:39:10.0000,-62.83108333,-60.54958995,-62.83117592,-60.55245725,-62.83108333,-60.54958995,1.11506E-07
675,583,1,-98.869567,1.405893,-88.322464,251.43,125.715,20030201, 00:39:50.0000,-62.83127587,-60.55530647,-62.83127587,-60.55530647,-62.83127587,-60.55530647,3.26182E-08
675,584,1,-107.891958,0.176081,-94.945778,251.43,125.715,20030201, 00:40:10.0000,-62.8313592,-60.55817313,-62.83141667,-60.56102159,-62.8313592,-60.55817313,4.08527E-09
675,585,1,-104.146692,0.4171,-92.085258,251.43,125.715,20030201, 00:40:50.0000,-62.83146667,-60.56385335,-62.83154255,-60.56672328,-62.83146667,-60.56385335,9.67716E-09
675,586,1,-99.022184,1.357346,-88.507408,251.43,125.715,20030201, 00:41:30.0000,-62.83161667,-60.5695725,-62.83161667,-60.5695725,-62.83161667,-60.5695725,3.14919E-08
675,587,1,-97.387113,1.97787,-86.201608,251.43,125.715,20030201, 00:41:50.0000,-62.83166667,-60.57242328,-62.83171667,-60.57523917,-62.83166667,-60.57242328,4.58887E-08
675,588,1,-99.469852,1.224401,-88.391149,251.43,125.715,20030201, 00:42:30.0000,-62.83178333,-60.57810647,-62.83185,-60.5809825,-62.83178333,-60.57810647,2.84074E-08
675,589,1,-101.212613,0.819686,-89.654908,251.43,125.715,20030201, 00:43:10.0000,-62.83191667,-60.5838825,-62.83197588,-60.58678995,-62.83191667,-60.5838825,1.90176E-08
675,590,1,-107.895171,0.175951,-94.305851,251.43,125.715,20030201, 00:43:50.0000,-62.83201667,-60.58966237,-62.83201667,-60.58966237,-62.83201667,-60.58966237,4.08225E-09
675,591,1,-69.960313,1093.648092,-53.914839,251.43,125.715,20030201, 00:44:10.0000,-62.83206667,-60.59255867,-62.83213333,-60.59540632,-62.83206667,-60.59255867,2.53738E-05
675,592,1,-105.779043,0.286421,-91.710223,251.43,125.715,20030201, 00:44:50.0000,-62.83216667,-60.59823668,-62.83221667,-60.60107313,-62.83216667,-60.59823668,6.64527E-09
675,593,1,-104.675009,0.369324,-91.607839,251.43,125.715,20030201, 00:45:30.0000,-62.83225,-60.60394043,-62.83225,-60.60394043,-62.83225,-60.60394043,8.56872E-09
675,594,1,-106.119931,0.264799,-91.781128,251.43,125.715,20030201, 00:45:50.0000,-62.8323,-60.60680741,-62.83232591,-60.60969043,-62.8323,-60.60680741,6.14361E-09
675,595,1,-106.096379,0.266239,-89.745027,251.43,125.715,20030201, 00:46:30.0000,-62.83238333,-60.61254043,-62.83241667,-60.61537407,-62.83238333,-60.61254043,6.17702E-09
675,596,1,-99.860655,1.119034,-85.394595,251.43,125.715,20030201, 00:47:10.0000,-62.83243333,-60.61820741,-62.83245,-60.62103738,-62.83243333,-60.61820741,2.59628E-08
675,597,1,-106.203156,0.259773,-91.086863,251.43,125.715,20030201, 00:47:50.0000,-62.83245,-60.6239071,-62.83245,-60.6239071,-62.83245,-60.6239071,6.027E-09
675,598,1,-108.586452,0.15006,-93.163426,251.43,125.715,20030201, 00:48:10.0000,-62.83248333,-60.62680741,-62.83248333,-60.62969074,-62.83248333,-60.62680741,3.48154E-09
675,599,1,-101.385726,0.787655,-81.947493,251.43,125.715,20030201, 00:48:50.0000,-62.83248333,-60.63254074,-62.8325,-60.63540741,-62.83248333,-60.63254074,1.82745E-08
675,600,1,-108.176975,0.164896,-94.928022,251.43,125.715,20030201, 00:49:30.0000,-62.83251667,-60.63829074,-62.83251667,-60.63829074,-62.83251667,-60.63829074,3.82578E-09
675,601,1,-118.264008,0.016162,-102.626744,251.43,125.715,20030201, 00:49:50.0000,-62.83253333,-60.64113814,-62.83253333,-60.64398467,-62.83253333,-60.64113814,3.7499E-10
675,602,1,-108.257522,0.161866,-94.358977,251.43,125.715,20030201, 00:50:30.0000,-62.83253333,-60.64680788,-62.83253333,-60.64965725,-62.83253333,-60.64680788,3.75547E-09
675,603,1,-105.47879,0.306923,-88.515248,251.43,125.715,20030201, 00:51:10.0000,-62.83253333,-60.65249137,-62.83255,-60.65530647,-62.83253333,-60.65249137,7.12095E-09
675,604,1,-107.969164,0.172979,-96.354895,251.43,125.715,20030201, 00:51:50.0000,-62.83255,-60.65811237,-62.83255,-60.65811237,-62.83255,-60.65811237,4.01329E-09
675,605,1,-103.108556,0.529728,-91.51866,251.43,125.715,20030201, 00:52:10.0000,-62.83253333,-60.66092392,-62.83255,-60.66374058,-62.83253333,-60.66092392,1.22903E-08
675,606,1,-98.681091,1.468249,-85.389751,251.43,125.715,20030201, 00:52:50.0000,-62.83256667,-60.66654058,-62.83256667,-60.66937392,-62.83256667,-60.66654058,3.4065E-08
675,607,1,-94.523543,3.824324,-80.799645,251.43,125.715,20030201, 00:53:30.0000,-62.8326,-60.67222454,-62.83262592,-60.67504983,-62.8326,-60.67222454,8.87284E-08
675,608,1,-69.703956,1160.147872,-56.2676,251.43,125.715,20030201, 00:54:10.0000,-62.83266667,-60.677918,-62.83266667,-60.677918,-62.83266667,-60.677918,2.69167E-05
675,609,1,-68.51274,1526.282597,-52.951548,251.43,125.715,20030201, 00:54:30.0000,-62.83271667,-60.68075741,-62.83275,-60.68359137,-62.83271667,-60.68075741,3.54114E-05
675,610,1,-105.921582,0.277173,-91.969273,251.43,125.715,20030201, 00:55:10.0000,-62.8328,-60.68640788,-62.83283333,-60.68924137,-62.8328,-60.68640788,6.43071E-09
675,611,1,-67.801579,1797.839819,-53.199734,251.43,125.715,20030201, 00:55:50.0000,-62.83288333,-60.69209137,-62.83288333,-60.69209137,-62.83288333,-60.69209137,4.17118E-05
675,612,1,-109.286954,0.127707,-97.7375,251.43,125.715,20030201, 00:56:10.0000,-62.83291667,-60.69489137,-62.83297596,-60.69767471,-62.83291667,-60.69489137,2.96293E-09
675,613,1,-105.525638,0.30363,-93.263575,251.43,125.715,20030201, 00:56:50.0000,-62.83304258,-60.70045725,-62.83308333,-60.70327517,-62.83304258,-60.70045725,7.04455E-09
675,614,1,-101.931471,0.694643,-89.383347,251.43,125.715,20030201, 00:57:30.0000,-62.83314268,-60.70606616,-62.83318333,-60.70884949,-62.83314268,-60.70606616,1.61165E-08
675,615,1,-114.272295,0.040521,-101.830093,251.43,125.715,20030201, 00:58:10.0000,-62.83323333,-60.71161616,-62.83326667,-60.71435772,-62.83323333,-60.71161616,9.4013E-10
675,616,1,-114.525795,0.038223,-102.325675,251.43,125.715,20030201, 00:58:50.0000,-62.83329249,-60.71712228,-62.83329249,-60.71712228,-62.83329249,-60.71712228,8.8682E-10
675,617,1,-72.967203,547.253626,-56.337978,251.43,125.715,20030201, 00:59:10.0000,-62.83331667,-60.71990067,-62.83333333,-60.722688,-62.83331667,-60.71990067,1.26969E-05
675,618,1,-116.054838,0.02688,-99.458796,251.43,125.715,20030201, 00:59:50.0000,-62.83335,-60.72546313,-62.8334,-60.72824342,-62.83335,-60.72546313,6.2364E-10
675,619,1,-96.843508,2.2416,-81.446653,251.43,125.715,20030201, 01:00:30.0000,-62.83341667,-60.73101584,-62.83345,-60.73377551,-62.83341667,-60.73101584,5.20075E-08
675,620,1,-108.776374,0.143639,-98.157998,251.43,125.715,20030201, 01:01:10.0000,-62.83348333,-60.73654262,-62.83348333,-60.73654262,-62.83348333,-60.73654262,3.33257E-09
675,621,1,-105.14002,0.331823,-88.966671,251.43,125.715,20030201, 01:01:30.0000,-62.8335,-60.73928675,-62.8335,-60.74204646,-62.8335,-60.73928675,7.69866E-09
675,622,1,-104.959515,0.345905,-91.562618,251.43,125.715,20030201, 01:02:10.0000,-62.8335,-60.74481616,-62.8335,-60.74758133,-62.8335,-60.74481616,8.02538E-09
675,623,1,-97.616977,1.875906,-85.741258,251.43,125.715,20030201, 01:02:50.0000,-62.8335,-60.75031162,-62.83351667,-60.75304917,-62.8335,-60.75031162,4.35231E-08
675,624,1,-93.120836,5.282328,-80.831039,251.43,125.715,20030201, 01:03:30.0000,-62.83353333,-60.75580647,-62.83353333,-60.75580647,-62.83353333,-60.75580647,1.22556E-07
675,625,1,-97.250877,2.040897,-85.054029,251.43,125.715,20030201, 01:03:50.0000,-62.83354258,-60.75856467,-62.83355,-60.76134058,-62.83354258,-60.75856467,4.7351E-08
675,626,1,-74.741584,363.706084,-58.79123,251.43,125.715,20030201, 01:04:30.0000,-62.83355,-60.76411165,-62.83356667,-60.76688192,-62.83355,-60.76411165,8.43837E-06
675,627,1,-95.489267,3.061838,-83.670723,251.43,125.715,20030201, 01:05:10.0000,-62.83358333,-60.76964874,-62.8336,-60.77240405,-62.83358333,-60.76964874,7.10379E-08
675,628,1,-102.883155,0.557948,-91.215427,251.43,125.715,20030201, 01:05:50.0000,-62.8336,-60.77518283,-62.8336,-60.77795884,-62.8336,-60.77518283,1.2945E-08
675,629,1,-102.167621,0.65788,-90.087467,251.43,125.715,20030201, 01:06:30.0000,-62.83361667,-60.78075884,-62.83361667,-60.78075884,-62.83361667,-60.78075884,1.52635E-08
675,630,1,-101.868182,0.70484,-87.860781,251.43,125.715,20030201, 01:06:50.0000,-62.83363333,-60.78357471,-62.83365,-60.7863585,-62.83363333,-60.78357471,1.63531E-08
675,631,1,-96.596215,2.372944,-81.306207,251.43,125.715,20030201, 01:07:30.0000,-62.83367599,-60.78913251,-62.83370934,-60.79192551,-62.83367599,-60.78913251,5.50549E-08
675,632,1,-94.082971,4.232644,-80.71929,251.43,125.715,20030201, 01:08:10.0000,-62.83371667,-60.79472517,-62.83373333,-60.79753133,-62.83371667,-60.79472517,9.82019E-08
675,633,1,-93.286644,5.084456,-82.225431,251.43,125.715,20030201, 01:08:50.0000,-62.83373333,-60.80033041,-62.83373333,-60.80033041,-62.83373333,-60.80033041,1.17965E-07
675,634,1,-94.335275,3.993755,-82.298918,251.43,125.715,20030201, 01:09:10.0000,-62.83376667,-60.80314422,-62.83378333,-60.80597392,-62.83376667,-60.80314422,9.26594E-08
675,635,1,-100.194728,1.036182,-86.021703,251.43,125.715,20030201, 01:09:50.0000,-62.8338,-60.80877517,-62.83381667,-60.81159342,-62.8338,-60.80877517,2.40406E-08
675,636,1,-97.758386,1.81581,-84.126518,251.43,125.715,20030201, 01:10:30.0000,-62.83382581,-60.81440542,-62.83385,-60.81719183,-62.83382581,-60.81440542,4.21287E-08
675,637,1,-93.83147,4.484994,-83.538357,251.43,125.715,20030201, 01:11:10.0000,-62.83387601,-60.81998283,-62.83387601,-60.81998283,-62.83387601,-60.81998283,1.04057E-07
675,638,1,-93.896641,4.418195,-82.482859,251.43,125.715,20030201, 01:11:30.0000,-62.8339,-60.82278208,-62.83391667,-60.82559217,-62.8339,-60.82278208,1.02507E-07
675,639,1,-93.623201,4.705317,-82.155511,251.43,125.715,20030201, 01:12:10.0000,-62.83391667,-60.82838325,-62.83391667,-60.83117902,-62.83391667,-60.82838325,1.09168E-07
675,640,1,-88.696986,14.628855,-78.962605,251.43,125.715,20030201, 01:12:50.0000,-62.83391667,-60.83398128,-62.8339,-60.83680946,-62.83391667,-60.83398128,3.39405E-07
675,641,1,-87.023591,21.505513,-79.041889,251.43,125.715,20030201, 01:13:30.0000,-62.83391667,-60.83962209,-62.83391667,-60.83962209,-62.83391667,-60.83962209,4.98951E-07
675,642,1,-84.194322,41.255017,-76.007863,251.43,125.715,20030201, 01:13:50.0000,-62.83393333,-60.84244137,-62.83395,-60.845242,-62.83393333,-60.84244137,9.57161E-07
675,643,1,-82.995664,54.367898,-75.043927,251.43,125.715,20030201, 01:14:30.0000,-62.834,-60.84803813,-62.83401667,-60.8508388,-62.834,-60.84803813,1.26139E-06
675,644,1,-81.84255,70.901261,-72.315725,251.43,125.715,20030201, 01:15:10.0000,-62.83403333,-60.853642,-62.83405,-60.8564599,-62.83403333,-60.853642,1.64499E-06
675,645,1,-81.970482,68.84315,-73.315358,251.43,125.715,20030201, 01:15:50.0000,-62.83407581,-60.85925542,-62.83407581,-60.85925542,-62.83407581,-60.85925542,1.59724E-06
675,646,1,-80.590309,94.597146,-73.148865,251.43,125.715,20030201, 01:16:10.0000,-62.83411667,-60.86205547,-62.83415,-60.864884,-62.83411667,-60.86205547,2.19476E-06
675,647,1,-83.713901,46.08068,-75.193099,251.43,125.715,20030201, 01:16:50.0000,-62.8342,-60.8676928,-62.83425,-60.87050708,-62.8342,-60.8676928,1.06912E-06
675,648,1,-83.17855,52.125938,-73.857575,251.43,125.715,20030201, 01:17:30.0000,-62.83428333,-60.87331294,-62.83428333,-60.87331294,-62.83428333,-60.87331294,1.20938E-06
675,649,1,-84.746575,36.328833,-74.971373,251.43,125.715,20030201, 01:17:50.0000,-62.834326,-60.87609933,-62.83450209,-60.87883342,-62.834326,-60.87609933,8.42868E-07
675,650,1,-84.937882,34.763278,-76.946018,251.43,125.715,20030201, 01:18:30.0000,-62.83490419,-60.88140737,-62.83557104,-60.88370589,-62.83490419,-60.88140737,8.06546E-07
675,651,1,-86.110981,26.534493,-76.197256,251.43,125.715,20030201, 01:19:10.0000,-62.8362969,-60.88591466,-62.83705438,-60.88812256,-62.8362969,-60.88591466,6.15629E-07
675,652,1,-84.048475,42.663985,-74.359974,251.43,125.715,20030201, 01:19:50.0000,-62.83780419,-60.89036466,-62.838554,-60.89263067,-62.83780419,-60.89036466,9.8985E-07
675,653,1,-82.074441,67.214793,-74.93112,251.43,125.715,20030201, 01:20:30.0000,-62.8392969,-60.89492194,-62.8392969,-60.89492194,-62.8392969,-60.89492194,1.55946E-06
675,654,1,-81.219273,81.843025,-72.712007,251.43,125.715,20030201, 01:20:50.0000,-62.84006423,-60.8972165,-62.84082096,-60.89944835,-62.84006423,-60.8972165,1.89885E-06
675,655,1,-82.440546,61.780917,-74.699476,251.43,125.715,20030201, 01:21:30.0000,-62.84155438,-60.90165589,-62.84233047,-60.90385589,-62.84155438,-60.90165589,1.43338E-06
675,656,1,-85.492569,30.59511,-78.409583,251.43,125.715,20030201, 01:22:10.0000,-62.8431137,-60.90605561,-62.84390438,-60.90825589,-62.8431137,-60.90605561,7.0984E-07
675,657,1,-85.362535,31.525022,-79.747371,251.43,125.715,20030201, 01:22:50.0000,-62.8447137,-60.91047228,-62.8447137,-60.91047228,-62.8447137,-60.91047228,7.31414E-07
675,658,1,-86.634821,23.519435,-80.950866,251.43,125.715,20030201, 01:23:10.0000,-62.84551417,-60.91271633,-62.8463137,-60.91493894,-62.84551417,-60.91271633,5.45676E-07
675,659,1,-85.64703,29.526087,-78.859626,251.43,125.715,20030201, 01:23:50.0000,-62.84709703,-60.91713894,-62.84787104,-60.91933199,-62.84709703,-60.91713894,6.85037E-07
675,660,1,-86.831409,22.478534,-78.72759,251.43,125.715,20030201, 01:24:30.0000,-62.8486638,-60.92150589,-62.84944714,-60.92367256,-62.8486638,-60.92150589,5.21526E-07
675,661,1,-87.415452,19.650051,-78.496739,251.43,125.715,20030201, 01:25:10.0000,-62.85024703,-60.92583894,-62.85024703,-60.92583894,-62.85024703,-60.92583894,4.55902E-07
675,662,1,-86.403108,24.808363,-76.577488,251.43,125.715,20030201, 01:25:30.0000,-62.85104703,-60.92798894,-62.8518462,-60.93014421,-62.85104703,-60.92798894,5.75581E-07
675,663,1,-84.57512,37.791746,-75.378905,251.43,125.715,20030201, 01:26:10.0000,-62.8526637,-60.93232228,-62.8534638,-60.93447256,-62.8526637,-60.93232228,8.76809E-07
675,664,1,-81.860259,70.61273,-65.4662,251.43,125.715,20030201, 01:26:50.0000,-62.85428047,-60.93662256,-62.85508036,-60.93881502,-62.85428047,-60.93662256,1.63829E-06
675,665,1,-91.350408,7.940871,-81.696633,251.43,125.715,20030201, 01:27:30.0000,-62.8558637,-60.94097228,-62.8558637,-60.94097228,-62.8558637,-60.94097228,1.84237E-07
675,666,1,-93.617673,4.71131,-83.184348,251.43,125.715,20030201, 01:27:50.0000,-62.85663047,-60.94310589,-62.85741417,-60.94520683,-62.85663047,-60.94310589,1.09307E-07
675,667,1,-92.376325,6.270129,-79.942471,251.43,125.715,20030201, 01:28:30.0000,-62.85821388,-60.94732274,-62.85902104,-60.94945589,-62.85821388,-60.94732274,1.45474E-07
675,668,1,-92.20417,6.523669,-80.983805,251.43,125.715,20030201, 01:29:10.0000,-62.8598475,-60.95160683,-62.86068,-60.953738,-62.8598475,-60.95160683,1.51356E-07
675,669,1,-92.505243,6.086738,-82.104026,251.43,125.715,20030201, 01:29:50.0000,-62.86148036,-60.95588894,-62.86228036,-60.95805561,-62.86148036,-60.95588894,1.41219E-07
675,670,1,-91.695633,7.33408,-80.620007,251.43,125.715,20030201, 01:30:30.0000,-62.86308036,-60.96022954,-62.86308036,-60.96022954,-62.86308036,-60.96022954,1.70159E-07
675,671,1,-93.383445,4.972382,-81.487492,251.43,125.715,20030201, 01:30:50.0000,-62.86389703,-60.9623462,-62.86471458,-60.96444125,-62.86389703,-60.9623462,1.15365E-07
675,672,1,-93.726028,4.595218,-83.598692,251.43,125.715,20030201, 01:31:30.0000,-62.86553047,-60.96657256,-62.86634738,-60.96873985,-62.86553047,-60.96657256,1.06614E-07
675,673,1,-99.6517,1.174191,-86.591457,251.43,125.715,20030201, 01:32:10.0000,-62.86716411,-60.9708995,-62.86795433,-60.97303908,-62.86716411,-60.9708995,2.72425E-08
675,674,1,-95.241983,3.241236,-84.650674,251.43,125.715,20030201, 01:32:50.0000,-62.86874756,-60.97515699,-62.86874756,-60.97515699,-62.86874756,-60.97515699,7.52002E-08
675,675,1,-98.898097,1.396687,-88.418748,251.43,125.715,20030201, 01:33:10.0000,-62.86953078,-60.97729002,-62.87033042,-60.97942967,-62.86953078,-60.97729002,3.24047E-08
675,676,1,-98.338904,1.588615,-87.251098,251.43,125.715,20030201, 01:33:50.0000,-62.87112138,-60.98154747,-62.87191423,-60.98367365,-62.87112138,-60.98154747,3.68576E-08
675,677,1,-98.147393,1.660235,-86.844407,251.43,125.715,20030201, 01:34:30.0000,-62.87272129,-60.98580668,-62.87353042,-60.98792242,-62.87272129,-60.98580668,3.85193E-08
675,678,1,-97.495051,1.929318,-89.965107,251.43,125.715,20030201, 01:35:10.0000,-62.87436423,-60.99007365,-62.87436423,-60.99007365,-62.87436423,-60.99007365,4.47623E-08
675,679,1,-95.047108,3.389988,-87.713271,251.43,125.715,20030201, 01:35:30.0000,-62.87519756,-60.99220699,-62.87601393,-60.99437289,-62.87519756,-60.99220699,7.86514E-08
675,680,1,-97.466458,1.942062,-86.427845,251.43,125.715,20030201, 01:36:10.0000,-62.87682129,-60.99654002,-62.87762129,-60.99869002,-62.87682129,-60.99654002,4.50579E-08
675,681,1,-97.522861,1.917003,-83.797884,251.43,125.715,20030201, 01:36:50.0000,-62.87842138,-61.00087365,-62.87918089,-61.00304032,-62.87842138,-61.00087365,4.44765E-08
675,682,1,-102.595716,0.596125,-90.601997,251.43,125.715,20030201, 01:37:30.0000,-62.87993042,-61.00520575,-62.88070471,-61.00739032,-62.87993042,-61.00520575,1.38307E-08
675,683,1,-101.689651,0.734419,-90.093817,251.43,125.715,20030201, 01:38:10.0000,-62.88146423,-61.00955699,-62.88146423,-61.00955699,-62.88146423,-61.00955699,1.70393E-08
675,684,1,-99.474785,1.223011,-87.956787,251.43,125.715,20030201, 01:38:30.0000,-62.88223089,-61.01169032,-62.88301423,-61.01384032,-62.88223089,-61.01169032,2.83752E-08
675,685,1,-99.634298,1.178906,-88.339814,251.43,125.715,20030201, 01:39:10.0000,-62.88380471,-61.01599032,-62.88457138,-61.01814032,-62.88380471,-61.01599032,2.73519E-08
675,686,1,-98.341176,1.587784,-86.416177,251.43,125.715,20030201, 01:39:50.0000,-62.88534756,-61.02030699,-62.88614756,-61.02245699,-62.88534756,-61.02030699,3.68383E-08
675,687,1,-99.26078,1.284786,-87.570051,251.43,125.715,20030201, 01:40:30.0000,-62.88691423,-61.02459032,-62.88769756,-61.02674032,-62.88691423,-61.02459032,2.98084E-08
675,688,1,-98.919222,1.38991,-88.143591,251.43,125.715,20030201, 01:41:10.0000,-62.88848805,-61.02892365,-62.88848805,-61.02892365,-62.88848805,-61.02892365,3.22474E-08
675,689,1,-98.13635,1.664462,-88.589595,251.43,125.715,20030201, 01:41:30.0000,-62.88928089,-61.03110699,-62.89006423,-61.03329032,-62.88928089,-61.03110699,3.86173E-08
675,690,1,-98.239678,1.625329,-90.026063,251.43,125.715,20030201, 01:42:10.0000,-62.89085476,-61.03545714,-62.89162129,-61.03760668,-62.89085476,-61.03545714,3.77094E-08
675,691,1,-101.419226,0.781603,-89.842184,251.43,125.715,20030201, 01:42:50.0000,-62.89240476,-61.03977381,-62.89318095,-61.04194048,-62.89240476,-61.03977381,1.8134E-08
675,692,1,-100.730866,0.915846,-90.470347,251.43,125.715,20030201, 01:43:30.0000,-62.89396429,-61.04409762,-62.89396429,-61.04409762,-62.89396429,-61.04409762,2.12486E-08
675,693,1,-97.886751,1.762925,-86.166348,251.43,125.715,20030201, 01:43:50.0000,-62.89473095,-61.04625714,-62.89551423,-61.04842365,-62.89473095,-61.04625714,4.09018E-08
675,694,1,-94.689011,3.681356,-85.401123,251.43,125.715,20030201, 01:44:30.0000,-62.8962978,-61.05060761,-62.89709744,-61.05279002,-62.8962978,-61.05060761,8.54114E-08
675,695,1,-94.100743,4.21536,-78.495098,251.43,125.715,20030201, 01:45:10.0000,-62.89786429,-61.05499048,-62.89866447,-61.05719095,-62.89786429,-61.05499048,9.78009E-08
675,696,1,-96.438564,2.460665,-87.248433,251.43,125.715,20030201, 01:45:50.0000,-62.89945491,-61.05937428,-62.89945491,-61.05937428,-62.89945491,-61.05937428,5.70901E-08
675,697,1,-96.280576,2.551828,-87.110983,251.43,125.715,20030201, 01:46:10.0000,-62.9002478,-61.06155761,-62.90103113,-61.06374095,-62.9002478,-61.06155761,5.92052E-08
675,698,1,-94.824145,3.568572,-81.354463,251.43,125.715,20030201, 01:46:50.0000,-62.90181429,-61.06593333,-62.90259762,-61.06812381,-62.90181429,-61.06593333,8.27947E-08
675,699,1,-95.659856,2.943902,-87.420496,251.43,125.715,20030201, 01:47:30.0000,-62.90338095,-61.07031667,-62.90416447,-61.07252428,-62.90338095,-61.07031667,6.83017E-08
675,700,1,-99.989691,1.086275,-89.694324,251.43,125.715,20030201, 01:48:10.0000,-62.90493824,-61.07470761,-62.90570491,-61.07690761,-62.90493824,-61.07470761,2.52028E-08
675,701,1,-98.130061,1.666874,-89.437794,251.43,125.715,20030201, 01:48:50.0000,-62.90646447,-61.07905761,-62.90646447,-61.07905761,-62.90646447,-61.07905761,3.86733E-08
675,702,1,-95.692078,2.922141,-83.882667,251.43,125.715,20030201, 01:49:10.0000,-62.90723824,-61.08122428,-62.90798113,-61.08339095,-62.90723824,-61.08122428,6.77968E-08
675,703,1,-97.08664,2.119556,-86.80455,251.43,125.715,20030201, 01:49:50.0000,-62.90875476,-61.08557381,-62.90951429,-61.08772381,-62.90875476,-61.08557381,4.9176E-08
675,704,1,-100.349782,0.99984,-90.199222,251.43,125.715,20030201, 01:50:30.0000,-62.91028095,-61.08989048,-62.91104739,-61.09205654,-62.91028095,-61.08989048,2.31974E-08
675,705,1,-100.052982,1.070559,-91.930363,251.43,125.715,20030201, 01:51:10.0000,-62.91181429,-61.09425714,-62.91181429,-61.09425714,-62.91181429,-61.09425714,2.48381E-08
675,706,1,-99.690955,1.163626,-88.51207,251.43,125.715,20030201, 01:51:30.0000,-62.91260476,-61.09647381,-62.91337143,-61.09864048,-62.91260476,-61.09647381,2.69974E-08
675,707,1,-100.102868,1.058332,-87.504223,251.43,125.715,20030201, 01:52:10.0000,-62.91413095,-61.10082381,-62.91491429,-61.10299048,-62.91413095,-61.10082381,2.45545E-08
675,708,1,-101.918965,0.696646,-88.610991,251.43,125.715,20030201, 01:52:50.0000,-62.91567129,-61.10515668,-62.9164381,-61.10735714,-62.91567129,-61.10515668,1.6163E-08
675,709,1,-95.960485,2.747011,-87.14941,251.43,125.715,20030201, 01:53:30.0000,-62.9171881,-61.10954762,-62.91795495,-61.11172442,-62.9171881,-61.10954762,6.37336E-08
675,710,1,-95.785523,2.859938,-87.205125,251.43,125.715,20030201, 01:54:10.0000,-62.91870495,-61.11389109,-62.91870495,-61.11389109,-62.91870495,-61.11389109,6.63537E-08
675,711,1,-97.856181,1.775378,-88.563441,251.43,125.715,20030201, 01:54:30.0000,-62.91947176,-61.11605821,-62.92026452,-61.11819109,-62.91947176,-61.11605821,4.11907E-08
675,712,1,-96.428118,2.466591,-86.106585,251.43,125.715,20030201, 01:55:10.0000,-62.92103814,-61.12035017,-62.92177176,-61.12252488,-62.92103814,-61.12035017,5.72276E-08
675,713,1,-95.205224,3.268786,-83.606784,251.43,125.715,20030201, 01:55:50.0000,-62.92252176,-61.12472488,-62.92328136,-61.12690821,-62.92252176,-61.12472488,7.58394E-08
675,714,1,-97.34867,1.995455,-84.976558,251.43,125.715,20030201, 01:56:30.0000,-62.92403113,-61.12910049,-62.92479785,-61.13127442,-62.92403113,-61.12910049,4.62967E-08
675,715,1,-103.233593,0.514695,-92.223947,251.43,125.715,20030201, 01:57:10.0000,-62.92555509,-61.13347488,-62.92555509,-61.13347488,-62.92555509,-61.13347488,1.19415E-08
675,716,1,-101.557891,0.757042,-90.632193,251.43,125.715,20030201, 01:57:30.0000,-62.9263147,-61.13564154,-62.92705509,-61.13782488,-62.9263147,-61.13564154,1.75642E-08
675,717,1,-100.489764,0.968127,-89.893232,251.43,125.715,20030201, 01:58:10.0000,-62.92783119,-61.14000776,-62.92860509,-61.14217488,-62.92783119,-61.14000776,2.24616E-08
675,718,1,-101.97314,0.68801,-89.947292,251.43,125.715,20030201, 01:58:50.0000,-62.92937191,-61.14434205,-62.93013819,-61.14654079,-62.92937191,-61.14434205,1.59626E-08
675,719,1,-103.441883,0.490592,-93.355721,251.43,125.715,20030201, 01:59:30.0000,-62.93090525,-61.14874205,-62.93090525,-61.14874205,-62.93090525,-61.14874205,1.13823E-08
675,720,1,-103.26159,0.511387,-92.442043,251.43,125.715,20030201, 01:59:50.0000,-62.93166489,-61.15095871,-62.93243208,-61.15316008,-62.93166489,-61.15095871,1.18647E-08
675,721,1,-101.331323,0.797584,-86.790717,251.43,125.715,20030201, 02:00:30.0000,-62.93319542,-61.15531808,-62.93401417,-61.15750683,-62.93319542,-61.15531808,1.85048E-08
675,722,1,-98.951299,1.379682,-80.949651,251.43,125.715,20030201, 02:01:10.0000,-62.93479875,-61.15964342,-62.93557083,-61.1617625,-62.93479875,-61.15964342,3.20101E-08
675,723,1,-93.688337,4.635272,-75.707454,251.43,125.715,20030201, 02:01:50.0000,-62.93637191,-61.16386574,-62.93716301,-61.16597049,-62.93637191,-61.16386574,1.07543E-07
675,724,1,-98.603819,1.494607,-85.788044,251.43,125.715,20030201, 02:02:30.0000,-62.93794542,-61.16808475,-62.93794542,-61.16808475,-62.93794542,-61.16808475,3.46765E-08
675,725,1,-103.059033,0.535804,-91.606006,251.43,125.715,20030201, 02:02:50.0000,-62.93871354,-61.17022188,-62.93947967,-61.17235382,-62.93871354,-61.17022188,1.24312E-08
675,726,1,-102.915512,0.553806,-91.197267,251.43,125.715,20030201, 02:03:30.0000,-62.94025403,-61.17449541,-62.94102118,-61.176623,-62.94025403,-61.17449541,1.28489E-08
675,727,1,-91.813365,7.137933,-75.726139,251.43,125.715,20030201, 02:04:10.0000,-62.94181524,-61.17876658,-62.94259687,-61.18087188,-62.94181524,-61.17876658,1.65608E-07
675,728,1,-95.978739,2.735489,-80.411826,251.43,125.715,20030201, 02:04:50.0000,-62.94338064,-61.18300634,-62.94416542,-61.18512675,-62.94338064,-61.18300634,6.34663E-08
675,729,1,-103.57654,0.475614,-93.217561,251.43,125.715,20030201, 02:05:30.0000,-62.94493021,-61.18725521,-62.94493021,-61.18725521,-62.94493021,-61.18725521,1.10348E-08
675,730,1,-105.957262,0.274905,-93.064751,251.43,125.715,20030201, 02:05:50.0000,-62.94560451,-61.18953247,-62.94614592,-61.19198933,-62.94560451,-61.18953247,6.37809E-09
675,731,1,-114.073855,0.042415,-95.140191,251.43,125.715,20030201, 02:06:30.0000,-62.94651875,-61.19458333,-62.94675,-61.19727098,-62.94651875,-61.19458333,9.8408E-10
675,732,1,-107.33383,0.200229,-92.025401,251.43,125.715,20030201, 02:07:10.0000,-62.9468,-61.20002098,-62.94678333,-61.2027633,-62.9468,-61.20002098,4.64552E-09
675,733,1,-98.182612,1.646826,-87.167212,251.43,125.715,20030201, 02:07:50.0000,-62.94675,-61.20549483,-62.94672369,-61.20823056,-62.94675,-61.20549483,3.82081E-08
675,734,1,-97.60101,1.882816,-86.020257,251.43,125.715,20030201, 02:08:30.0000,-62.94668333,-61.21096496,-62.94668333,-61.21096496,-62.94668333,-61.21096496,4.36834E-08
675,735,1,-99.174615,1.310531,-86.327318,251.43,125.715,20030201, 02:08:50.0000,-62.94665,-61.21372177,-62.94663333,-61.21644012,-62.94665,-61.21372177,3.04057E-08
675,736,1,-97.151653,2.088063,-83.168807,251.43,125.715,20030201, 02:09:30.0000,-62.9466,-61.219202,-62.9466,-61.22195354,-62.9466,-61.219202,4.84453E-08
675,737,1,-97.229228,2.051096,-83.603906,251.43,125.715,20030201, 02:10:10.0000,-62.94658333,-61.22469813,-62.94658333,-61.22745369,-62.94658333,-61.22469813,4.75877E-08
675,738,1,-105.680934,0.292965,-91.449201,251.43,125.715,20030201, 02:10:50.0000,-62.94656667,-61.23017937,-62.94655,-61.23293533,-62.94656667,-61.23017937,6.7971E-09
675,739,1,-104.889209,0.351551,-93.842698,251.43,125.715,20030201, 02:11:30.0000,-62.94653333,-61.23568758,-62.94653333,-61.23568758,-62.94653333,-61.23568758,8.15636E-09
675,740,1,-101.713235,0.730442,-91.457754,251.43,125.715,20030201, 02:11:50.0000,-62.94649036,-61.23840425,-62.94654269,-61.24113299,-62.94649036,-61.23840425,1.6947E-08
675,741,1,-98.333204,1.590701,-86.385239,251.43,125.715,20030201, 02:12:30.0000,-62.94666667,-61.24381717,-62.94682598,-61.24650833,-62.94666667,-61.24381717,3.6906E-08
675,742,1,-95.013502,3.416322,-78.706732,251.43,125.715,20030201, 02:13:10.0000,-62.9469765,-61.24920733,-62.9471265,-61.25191717,-62.9469765,-61.24920733,7.92623E-08
675,743,1,-96.901174,2.212032,-85.190614,251.43,125.715,20030201, 02:13:50.0000,-62.94729274,-61.25463376,-62.94744317,-61.25735733,-62.94729274,-61.25463376,5.13215E-08
675,744,1,-94.600008,3.757579,-83.989005,251.43,125.715,20030201, 02:14:30.0000,-62.9476098,-61.26008325,-62.9476098,-61.26008325,-62.9476098,-61.26008325,8.71799E-08
675,745,1,-90.509952,9.636377,-79.673381,251.43,125.715,20030201, 02:14:50.0000,-62.94777632,-61.26278078,-62.94792598,-61.26551569,-62.94777632,-61.26278078,2.23574E-07
675,746,1,-89.614824,11.842041,-79.499702,251.43,125.715,20030201, 02:15:30.0000,-62.94809288,-61.26822898,-62.94824292,-61.27096292,-62.94809288,-61.26822898,2.74748E-07
675,747,1,-89.06372,13.444262,-78.266525,251.43,125.715,20030201, 02:16:10.0000,-62.94839302,-61.27369803,-62.94855,-61.27638462,-62.94839302,-61.27369803,3.11921E-07
675,748,1,-90.724966,9.170907,-80.131003,251.43,125.715,20030201, 02:16:50.0000,-62.94869317,-61.27910733,-62.94881667,-61.28183136,-62.94869317,-61.27910733,2.12775E-07
675,749,1,-102.695213,0.582623,-92.668042,251.43,125.715,20030201, 02:17:30.0000,-62.94880698,-61.28457167,-62.94880698,-61.28457167,-62.94880698,-61.28457167,1.35175E-08
675,750,1,-92.939182,5.507959,-82.059724,251.43,125.715,20030201, 02:17:50.0000,-62.94875,-61.28727,-62.94871667,-61.28998834,-62.94875,-61.28727,1.27791E-07
675,751,1,-91.700808,7.325345,-83.099592,251.43,125.715,20030201, 02:18:30.0000,-62.94868333,-61.29265043,-62.94866667,-61.29532234,-62.94868333,-61.29265043,1.69956E-07
675,752,1,-91.290235,8.05166,-80.850904,251.43,125.715,20030201, 02:19:10.0000,-62.94864027,-61.297989,-62.9486,-61.300639,-62.94864027,-61.297989,1.86807E-07
675,753,1,-89.661818,11.714591,-81.76901,251.43,125.715,20030201, 02:19:50.0000,-62.94855,-61.3032599,-62.94851667,-61.305889,-62.94855,-61.3032599,2.71791E-07
675,754,1,-91.918873,6.966612,-81.54049,251.43,125.715,20030201, 02:20:30.0000,-62.94849027,-61.30852234,-62.94845,-61.31118834,-62.94849027,-61.30852234,1.61633E-07
675,755,1,-91.595784,7.504652,-83.640819,251.43,125.715,20030201, 02:21:10.0000,-62.94843333,-61.31382234,-62.9484,-61.31647234,-62.94843333,-61.31382234,1.74116E-07
675,756,1,-93.542133,4.793973,-85.194361,251.43,125.715,20030201, 02:21:50.0000,-62.94838333,-61.31913611,-62.94838333,-61.31913611,-62.94838333,-61.31913611,1.11225E-07
675,757,1,-90.666602,9.294985,-79.144927,251.43,125.715,20030201, 02:22:10.0000,-62.94835,-61.32182222,-62.94833333,-61.32447313,-62.94835,-61.32182222,2.15654E-07
675,758,1,-88.550217,15.131682,-77.435464,251.43,125.715,20030201, 02:22:50.0000,-62.94830699,-61.32713822,-62.94828333,-61.32978834,-62.94830699,-61.32713822,3.51071E-07
675,759,1,-88.374728,15.755642,-79.63705,251.43,125.715,20030201, 02:23:30.0000,-62.94825,-61.33243889,-62.94821667,-61.33510043,-62.94825,-61.33243889,3.65548E-07
675,760,1,-91.035163,8.538718,-82.265873,251.43,125.715,20030201, 02:24:10.0000,-62.94820689,-61.33777313,-62.94816667,-61.34043667,-62.94820689,-61.33777313,1.98107E-07
675,761,1,-90.205489,10.33618,-82.899155,251.43,125.715,20030201, 02:24:50.0000,-62.94813333,-61.34310556,-62.9481,-61.345792,-62.94813333,-61.34310556,2.39811E-07
675,762,1,-89.941262,10.984561,-82.406754,251.43,125.715,20030201, 02:25:30.0000,-62.94807355,-61.34847313,-62.94807355,-61.34847313,-62.94807355,-61.34847313,2.54854E-07
675,763,1,-88.613136,14.914042,-81.212605,251.43,125.715,20030201, 02:25:50.0000,-62.94805,-61.35117155,-62.94801667,-61.35385646,-62.94805,-61.35117155,3.46022E-07
675,764,1,-86.369331,25.002062,-78.317932,251.43,125.715,20030201, 02:26:30.0000,-62.94798333,-61.35656528,-62.94795,-61.35929861,-62.94798333,-61.35656528,5.80075E-07
675,765,1,-87.73271,18.265768,-80.358831,251.43,125.715,20030201, 02:27:10.0000,-62.94795,-61.36203194,-62.94795,-61.36474861,-62.94795,-61.36203194,4.23786E-07
675,766,1,-83.579958,47.524017,-76.095941,251.43,125.715,20030201, 02:27:50.0000,-62.94792361,-61.36743889,-62.9479,-61.37013889,-62.94792361,-61.36743889,1.10261E-06
675,767,1,-85.522863,30.382439,-80.634133,251.43,125.715,20030201, 02:28:30.0000,-62.94787356,-61.37283966,-62.94787356,-61.37283966,-62.94787356,-61.37283966,7.04905E-07
675,768,1,-85.596064,29.874627,-78.092925,251.43,125.715,20030201, 02:28:50.0000,-62.94784023,-61.37554943,-62.94781667,-61.37827146,-62.94784023,-61.37554943,6.93124E-07
675,769,1,-88.318221,15.961981,-81.162458,251.43,125.715,20030201, 02:29:30.0000,-62.9478,-61.38094861,-62.94778333,-61.38363435,-62.9478,-61.38094861,3.70335E-07
675,770,1,-87.624732,18.725598,-80.480336,251.43,125.715,20030201, 02:30:10.0000,-62.94776667,-61.3863375,-62.94773333,-61.38900467,-62.94776667,-61.3863375,4.34454E-07
675,771,1,-90.321415,10.063925,-82.705452,251.43,125.715,20030201, 02:30:50.0000,-62.94773333,-61.39170556,-62.94775992,-61.39437533,-62.94773333,-61.39170556,2.33494E-07
675,772,1,-92.064541,6.736818,-80.873962,251.43,125.715,20030201, 02:31:30.0000,-62.94776667,-61.39708667,-62.94777611,-61.39980102,-62.94776667,-61.39708667,1.56301E-07
675,773,1,-91.77024,7.209164,-84.87551,251.43,125.715,20030201, 02:32:10.0000,-62.94779311,-61.40249957,-62.94779311,-61.40249957,-62.94779311,-61.40249957,1.6726E-07
675,774,1,-92.844098,5.62988,-82.289349,251.43,125.715,20030201, 02:32:30.0000,-62.94781667,-61.40520867,-62.94783333,-61.40790256,-62.94781667,-61.40520867,1.30619E-07
675,775,1,-93.140334,5.258665,-79.699892,251.43,125.715,20030201, 02:33:10.0000,-62.94786667,-61.41060333,-62.94786667,-61.41331923,-62.94786667,-61.41060333,1.22007E-07
675,776,1,-91.474867,7.716534,-78.840486,251.43,125.715,20030201, 02:33:50.0000,-62.94788333,-61.41600497,-62.9479,-61.41870946,-62.94788333,-61.41600497,1.79032E-07
675,777,1,-95.853008,2.815841,-85.731173,251.43,125.715,20030201, 02:34:30.0000,-62.9479,-61.42139543,-62.9479,-61.42412083,-62.9479,-61.42139543,6.53305E-08
675,778,1,-89.050104,13.486478,-72.18749,251.43,125.715,20030201, 02:35:10.0000,-62.9479,-61.42683831,-62.9479,-61.42955333,-62.9479,-61.42683831,3.12901E-07
675,779,1,-94.202505,4.117736,-86.026367,251.43,125.715,20030201, 02:35:50.0000,-62.94792647,-61.4323,-62.94792647,-61.4323,-62.94792647,-61.4323,9.55359E-08
675,780,1,-93.390637,4.964154,-83.700298,251.43,125.715,20030201, 02:36:10.0000,-62.94795,-61.43504116,-62.94798333,-61.43776128,-62.94795,-61.43504116,1.15174E-07
675,781,1,-91.217925,8.186843,-81.520952,251.43,125.715,20030201, 02:36:50.0000,-62.948,-61.44049767,-62.94802633,-61.44320467,-62.948,-61.44049767,1.89944E-07
675,782,1,-90.609996,9.416929,-81.953183,251.43,125.715,20030201, 02:37:30.0000,-62.94805,-61.44593133,-62.94806667,-61.44869767,-62.94805,-61.44593133,2.18483E-07
675,783,1,-92.121754,6.648651,-81.083546,251.43,125.715,20030201, 02:38:10.0000,-62.9481098,-61.45140686,-62.94813333,-61.45411467,-62.9481098,-61.45140686,1.54256E-07
675,784,1,-92.993261,5.439799,-84.478699,251.43,125.715,20030201, 02:38:50.0000,-62.94816667,-61.45681846,-62.94816667,-61.45681846,-62.94816667,-61.45681846,1.26209E-07
675,785,1,-91.7517,7.240006,-82.765818,251.43,125.715,20030201, 02:39:10.0000,-62.9482,-61.45950497,-62.948243,-61.462188,-62.9482,-61.45950497,1.67976E-07
675,786,1,-91.003957,8.600294,-83.069821,251.43,125.715,20030201, 02:39:50.0000,-62.94828333,-61.46490333,-62.9483,-61.46761,-62.94828333,-61.46490333,1.99536E-07
675,787,1,-90.053733,10.703743,-80.731227,251.43,125.715,20030201, 02:40:30.0000,-62.94834333,-61.47032667,-62.94836667,-61.47302449,-62.94834333,-61.47032667,2.48338E-07
675,788,1,-89.554378,12.008011,-79.541768,251.43,125.715,20030201, 02:41:10.0000,-62.9484,-61.47574058,-62.94843333,-61.478488,-62.9484,-61.47574058,2.78599E-07
675,789,1,-90.660689,9.30765,-80.003992,251.43,125.715,20030201, 02:41:50.0000,-62.94846667,-61.48123831,-62.94846667,-61.48123831,-62.94846667,-61.48123831,2.15948E-07
675,790,1,-94.100538,4.215559,-83.399236,251.43,125.715,20030201, 02:42:10.0000,-62.94851667,-61.48397667,-62.94855,-61.48671667,-62.94851667,-61.48397667,9.78055E-08
675,791,1,-98.127567,1.667832,-85.334377,251.43,125.715,20030201, 02:42:50.0000,-62.94857647,-61.4894402,-62.94861667,-61.49218966,-62.94857647,-61.4894402,3.86955E-08
675,792,1,-97.69652,1.841861,-87.634274,251.43,125.715,20030201, 02:43:30.0000,-62.94863333,-61.49492299,-62.94866667,-61.49764462,-62.94863333,-61.49492299,4.27332E-08
675,793,1,-97.299224,2.018304,-86.908361,251.43,125.715,20030201, 02:44:10.0000,-62.94869314,-61.5003402,-62.94871667,-61.50302133,-62.94869314,-61.5003402,4.68268E-08
675,794,1,-97.277197,2.028566,-87.289744,251.43,125.715,20030201, 02:44:50.0000,-62.94873333,-61.50572353,-62.94873333,-61.50572353,-62.94873333,-61.50572353,4.70649E-08
675,795,1,-96.127798,2.643195,-85.232158,251.43,125.715,20030201, 02:45:10.0000,-62.94875,-61.50842407,-62.94876667,-61.51110686,-62.94875,-61.50842407,6.1325E-08
675,796,1,-90.163262,10.437169,-73.103414,251.43,125.715,20030201, 02:45:50.0000,-62.9488,-61.51380863,-62.94883333,-61.51651855,-62.9488,-61.51380863,2.42154E-07
675,797,1,-97.515974,1.920045,-87.639742,251.43,125.715,20030201, 02:46:30.0000,-62.94886667,-61.51920057,-62.9489,-61.52190179,-62.94886667,-61.51920057,4.45471E-08
675,798,1,-99.215742,1.29818,-89.06557,251.43,125.715,20030201, 02:47:10.0000,-62.94893333,-61.52459943,-62.94895,-61.52731053,-62.94893333,-61.52459943,3.01192E-08
675,799,1,-102.917028,0.553613,-90.229622,251.43,125.715,20030201, 02:47:50.0000,-62.94898333,-61.53002085,-62.94901667,-61.53273133,-62.94898333,-61.53002085,1.28444E-08
675,800,1,-105.708363,0.29112,-93.527967,251.43,125.715,20030201, 02:48:30.0000,-62.94906667,-61.53542407,-62.94906667,-61.53542407,-62.94906667,-61.53542407,6.75431E-09
675,801,1,-101.430038,0.77966,-89.401882,251.43,125.715,20030201, 02:48:50.0000,-62.9491,-61.53811133,-62.94911667,-61.54079467,-62.9491,-61.53811133,1.8089E-08
675,802,1,-90.414496,9.850524,-71.553262,251.43,125.715,20030201, 02:49:30.0000,-62.94914337,-61.5434772,-62.94916667,-61.54615897,-62.94914337,-61.5434772,2.28543E-07
675,803,1,-106.279144,0.255267,-94.718495,251.43,125.715,20030201, 02:50:10.0000,-62.94919315,-61.54884036,-62.94921667,-61.551498,-62.94919315,-61.54884036,5.92247E-09
675,804,1,-99.254185,1.286739,-81.433406,251.43,125.715,20030201, 02:50:50.0000,-62.94923333,-61.5541753,-62.94925,-61.55684467,-62.94923333,-61.5541753,2.98537E-08
675,805,1,-102.595961,0.596091,-89.31268,251.43,125.715,20030201, 02:51:30.0000,-62.94926667,-61.55954197,-62.94929286,-61.56220238,-62.94926667,-61.55954197,1.383E-08
675,806,1,-106.594642,0.23738,-92.936541,251.43,125.715,20030201, 02:52:10.0000,-62.94931667,-61.564888,-62.94931667,-61.564888,-62.94931667,-61.564888,5.50748E-09
675,807,1,-104.659398,0.370654,-92.552337,251.43,125.715,20030201, 02:52:30.0000,-62.94935,-61.56759307,-62.94938333,-61.57025238,-62.94935,-61.56759307,8.59958E-09
675,808,1,-112.10874,0.066686,-96.526863,251.43,125.715,20030201, 02:53:10.0000,-62.94939342,-61.572928,-62.94941667,-61.575578,-62.94939342,-61.572928,1.54719E-09
675,809,1,-102.184871,0.655272,-86.280559,251.43,125.715,20030201, 02:53:50.0000,-62.94943333,-61.5782253,-62.94945,-61.58089444,-62.94943333,-61.5782253,1.5203E-08
675,810,1,-103.87865,0.443654,-89.933612,251.43,125.715,20030201, 02:54:30.0000,-62.94945,-61.58355439,-62.94946667,-61.586228,-62.94945,-61.58355439,1.02932E-08
675,811,1,-102.872077,0.559373,-89.471696,251.43,125.715,20030201, 02:55:10.0000,-62.94946667,-61.58889467,-62.94946667,-61.59155475,-62.94946667,-61.58889467,1.29781E-08
675,812,1,-105.602205,0.298324,-92.442047,251.43,125.715,20030201, 02:55:50.0000,-62.94950957,-61.59421983,-62.94950957,-61.59421983,-62.94950957,-61.59421983,6.92144E-09
675,813,1,-100.134648,1.050616,-88.752809,251.43,125.715,20030201, 02:56:10.0000,-62.94953333,-61.596866,-62.94955,-61.59953825,-62.94953333,-61.596866,2.43754E-08
675,814,1,-101.629637,0.744638,-89.471902,251.43,125.715,20030201, 02:56:50.0000,-62.94956667,-61.60222667,-62.94957618,-61.60488553,-62.94956667,-61.60222667,1.72764E-08
675,815,1,-99.517167,1.211134,-86.402757,251.43,125.715,20030201, 02:57:30.0000,-62.94958333,-61.607566,-62.94960975,-61.61023933,-62.94958333,-61.607566,2.80996E-08
675,816,1,-99.707328,1.159247,-85.930046,251.43,125.715,20030201, 02:58:10.0000,-62.94963333,-61.61292533,-62.94966667,-61.61563267,-62.94963333,-61.61292533,2.68958E-08
675,817,1,-99.253055,1.287074,-85.788681,251.43,125.715,20030201, 02:58:50.0000,-62.9497,-61.6183365,-62.94971667,-61.62106171,-62.9497,-61.6183365,2.98615E-08
675,818,1,-95.455179,3.085965,-84.138701,251.43,125.715,20030201, 02:59:30.0000,-62.94974345,-61.62376186,-62.94974345,-61.62376186,-62.94974345,-61.62376186,7.15977E-08
675,819,1,-97.680941,1.84848,-85.237105,251.43,125.715,20030201, 02:59:50.0000,-62.94975,-61.6264794,-62.94978333,-61.629206,-62.94975,-61.6264794,4.28867E-08
675,820,1,-98.426561,1.556872,-86.70759,251.43,125.715,20030201, 03:00:30.0000,-62.94983333,-61.63190316,-62.94986667,-61.63460316,-62.94983333,-61.63190316,3.61211E-08
675,821,1,-99.566639,1.197416,-86.974529,251.43,125.715,20030201, 03:01:10.0000,-62.9499,-61.63728583,-62.94993333,-61.63997933,-62.9499,-61.63728583,2.77813E-08
675,822,1,-99.832206,1.126389,-89.67299,251.43,125.715,20030201, 03:01:50.0000,-62.94996667,-61.64265719,-62.95,-61.645356,-62.94996667,-61.64265719,2.61334E-08
675,823,1,-96.908307,2.208403,-86.743924,251.43,125.715,20030201, 03:02:30.0000,-62.95004338,-61.64804414,-62.95007618,-61.65071886,-62.95004338,-61.64804414,5.12373E-08
675,824,1,-101.335605,0.796798,-87.659531,251.43,125.715,20030201, 03:03:10.0000,-62.95011667,-61.65341886,-62.95011667,-61.65341886,-62.95011667,-61.65341886,1.84866E-08
675,825,1,-99.309594,1.270427,-86.346424,251.43,125.715,20030201, 03:03:30.0000,-62.95015975,-61.65608933,-62.9502,-61.65879053,-62.95015975,-61.65608933,2.94753E-08
675,826,1,-96.90313,2.211036,-81.440607,251.43,125.715,20030201, 03:04:10.0000,-62.95024308,-61.66148933,-62.95027659,-61.6642087,-62.95024308,-61.66148933,5.12984E-08
675,827,1,-96.683671,2.325637,-82.193698,251.43,125.715,20030201, 03:04:50.0000,-62.9503,-61.6669294,-62.95033333,-61.66967267,-62.9503,-61.6669294,5.39573E-08
675,828,1,-97.095235,2.115365,-84.321888,251.43,125.715,20030201, 03:05:30.0000,-62.95037628,-61.67241346,-62.95039302,-61.67513825,-62.95037628,-61.67241346,4.90788E-08
675,829,1,-97.197728,2.066028,-86.083424,251.43,125.715,20030201, 03:06:10.0000,-62.9504,-61.67787283,-62.9504,-61.67787283,-62.9504,-61.67787283,4.79341E-08
675,830,1,-95.944642,2.757051,-84.345941,251.43,125.715,20030201, 03:06:30.0000,-62.95041667,-61.68063127,-62.95041667,-61.68340195,-62.95041667,-61.68063127,6.39665E-08
675,831,1,-97.816028,1.791868,-86.471877,251.43,125.715,20030201, 03:07:10.0000,-62.95041667,-61.686156,-62.95041667,-61.6889294,-62.95041667,-61.686156,4.15733E-08
675,832,1,-97.923889,1.747914,-84.571929,251.43,125.715,20030201, 03:07:50.0000,-62.95041667,-61.69171575,-62.95043333,-61.69449504,-62.95041667,-61.69171575,4.05535E-08
675,833,1,-101.486739,0.769547,-89.115598,251.43,125.715,20030201, 03:08:30.0000,-62.95045,-61.69724933,-62.95048333,-61.70000867,-62.95045,-61.69724933,1.78543E-08
675,834,1,-99.692525,1.163205,-86.929592,251.43,125.715,20030201, 03:09:10.0000,-62.9505,-61.70275867,-62.9505,-61.70275867,-62.9505,-61.70275867,2.69876E-08
675,835,1,-101.956445,0.69066,-87.214109,251.43,125.715,20030201, 03:09:30.0000,-62.95051667,-61.7055365,-62.95051667,-61.7083294,-62.95051667,-61.7055365,1.60241E-08
675,836,1,-94.298924,4.027324,-77.144978,251.43,125.715,20030201, 03:10:10.0000,-62.95053333,-61.71109504,-62.95055,-61.71385867,-62.95053333,-61.71109504,9.34383E-08
675,837,1,-103.263785,0.511129,-90.503112,251.43,125.715,20030201, 03:10:50.0000,-62.950576,-61.716616,-62.9506,-61.71937533,-62.950576,-61.716616,1.18587E-08
675,838,1,-103.738721,0.458181,-92.086414,251.43,125.715,20030201, 03:11:30.0000,-62.95061667,-61.72210929,-62.95061667,-61.72210929,-62.95061667,-61.72210929,1.06303E-08
675,839,1,-103.230475,0.515064,-89.23646,251.43,125.715,20030201, 03:11:50.0000,-62.95063333,-61.72487675,-62.95065,-61.72765067,-62.95063333,-61.72487675,1.19501E-08
675,840,1,-102.447915,0.616762,-87.785544,251.43,125.715,20030201, 03:12:30.0000,-62.95066667,-61.73044583,-62.95068333,-61.73323242,-62.95066667,-61.73044583,1.43095E-08
675,841,1,-101.866051,0.705186,-91.651744,251.43,125.715,20030201, 03:13:10.0000,-62.95068333,-61.73600294,-62.95068333,-61.73877179,-62.95068333,-61.73600294,1.63611E-08
675,842,1,-105.905214,0.278219,-92.007631,251.43,125.715,20030201, 03:13:50.0000,-62.95068333,-61.74154342,-62.95068333,-61.74431008,-62.95068333,-61.74154342,6.45499E-09
675,843,1,-103.326955,0.503748,-91.758217,251.43,125.715,20030201, 03:14:30.0000,-62.95071667,-61.74705067,-62.95071667,-61.74705067,-62.95071667,-61.74705067,1.16875E-08
675,844,1,-103.870414,0.444496,-90.910883,251.43,125.715,20030201, 03:14:50.0000,-62.95071667,-61.74981008,-62.95073333,-61.7525535,-62.95071667,-61.74981008,1.03128E-08
675,845,1,-103.996102,0.431816,-91.818495,251.43,125.715,20030201, 03:15:30.0000,-62.95075,-61.75531008,-62.95076667,-61.75808085,-62.95075,-61.75531008,1.00186E-08
675,846,1,-107.38313,0.197968,-93.876357,251.43,125.715,20030201, 03:16:10.0000,-62.9508,-61.76085067,-62.95081667,-61.76361733,-62.9508,-61.76085067,4.59308E-09
675,847,1,-107.612059,0.187803,-96.894992,251.43,125.715,20030201, 03:16:50.0000,-62.95085,-61.766384,-62.95085,-61.766384,-62.95085,-61.766384,4.35724E-09
675,848,1,-88.996915,13.652665,-71.841829,251.43,125.715,20030201, 03:17:10.0000,-62.95088333,-61.769134,-62.95088333,-61.77189342,-62.95088333,-61.769134,3.16757E-07
675,849,1,-82.503048,60.898149,-63.837584,251.43,125.715,20030201, 03:17:50.0000,-62.9509,-61.77465617,-62.9509,-61.77740758,-62.9509,-61.77465617,1.4129E-06
675,850,1,-94.001859,4.31244,-78.472691,251.43,125.715,20030201, 03:18:30.0000,-62.9508898,-61.78015672,-62.9509,-61.78288015,-62.9508898,-61.78015672,1.00053E-07
675,851,1,-105.46877,0.307632,-92.260362,251.43,125.715,20030201, 03:19:10.0000,-62.95088333,-61.78559652,-62.95088333,-61.78828786,-62.95088333,-61.78559652,7.1374E-09
675,852,1,-96.58934,2.376703,-88.320694,251.43,125.715,20030201, 03:19:50.0000,-62.95085,-61.79097016,-62.95085,-61.79097016,-62.95085,-61.79097016,5.51421E-08
675,853,1,-92.611349,5.93983,-77.785093,251.43,125.715,20030201, 03:20:10.0000,-62.95081667,-61.79370672,-62.95078333,-61.79642985,-62.95081667,-61.79370672,1.3781E-07
675,854,1,-91.357423,7.928054,-74.385394,251.43,125.715,20030201, 03:20:50.0000,-62.95075,-61.799146,-62.95070653,-61.80186214,-62.95075,-61.799146,1.83939E-07
675,855,1,-104.302595,0.402392,-91.083671,251.43,125.715,20030201, 03:21:30.0000,-62.95068333,-61.8045895,-62.95065645,-61.80731348,-62.95068333,-61.8045895,9.33593E-09
675,856,1,-105.705632,0.291304,-93.395298,251.43,125.715,20030201, 03:22:10.0000,-62.95063333,-61.81005758,-62.95062392,-61.81276733,-62.95063333,-61.81005758,6.75856E-09
675,857,1,-101.398979,0.785256,-89.661322,251.43,125.715,20030201, 03:22:50.0000,-62.95061667,-61.81549342,-62.9506,-61.818234,-62.95061667,-61.81549342,1.82188E-08
675,858,1,-105.923135,0.277074,-93.45285,251.43,125.715,20030201, 03:23:30.0000,-62.95056667,-61.82099342,-62.95056667,-61.82099342,-62.95056667,-61.82099342,6.42841E-09
675,859,1,-99.752307,1.147303,-85.928479,251.43,125.715,20030201, 03:23:50.0000,-62.95053333,-61.82375067,-62.95049058,-61.82651008,-62.95053333,-61.82375067,2.66187E-08
675,860,1,-96.477983,2.438432,-78.142714,251.43,125.715,20030201, 03:24:30.0000,-62.95046667,-61.82927675,-62.95043333,-61.83201733,-62.95046667,-61.82927675,5.65743E-08
675,861,1,-98.264626,1.616018,-85.599217,251.43,125.715,20030201, 03:25:10.0000,-62.9504,-61.83476309,-62.95038333,-61.83751733,-62.9504,-61.83476309,3.74934E-08
675,862,1,-100.869991,0.886972,-89.477309,251.43,125.715,20030201, 03:25:50.0000,-62.95036667,-61.84026309,-62.95036667,-61.84026309,-62.95036667,-61.84026309,2.05787E-08
675,863,1,-98.186049,1.645523,-80.577634,251.43,125.715,20030201, 03:26:10.0000,-62.95035,-61.84301733,-62.9503,-61.845784,-62.95035,-61.84301733,3.81779E-08
675,864,1,-104.666872,0.370017,-91.026781,251.43,125.715,20030201, 03:26:50.0000,-62.95028333,-61.84854342,-62.95025,-61.85131419,-62.95028333,-61.84854342,8.58479E-09
675,865,1,-104.625074,0.373595,-91.977815,251.43,125.715,20030201, 03:27:30.0000,-62.95020725,-61.85406008,-62.95016667,-61.856834,-62.95020725,-61.85406008,8.66782E-09
675,866,1,-98.69902,1.462201,-81.968242,251.43,125.715,20030201, 03:28:10.0000,-62.95016667,-61.859584,-62.95016667,-61.86233085,-62.95016667,-61.859584,3.39246E-08
675,867,1,-105.733242,0.289457,-93.992744,251.43,125.715,20030201, 03:28:50.0000,-62.95016667,-61.86508085,-62.95016667,-61.86508085,-62.95016667,-61.86508085,6.71573E-09
675,868,1,-103.554358,0.47805,-89.326108,251.43,125.715,20030201, 03:29:10.0000,-62.95016667,-61.86784342,-62.95016667,-61.87061419,-62.95016667,-61.86784342,1.10913E-08
675,869,1,-99.540327,1.204693,-87.550865,251.43,125.715,20030201, 03:29:50.0000,-62.95016667,-61.87336733,-62.95015,-61.87609342,-62.95016667,-61.87336733,2.79502E-08
675,870,1,-99.359224,1.255991,-86.632988,251.43,125.715,20030201, 03:30:30.0000,-62.95013333,-61.87883085,-62.95013333,-61.88158786,-62.95013333,-61.87883085,2.91403E-08
675,871,1,-99.144717,1.319585,-86.970862,251.43,125.715,20030201, 03:31:10.0000,-62.95011667,-61.88437976,-62.95011667,-61.88711733,-62.95011667,-61.88437976,3.06158E-08
675,872,1,-99.077717,1.3401,-86.486146,251.43,125.715,20030201, 03:31:50.0000,-62.95011667,-61.88987675,-62.95011667,-61.88987675,-62.95011667,-61.88987675,3.10918E-08
675,873,1,-89.221937,12.96329,-78.810615,251.43,125.715,20030201, 03:32:10.0000,-62.95008333,-61.89261809,-62.95005,-61.89535142,-62.95008333,-61.89261809,3.00762E-07
675,874,1,-82.813288,56.69962,-71.315708,251.43,125.715,20030201, 03:32:50.0000,-62.95003333,-61.89811867,-62.95003333,-61.90086451,-62.95003333,-61.89811867,1.31549E-06
675,875,1,-79.738288,115.101269,-68.388268,251.43,125.715,20030201, 03:33:30.0000,-62.95003333,-61.90357817,-62.95001667,-61.90629067,-62.95003333,-61.90357817,2.67047E-06
675,876,1,-83.173104,52.191347,-72.163239,251.43,125.715,20030201, 03:34:10.0000,-62.95,-61.90898118,-62.94998333,-61.91168397,-62.95,-61.90898118,1.2109E-06
675,877,1,-88.601262,14.954872,-76.257365,251.43,125.715,20030201, 03:34:50.0000,-62.95,-61.91441717,-62.95,-61.91441717,-62.95,-61.91441717,3.46969E-07
675,878,1,-89.427571,12.363795,-75.895477,251.43,125.715,20030201, 03:35:10.0000,-62.95,-61.91712092,-62.95,-61.91980733,-62.95,-61.91712092,2.86853E-07
675,879,1,-89.687983,11.644225,-76.103902,251.43,125.715,20030201, 03:35:50.0000,-62.95,-61.92250812,-62.95,-61.92519867,-62.95,-61.92250812,2.70159E-07
675,880,1,-87.874053,17.680871,-74.480505,251.43,125.715,20030201, 03:36:30.0000,-62.95,-61.92791082,-62.95,-61.93064233,-62.95,-61.92791082,4.10215E-07
675,881,1,-90.210307,10.324719,-75.682111,251.43,125.715,20030201, 03:37:10.0000,-62.95001667,-61.93335694,-62.95001667,-61.93605746,-62.95001667,-61.93335694,2.39545E-07
675,882,1,-90.885439,8.838224,-78.057676,251.43,125.715,20030201, 03:37:50.0000,-62.95001667,-61.93876274,-62.95001667,-61.93876274,-62.95001667,-61.93876274,2.05056E-07
675,883,1,-89.369822,12.529298,-71.948545,251.43,125.715,20030201, 03:38:10.0000,-62.95001667,-61.941482,-62.95003333,-61.94420821,-62.95001667,-61.941482,2.90693E-07
675,884,1,-95.325404,3.179571,-81.451213,251.43,125.715,20030201, 03:38:50.0000,-62.95003333,-61.94690746,-62.95003333,-61.94962291,-62.95003333,-61.94690746,7.37695E-08
675,885,1,-98.192625,1.643034,-86.707658,251.43,125.715,20030201, 03:39:30.0000,-62.95003333,-61.95234867,-62.95004325,-61.95502533,-62.95003333,-61.95234867,3.81202E-08
675,886,1,-94.757967,3.623366,-85.91592,251.43,125.715,20030201, 03:40:10.0000,-62.95005,-61.95771274,-62.95006667,-61.96040867,-62.95005,-61.95771274,8.4066E-08
675,887,1,-95.910637,2.778723,-87.163889,251.43,125.715,20030201, 03:40:50.0000,-62.95006667,-61.96312138,-62.95008333,-61.9658436,-62.95006667,-61.96312138,6.44694E-08
675,888,1,-96.496954,2.427803,-85.905008,251.43,125.715,20030201, 03:41:30.0000,-62.95008333,-61.96856274,-62.95008333,-61.96856274,-62.95008333,-61.96856274,5.63277E-08
675,889,1,-93.949531,4.364714,-83.532051,251.43,125.715,20030201, 03:41:50.0000,-62.9501,-61.97126,-62.95011017,-61.97395624,-62.9501,-61.97126,1.01266E-07
675,890,1,-94.641301,3.722021,-84.004458,251.43,125.715,20030201, 03:42:30.0000,-62.95013333,-61.97667413,-62.95015,-61.97937533,-62.95013333,-61.97667413,8.63549E-08
675,891,1,-93.858078,4.457601,-83.853762,251.43,125.715,20030201, 03:43:10.0000,-62.95018333,-61.98210624,-62.9502,-61.9848113,-62.95018333,-61.98210624,1.03421E-07
675,892,1,-97.222657,2.054202,-86.095589,251.43,125.715,20030201, 03:43:50.0000,-62.95021667,-61.98752291,-62.95020717,-61.99022817,-62.95021667,-61.98752291,4.76597E-08
675,893,1,-93.633709,4.693945,-81.306129,251.43,125.715,20030201, 03:44:30.0000,-62.95007383,-61.9929425,-62.95007383,-61.9929425,-62.95007383,-61.9929425,1.08905E-07
675,894,1,-96.829131,2.249033,-81.233687,251.43,125.715,20030201, 03:44:50.0000,-62.94967,-61.99542333,-62.94899833,-61.99753033,-62.94967,-61.99542333,5.218E-08
675,895,1,-97.306869,2.014754,-86.13652,251.43,125.715,20030201, 03:45:30.0000,-62.94811746,-61.99911206,-62.94707943,-62.00007366,-62.94811746,-61.99911206,4.67445E-08
675,896,1,-92.668772,5.861809,-79.520907,251.43,125.715,20030201, 03:46:10.0000,-62.94598897,-62.0004,-62.94486378,-62.00041667,-62.94598897,-62.0004,1.36E-07
675,897,1,-91.214764,8.192804,-80.534997,251.43,125.715,20030201, 03:46:50.0000,-62.94371275,-62.00033992,-62.94254501,-62.00028333,-62.94371275,-62.00033992,1.90082E-07
675,898,1,-92.869417,5.597154,-83.045087,251.43,125.715,20030201, 03:47:30.0000,-62.94138022,-62.00026667,-62.94022914,-62.00025,-62.94138022,-62.00026667,1.2986E-07
675,899,1,-94.849557,3.547751,-83.650436,251.43,125.715,20030201, 03:48:10.0000,-62.93906042,-62.00021667,-62.93788022,-62.00018333,-62.93906042,-62.00021667,8.23117E-08
675,900,1,-95.229022,3.250923,-85.026004,251.43,125.715,20030201, 03:48:50.0000,-62.93671248,-62.00013333,-62.93553416,-62.00008969,-62.93671248,-62.00013333,7.54249E-08
675,901,1,-96.430917,2.465002,-84.560742,251.43,125.715,20030201, 03:49:30.0000,-62.93435,-62.00002292,-62.93318333,-61.99995,-62.93435,-62.00002292,5.71907E-08
675,902,1,-95.522266,3.038662,-84.187372,251.43,125.715,20030201, 03:50:10.0000,-62.93201275,-61.99985658,-62.93082942,-61.99972325,-62.93201275,-61.99985658,7.05002E-08
675,903,1,-94.804028,3.58514,-84.172755,251.43,125.715,20030201, 03:50:50.0000,-62.92967914,-61.99965,-62.92849375,-61.99963333,-62.92967914,-61.99965,8.31791E-08
675,904,1,-95.553662,3.016774,-82.186614,251.43,125.715,20030201, 03:51:30.0000,-62.92733111,-61.99965,-62.92617943,-61.9997,-62.92733111,-61.99965,6.99924E-08
675,905,1,-97.342289,1.998389,-87.024206,251.43,125.715,20030201, 03:52:10.0000,-62.92499518,-61.99973333,-62.92381392,-61.99975,-62.92499518,-61.99973333,4.63648E-08
675,906,1,-97.282159,2.02625,-88.263582,251.43,125.715,20030201, 03:52:50.0000,-62.9226306,-61.99976667,-62.9226306,-61.99976667,-62.9226306,-61.99976667,4.70112E-08
