Process_ID,Interval,Layer,Sv_mean,NASC,Sv_max,Height_mean,Depth_mean,Date_M,Time_M,Lat_S,Lon_S,Lat_E,Lon_E,Lat_M,Lon_M,ABC
687,1,1,-87.656515,18.483335,-76.257164,250,125,20040204, 17:50:50.0000,-60.66306961,-55.77090172,-60.66238627,-55.77234412,-60.66306961,-55.77090172,4.28833E-07
687,2,1,-81.918265,69.279595,-70.767423,250,125,20040204, 17:51:30.0000,-60.66179374,-55.77388407,-60.66140145,-55.77562607,-60.66179374,-55.77388407,1.60736E-06
687,3,1,-85.249467,32.172526,-72.721007,250,125,20040204, 17:52:30.0000,-60.66123333,-55.77741701,-60.66154862,-55.78075976,-60.66127444,-55.77917772,7.46437E-07
687,4,1,-80.565547,94.596962,-70.590865,250,125,20040204, 17:53:10.0000,-60.66198959,-55.78232642,-60.66248959,-55.78390976,-60.66198959,-55.78232642,2.19475E-06
687,5,1,-76.88321,220.85684,-68.122274,250,125,20040204, 17:54:10.0000,-60.66299724,-55.78554309,-60.66395626,-55.78885073,-60.66348959,-55.78719309,5.12412E-06
687,6,1,-75.354902,314.008665,-65.359274,250,125,20040204, 17:54:50.0000,-60.66443959,-55.79059309,-60.66494052,-55.79240415,-60.66443959,-55.79059309,7.28534E-06
687,7,1,-77.158098,207.310837,-68.551207,250,125,20040204, 17:55:30.0000,-60.66543959,-55.7942674,-60.66595615,-55.79606701,-60.66543959,-55.7942674,4.80983E-06
687,8,1,-78.255274,161.029128,-70.578574,250,125,20040204, 17:56:10.0000,-60.66643949,-55.79786701,-60.66695711,-55.79968717,-60.66643949,-55.79786701,3.73605E-06
687,9,1,-82.541449,60.018749,-68.405485,250,125,20040204, 17:57:10.0000,-60.66747282,-55.80141846,-60.66845615,-55.80482607,-60.66797282,-55.80309274,1.3925E-06
687,10,1,-79.520332,120.336849,-68.770765,250,125,20040204, 17:57:50.0000,-60.66895615,-55.8065594,-60.66945615,-55.80831701,-60.66895615,-55.8065594,2.79194E-06
687,11,1,-77.233901,203.723794,-68.114869,250,125,20040204, 17:58:30.0000,-60.66997282,-55.8101094,-60.67050615,-55.81191701,-60.66997282,-55.8101094,4.72661E-06
687,12,1,-87.875548,17.574261,-73.306402,250,125,20040204, 17:59:10.0000,-60.67103949,-55.81369274,-60.67155615,-55.81537607,-60.67103949,-55.81369274,4.07742E-07
687,13,1,-83.070718,53.132475,-72.054255,250,125,20040204, 18:00:10.0000,-60.67208949,-55.8170594,-60.67312389,-55.8205376,-60.67260615,-55.81877607,1.23273E-06
687,14,1,-80.390492,98.487852,-71.590675,250,125,20040204, 18:00:50.0000,-60.67362282,-55.8223094,-60.67415719,-55.82408748,-60.67362282,-55.8223094,2.28502E-06
687,15,1,-80.581729,94.245134,-72.102675,250,125,20040204, 18:01:30.0000,-60.67468998,-55.82584439,-60.67522282,-55.82757607,-60.67468998,-55.82584439,2.18659E-06
687,16,1,-84.807379,35.620004,-70.965897,250,125,20040204, 18:02:10.0000,-60.67575722,-55.8293376,-60.67628959,-55.8311174,-60.67575722,-55.8293376,8.26423E-07
687,17,1,-79.221458,128.90982,-70.815806,250,125,20040204, 18:03:10.0000,-60.67680615,-55.83290034,-60.67787282,-55.83648368,-60.67733949,-55.83468368,2.99085E-06
687,18,1,-76.895748,220.220123,-68.936097,250,125,20040204, 18:03:50.0000,-60.67839724,-55.83830073,-60.67892398,-55.84010459,-60.67839724,-55.83830073,5.10934E-06
687,19,1,-77.55232,189.321439,-64.988976,250,125,20040204, 18:04:30.0000,-60.67947293,-55.8419174,-60.68000719,-55.84377081,-60.67947293,-55.8419174,4.39246E-06
687,20,1,-83.902504,43.871392,-70.325887,250,125,20040204, 18:05:10.0000,-60.68053959,-55.8455674,-60.68105626,-55.84735073,-60.68053959,-55.8455674,1.01786E-06
687,21,1,-92.328015,6.304205,-78.604591,250,125,20040204, 18:05:50.0000,-60.68158057,-55.84908407,-60.68208959,-55.85082642,-60.68158057,-55.84908407,1.46264E-07
687,22,1,-87.549348,18.945108,-73.518459,250,125,20040204, 18:06:50.0000,-60.68262398,-55.8525466,-60.68369052,-55.85594619,-60.68315626,-55.85424309,4.39547E-07
687,23,1,-80.006246,107.598753,-68.491756,250,125,20040204, 18:07:30.0000,-60.68422293,-55.85760976,-60.68477304,-55.85929346,-60.68422293,-55.85760976,2.49641E-06
687,24,1,-79.924545,109.64211,-68.954514,250,125,20040204, 18:08:10.0000,-60.68533971,-55.8610268,-60.68589739,-55.86276013,-60.68533971,-55.8610268,2.54382E-06
687,25,1,-79.862902,111.20945,-67.649935,250,125,20040204, 18:08:50.0000,-60.68645637,-55.86458448,-60.68699846,-55.86642077,-60.68645637,-55.86458448,2.58018E-06
687,26,1,-87.44139,19.421951,-71.849642,250,125,20040204, 18:09:30.0000,-60.68753072,-55.86818448,-60.68807304,-55.86991781,-60.68753072,-55.86818448,4.5061E-07
687,27,1,-80.169723,103.623799,-67.098028,250,125,20040204, 18:10:30.0000,-60.68860735,-55.87164673,-60.68967296,-55.87508418,-60.68913061,-55.87337653,2.40418E-06
687,28,1,-73.599843,470.378624,-62.654422,250,125,20040204, 18:11:10.0000,-60.69022296,-55.87685085,-60.69077402,-55.87862141,-60.69022296,-55.87685085,1.09133E-05
687,29,1,-73.504773,480.789003,-61.256957,250,125,20040204, 18:11:50.0000,-60.6913141,-55.88040128,-60.69186373,-55.88217599,-60.6913141,-55.88040128,1.11548E-05
687,30,1,-72.36057,625.712446,-59.726338,250,125,20040204, 18:12:30.0000,-60.6924141,-55.88396795,-60.69294712,-55.88576709,-60.6924141,-55.88396795,1.45172E-05
687,31,1,-74.357981,395.03336,-61.905565,250,125,20040204, 18:13:10.0000,-60.69348077,-55.88755128,-60.69402414,-55.88938851,-60.69348077,-55.88755128,9.1652E-06
687,32,1,-83.344235,49.889405,-70.418235,250,125,20040204, 18:13:50.0000,-60.69455734,-55.89122137,-60.69508974,-55.89301026,-60.69455734,-55.89122137,1.15749E-06
687,33,1,-82.528542,60.197394,-68.439616,250,125,20040204, 18:14:50.0000,-60.69562414,-55.89473851,-60.69667308,-55.89817692,-60.69615641,-55.89645128,1.39664E-06
687,34,1,-79.221608,128.905365,-67.343638,250,125,20040204, 18:15:30.0000,-60.69720641,-55.89992692,-60.69773974,-55.90168462,-60.69720641,-55.89992692,2.99074E-06
687,35,1,-81.37227,78.560603,-68.694852,250,125,20040204, 18:16:10.0000,-60.69828974,-55.90349231,-60.69882308,-55.90530128,-60.69828974,-55.90349231,1.82269E-06
687,36,1,-79.714006,115.088307,-66.251682,250,125,20040204, 18:16:50.0000,-60.69935641,-55.90708462,-60.69992308,-55.90890128,-60.69935641,-55.90708462,2.67017E-06
687,37,1,-83.004558,53.948084,-72.116095,250,125,20040204, 18:17:30.0000,-60.70047308,-55.91071795,-60.70104744,-55.91250128,-60.70047308,-55.91071795,1.25165E-06
687,38,1,-88.266182,16.062519,-70.986485,250,125,20040204, 18:18:30.0000,-60.70158984,-55.91432724,-60.70262317,-55.91791829,-60.7021065,-55.91611057,3.72668E-07
687,39,1,-86.773537,22.650521,-75.995592,250,125,20040204, 18:19:10.0000,-60.70314078,-55.91970508,-60.7036565,-55.92147724,-60.70314078,-55.91970508,5.25517E-07
687,40,1,-88.220897,16.230884,-77.746344,250,125,20040204, 18:19:50.0000,-60.70417317,-55.9231939,-60.70469756,-55.92491829,-60.70417317,-55.9231939,3.76574E-07
687,41,1,-85.691041,29.06215,-73.477665,250,125,20040204, 18:20:30.0000,-60.70523984,-55.92662724,-60.70578089,-55.9283439,-60.70523984,-55.92662724,6.74273E-07
687,42,1,-82.096776,66.489682,-70.555516,250,125,20040204, 18:21:10.0000,-60.70632317,-55.93007724,-60.70686405,-55.93185882,-60.70632317,-55.93007724,1.54263E-06
687,43,1,-83.323129,50.132456,-70.481251,250,125,20040204, 18:22:10.0000,-60.7074065,-55.93366829,-60.70847317,-55.93735163,-60.70793984,-55.93550163,1.16313E-06
687,44,1,-82.893166,55.349697,-70.228025,250,125,20040204, 18:22:50.0000,-60.7090065,-55.93919268,-60.70955757,-55.94103886,-60.7090065,-55.93919268,1.28417E-06
687,45,1,-79.462111,121.960924,-64.797057,250,125,20040204, 18:23:30.0000,-60.7101065,-55.94285163,-60.71066423,-55.94466829,-60.7101065,-55.94285163,2.82962E-06
687,46,1,-82.645523,58.597558,-64.28276,250,125,20040204, 18:24:10.0000,-60.71122423,-55.94643886,-60.71178984,-55.9482439,-60.71122423,-55.94643886,1.35953E-06
687,47,1,-80.585066,94.172749,-62.996964,250,125,20040204, 18:24:50.0000,-60.71233089,-55.95001057,-60.71288089,-55.9517939,-60.71233089,-55.95001057,2.18491E-06
687,48,1,-81.014996,85.296705,-68.047437,250,125,20040204, 18:25:30.0000,-60.71343089,-55.95360163,-60.71397317,-55.95541829,-60.71343089,-55.95360163,1.97898E-06
687,49,1,-85.492174,30.42387,-72.757696,250,125,20040204, 18:26:30.0000,-60.71448974,-55.95719359,-60.71557308,-55.96073462,-60.71504093,-55.95895564,7.05867E-07
687,50,1,-81.762692,71.806315,-70.65617,250,125,20040204, 18:27:10.0000,-60.71612414,-55.96257989,-60.7166576,-55.96445564,-60.71612414,-55.96257989,1.66598E-06
687,51,1,-87.15102,20.7649,-77.123445,250,125,20040204, 18:27:50.0000,-60.71718974,-55.96630128,-60.71772423,-55.96812219,-60.71718974,-55.96630128,4.81768E-07
687,52,1,-86.450994,24.396777,-76.625193,250,125,20040204, 18:28:30.0000,-60.7182565,-55.96996829,-60.71880731,-55.97177126,-60.7182565,-55.96996829,5.66032E-07
687,53,1,-86.437032,24.475337,-74.344017,250,125,20040204, 18:29:10.0000,-60.71933995,-55.9735598,-60.71985757,-55.97540553,-60.71933995,-55.9735598,5.67854E-07
687,54,1,-83.246912,51.020024,-74.275204,250,125,20040204, 18:29:50.0000,-60.72038988,-55.97725179,-60.72093988,-55.97910179,-60.72038988,-55.97725179,1.18372E-06
687,55,1,-82.250388,64.17902,-64.831964,250,125,20040204, 18:30:30.0000,-60.72148995,-55.98091871,-60.72203995,-55.98271871,-60.72148995,-55.98091871,1.48902E-06
687,56,1,-81.266981,80.488478,-64.779309,250,125,20040204, 18:31:10.0000,-60.72257423,-55.98457219,-60.72312328,-55.98644314,-60.72257423,-55.98457219,1.86742E-06
687,57,1,-84.682384,36.660083,-71.97155,250,125,20040204, 18:32:10.0000,-60.72365675,-55.98831033,-60.72474008,-55.99206919,-60.72420757,-55.99020553,8.50553E-07
687,58,1,-84.797662,35.69979,-67.693926,250,125,20040204, 18:32:50.0000,-60.72528122,-55.99387805,-60.72583995,-55.99566095,-60.72528122,-55.99387805,8.28274E-07
687,59,1,-93.794562,4.497546,-78.655489,250,125,20040204, 18:33:30.0000,-60.72637341,-55.99741919,-60.72691455,-55.99915252,-60.72637341,-55.99741919,1.04348E-07
687,60,1,-84.980853,34.225245,-72.519783,250,125,20040204, 18:34:10.0000,-60.72747423,-56.00088886,-60.72803105,-56.00264428,-60.72747423,-56.00088886,7.94063E-07
687,61,1,-89.304561,12.646658,-79.451585,250,125,20040204, 18:34:50.0000,-60.72859008,-56.00445252,-60.72915769,-56.00618932,-60.72859008,-56.00445252,2.93416E-07
687,62,1,-93.602772,4.700614,-78.162957,250,125,20040204, 18:35:30.0000,-60.72970675,-56.00795252,-60.73026455,-56.00971919,-60.72970675,-56.00795252,1.09059E-07
687,63,1,-82.086931,66.640583,-63.545881,250,125,20040204, 18:36:30.0000,-60.73082341,-56.01151919,-60.73192341,-56.01520252,-60.73137449,-56.01337313,1.54613E-06
687,64,1,-87.113539,20.944883,-72.914252,250,125,20040204, 18:37:10.0000,-60.73244789,-56.01701919,-60.73298995,-56.01883538,-60.73244789,-56.01701919,4.85944E-07
687,65,1,-78.450026,153.967555,-67.010885,250,125,20040204, 18:37:50.0000,-60.73354008,-56.02066919,-60.73409789,-56.02248585,-60.73354008,-56.02066919,3.57221E-06
687,66,1,-83.457939,48.600185,-72.935168,250,125,20040204, 18:38:30.0000,-60.73465675,-56.02430252,-60.73523122,-56.02613585,-60.73465675,-56.02430252,1.12758E-06
687,67,1,-83.988444,43.011784,-68.527509,250,125,20040204, 18:39:10.0000,-60.73580643,-56.02798469,-60.73638988,-56.02985179,-60.73580643,-56.02798469,9.9792E-07
687,68,1,-86.037274,26.835177,-74.496987,250,125,20040204, 18:39:50.0000,-60.73695667,-56.03171889,-60.73751444,-56.03358556,-60.73695667,-56.03171889,6.22605E-07
687,69,1,-98.708956,1.450562,-85.02772,250,125,20040204, 18:40:30.0000,-60.73808268,-56.03545654,-60.73863111,-56.03723556,-60.73808268,-56.03545654,3.36546E-08
687,70,1,-90.097042,10.537258,-77.851149,250,125,20040204, 18:41:10.0000,-60.73919,-56.03903556,-60.73972333,-56.04081889,-60.73919,-56.03903556,2.44476E-07
687,71,1,-89.911818,10.996387,-74.712861,250,125,20040204, 18:42:10.0000,-60.74029778,-56.04263556,-60.74144,-56.04616111,-60.74087438,-56.04442274,2.55128E-07
687,72,1,-106.551359,0.238394,-90.190747,250,125,20040204, 18:42:50.0000,-60.74199,-56.04786889,-60.74250667,-56.04956111,-60.74199,-56.04786889,5.53101E-09
687,73,1,-93.410714,4.913155,-81.738793,250,125,20040204, 18:43:30.0000,-60.74304778,-56.05129444,-60.74360667,-56.05303556,-60.74304778,-56.05129444,1.1399E-07
687,74,1,-86.212322,25.775057,-77.516162,250,125,20040204, 18:44:10.0000,-60.74415667,-56.05478556,-60.74469105,-56.05658941,-60.74415667,-56.05478556,5.98009E-07
687,75,1,-85.26476,32.059431,-70.119055,250,125,20040204, 18:44:50.0000,-60.74522341,-56.05841919,-60.74579103,-56.06020601,-60.74522341,-56.05841919,7.43813E-07
687,76,1,-90.606281,9.371383,-77.116931,250,125,20040204, 18:45:50.0000,-60.74635675,-56.06203585,-60.74749008,-56.06559472,-60.74692341,-56.06381919,2.17426E-07
687,77,1,-84.059038,42.318283,-68.510343,250,125,20040204, 18:46:30.0000,-60.74804103,-56.06738934,-60.74859046,-56.06920393,-60.74804103,-56.06738934,9.8183E-07
687,78,1,-89.694661,11.56021,-78.731761,250,125,20040204, 18:47:10.0000,-60.74911601,-56.0709817,-60.74964046,-56.07271266,-60.74911601,-56.0709817,2.68209E-07
687,79,1,-91.026629,8.506853,-79.009218,250,125,20040204, 18:47:50.0000,-60.75017333,-56.07446111,-60.75072438,-56.07625608,-60.75017333,-56.07446111,1.97368E-07
687,80,1,-86.051477,26.747561,-70.236577,250,125,20040204, 18:48:30.0000,-60.75127426,-56.07808086,-60.75184008,-56.07990252,-60.75127426,-56.07808086,6.20572E-07
687,81,1,-80.627725,93.25225,-68.519403,250,125,20040204, 18:49:10.0000,-60.75237333,-56.08175222,-60.7529068,-56.08358605,-60.75237333,-56.08175222,2.16355E-06
687,82,1,-90.578268,9.432026,-73.679513,250,125,20040204, 18:50:10.0000,-60.75345686,-56.08541961,-60.7545568,-56.08898605,-60.7540068,-56.08721939,2.18833E-07
687,83,1,-77.079585,211.092764,-61.620622,250,125,20040204, 18:50:50.0000,-60.75507437,-56.09077267,-60.75559103,-56.09257267,-60.75507437,-56.09077267,4.89758E-06
687,84,1,-77.130463,208.634231,-60.046517,250,125,20040204, 18:51:30.0000,-60.7561402,-56.09438627,-60.7567077,-56.09623934,-60.7561402,-56.09438627,4.84054E-06
687,85,1,-87.022294,21.389588,-70.971121,250,125,20040204, 18:52:10.0000,-60.75724103,-56.09807267,-60.75776471,-56.09991961,-60.75724103,-56.09807267,4.96262E-07
687,86,1,-85.425415,30.895151,-71.981908,250,125,20040204, 18:52:50.0000,-60.75833249,-56.10175601,-60.75889142,-56.10359917,-60.75833249,-56.10175601,7.16801E-07
687,87,1,-87.022742,21.387384,-76.151518,250,125,20040204, 18:53:30.0000,-60.75945686,-56.10541961,-60.76002353,-56.10728627,-60.75945686,-56.10541961,4.9621E-07
687,88,1,-91.104885,8.354939,-77.657246,250,125,20040204, 18:54:10.0000,-60.76054026,-56.10911197,-60.76109117,-56.11090652,-60.76054026,-56.10911197,1.93844E-07
687,89,1,-86.295565,25.285719,-69.676554,250,125,20040204, 18:55:10.0000,-60.76163154,-56.11267008,-60.76268145,-56.11616197,-60.76215783,-56.11444832,5.86656E-07
687,90,1,-87.204399,20.511241,-74.829717,250,125,20040204, 18:55:50.0000,-60.76321479,-56.1178953,-60.76374026,-56.1196365,-60.76321479,-56.1178953,4.75883E-07
687,91,1,-84.654828,36.893431,-74.884388,250,125,20040204, 18:56:30.0000,-60.76429026,-56.12137863,-60.76484033,-56.12315341,-60.76429026,-56.12137863,8.55967E-07
687,92,1,-82.301068,63.434424,-71.001453,250,125,20040204, 18:57:10.0000,-60.76539033,-56.12495341,-60.76592404,-56.12673814,-60.76539033,-56.12495341,1.47175E-06
687,93,1,-83.466879,48.50025,-74.648243,250,125,20040204, 18:57:50.0000,-60.76647366,-56.12852008,-60.76701479,-56.13030316,-60.76647366,-56.12852008,1.12526E-06
687,94,1,-87.532665,19.018021,-77.345571,250,125,20040204, 18:58:50.0000,-60.76755796,-56.13212365,-60.76862462,-56.1356654,-60.76809154,-56.13390787,4.41239E-07
687,95,1,-85.337225,31.528935,-73.393139,250,125,20040204, 18:59:30.0000,-60.76915712,-56.13734595,-60.76965692,-56.1390453,-60.76915712,-56.13734595,7.31505E-07
687,96,1,-77.974142,171.797829,-61.961926,250,125,20040204, 19:00:10.0000,-60.77017462,-56.14080694,-60.77070699,-56.14249553,-60.77017462,-56.14080694,3.98589E-06
687,97,1,-79.055738,133.923875,-68.259788,250,125,20040204, 19:00:50.0000,-60.77124033,-56.14419553,-60.77177366,-56.14592008,-60.77124033,-56.14419553,3.10718E-06
687,98,1,-86.225931,25.694416,-73.011073,250,125,20040204, 19:01:50.0000,-60.77229033,-56.14764553,-60.77335699,-56.15107886,-60.77282366,-56.1493622,5.96138E-07
687,99,1,-78.057728,168.522929,-63.889933,250,125,20040204, 19:02:30.0000,-60.77389821,-56.15283675,-60.77444033,-56.15465341,-60.77389821,-56.15283675,3.90991E-06
687,100,1,-82.399001,62.019998,-68.895641,250,125,20040204, 19:03:10.0000,-60.77499129,-56.15649027,-60.77554033,-56.15828675,-60.77499129,-56.15649027,1.43893E-06
687,101,1,-80.122782,104.7499,-71.877721,250,125,20040204, 19:03:50.0000,-60.77607366,-56.16010341,-60.77659129,-56.16190694,-60.77607366,-56.16010341,2.43031E-06
687,102,1,-79.801602,112.790261,-70.262927,250,125,20040204, 19:04:30.0000,-60.77714033,-56.16373675,-60.77768154,-56.16555341,-60.77714033,-56.16373675,2.61686E-06
687,103,1,-87.734942,18.152551,-74.885024,250,125,20040204, 19:05:10.0000,-60.77824129,-56.16734027,-60.77880699,-56.16907098,-60.77824129,-56.16734027,4.21159E-07
687,104,1,-84.199728,40.969345,-69.591362,250,125,20040204, 19:06:10.0000,-60.77935699,-56.17077008,-60.78034026,-56.1741453,-60.77985795,-56.17249873,9.50533E-07
687,105,1,-74.919771,347.100076,-63.114019,250,125,20040204, 19:06:50.0000,-60.78082366,-56.17584553,-60.78134033,-56.1775622,-60.78082366,-56.17584553,8.0531E-06
687,106,1,-73.920573,436.892438,-60.468426,250,125,20040204, 19:07:30.0000,-60.78187463,-56.17929031,-60.78239888,-56.18098054,-60.78187463,-56.17929031,1.01364E-05
687,107,1,-78.963256,136.806356,-65.282404,250,125,20040204, 19:08:30.0000,-60.78293154,-56.18263675,-60.78401479,-56.18610316,-60.78347463,-56.18435698,3.17405E-06
687,108,1,-85.094137,33.344031,-70.232305,250,125,20040204, 19:09:10.0000,-60.78458145,-56.1878453,-60.78512366,-56.18952886,-60.78458145,-56.1878453,7.73617E-07
687,109,1,-80.488182,96.297202,-70.633226,250,125,20040204, 19:09:50.0000,-60.78565699,-56.19124553,-60.78617359,-56.1929453,-60.78565699,-56.19124553,2.2342E-06
687,110,1,-77.233122,203.760321,-62.728851,250,125,20040204, 19:10:30.0000,-60.78670795,-56.19464873,-60.78724033,-56.19632008,-60.78670795,-56.19464873,4.72746E-06
687,111,1,-76.264843,254.652265,-60.85712,250,125,20040204, 19:11:30.0000,-60.78777372,-56.19804575,-60.78889044,-56.20159592,-60.7883317,-56.19981258,5.90821E-06
687,112,1,-76.966042,216.684386,-65.648996,250,125,20040204, 19:12:10.0000,-60.78944129,-56.20334873,-60.79001503,-56.20507925,-60.78944129,-56.20334873,5.02731E-06
687,113,1,-82.138876,65.84825,-68.663578,250,125,20040204, 19:12:50.0000,-60.7905817,-56.20687051,-60.79113283,-56.2086736,-60.7905817,-56.20687051,1.52775E-06
687,114,1,-78.109912,166.510124,-63.769862,250,125,20040204, 19:13:30.0000,-60.79167372,-56.21048699,-60.79221503,-56.21229592,-60.79167372,-56.21048699,3.86321E-06
687,115,1,-77.385314,196.743517,-63.797337,250,125,20040204, 19:14:10.0000,-60.79274116,-56.21412315,-60.79329039,-56.21593699,-60.79274116,-56.21412315,4.56466E-06
687,116,1,-86.467613,24.303598,-71.391107,250,125,20040204, 19:14:50.0000,-60.79384051,-56.21768744,-60.79438316,-56.21944958,-60.79384051,-56.21768744,5.6387E-07
687,117,1,-88.189018,16.350464,-73.579746,250,125,20040204, 19:15:50.0000,-60.794957,-56.22122013,-60.79604051,-56.22466282,-60.79550808,-56.22299074,3.79348E-07
687,118,1,-84.154463,41.398585,-71.83957,250,125,20040204, 19:16:30.0000,-60.79657475,-56.22636584,-60.79709854,-56.22809634,-60.79657475,-56.22636584,9.60492E-07
687,119,1,-91.042031,8.476738,-75.382153,250,125,20040204, 19:17:10.0000,-60.79759179,-56.22982546,-60.79809057,-56.23152967,-60.79759179,-56.22982546,1.96669E-07
687,120,1,-83.539623,47.694637,-72.55787,250,125,20040204, 19:17:50.0000,-60.79857488,-56.23323292,-60.79910821,-56.23496626,-60.79857488,-56.23323292,1.10657E-06
687,121,1,-85.101104,33.290584,-75.467091,250,125,20040204, 19:18:50.0000,-60.79964141,-56.23673249,-60.80068316,-56.24022453,-60.80015718,-56.23846282,7.72377E-07
687,122,1,-87.11296,20.947677,-78.479413,250,125,20040204, 19:19:30.0000,-60.80122488,-56.24199122,-60.80177488,-56.24374959,-60.80122488,-56.24199122,4.86009E-07
687,123,1,-85.882044,27.811692,-76.668141,250,125,20040204, 19:20:10.0000,-60.80231513,-56.24547077,-60.80285821,-56.24724122,-60.80231513,-56.24547077,6.45261E-07
687,124,1,-84.478379,38.423237,-74.638033,250,125,20040204, 19:20:50.0000,-60.80339095,-56.24900569,-60.80392487,-56.25074958,-60.80339095,-56.24900569,8.91461E-07
687,125,1,-80.346814,99.483361,-72.904834,250,125,20040204, 19:21:50.0000,-60.80445821,-56.25247455,-60.80550821,-56.2559912,-60.80497385,-56.25423744,2.30812E-06
687,126,1,-79.901573,110.22358,-72.677866,250,125,20040204, 19:22:30.0000,-60.80604051,-56.25777077,-60.80655718,-56.25957077,-60.80604051,-56.25777077,2.55731E-06
687,127,1,-84.860985,35.183038,-75.963774,250,125,20040204, 19:23:10.0000,-60.80710718,-56.2613541,-60.80764057,-56.26313764,-60.80710718,-56.2613541,8.16284E-07
687,128,1,-82.927289,54.916513,-75.35386,250,125,20040204, 19:23:50.0000,-60.80819154,-56.26492455,-60.80875017,-56.26671709,-60.80819154,-56.26492455,1.27412E-06
687,129,1,-81.938453,68.958292,-74.303597,250,125,20040204, 19:24:30.0000,-60.80929167,-56.268525,-60.80984095,-56.27035569,-60.80929167,-56.268525,1.59991E-06
687,130,1,-83.605052,46.98147,-74.110528,250,125,20040204, 19:25:10.0000,-60.81039154,-56.27220787,-60.81093237,-56.27406426,-60.81039154,-56.27220787,1.09002E-06
687,131,1,-94.467152,3.852269,-80.530802,250,125,20040204, 19:26:10.0000,-60.81145821,-56.27587455,-60.81247402,-56.27933007,-60.81197398,-56.27762993,8.93768E-08
687,132,1,-93.970582,4.318905,-81.052741,250,125,20040204, 19:26:50.0000,-60.81300731,-56.28106327,-60.81355731,-56.28277993,-60.81300731,-56.28106327,1.00203E-07
687,133,1,-89.540097,11.979045,-77.132651,250,125,20040204, 19:27:30.0000,-60.8141244,-56.28448132,-60.8146744,-56.28619799,-60.8141244,-56.28448132,2.77927E-07
687,134,1,-89.151429,13.100532,-78.995768,250,125,20040204, 19:28:10.0000,-60.81520821,-56.2879412,-60.81572488,-56.28969959,-60.81520821,-56.2879412,3.03946E-07
687,135,1,-83.083206,52.979916,-76.231848,250,125,20040204, 19:28:50.0000,-60.81624065,-56.29150459,-60.81677513,-56.29334213,-60.81624065,-56.29150459,1.22919E-06
687,136,1,-87.231847,20.382017,-77.814664,250,125,20040204, 19:29:50.0000,-60.81730773,-56.29518945,-60.81844077,-56.29883034,-60.81786547,-56.29703034,4.72885E-07
687,137,1,-90.280763,10.100794,-75.902009,250,125,20040204, 19:30:30.0000,-60.81900748,-56.30058854,-60.81955744,-56.30233838,-60.81900748,-56.30058854,2.34349E-07
687,138,1,-89.845952,11.164433,-77.994114,250,125,20040204, 19:31:10.0000,-60.82010833,-56.304125,-60.82065033,-56.30585083,-60.82010833,-56.304125,2.59027E-07
687,139,1,-82.58955,59.357668,-67.392971,250,125,20040204, 19:31:50.0000,-60.82117525,-56.30758417,-60.82169179,-56.30932547,-60.82117525,-56.30758417,1.37716E-06
687,140,1,-76.291098,253.117416,-60.217454,250,125,20040204, 19:32:30.0000,-60.8222244,-56.31109799,-60.82277398,-56.31286327,-60.8222244,-56.31109799,5.8726E-06
687,141,1,-82.78754,56.712372,-73.426459,250,125,20040204, 19:33:30.0000,-60.82332487,-56.31460787,-60.82449069,-56.31809673,-60.82390773,-56.31633132,1.31579E-06
687,142,1,-81.506361,76.172072,-71.293966,250,125,20040204, 19:34:10.0000,-60.82504154,-56.31992453,-60.82559154,-56.3217412,-60.82504154,-56.31992453,1.76727E-06
687,143,1,-84.499786,38.234307,-70.719072,250,125,20040204, 19:34:50.0000,-60.82612402,-56.32344673,-60.82666684,-56.32514213,-60.82612402,-56.32344673,8.87077E-07
687,144,1,-81.669136,73.369952,-66.889912,250,125,20040204, 19:35:30.0000,-60.82720773,-56.32689799,-60.82774065,-56.32868793,-60.82720773,-56.32689799,1.70226E-06
687,145,1,-82.085337,66.665033,-69.776684,250,125,20040204, 19:36:10.0000,-60.82829154,-56.33049121,-60.82884106,-56.33228945,-60.82829154,-56.33049121,1.5467E-06
687,146,1,-80.484344,96.382325,-68.858447,250,125,20040204, 19:36:50.0000,-60.82938333,-56.33410833,-60.8299241,-56.33594641,-60.82938333,-56.33410833,2.23617E-06
687,147,1,-84.719352,36.349349,-68.984292,250,125,20040204, 19:37:50.0000,-60.83044179,-56.33777545,-60.83149167,-56.34139167,-60.8309665,-56.33957454,8.43344E-07
687,148,1,-79.06266,133.710588,-62.580739,250,125,20040204, 19:38:30.0000,-60.83202525,-56.34319258,-60.83258214,-56.34493838,-60.83202525,-56.34319258,3.10223E-06
687,149,1,-79.635399,117.190376,-65.572634,250,125,20040204, 19:39:10.0000,-60.833125,-56.34669167,-60.83364119,-56.3484899,-60.833125,-56.34669167,2.71894E-06
687,150,1,-90.504873,9.592782,-76.224041,250,125,20040204, 19:39:50.0000,-60.83415744,-56.35032171,-60.83469167,-56.35214167,-60.83415744,-56.35032171,2.22563E-07
687,151,1,-88.361739,15.712957,-75.701154,250,125,20040204, 19:40:30.0000,-60.83522415,-56.35397187,-60.83575744,-56.35580504,-60.83522415,-56.35397187,3.64558E-07
687,152,1,-89.956379,10.884136,-77.105301,250,125,20040204, 19:41:30.0000,-60.83629077,-56.35765504,-60.8373241,-56.36137171,-60.83682512,-56.35954212,2.52524E-07
687,153,1,-86.707143,22.999457,-74.409095,250,125,20040204, 19:42:10.0000,-60.83784077,-56.36321368,-60.83835846,-56.36503374,-60.83784077,-56.36321368,5.33612E-07
687,154,1,-80.570472,94.489733,-73.355128,250,125,20040204, 19:42:50.0000,-60.83889179,-56.36686717,-60.83942452,-56.3687399,-60.83889179,-56.36686717,2.19226E-06
687,155,1,-82.388886,62.164621,-74.487409,250,125,20040204, 19:43:30.0000,-60.83994179,-56.37059212,-60.84045744,-56.37238838,-60.83994179,-56.37059212,1.44229E-06
687,156,1,-81.127966,83.106545,-74.339431,250,125,20040204, 19:44:10.0000,-60.84097513,-56.3742088,-60.84150846,-56.37604212,-60.84097513,-56.3742088,1.92816E-06
687,157,1,-78.634633,147.559962,-71.119404,250,125,20040204, 19:44:50.0000,-60.84202398,-56.37790459,-60.84255744,-56.37973838,-60.84202398,-56.37790459,3.42355E-06
687,158,1,-83.470939,48.454932,-73.913117,250,125,20040204, 19:45:30.0000,-60.84309179,-56.38160878,-60.84364077,-56.38342171,-60.84309179,-56.38160878,1.12421E-06
687,159,1,-91.377895,7.845892,-79.221465,250,125,20040204, 19:46:30.0000,-60.8441835,-56.38524213,-60.84522415,-56.38878049,-60.84470785,-56.38701506,1.82033E-07
687,160,1,-94.249383,4.050359,-82.47234,250,125,20040204, 19:47:10.0000,-60.8457488,-56.39055504,-60.84627415,-56.3923052,-60.8457488,-56.39055504,9.39727E-08
687,161,1,-89.389299,12.402291,-80.614227,250,125,20040204, 19:47:50.0000,-60.84677512,-56.39409212,-60.84729077,-56.39588838,-60.84677512,-56.39409212,2.87747E-07
687,162,1,-98.103562,1.667537,-83.93378,250,125,20040204, 19:48:30.0000,-60.84780748,-56.39768049,-60.8482994,-56.39943838,-60.84780748,-56.39768049,3.86887E-08
687,163,1,-88.273185,16.036638,-77.140737,250,125,20040204, 19:49:30.0000,-60.84878293,-56.40119799,-60.84983214,-56.40468034,-60.84929167,-56.40295,3.72067E-07
687,164,1,-92.68844,5.802136,-82.273979,250,125,20040204, 19:50:10.0000,-60.85035757,-56.40642219,-60.85090846,-56.40816708,-60.85035757,-56.40642219,1.34616E-07
687,165,1,-92.976952,5.42921,-80.862636,250,125,20040204, 19:50:50.0000,-60.85145797,-56.40983213,-60.85197525,-56.41148418,-60.85145797,-56.40983213,1.25964E-07
687,166,1,-88.106486,16.664151,-77.579409,250,125,20040204, 19:51:30.0000,-60.852484,-56.413185,-60.85299081,-56.41489715,-60.852484,-56.413185,3.86626E-07
687,167,1,-85.417409,30.952162,-74.773387,250,125,20040204, 19:52:30.0000,-60.85350744,-56.41665504,-60.85458231,-56.42026412,-60.85404179,-56.41844213,7.18124E-07
687,168,1,-82.561803,59.738116,-72.01354,250,125,20040204, 19:53:10.0000,-60.85512513,-56.4221088,-60.85566565,-56.42395553,-60.85512513,-56.4221088,1.38599E-06
687,169,1,-83.980159,43.093918,-72.33269,250,125,20040204, 19:53:50.0000,-60.8562076,-56.42578897,-60.85675017,-56.4276588,-60.8562076,-56.42578897,9.99825E-07
687,170,1,-79.040404,134.397575,-71.738421,250,125,20040204, 19:54:30.0000,-60.85730033,-56.42949257,-60.85785017,-56.43134213,-60.85730033,-56.42949257,3.11817E-06
687,171,1,-79.050386,134.089033,-72.315597,250,125,20040204, 19:55:10.0000,-60.85839217,-56.43317683,-60.8589413,-56.43503188,-60.85839217,-56.43317683,3.11101E-06
687,172,1,-84.340251,39.664932,-74.148762,250,125,20040204, 19:55:50.0000,-60.85949898,-56.43692219,-60.8600409,-56.43877219,-60.85949898,-56.43692219,9.20269E-07
687,173,1,-79.988433,108.040991,-73.024404,250,125,20040204, 19:56:30.0000,-60.8605913,-56.44062367,-60.86113248,-56.44247265,-60.8605913,-56.44062367,2.50667E-06
687,174,1,-80.295232,100.671994,-72.879342,250,125,20040204, 19:57:10.0000,-60.8616755,-56.4443435,-60.86222464,-56.446207,-60.8616755,-56.4443435,2.3357E-06
687,175,1,-82.929693,54.886119,-74.341982,250,125,20040204, 19:58:10.0000,-60.86278248,-56.44805598,-60.8638913,-56.451757,-60.86334103,-56.44990598,1.27342E-06
687,176,1,-86.739326,22.829652,-79.686828,250,125,20040204, 19:58:50.0000,-60.86444103,-56.45361453,-60.86499915,-56.45543932,-60.86444103,-56.45361453,5.29673E-07
687,177,1,-87.813577,17.826831,-77.520711,250,125,20040204, 19:59:30.0000,-60.86554204,-56.45725969,-60.86608367,-56.45909259,-60.86554204,-56.45725969,4.13602E-07
687,178,1,-80.718357,91.32636,-72.703452,250,125,20040204, 20:00:10.0000,-60.86662538,-56.46090973,-60.86717439,-56.4627061,-60.86662538,-56.46090973,2.11887E-06
687,179,1,-79.442861,122.502723,-71.007834,250,125,20040204, 20:00:50.0000,-60.86774192,-56.46450926,-60.86827563,-56.46628543,-60.86774192,-56.46450926,2.8422E-06
687,180,1,-83.828469,44.625691,-70.01257,250,125,20040204, 20:01:30.0000,-60.86879191,-56.46798416,-60.86930797,-56.46974879,-60.86879191,-56.46798416,1.03536E-06
687,181,1,-85.878376,27.835194,-72.729179,250,125,20040204, 20:02:30.0000,-60.86984205,-56.47150973,-60.87091581,-56.47502265,-60.87038252,-56.4732561,6.45807E-07
687,182,1,-86.206288,25.810895,-69.602443,250,125,20040204, 20:03:10.0000,-60.87145769,-56.47667308,-60.87199204,-56.47830123,-60.87145769,-56.47667308,5.98841E-07
687,183,1,-87.826733,17.77291,-70.210062,250,125,20040204, 20:03:50.0000,-60.87252537,-56.48003456,-60.87309205,-56.48179306,-60.87252537,-56.48003456,4.12351E-07
687,184,1,-87.452724,19.371331,-71.691473,250,125,20040204, 20:04:30.0000,-60.87364143,-56.48352412,-60.87419915,-56.48523932,-60.87364143,-56.48352412,4.49436E-07
687,185,1,-89.953583,10.891144,-75.309619,250,125,20040204, 20:05:30.0000,-60.87475871,-56.48700973,-60.87580769,-56.49057265,-60.87527476,-56.48876587,2.52686E-07
687,186,1,-83.972108,43.173879,-76.190014,250,125,20040204, 20:06:10.0000,-60.87635871,-56.4923764,-60.87690871,-56.49419306,-60.87635871,-56.4923764,1.00168E-06
687,187,1,-85.525412,30.191915,-73.924536,250,125,20040204, 20:06:50.0000,-60.87744143,-56.49602412,-60.87799116,-56.4978398,-60.87744143,-56.49602412,7.00485E-07
687,188,1,-90.003017,10.767879,-75.402074,250,125,20040204, 20:07:30.0000,-60.8785587,-56.4996179,-60.87913317,-56.50134122,-60.8785587,-56.4996179,2.49826E-07
687,189,1,-82.315999,63.216719,-68.561767,250,125,20040204, 20:08:10.0000,-60.87972538,-56.5031264,-60.88030809,-56.50488253,-60.87972538,-56.5031264,1.4667E-06
687,190,1,-87.939091,17.318998,-72.408115,250,125,20040204, 20:08:50.0000,-60.88087575,-56.50666108,-60.88144205,-56.50841794,-60.88087575,-56.50666108,4.01819E-07
687,191,1,-89.630852,11.731312,-73.290917,250,125,20040204, 20:09:50.0000,-60.882001,-56.51019442,-60.88307436,-56.5135312,-60.88254143,-56.5118492,2.72179E-07
687,192,1,-84.484682,38.367509,-69.482028,250,125,20040204, 20:10:30.0000,-60.88360809,-56.51524079,-60.88415772,-56.51697276,-60.88360809,-56.51524079,8.90168E-07
687,193,1,-87.820357,17.799023,-72.792643,250,125,20040204, 20:11:10.0000,-60.88470871,-56.51875973,-60.88525809,-56.52055745,-60.88470871,-56.51875973,4.12957E-07
687,194,1,-83.012369,53.85114,-67.974227,250,125,20040204, 20:11:50.0000,-60.88579204,-56.52230969,-60.88634205,-56.52409306,-60.88579204,-56.52230969,1.2494E-06
687,195,1,-80.574629,94.399337,-65.10713,250,125,20040204, 20:12:30.0000,-60.88689968,-56.52589079,-60.88747436,-56.5276812,-60.88689968,-56.52589079,2.19017E-06
687,196,1,-83.164619,51.996005,-70.207477,250,125,20040204, 20:13:30.0000,-60.88805051,-56.52945973,-60.88918317,-56.5330496,-60.88860809,-56.53126587,1.20636E-06
687,197,1,-83.272645,50.718607,-70.895841,250,125,20040204, 20:14:10.0000,-60.88975782,-56.53485646,-60.89034984,-56.53666626,-60.88975782,-56.53485646,1.17673E-06
687,198,1,-94.666916,3.679089,-80.133443,250,125,20040204, 20:14:50.0000,-60.89092449,-56.5384398,-60.89147488,-56.54018293,-60.89092449,-56.5384398,8.53588E-08
687,199,1,-110.156771,0.103933,-92.597962,250,125,20040204, 20:15:30.0000,-60.89202488,-56.5418996,-60.89257449,-56.5435898,-60.89202488,-56.5418996,2.41136E-09
687,200,1,-81.898185,69.600662,-69.642851,250,125,20040204, 20:16:10.0000,-60.89310051,-56.54530127,-60.89364155,-56.5469996,-60.89310051,-56.54530127,1.61481E-06
687,201,1,-79.550032,119.516722,-65.816685,250,125,20040204, 20:17:10.0000,-60.89419116,-56.54875646,-60.89527488,-56.55232456,-60.89474116,-56.55052313,2.77292E-06
687,202,1,-79.811657,112.529447,-67.076445,250,125,20040204, 20:17:50.0000,-60.89584118,-56.55413987,-60.89639217,-56.55597685,-60.89584118,-56.55413987,2.6108E-06
687,203,1,-81.334162,79.252982,-69.930891,250,125,20040204, 20:18:30.0000,-60.89695821,-56.55780789,-60.89753282,-56.55964026,-60.89695821,-56.55780789,1.83875E-06
687,204,1,-92.413694,6.181053,-75.459593,250,125,20040204, 20:19:10.0000,-60.89810795,-56.56145692,-60.89869984,-56.56320789,-60.89810795,-56.56145692,1.43407E-07
687,205,1,-105.221263,0.323821,-89.767506,250,125,20040204, 20:19:50.0000,-60.89928282,-56.56496538,-60.89984217,-56.56672685,-60.89928282,-56.56496538,7.51301E-09
687,206,1,-94.892988,3.492473,-80.814494,250,125,20040204, 20:20:30.0000,-60.90039255,-56.56843626,-60.90094128,-56.57011538,-60.90039255,-56.56843626,8.10291E-08
687,207,1,-83.995149,42.945427,-73.393072,250,125,20040204, 20:21:30.0000,-60.90147462,-56.57184026,-60.90257462,-56.57542359,-60.90202588,-56.57364489,9.9638E-07
687,208,1,-82.638041,58.698599,-72.631913,250,125,20040204, 20:22:10.0000,-60.90312551,-56.57723502,-60.90369217,-56.57902685,-60.90312551,-56.57723502,1.36187E-06
687,209,1,-83.319627,50.17289,-72.81757,250,125,20040204, 20:22:50.0000,-60.90426667,-56.58078333,-60.90483282,-56.58255692,-60.90426667,-56.58078333,1.16407E-06
687,210,1,-91.927547,6.913168,-74.532451,250,125,20040204, 20:23:30.0000,-60.9053923,-56.58432733,-60.90594128,-56.58607359,-60.9053923,-56.58432733,1.60393E-07
687,211,1,-95.746851,2.869107,-82.226042,250,125,20040204, 20:24:10.0000,-60.90647462,-56.58783205,-60.90700897,-56.58961066,-60.90647462,-56.58783205,6.65664E-08
687,212,1,-95.089219,3.338182,-81.29935,250,125,20040204, 20:25:10.0000,-60.90755795,-56.59134872,-60.90864228,-56.59480205,-60.9080923,-56.59306878,7.74494E-08
687,213,1,-98.879906,1.394573,-82.683628,250,125,20040204, 20:25:50.0000,-60.90917462,-56.59650692,-60.90972563,-56.59821066,-60.90917462,-56.59650692,3.23556E-08
687,214,1,-98.067183,1.681565,-85.975199,250,125,20040204, 20:26:30.0000,-60.91025797,-56.59994878,-60.91080797,-56.60169878,-60.91025797,-56.59994878,3.90141E-08
687,215,1,-94.671836,3.674923,-81.789675,250,125,20040204, 20:27:10.0000,-60.91135897,-56.60341066,-60.91190833,-56.60515,-60.91135897,-56.60341066,8.52622E-08
687,216,1,-97.964725,1.721707,-83.713517,250,125,20040204, 20:27:50.0000,-60.91242462,-56.60687359,-60.9129423,-56.60867733,-60.91242462,-56.60687359,3.99455E-08
687,217,1,-95.677881,2.915035,-82.583585,250,125,20040204, 20:28:50.0000,-60.91345797,-56.61047366,-60.9144913,-56.61414033,-60.91397463,-56.61230699,6.7632E-08
687,218,1,-98.830014,1.410686,-83.216692,250,125,20040204, 20:29:30.0000,-60.91500795,-56.61592359,-60.91550795,-56.61769026,-60.91500795,-56.61592359,3.27294E-08
687,219,1,-95.368848,3.130019,-82.764334,250,125,20040204, 20:30:10.0000,-60.91600795,-56.61942359,-60.91650895,-56.62116059,-60.91600795,-56.61942359,7.26198E-08
687,220,1,-92.729497,5.747542,-80.957979,250,125,20040204, 20:30:50.0000,-60.91700897,-56.62291878,-60.9175423,-56.62471066,-60.91700897,-56.62291878,1.33349E-07
687,221,1,-98.137388,1.6546,-82.618995,250,125,20040204, 20:31:50.0000,-60.91806618,-56.62647366,-60.91907462,-56.62999872,-60.91857463,-56.62823211,3.83885E-08
687,222,1,-92.516029,6.037108,-80.702079,250,125,20040204, 20:32:30.0000,-60.91959228,-56.63177726,-60.9200913,-56.63359033,-60.91959228,-56.63177726,1.40067E-07
687,223,1,-88.589673,14.90955,-76.88313,250,125,20040204, 20:33:10.0000,-60.92060884,-56.63541871,-60.92112563,-56.63724399,-60.92060884,-56.63541871,3.45918E-07
687,224,1,-94.176835,4.118588,-79.767421,250,125,20040204, 20:33:50.0000,-60.92165795,-56.63899872,-60.92216709,-56.64077733,-60.92165795,-56.63899872,9.55557E-08
687,225,1,-88.628383,14.777246,-74.03932,250,125,20040204, 20:34:30.0000,-60.92265797,-56.64257366,-60.92315895,-56.64439392,-60.92265797,-56.64257366,3.42848E-07
687,226,1,-92.954743,5.457045,-75.653036,250,125,20040204, 20:35:30.0000,-60.92367563,-56.64618545,-60.92465809,-56.64958252,-60.92417512,-56.64786707,1.26609E-07
687,227,1,-93.896308,4.393403,-79.804695,250,125,20040204, 20:36:10.0000,-60.92515808,-56.65134073,-60.92565041,-56.65312726,-60.92515808,-56.65134073,1.01932E-07
687,228,1,-100.664851,0.924585,-85.599809,250,125,20040204, 20:36:50.0000,-60.92612474,-56.65489073,-60.92662474,-56.6566574,-60.92612474,-56.65489073,2.14514E-08
687,229,1,-95.250712,3.216331,-80.37054,250,125,20040204, 20:37:50.0000,-60.92714179,-56.65844211,-60.92817474,-56.66194915,-60.92765808,-56.66024073,7.46223E-08
687,230,1,-92.174364,6.531237,-80.544769,250,125,20040204, 20:38:30.0000,-60.92864142,-56.66363252,-60.92914141,-56.66529915,-60.92864142,-56.66363252,1.51532E-07
687,231,1,-87.931459,17.349459,-77.00028,250,125,20040204, 20:39:10.0000,-60.92962474,-56.66697406,-60.93010821,-56.66870789,-60.92962474,-56.66697406,4.02526E-07
687,232,1,-84.309255,39.949039,-67.593138,250,125,20040204, 20:39:50.0000,-60.93062487,-56.67045786,-60.93112576,-56.67226111,-60.93062487,-56.67045786,9.26861E-07
687,233,1,-91.527803,7.579692,-75.904271,250,125,20040204, 20:40:50.0000,-60.93163341,-56.67404211,-60.93265933,-56.67763667,-60.93214154,-56.6758412,1.75857E-07
687,234,1,-100.994423,0.857017,-84.034522,250,125,20040204, 20:41:30.0000,-60.93318432,-56.67941914,-60.93369154,-56.68117453,-60.93318432,-56.67941914,1.98837E-08
687,235,1,-97.886794,1.752881,-82.064686,250,125,20040204, 20:42:10.0000,-60.93419242,-56.68293586,-60.93469253,-56.68469483,-60.93419242,-56.68293586,4.06687E-08
687,236,1,-96.390424,2.473942,-79.529939,250,125,20040204, 20:42:50.0000,-60.93519191,-56.68644255,-60.93569154,-56.68820786,-60.93519191,-56.68644255,5.73981E-08
687,237,1,-94.697093,3.653613,-78.675586,250,125,20040204, 20:43:50.0000,-60.93619191,-56.68995921,-60.9371928,-56.69352915,-60.93667576,-56.69171919,8.47678E-08
687,238,1,-93.501973,4.810991,-81.187158,250,125,20040204, 20:44:30.0000,-60.93766742,-56.69529581,-60.93815821,-56.69701624,-60.93766742,-56.69529581,1.1162E-07
687,239,1,-85.4938,30.412483,-74.468759,250,125,20040204, 20:45:10.0000,-60.93864154,-56.69875786,-60.93914292,-56.70050417,-60.93864154,-56.69875786,7.05602E-07
687,240,1,-92.230816,6.44689,-76.003995,250,125,20040204, 20:46:10.0000,-60.93964154,-56.70223291,-60.94064191,-56.70574255,-60.94014154,-56.70397453,1.49575E-07
687,241,1,-101.2666,0.804955,-84.696355,250,125,20040204, 20:46:50.0000,-60.94112586,-56.70746954,-60.9415928,-56.7091871,-60.94112586,-56.70746954,1.86758E-08
687,242,1,-96.407053,2.464487,-78.762812,250,125,20040204, 20:47:30.0000,-60.94209191,-56.71091747,-60.94259154,-56.71258291,-60.94209191,-56.71091747,5.71788E-08
687,243,1,-96.466076,2.43122,-80.888988,250,125,20040204, 20:48:10.0000,-60.94310821,-56.71428291,-60.94364191,-56.71598413,-60.94310821,-56.71428291,5.64069E-08
687,244,1,-90.473284,9.66281,-73.962995,250,125,20040204, 20:49:10.0000,-60.9441665,-56.71770786,-60.9452092,-56.72127816,-60.94467589,-56.71947826,2.24188E-07
687,245,1,-91.708128,7.271417,-75.016076,250,125,20040204, 20:49:50.0000,-60.94574253,-56.72306149,-60.94625922,-56.72483629,-60.94574253,-56.72306149,1.68705E-07
687,246,1,-87.58668,18.782953,-71.411743,250,125,20040204, 20:50:30.0000,-60.94679253,-56.72660287,-60.9473165,-56.72837453,-60.94679253,-56.72660287,4.35785E-07
687,247,1,-87.142959,20.80348,-73.536404,250,125,20040204, 20:51:10.0000,-60.94784255,-56.73012826,-60.94837524,-56.73187588,-60.94784255,-56.73012826,4.82663E-07
687,248,1,-90.097376,10.536449,-73.798988,250,125,20040204, 20:52:10.0000,-60.94890821,-56.73367453,-60.94998448,-56.73717816,-60.94944154,-56.73543291,2.44457E-07
687,249,1,-90.657433,9.261654,-77.605715,250,125,20040204, 20:52:50.0000,-60.95050821,-56.73889957,-60.95104141,-56.74067406,-60.95050821,-56.73889957,2.1488E-07
687,250,1,-93.258538,5.088363,-77.788411,250,125,20040204, 20:53:30.0000,-60.95155857,-56.74247588,-60.95207487,-56.74425786,-60.95155857,-56.74247588,1.18056E-07
687,251,1,-97.999622,1.707928,-82.399529,250,125,20040204, 20:54:10.0000,-60.9525928,-56.74609581,-60.95312487,-56.74792453,-60.9525928,-56.74609581,3.96258E-08
687,252,1,-87.606998,18.695284,-69.971656,250,125,20040204, 20:54:50.0000,-60.95365922,-56.74977826,-60.95420118,-56.75159492,-60.95365922,-56.74977826,4.33751E-07
687,253,1,-81.26822,80.465529,-65.773123,250,125,20040204, 20:55:30.0000,-60.95474191,-56.75342588,-60.95528316,-56.75525786,-60.95474191,-56.75342588,1.86689E-06
687,254,1,-89.415085,12.328873,-71.879837,250,125,20040204, 20:56:30.0000,-60.95580958,-56.75711292,-60.95685833,-56.760775,-60.95632536,-56.758943,2.86043E-07
687,255,1,-94.760632,3.600548,-80.212274,250,125,20040204, 20:57:10.0000,-60.95737625,-56.76257958,-60.95790833,-56.76435833,-60.95737625,-56.76257958,8.35366E-08
687,256,1,-91.670516,7.334664,-77.643279,250,125,20040204, 20:57:50.0000,-60.95842589,-56.76616159,-60.95895922,-56.76796159,-60.95842589,-56.76616159,1.70172E-07
687,257,1,-87.001793,21.490796,-73.637695,250,125,20040204, 20:58:30.0000,-60.95950958,-56.76977958,-60.96005833,-56.77159167,-60.95950958,-56.76977958,4.9861E-07
687,258,1,-87.036596,21.319268,-71.176243,250,125,20040204, 20:59:10.0000,-60.96061785,-56.77342826,-60.96116715,-56.775243,-60.96061785,-56.77342826,4.9463E-07
687,259,1,-85.445942,30.749471,-69.355703,250,125,20040204, 20:59:50.0000,-60.96171684,-56.77707547,-60.96225833,-56.778925,-60.96171684,-56.77707547,7.13421E-07
687,260,1,-83.958029,43.314065,-66.882695,250,125,20040204, 21:00:50.0000,-60.96279268,-56.78081204,-60.96384305,-56.78453886,-60.96330946,-56.78267044,1.00493E-06
687,261,1,-86.176577,25.988075,-69.675355,250,125,20040204, 21:01:30.0000,-60.96435932,-56.7863953,-60.96489268,-56.7881787,-60.96435932,-56.7863953,6.02951E-07
687,262,1,-90.588506,9.409819,-77.657629,250,125,20040204, 21:02:10.0000,-60.96540846,-56.78989214,-60.96594268,-56.7916787,-60.96540846,-56.78989214,2.18318E-07
687,263,1,-93.427667,4.894013,-80.395755,250,125,20040204, 21:02:50.0000,-60.96647513,-56.79347547,-60.96700972,-56.79527127,-60.96647513,-56.79347547,1.13546E-07
687,264,1,-90.860457,8.838655,-75.992181,250,125,20040204, 21:03:30.0000,-60.96755184,-56.79703007,-60.96807513,-56.79880043,-60.96755184,-56.79703007,2.05066E-07
687,265,1,-92.31932,6.31684,-78.502214,250,125,20040204, 21:04:30.0000,-60.96859281,-56.80060381,-60.96966684,-56.80416709,-60.96912611,-56.8024124,1.46558E-07
687,266,1,-90.713493,9.142869,-75.163184,250,125,20040204, 21:05:10.0000,-60.97020972,-56.80587127,-60.97074278,-56.8076124,-60.97020972,-56.80587127,2.12124E-07
687,267,1,-89.106252,13.237521,-77.085832,250,125,20040204, 21:05:50.0000,-60.97125958,-56.80936292,-60.97175017,-56.81111709,-60.97125958,-56.80936292,3.07125E-07
687,268,1,-90.702674,9.165674,-73.111607,250,125,20040204, 21:06:30.0000,-60.97224215,-56.81283494,-60.97274179,-56.81457547,-60.97224215,-56.81283494,2.12654E-07
687,269,1,-88.776412,14.282052,-72.06653,250,125,20040204, 21:07:30.0000,-60.97325948,-56.81632919,-60.97429278,-56.81983703,-60.97375881,-56.8180601,3.31359E-07
687,270,1,-87.352906,19.821717,-70.758814,250,125,20040204, 21:08:10.0000,-60.97482614,-56.82162047,-60.97535152,-56.82338714,-60.97482614,-56.82162047,4.59885E-07
687,271,1,-96.159415,2.609098,-79.873847,250,125,20040204, 21:08:50.0000,-60.97587512,-56.82513374,-60.97639305,-56.82687127,-60.97587512,-56.82513374,6.05339E-08
687,272,1,-92.99978,5.400747,-74.40467,250,125,20040204, 21:09:30.0000,-60.97692611,-56.82859573,-60.97743481,-56.8303124,-60.97692611,-56.82859573,1.25303E-07
687,273,1,-93.30468,5.034587,-76.600019,250,125,20040204, 21:10:30.0000,-60.97795948,-56.83208714,-60.9790335,-56.83556707,-60.97849179,-56.83384214,1.16808E-07
687,274,1,-91.914881,6.933361,-77.190679,250,125,20040204, 21:11:10.0000,-60.97958486,-56.83726252,-60.9801335,-56.83900041,-60.97958486,-56.83726252,1.60861E-07
687,275,1,-89.706213,11.529501,-72.294713,250,125,20040204, 21:11:50.0000,-60.98067548,-56.84077676,-60.98120948,-56.84256252,-60.98067548,-56.84077676,2.67497E-07
687,276,1,-88.783303,14.259408,-70.774482,250,125,20040204, 21:12:30.0000,-60.98174278,-56.8443624,-60.98229215,-56.84616827,-60.98174278,-56.8443624,3.30834E-07
687,277,1,-104.789897,0.357637,-90.089463,250,125,20040204, 21:13:10.0000,-60.98280921,-56.8479196,-60.9833335,-56.84965041,-60.98280921,-56.8479196,8.29756E-09
687,278,1,-92.829218,5.617072,-76.25498,250,125,20040204, 21:14:10.0000,-60.98386699,-56.85140081,-60.98494215,-56.8548516,-60.98439267,-56.85317,1.30322E-07
687,279,1,-93.089794,5.28996,-78.007012,250,125,20040204, 21:14:50.0000,-60.98547513,-56.85658376,-60.98600846,-56.85832547,-60.98547513,-56.85658376,1.22733E-07
687,280,1,-93.38166,4.946134,-80.091562,250,125,20040204, 21:15:30.0000,-60.98654215,-56.86009343,-60.98709215,-56.86186827,-60.98654215,-56.86009343,1.14756E-07
687,281,1,-99.123473,1.318513,-84.147689,250,125,20040204, 21:16:10.0000,-60.98765152,-56.86361252,-60.98819278,-56.86537906,-60.98765152,-56.86361252,3.05909E-08
687,282,1,-101.003631,0.855202,-81.137489,250,125,20040204, 21:17:10.0000,-60.98872611,-56.86712906,-60.98974278,-56.87050369,-60.98924281,-56.86881252,1.98416E-08
687,283,1,-94.446621,3.870524,-81.446407,250,125,20040204, 21:17:50.0000,-60.99025859,-56.8722426,-60.99078486,-56.87401252,-60.99025859,-56.8722426,8.98003E-08
687,284,1,-93.82897,4.462055,-76.128548,250,125,20040204, 21:18:30.0000,-60.99133414,-56.87578535,-60.99189227,-56.87751868,-60.99133414,-56.87578535,1.03524E-07
687,285,1,-91.52848,7.57851,-78.037903,250,125,20040204, 21:19:10.0000,-60.99245948,-56.87927919,-60.99302526,-56.88108418,-60.99245948,-56.87927919,1.7583E-07
687,286,1,-91.534115,7.568683,-78.574992,250,125,20040204, 21:19:50.0000,-60.99356701,-56.88292594,-60.994102,-56.8847805,-60.99356701,-56.88292594,1.75602E-07
687,287,1,-89.249738,12.807313,-75.760263,250,125,20040204, 21:20:30.0000,-60.99464191,-56.88663431,-60.99520859,-56.88846752,-60.99464191,-56.88663431,2.97143E-07
687,288,1,-85.73206,28.788949,-69.560852,250,125,20040204, 21:21:30.0000,-60.99577526,-56.8902926,-60.99689205,-56.89384308,-60.99634302,-56.89209663,6.67935E-07
687,289,1,-89.6032,11.806247,-76.174678,250,125,20040204, 21:22:10.0000,-60.9974265,-56.895605,-60.99795997,-56.89733878,-60.9974265,-56.895605,2.73918E-07
687,290,1,-89.260978,12.77421,-73.683699,250,125,20040204, 21:22:50.0000,-60.99847624,-56.89908746,-60.9990264,-56.90086345,-60.99847624,-56.89908746,2.96375E-07
687,291,1,-90.24337,10.188139,-76.052931,250,125,20040204, 21:23:30.0000,-60.99956847,-56.90268785,-61.0001256,-56.90440201,-60.99956847,-56.90268785,2.36376E-07
687,292,1,-88.937484,13.762061,-70.811753,250,125,20040204, 21:24:30.0000,-61.00067626,-56.9061463,-61.00174293,-56.90957963,-61.0012087,-56.90785122,3.19295E-07
687,293,1,-95.203898,3.251188,-81.512271,250,125,20040204, 21:25:10.0000,-61.0022764,-56.91128799,-61.0028087,-56.91300122,-61.0022764,-56.91128799,7.54311E-08
687,294,1,-95.439564,3.079466,-83.163404,250,125,20040204, 21:25:50.0000,-61.00334205,-56.91473462,-61.0038764,-56.91648012,-61.00334205,-56.91473462,7.14469E-08
687,295,1,-96.424494,2.45461,-82.060097,250,125,20040204, 21:26:30.0000,-61.00440969,-56.91827997,-61.00492538,-56.92007641,-61.00440969,-56.91827997,5.69496E-08
687,296,1,-94.81076,3.559228,-78.088786,250,125,20040204, 21:27:10.0000,-61.00547538,-56.92185128,-61.00602635,-56.9236133,-61.00547538,-56.92185128,8.25779E-08
687,297,1,-88.633651,14.759335,-76.167146,250,125,20040204, 21:28:10.0000,-61.00656718,-56.92541795,-61.00767537,-56.92897634,-61.00710973,-56.92723012,3.42432E-07
687,298,1,-87.466001,19.3122,-77.24388,250,125,20040204, 21:28:50.0000,-61.00822537,-56.93080967,-61.00877538,-56.93267641,-61.00822537,-56.93080967,4.48064E-07
687,299,1,-87.902545,17.465353,-75.383542,250,125,20040204, 21:29:30.0000,-61.00932635,-56.93454663,-61.00985905,-56.93634431,-61.00932635,-56.93454663,4.05215E-07
687,300,1,-87.837456,17.729083,-73.427258,250,125,20040204, 21:30:10.0000,-61.01040986,-56.93813844,-61.01095969,-56.93988785,-61.01040986,-56.93813844,4.11334E-07
687,301,1,-95.347623,3.145354,-82.435094,250,125,20040204, 21:30:50.0000,-61.01148385,-56.94153462,-61.01200872,-56.94321795,-61.01148385,-56.94153462,7.29756E-08
687,302,1,-84.654,36.900466,-67.255771,250,125,20040204, 21:31:50.0000,-61.01252537,-56.94495122,-61.01357538,-56.94854308,-61.01305872,-56.94672641,8.56131E-07
687,303,1,-82.5354,60.102404,-71.169196,250,125,20040204, 21:32:30.0000,-61.01410905,-56.95036098,-61.01460872,-56.95219308,-61.01410905,-56.95036098,1.39444E-06
687,304,1,-88.610915,14.836803,-73.63775,250,125,20040204, 21:33:10.0000,-61.01510973,-56.95403012,-61.01565181,-56.9558133,-61.01510973,-56.95403012,3.4423E-07
687,305,1,-85.182416,32.673092,-71.112299,250,125,20040204, 21:33:50.0000,-61.0162087,-56.95760967,-61.01675997,-56.95943099,-61.0162087,-56.95760967,7.58051E-07
687,306,1,-85.404263,31.045995,-75.321844,250,125,20040204, 21:34:30.0000,-61.01729203,-56.96126813,-61.01782635,-56.96312997,-61.01729203,-56.96126813,7.20301E-07
687,307,1,-80.788462,89.863974,-73.54778,250,125,20040204, 21:35:10.0000,-61.01835973,-56.96494679,-61.01889302,-56.96677997,-61.01835973,-56.96494679,2.08494E-06
687,308,1,-81.001035,85.571349,-74.2904,250,125,20040204, 21:36:10.0000,-61.01944205,-56.96859308,-61.02054203,-56.97219301,-61.01999205,-56.97039308,1.98535E-06
687,309,1,-83.71254,45.832956,-74.792442,250,125,20040204, 21:36:50.0000,-61.02106718,-56.97402641,-61.02159239,-56.97584431,-61.02106718,-56.97402641,1.06337E-06
687,310,1,-91.055075,8.451315,-79.804805,250,125,20040204, 21:37:30.0000,-61.02212635,-56.97760452,-61.0226264,-56.97927132,-61.02212635,-56.97760452,1.9608E-07
687,311,1,-85.433123,30.840369,-76.47551,250,125,20040204, 21:38:10.0000,-61.02314203,-56.98095967,-61.02364218,-56.9827017,-61.02314203,-56.98095967,7.1553E-07
687,312,1,-92.126182,6.604099,-78.192459,250,125,20040204, 21:39:10.0000,-61.02414218,-56.98441837,-61.02512635,-56.98778785,-61.02465884,-56.98611837,1.53222E-07
687,313,1,-96.911578,2.194189,-81.807259,250,125,20040204, 21:39:50.0000,-61.02560897,-56.98938547,-61.02607653,-56.99102177,-61.02560897,-56.98938547,5.09076E-08
687,314,1,-88.628251,14.777697,-75.560847,250,125,20040204, 21:40:50.0000,-61.02655986,-56.99268844,-61.02755969,-56.99617997,-61.02704218,-56.9944017,3.42858E-07
687,315,1,-86.848793,22.261405,-75.936646,250,125,20040204, 21:41:30.0000,-61.02809302,-56.99792118,-61.02863401,-56.99966837,-61.02809302,-56.99792118,5.16489E-07
687,316,1,-88.506683,15.1972,-77.071213,250,125,20040204, 21:42:10.0000,-61.02919318,-57.00137172,-61.02972561,-57.0031187,-61.02919318,-57.00137172,3.52591E-07
687,317,1,-86.961508,21.691074,-73.087108,250,125,20040204, 21:42:50.0000,-61.03025897,-57.00488547,-61.03079332,-57.00663105,-61.03025897,-57.00488547,5.03256E-07
687,318,1,-92.128162,6.601089,-78.680104,250,125,20040204, 21:43:30.0000,-61.0313266,-57.00835534,-61.03187564,-57.01009402,-61.0313266,-57.00835534,1.53152E-07
687,319,1,-87.136697,20.833496,-76.418695,250,125,20040204, 21:44:30.0000,-61.03240897,-57.01183547,-61.03350897,-57.01533547,-61.03295085,-57.01358547,4.8336E-07
687,320,1,-89.400922,12.369144,-80.215405,250,125,20040204, 21:45:10.0000,-61.03408553,-57.0171055,-61.03465894,-57.01880203,-61.03408553,-57.0171055,2.86977E-07
687,321,1,-84.010902,42.789933,-75.055444,250,125,20040204, 21:45:50.0000,-61.03525081,-57.02050203,-61.0358188,-57.02220534,-61.03525081,-57.02050203,9.92773E-07
687,322,1,-80.824795,89.115305,-72.50157,250,125,20040204, 21:46:30.0000,-61.03634231,-57.02392735,-61.03690081,-57.02565203,-61.03634231,-57.02392735,2.06757E-06
687,323,1,-79.318537,126.060253,-71.822529,250,125,20040204, 21:47:30.0000,-61.03743419,-57.02740214,-61.03854231,-57.03086068,-61.03799315,-57.02912162,2.92473E-06
687,324,1,-83.028603,53.650223,-74.295018,250,125,20040204, 21:48:10.0000,-61.03909231,-57.03261068,-61.03962596,-57.03432853,-61.03909231,-57.03261068,1.24474E-06
687,325,1,-85.876974,27.844181,-77.036794,250,125,20040204, 21:48:50.0000,-61.04018419,-57.0360688,-61.04075085,-57.03778547,-61.04018419,-57.0360688,6.46015E-07
687,326,1,-90.741184,9.084759,-80.031709,250,125,20040204, 21:49:30.0000,-61.04130993,-57.03945534,-61.04185894,-57.0411187,-61.04130993,-57.03945534,2.10776E-07
687,327,1,-87.301936,20.055718,-72.331178,250,125,20040204, 21:50:30.0000,-61.04240894,-57.04283537,-61.04349228,-57.0461435,-61.04294263,-57.04450321,4.65314E-07
687,328,1,-86.228189,25.681063,-73.27721,250,125,20040204, 21:51:10.0000,-61.0440266,-57.04784754,-61.04457672,-57.04958905,-61.0440266,-57.04784754,5.95828E-07
687,329,1,-81.636053,73.930992,-75.290581,250,125,20040204, 21:51:50.0000,-61.04510897,-57.0512688,-61.04565897,-57.0529688,-61.04510897,-57.0512688,1.71528E-06
687,330,1,-81.21332,81.489166,-73.152682,250,125,20040204, 21:52:30.0000,-61.0462266,-57.054672,-61.04679228,-57.0563687,-61.0462266,-57.054672,1.89064E-06
687,331,1,-84.434658,38.811998,-74.125968,250,125,20040204, 21:53:30.0000,-61.0473522,-57.05808105,-61.04845894,-57.06147724,-61.04790894,-57.0597687,9.0048E-07
687,332,1,-80.244161,101.862839,-70.119183,250,125,20040204, 21:54:10.0000,-61.0490022,-57.06319772,-61.04955897,-57.0649188,-61.0490022,-57.06319772,2.36333E-06
687,333,1,-79.501633,120.856084,-70.285013,250,125,20040204, 21:54:50.0000,-61.05010229,-57.06663129,-61.05065998,-57.06834772,-61.05010229,-57.06663129,2.80399E-06
687,334,1,-86.026855,26.899632,-73.131206,250,125,20040204, 21:55:30.0000,-61.05121895,-57.07008129,-61.05177564,-57.07180214,-61.05121895,-57.07008129,6.241E-07
687,335,1,-88.141158,16.531645,-70.421604,250,125,20040204, 21:56:30.0000,-61.05232564,-57.0735188,-61.05345894,-57.07690203,-61.05289228,-57.07523537,3.83552E-07
687,336,1,-82.232423,64.445043,-70.409589,250,125,20040204, 21:57:10.0000,-61.05401012,-57.07861488,-61.05453419,-57.08035214,-61.05401012,-57.07861488,1.49519E-06
687,337,1,-84.234967,40.63826,-70.96965,250,125,20040204, 21:57:50.0000,-61.05505894,-57.0821187,-61.05557561,-57.0838687,-61.05505894,-57.0821187,9.42851E-07
687,338,1,-85.510825,30.29349,-71.868027,250,125,20040204, 21:58:30.0000,-61.05610081,-57.0855939,-61.05661748,-57.0873187,-61.05610081,-57.0855939,7.02842E-07
687,339,1,-87.36876,19.749488,-75.65103,250,125,20040204, 21:59:30.0000,-61.0571591,-57.08904447,-61.05822577,-57.09250255,-61.05769243,-57.09077781,4.58209E-07
687,340,1,-91.424785,7.761637,-76.855223,250,125,20040204, 22:00:10.0000,-61.05874243,-57.09425255,-61.0592766,-57.09590534,-61.05874243,-57.09425255,1.80078E-07
687,341,1,-84.859959,35.191353,-73.223744,250,125,20040204, 22:00:50.0000,-61.05979243,-57.09759447,-61.0603091,-57.09930255,-61.05979243,-57.09759447,8.16477E-07
687,342,1,-83.398056,49.274958,-71.7832,250,125,20040204, 22:01:50.0000,-61.06079338,-57.10098905,-61.06177577,-57.10445255,-61.06127577,-57.10270255,1.14323E-06
687,343,1,-81.628712,74.056069,-72.00503,250,125,20040204, 22:02:30.0000,-61.06227577,-57.10619447,-61.0628091,-57.10793588,-61.06227577,-57.10619447,1.71818E-06
687,344,1,-81.216968,81.420748,-71.152932,250,125,20040204, 22:03:10.0000,-61.06331786,-57.10968632,-61.06384351,-57.11145616,-61.06331786,-57.10968632,1.88905E-06
687,345,1,-88.443754,15.419008,-75.616829,250,125,20040204, 22:03:50.0000,-61.06434256,-57.11323632,-61.06484256,-57.11496966,-61.06434256,-57.11323632,3.57738E-07
687,346,1,-92.512267,6.042339,-74.001694,250,125,20040204, 22:04:50.0000,-61.06536018,-57.11668949,-61.06635923,-57.12000299,-61.06586786,-57.11838632,1.40189E-07
687,347,1,-83.563849,47.42933,-71.230756,250,125,20040204, 22:05:30.0000,-61.06686018,-57.12165616,-61.06734256,-57.12333632,-61.06686018,-57.12165616,1.10041E-06
687,348,1,-77.476653,192.648902,-70.741354,250,125,20040204, 22:06:10.0000,-61.06784357,-57.12504865,-61.06835919,-57.12678618,-61.06784357,-57.12504865,4.46966E-06
687,349,1,-88.11099,16.646881,-73.459185,250,125,20040204, 22:07:10.0000,-61.06889252,-57.12848618,-61.06990919,-57.13191146,-61.06941024,-57.13019865,3.86226E-07
687,350,1,-82.924002,54.958087,-72.024214,250,125,20040204, 22:07:50.0000,-61.07041024,-57.13368198,-61.07091024,-57.13542301,-61.07041024,-57.13368198,1.27509E-06
687,351,1,-82.440665,61.427856,-71.868355,250,125,20040204, 22:08:30.0000,-61.07141024,-57.13717301,-61.07190923,-57.13890299,-61.07141024,-57.13717301,1.42519E-06
687,352,1,-89.204653,12.940961,-78.744559,250,125,20040204, 22:09:30.0000,-61.0724259,-57.14063632,-61.0734269,-57.14407301,-61.0729259,-57.14235299,3.00244E-07
687,353,1,-82.894774,55.329202,-73.575068,250,125,20040204, 22:10:10.0000,-61.07394357,-57.14583198,-61.07444252,-57.14761146,-61.07394357,-57.14583198,1.2837E-06
687,354,1,-89.766145,11.371489,-77.282435,250,125,20040204, 22:10:50.0000,-61.07494252,-57.1493948,-61.0754759,-57.15111966,-61.07494252,-57.1493948,2.63831E-07
687,355,1,-82.259427,64.045584,-70.552605,250,125,20040204, 22:11:30.0000,-61.07599351,-57.15283177,-61.07649256,-57.15456162,-61.07599351,-57.15283177,1.48593E-06
687,356,1,-83.268525,50.766744,-69.927481,250,125,20040204, 22:12:10.0000,-61.07701018,-57.15638177,-61.07751913,-57.15821511,-61.07701018,-57.15638177,1.17784E-06
687,357,1,-85.943608,27.420229,-68.724358,250,125,20040204, 22:13:10.0000,-61.07804256,-57.16001162,-61.07904351,-57.16364844,-61.07854256,-57.16182829,6.36179E-07
687,358,1,-83.629712,46.715459,-64.849472,250,125,20040204, 22:13:50.0000,-61.07954252,-57.16545285,-61.08004357,-57.16723198,-61.07954252,-57.16545285,1.08385E-06
687,359,1,-84.331077,39.74881,-65.90425,250,125,20040204, 22:14:30.0000,-61.08054357,-57.16901531,-61.08104252,-57.17075285,-61.08054357,-57.16901531,9.22215E-07
687,360,1,-86.644798,23.332003,-70.2621,250,125,20040204, 22:15:30.0000,-61.08156037,-57.1724568,-61.0825259,-57.17592829,-61.08204252,-57.17416951,5.41328E-07
687,361,1,-83.280576,50.62607,-73.352945,250,125,20040204, 22:16:10.0000,-61.08300923,-57.17774496,-61.08349371,-57.17956582,-61.08300923,-57.17774496,1.17458E-06
687,362,1,-85.229907,32.317753,-68.165955,250,125,20040204, 22:16:50.0000,-61.08396726,-57.18129496,-61.08444256,-57.18305299,-61.08396726,-57.18129496,7.49807E-07
687,363,1,-81.567682,75.104107,-73.170428,250,125,20040204, 22:17:30.0000,-61.0849259,-57.18481162,-61.08540923,-57.18657829,-61.0849259,-57.18481162,1.7425E-06
687,364,1,-86.837778,22.317937,-73.113754,250,125,20040204, 22:18:30.0000,-61.08589256,-57.18836966,-61.08685923,-57.19196162,-61.0863759,-57.19016162,5.178E-07
687,365,1,-77.772081,179.979772,-66.822984,250,125,20040204, 22:19:10.0000,-61.08734256,-57.19375299,-61.08782685,-57.19554844,-61.08734256,-57.19375299,4.17572E-06
687,366,1,-76.755439,227.45105,-63.136426,250,125,20040204, 22:19:50.0000,-61.0883259,-57.19736162,-61.08882602,-57.19919541,-61.0883259,-57.19736162,5.27711E-06
687,367,1,-87.732135,18.164288,-72.845655,250,125,20040204, 22:20:30.0000,-61.08932685,-57.20097282,-61.08980935,-57.20272874,-61.08932685,-57.20097282,4.21431E-07
687,368,1,-79.370257,124.567912,-59.6951,250,125,20040204, 22:21:30.0000,-61.09028401,-57.20451207,-61.09122598,-57.20796193,-61.09074265,-57.20625327,2.89011E-06
687,369,1,-78.159141,164.63334,-61.586539,250,125,20040204, 22:22:10.0000,-61.09169357,-57.20968968,-61.09216029,-57.21146552,-61.09169357,-57.20968968,3.81967E-06
687,370,1,-80.410268,98.040388,-63.306561,250,125,20040204, 22:22:50.0000,-61.09262602,-57.21324541,-61.0930846,-57.21503968,-61.09262602,-57.21324541,2.27464E-06
687,371,1,-73.790714,450.153267,-59.083213,250,125,20040204, 22:23:50.0000,-61.09355065,-57.2167866,-61.09452704,-57.22034915,-61.09402598,-57.21855327,1.0444E-05
687,372,1,-76.949851,217.493728,-61.387909,250,125,20040204, 22:24:30.0000,-61.09505146,-57.22212902,-61.0955761,-57.22387033,-61.09505146,-57.22212902,5.04609E-06
687,373,1,-83.501225,48.118196,-69.157803,250,125,20040204, 22:25:10.0000,-61.09610943,-57.22555366,-61.09664276,-57.22722033,-61.09610943,-57.22555366,1.11639E-06
687,374,1,-79.367932,124.634617,-64.310778,250,125,20040204, 22:25:50.0000,-61.0971761,-57.22893699,-61.09767716,-57.23069052,-61.0971761,-57.22893699,2.89166E-06
687,375,1,-78.684742,145.867205,-62.047165,250,125,20040204, 22:26:50.0000,-61.09817716,-57.23246624,-61.09922716,-57.23600719,-61.09869276,-57.23423699,3.38428E-06
687,376,1,-84.80777,35.616799,-71.681182,250,125,20040204, 22:27:30.0000,-61.09975943,-57.23773699,-61.10030943,-57.23945366,-61.09975943,-57.23773699,8.26348E-07
687,377,1,-78.873844,139.652098,-65.479251,250,125,20040204, 22:28:10.0000,-61.10084282,-57.24122923,-61.10138487,-57.24298718,-61.10084282,-57.24122923,3.24008E-06
687,378,1,-80.151918,104.049512,-68.452402,250,125,20040204, 22:28:50.0000,-61.10192615,-57.24475385,-61.10246946,-57.24652365,-61.10192615,-57.24475385,2.41406E-06
687,379,1,-79.752278,114.078576,-64.789878,250,125,20040204, 22:29:30.0000,-61.10299311,-57.24827147,-61.10354382,-57.24999958,-61.10299311,-57.24827147,2.64675E-06
687,380,1,-83.407502,49.167895,-69.400609,250,125,20040204, 22:30:30.0000,-61.10409382,-57.25174052,-61.1051261,-57.25514569,-61.10461813,-57.25342033,1.14075E-06
687,381,1,-79.813005,112.494506,-67.232875,250,125,20040204, 22:31:10.0000,-61.10566049,-57.25685719,-61.10618526,-57.25857147,-61.10566049,-57.25685719,2.60999E-06
687,382,1,-78.872543,139.693933,-68.736415,250,125,20040204, 22:31:50.0000,-61.10674282,-57.26032051,-61.10729276,-57.26204569,-61.10674282,-57.26032051,3.24105E-06
687,383,1,-82.11973,66.139188,-68.600713,250,125,20040204, 22:32:50.0000,-61.10785943,-57.26376236,-61.10895978,-57.26723814,-61.10841035,-57.26550673,1.5345E-06
687,384,1,-84.799531,35.684428,-71.556148,250,125,20040204, 22:33:30.0000,-61.10949276,-57.26895366,-61.10999282,-57.2706959,-61.10949276,-57.26895366,8.27917E-07
687,385,1,-78.142441,165.267594,-66.032399,250,125,20040204, 22:34:10.0000,-61.11052615,-57.27246256,-61.1110848,-57.27422033,-61.11052615,-57.27246256,3.83439E-06
687,386,1,-78.188342,163.530083,-63.846643,250,125,20040204, 22:34:50.0000,-61.11164276,-57.27597902,-61.11220949,-57.27775385,-61.11164276,-57.27597902,3.79407E-06
687,387,1,-81.966419,68.515682,-69.073645,250,125,20040204, 22:35:30.0000,-61.11276043,-57.27949934,-61.11330146,-57.28122902,-61.11276043,-57.27949934,1.58964E-06
687,388,1,-81.196268,81.809752,-67.606603,250,125,20040204, 22:36:30.0000,-61.11385943,-57.28297033,-61.11492615,-57.28643718,-61.11439376,-57.28470698,1.89807E-06
687,389,1,-85.750506,28.666935,-74.642044,250,125,20040204, 22:37:10.0000,-61.11546072,-57.28820796,-61.11601821,-57.28993718,-61.11546072,-57.28820796,6.65104E-07
687,390,1,-86.697658,23.049739,-70.328687,250,125,20040204, 22:37:50.0000,-61.1165761,-57.29163699,-61.11711821,-57.29330385,-61.1165761,-57.29163699,5.34779E-07
687,391,1,-86.326184,25.108079,-75.31331,250,125,20040204, 22:38:30.0000,-61.11764276,-57.29501236,-61.11815943,-57.29673699,-61.11764276,-57.29501236,5.82535E-07
687,392,1,-81.745194,72.096204,-68.140683,250,125,20040204, 22:39:30.0000,-61.11869382,-57.29846624,-61.11975154,-57.30200385,-61.11921049,-57.30023291,1.67271E-06
687,393,1,-77.25029,202.956448,-65.109567,250,125,20040204, 22:40:10.0000,-61.12029276,-57.30375366,-61.12083612,-57.30554031,-61.12029276,-57.30375366,4.70881E-06
687,394,1,-76.272324,254.213975,-61.850783,250,125,20040204, 22:40:50.0000,-61.12137615,-57.30731256,-61.12192615,-57.3090959,-61.12137615,-57.30731256,5.89804E-06
687,395,1,-85.400769,31.070978,-69.921815,250,125,20040204, 22:41:30.0000,-61.12246954,-57.31085719,-61.12301837,-57.31255425,-61.12246954,-57.31085719,7.2088E-07
687,396,1,-82.735444,57.396775,-66.526686,250,125,20040204, 22:42:30.0000,-61.12355961,-57.31419549,-61.12462628,-57.31757968,-61.12409324,-57.31585523,1.33167E-06
687,397,1,-81.106296,83.522258,-66.825383,250,125,20040204, 22:43:10.0000,-61.12515288,-57.31932386,-61.1257099,-57.32110523,-61.12515288,-57.31932386,1.93781E-06
687,398,1,-83.445876,48.735362,-66.829998,250,125,20040204, 22:43:50.0000,-61.12626049,-57.32286624,-61.12681049,-57.32464958,-61.12626049,-57.32286624,1.13071E-06
687,399,1,-80.240924,101.938775,-66.077541,250,125,20040204, 22:44:30.0000,-61.12734376,-57.32642365,-61.12787641,-57.32819684,-61.12734376,-57.32642365,2.36509E-06
687,400,1,-81.610569,74.366096,-68.325438,250,125,20040204, 22:45:10.0000,-61.12842741,-57.33000051,-61.12897634,-57.33179659,-61.12842741,-57.33000051,1.72537E-06
687,401,1,-80.805887,89.504142,-65.398257,250,125,20040204, 22:46:10.0000,-61.12954308,-57.3336047,-61.13065297,-57.33714983,-61.13009394,-57.33538333,2.07659E-06
687,402,1,-80.772868,90.18723,-66.203964,250,125,20040204, 22:46:50.0000,-61.13120188,-57.33894684,-61.13174308,-57.34078017,-61.13120188,-57.33894684,2.09244E-06
687,403,1,-81.427429,77.56913,-65.886448,250,125,20040204, 22:47:30.0000,-61.13230967,-57.34259659,-61.13287641,-57.34443017,-61.13230967,-57.34259659,1.79969E-06
687,404,1,-85.346569,31.461172,-70.635144,250,125,20040204, 22:48:10.0000,-61.13342727,-57.34618333,-61.13397634,-57.34796325,-61.13342727,-57.34618333,7.29933E-07
687,405,1,-94.046331,4.244228,-80.288432,250,125,20040204, 22:48:50.0000,-61.13451061,-57.34974091,-61.13504408,-57.3514747,-61.13451061,-57.34974091,9.84707E-08
687,406,1,-83.796067,44.959879,-68.443609,250,125,20040204, 22:49:50.0000,-61.13556988,-57.35319137,-61.13663655,-57.35666717,-61.13609301,-57.35492114,1.04312E-06
687,407,1,-87.235215,20.366218,-75.468478,250,125,20040204, 22:50:30.0000,-61.13715974,-57.3583547,-61.13770179,-57.36000447,-61.13715974,-57.3583547,4.72518E-07
687,408,1,-81.273724,80.363612,-70.588146,250,125,20040204, 22:51:10.0000,-61.13824335,-57.36167228,-61.13877734,-57.36335025,-61.13824335,-57.36167228,1.86452E-06
687,409,1,-79.793894,112.990636,-64.445747,250,125,20040204, 22:51:50.0000,-61.13931067,-57.36510025,-61.13983667,-57.3668675,-61.13931067,-57.36510025,2.6215E-06
687,410,1,-85.306416,31.753402,-68.095466,250,125,20040204, 22:52:50.0000,-61.14035967,-57.36862992,-61.14146988,-57.3721247,-61.14090967,-57.37037992,7.36713E-07
687,411,1,-82.666381,58.316806,-65.987612,250,125,20040204, 22:53:30.0000,-61.14200224,-57.37388117,-61.14252641,-57.3757135,-61.14200224,-57.37388117,1.35301E-06
687,412,1,-90.639286,9.300434,-78.38245,250,125,20040204, 22:54:10.0000,-61.14306108,-57.37753508,-61.14359401,-57.37931691,-61.14306108,-57.37753508,2.1578E-07
687,413,1,-87.04802,21.263262,-71.212165,250,125,20040204, 22:54:50.0000,-61.14414301,-57.38111325,-61.14468521,-57.38293017,-61.14414301,-57.38111325,4.93331E-07
687,414,1,-81.663752,73.460971,-67.881263,250,125,20040204, 22:55:30.0000,-61.14522668,-57.38473117,-61.14579401,-57.38656691,-61.14522668,-57.38473117,1.70437E-06
687,415,1,-81.936527,68.98888,-65.060954,250,125,20040204, 22:56:30.0000,-61.1463443,-57.38839213,-61.14744394,-57.39205,-61.14689335,-57.39023117,1.60062E-06
687,416,1,-85.340813,31.502902,-71.41188,250,125,20040204, 22:57:10.0000,-61.14799408,-57.39383384,-61.14854289,-57.39562949,-61.14799408,-57.39383384,7.30901E-07
687,417,1,-85.556784,29.974601,-73.423197,250,125,20040204, 22:57:50.0000,-61.14907641,-57.39743897,-61.14959308,-57.39928017,-61.14907641,-57.39743897,6.95443E-07
687,418,1,-84.212613,40.847979,-70.299085,250,125,20040204, 22:58:30.0000,-61.15012641,-57.40109684,-61.15065974,-57.40288803,-61.15012641,-57.40109684,9.47717E-07
687,419,1,-79.283672,127.076319,-66.902442,250,125,20040204, 22:59:10.0000,-61.15119456,-57.40468559,-61.15174308,-57.40649684,-61.15119456,-57.40468559,2.94831E-06
687,420,1,-81.891575,69.706669,-71.254674,250,125,20040204, 22:59:50.0000,-61.15230974,-57.40833017,-61.15285974,-57.41013017,-61.15230974,-57.40833017,1.61727E-06
687,421,1,-81.852834,70.33126,-71.26373,250,125,20040204, 23:00:50.0000,-61.15340967,-57.41197992,-61.15447741,-57.41560051,-61.15392641,-57.41379684,1.63176E-06
687,422,1,-80.890602,87.775166,-70.261139,250,125,20040204, 23:01:30.0000,-61.15501891,-57.4174145,-61.15556855,-57.41923017,-61.15501891,-57.4174145,2.03648E-06
687,423,1,-84.724185,36.308923,-71.905364,250,125,20040204, 23:02:10.0000,-61.15611855,-57.42108017,-61.15667668,-57.4229145,-61.15611855,-57.42108017,8.42406E-07
687,424,1,-81.98286,68.256789,-72.414518,250,125,20040204, 23:02:50.0000,-61.15725204,-57.42472177,-61.15781988,-57.4265247,-61.15725204,-57.42472177,1.58363E-06
687,425,1,-80.606977,93.698816,-68.010004,250,125,20040204, 23:03:30.0000,-61.15836863,-57.42833824,-61.15892741,-57.43016717,-61.15836863,-57.42833824,2.17391E-06
687,426,1,-77.861238,176.322606,-64.88914,250,125,20040204, 23:04:10.0000,-61.15948655,-57.43204298,-61.16004348,-57.43389831,-61.15948655,-57.43204298,4.09087E-06
687,427,1,-79.28627,127.000333,-70.602227,250,125,20040204, 23:04:50.0000,-61.16060321,-57.43575051,-61.16116108,-57.43760175,-61.16060321,-57.43575051,2.94654E-06
687,428,1,-87.20657,20.500989,-72.860938,250,125,20040204, 23:05:50.0000,-61.16171108,-57.43941842,-61.16279408,-57.44301717,-61.1622432,-57.44121395,4.75645E-07
687,429,1,-91.835924,7.060565,-79.261648,250,125,20040204, 23:06:30.0000,-61.16332734,-57.44483358,-61.16382667,-57.44656444,-61.16332734,-57.44483358,1.63813E-07
687,430,1,-83.464244,48.529683,-72.0327,250,125,20040204, 23:07:10.0000,-61.16434419,-57.44829175,-61.16487681,-57.45006498,-61.16434419,-57.44829175,1.12594E-06
687,431,1,-82.936533,54.799748,-69.454472,250,125,20040204, 23:07:50.0000,-61.16541,-57.45188111,-61.16594333,-57.45364778,-61.16541,-57.45188111,1.27141E-06
687,432,1,-84.034096,42.562025,-73.030467,250,125,20040204, 23:08:50.0000,-61.16647681,-57.45544831,-61.16752766,-57.4591181,-61.16699419,-57.45728426,9.87485E-07
687,433,1,-79.856274,111.379294,-66.985542,250,125,20040204, 23:09:30.0000,-61.16807659,-57.46094748,-61.16864325,-57.46276415,-61.16807659,-57.46094748,2.58412E-06
687,434,1,-85.185224,32.651971,-71.572213,250,125,20040204, 23:10:10.0000,-61.169211,-57.46458477,-61.16974325,-57.46638081,-61.169211,-57.46458477,7.57561E-07
687,435,1,-93.818539,4.472784,-82.311133,250,125,20040204, 23:10:50.0000,-61.17029325,-57.46818081,-61.17082659,-57.46996415,-61.17029325,-57.46818081,1.03773E-07
687,436,1,-85.586564,29.769767,-76.133656,250,125,20040204, 23:11:30.0000,-61.17134321,-57.47178067,-61.17189325,-57.47354748,-61.17134321,-57.47178067,6.90691E-07
687,437,1,-86.656463,23.26942,-75.37963,250,125,20040204, 23:12:10.0000,-61.17241889,-57.47532222,-61.1729859,-57.47706538,-61.17241889,-57.47532222,5.39876E-07
687,438,1,-80.250252,101.720079,-66.399308,250,125,20040204, 23:13:10.0000,-61.17353556,-57.47886444,-61.17462659,-57.48256415,-61.1740859,-57.48069872,2.36002E-06
687,439,1,-77.079388,211.102359,-64.344007,250,125,20040204, 23:13:50.0000,-61.17516889,-57.48443111,-61.17572667,-57.48633111,-61.17516889,-57.48443111,4.8978E-06
687,440,1,-79.464003,121.907825,-64.690028,250,125,20040204, 23:14:30.0000,-61.17629425,-57.48820115,-61.17686,-57.49004778,-61.17629425,-57.48820115,2.82839E-06
687,441,1,-85.21238,32.448444,-70.252028,250,125,20040204, 23:15:10.0000,-61.17739348,-57.49186498,-61.17792659,-57.49369748,-61.17739348,-57.49186498,7.52839E-07
687,442,1,-83.755102,45.385971,-66.808797,250,125,20040204, 23:15:50.0000,-61.17846026,-57.49554872,-61.17899333,-57.49739778,-61.17846026,-57.49554872,1.053E-06
687,443,1,-88.556282,15.024627,-73.865202,250,125,20040204, 23:16:30.0000,-61.17952692,-57.49923205,-61.18006,-57.50104,-61.17952692,-57.49923205,3.48588E-07
687,444,1,-88.941368,13.749757,-73.945417,250,125,20040204, 23:17:10.0000,-61.180611,-57.50290144,-61.18115355,-57.50470144,-61.180611,-57.50290144,3.19009E-07
687,445,1,-92.505147,6.052253,-79.857904,250,125,20040204, 23:18:10.0000,-61.18169425,-57.50652701,-61.18274325,-57.51017195,-61.18221889,-57.50833889,1.40419E-07
687,446,1,-90.010844,10.74849,-77.554615,250,125,20040204, 23:18:50.0000,-61.18326,-57.51201444,-61.18377789,-57.51385226,-61.18326,-57.51201444,2.49377E-07
687,447,1,-102.525294,0.602424,-86.198921,250,125,20040204, 23:19:30.0000,-61.18427759,-57.51563448,-61.18477667,-57.51738889,-61.18427759,-57.51563448,1.39769E-08
687,448,1,-100.260098,1.014897,-84.753144,250,125,20040204, 23:20:10.0000,-61.18529333,-57.51918889,-61.185811,-57.52098477,-61.18529333,-57.51918889,2.35467E-08
687,449,1,-93.035466,5.356551,-80.15916,250,125,20040204, 23:20:50.0000,-61.18632659,-57.52279748,-61.18682659,-57.52464748,-61.18632659,-57.52279748,1.24278E-07
687,450,1,-87.044139,21.28227,-76.691784,250,125,20040204, 23:21:50.0000,-61.18732759,-57.52653448,-61.188361,-57.53028477,-61.18784333,-57.52842333,4.93772E-07
687,451,1,-85.828144,28.159011,-71.83901,250,125,20040204, 23:22:30.0000,-61.18887781,-57.53216862,-61.18941,-57.53404778,-61.18887781,-57.53216862,6.53319E-07
687,452,1,-85.518539,30.239731,-76.550108,250,125,20040204, 23:23:10.0000,-61.18994481,-57.53595318,-61.19047759,-57.53782701,-61.18994481,-57.53595318,7.01594E-07
687,453,1,-94.817143,3.554001,-83.114973,250,125,20040204, 23:23:50.0000,-61.19101005,-57.53969796,-61.19151092,-57.54151782,-61.19101005,-57.53969796,8.24567E-08
687,454,1,-92.096038,6.650098,-77.472567,250,125,20040204, 23:24:30.0000,-61.19202672,-57.54328905,-61.19252766,-57.54508477,-61.19202672,-57.54328905,1.54289E-07
687,455,1,-92.8502,5.59,-78.371153,250,125,20040204, 23:25:30.0000,-61.19301114,-57.54690196,-61.19401905,-57.55037262,-61.19352672,-57.54863129,1.29694E-07
687,456,1,-92.262203,6.400466,-77.639596,250,125,20040204, 23:26:10.0000,-61.19451012,-57.55210595,-61.19501005,-57.55389796,-61.19451012,-57.55210595,1.48498E-07
687,457,1,-84.624683,37.150401,-74.093219,250,125,20040204, 23:26:50.0000,-61.195511,-57.5557181,-61.19601905,-57.55759821,-61.195511,-57.5557181,8.61929E-07
687,458,1,-93.565076,4.741593,-80.13873,250,125,20040204, 23:27:30.0000,-61.19653678,-57.55944195,-61.19707683,-57.56123171,-61.19653678,-57.55944195,1.1001E-07
687,459,1,-95.974519,2.722576,-81.597943,250,125,20040204, 23:28:10.0000,-61.19762037,-57.56297593,-61.1981435,-57.56474837,-61.19762037,-57.56297593,6.31667E-08
687,460,1,-90.687083,9.198639,-79.08094,250,125,20040204, 23:29:10.0000,-61.19866016,-57.56656504,-61.1996935,-57.57028171,-61.19917778,-57.56841852,2.13418E-07
687,461,1,-96.234418,2.564425,-79.556438,250,125,20040204, 23:29:50.0000,-61.20022692,-57.57205641,-61.20072792,-57.5737264,-61.20022692,-57.57205641,5.94974E-08
687,462,1,-87.652211,18.501664,-78.135826,250,125,20040204, 23:30:30.0000,-61.20123455,-57.57543943,-61.20172692,-57.57722308,-61.20123455,-57.57543943,4.29259E-07
687,463,1,-85.622165,29.526729,-75.414939,250,125,20040204, 23:31:10.0000,-61.20222778,-57.57907778,-61.20272783,-57.580978,-61.20222778,-57.57907778,6.85052E-07
687,464,1,-88.276531,16.024287,-74.663558,250,125,20040204, 23:32:10.0000,-61.20324359,-57.58286538,-61.2042605,-57.58658293,-61.20376026,-57.58471538,3.71781E-07
687,465,1,-87.627518,18.607159,-77.314983,250,125,20040204, 23:32:50.0000,-61.20476026,-57.58839872,-61.20527792,-57.59021904,-61.20476026,-57.58839872,4.31706E-07
687,466,1,-83.829304,44.617106,-73.796039,250,125,20040204, 23:33:30.0000,-61.2057935,-57.59204837,-61.2063435,-57.59388171,-61.2057935,-57.59204837,1.03516E-06
687,467,1,-85.348061,31.450372,-75.344813,250,125,20040204, 23:34:10.0000,-61.2068935,-57.59575732,-61.20742683,-57.59764065,-61.2068935,-57.59575732,7.29683E-07
687,468,1,-88.674741,14.620348,-76.012054,250,125,20040204, 23:34:50.0000,-61.20794359,-57.59948205,-61.20845244,-57.60126504,-61.20794359,-57.59948205,3.39208E-07
687,469,1,-86.027332,26.896678,-75.139144,250,125,20040204, 23:35:30.0000,-61.20897783,-57.60304278,-61.2094935,-57.60483171,-61.20897783,-57.60304278,6.24032E-07
687,470,1,-87.864961,17.617154,-73.307962,250,125,20040204, 23:36:30.0000,-61.21002792,-57.6066857,-61.21107778,-57.61038519,-61.21055288,-57.60853293,4.08737E-07
687,471,1,-82.509975,60.455294,-73.713809,250,125,20040204, 23:37:10.0000,-61.21161923,-57.61226538,-61.21216117,-57.61416133,-61.21161923,-57.61226538,1.40263E-06
687,472,1,-83.031473,53.614782,-74.653597,250,125,20040204, 23:37:50.0000,-61.21271026,-57.61605769,-61.21325389,-57.61796904,-61.21271026,-57.61605769,1.24392E-06
687,473,1,-87.380391,19.696667,-79.57586,250,125,20040204, 23:38:30.0000,-61.2137935,-57.61981504,-61.21434359,-57.62170769,-61.2137935,-57.61981504,4.56984E-07
687,474,1,-86.490324,24.176834,-74.975295,250,125,20040204, 23:39:10.0000,-61.21488723,-57.62361168,-61.21542783,-57.62551133,-61.21488723,-57.62361168,5.60929E-07
687,475,1,-88.166046,16.437179,-73.156171,250,125,20040204, 23:39:50.0000,-61.21594359,-57.62739872,-61.21646923,-57.62928205,-61.21594359,-57.62739872,3.8136E-07
687,476,1,-83.195652,51.62578,-72.33386,250,125,20040204, 23:40:30.0000,-61.21700389,-57.63117834,-61.21754444,-57.63306852,-61.21700389,-57.63117834,1.19777E-06
687,477,1,-80.79182,89.794514,-70.420869,250,125,20040204, 23:41:10.0000,-61.21808723,-57.6349857,-61.21862683,-57.63686504,-61.21808723,-57.6349857,2.08333E-06
687,478,1,-82.380156,62.289703,-71.84899,250,125,20040204, 23:42:10.0000,-61.21917683,-57.63877398,-61.2202605,-57.64257532,-61.21971125,-57.6406857,1.44519E-06
687,479,1,-86.925568,21.871322,-76.287154,250,125,20040204, 23:42:50.0000,-61.2207945,-57.64445205,-61.22131158,-57.64623692,-61.2207945,-57.64445205,5.07438E-07
687,480,1,-87.817123,17.812282,-73.41272,250,125,20040204, 23:43:30.0000,-61.22182783,-57.64805205,-61.22234359,-57.64984872,-61.22182783,-57.64805205,4.13264E-07
687,481,1,-90.811682,8.938479,-79.245608,250,125,20040204, 23:44:10.0000,-61.22287806,-57.65163622,-61.22341029,-57.65339886,-61.22287806,-57.65163622,2.07382E-07
687,482,1,-81.804958,71.110883,-72.057894,250,125,20040204, 23:44:50.0000,-61.22394371,-57.65524915,-61.22447704,-57.65711582,-61.22394371,-57.65524915,1.64985E-06
687,483,1,-81.349378,78.975793,-73.801203,250,125,20040204, 23:45:30.0000,-61.22501037,-57.65898248,-61.22555272,-57.66084915,-61.22501037,-57.65898248,1.83232E-06
687,484,1,-82.873101,55.606012,-71.775009,250,125,20040204, 23:46:30.0000,-61.22609371,-57.66271582,-61.22718595,-57.66645784,-61.22664396,-57.66458341,1.29012E-06
687,485,1,-89.870137,11.102433,-76.972468,250,125,20040204, 23:47:10.0000,-61.22773741,-57.66833622,-61.22827696,-57.67014886,-61.22773741,-57.66833622,2.57588E-07
687,486,1,-85.069821,33.531246,-72.701988,250,125,20040204, 23:47:50.0000,-61.22880261,-57.67196552,-61.22931063,-57.67380918,-61.22880261,-57.67196552,7.77961E-07
687,487,1,-80.526256,95.456657,-70.422389,250,125,20040204, 23:48:30.0000,-61.22982707,-57.67570829,-61.23034374,-57.67759927,-61.22982707,-57.67570829,2.2147E-06
687,488,1,-83.062318,53.235338,-75.126095,250,125,20040204, 23:49:10.0000,-61.23086943,-57.67946593,-61.23139484,-57.68134602,-61.23086943,-57.67946593,1.23512E-06
687,489,1,-84.520539,38.052041,-74.805047,250,125,20040204, 23:49:50.0000,-61.2319274,-57.68320048,-61.23249385,-57.68503299,-61.2319274,-57.68320048,8.82848E-07
687,490,1,-99.80984,1.125765,-86.112094,250,125,20040204, 23:50:30.0000,-61.23307808,-57.68683629,-61.23366041,-57.68864927,-61.23307808,-57.68683629,2.6119E-08
687,491,1,-94.541593,3.786801,-82.13835,250,125,20040204, 23:51:10.0000,-61.23424506,-57.69048744,-61.23482729,-57.69233341,-61.23424506,-57.69048744,8.78579E-08
687,492,1,-93.339509,4.994373,-80.693884,250,125,20040204, 23:52:10.0000,-61.23541074,-57.69416715,-61.23661136,-57.69783611,-61.23601957,-57.69599966,1.15875E-07
687,493,1,-92.518595,6.033542,-76.701681,250,125,20040204, 23:52:50.0000,-61.23720404,-57.69966944,-61.23780291,-57.70149966,-61.23720404,-57.69966944,1.39985E-07
687,494,1,-90.868709,8.821875,-78.156779,250,125,20040204, 23:53:30.0000,-61.23838639,-57.70331675,-61.23896957,-57.70514966,-61.23838639,-57.70331675,2.04677E-07
687,495,1,-89.661738,11.648178,-77.322902,250,125,20040204, 23:54:10.0000,-61.23955423,-57.70696058,-61.24013744,-57.70873629,-61.23955423,-57.70696058,2.7025E-07
687,496,1,-90.911813,8.734752,-77.118341,250,125,20040204, 23:54:50.0000,-61.24072718,-57.71052393,-61.24132718,-57.71222393,-61.24072718,-57.71052393,2.02656E-07
687,497,1,-92.659927,5.840353,-79.89137,250,125,20040204, 23:55:30.0000,-61.24192808,-57.71397693,-61.24252718,-57.71573299,-61.24192808,-57.71397693,1.35502E-07
687,498,1,-90.144473,10.422804,-76.123348,250,125,20040204, 23:56:30.0000,-61.24310276,-57.7174826,-61.24423624,-57.7209906,-61.2436774,-57.71920048,2.4182E-07
687,499,1,-87.523873,19.056563,-77.110163,250,125,20040204, 23:57:10.0000,-61.24480276,-57.7227826,-61.24539374,-57.7246326,-61.24480276,-57.7227826,4.42133E-07
687,500,1,-81.456179,77.05733,-63.846415,250,125,20040204, 23:57:50.0000,-61.24596041,-57.7264826,-61.24654484,-57.72834602,-61.24596041,-57.7264826,1.78781E-06
687,501,1,-80.466061,96.788934,-63.249218,250,125,20040204, 23:58:30.0000,-61.2471361,-57.73022496,-61.24772817,-57.73213663,-61.2471361,-57.73022496,2.24561E-06
687,502,1,-89.746911,11.421964,-78.58906,250,125,20040204, 23:59:10.0000,-61.24831957,-57.73397393,-61.24894475,-57.73581962,-61.24831957,-57.73397393,2.65002E-07
687,503,1,-85.79235,28.392059,-76.30278,250,125,20040204, 23:59:50.0000,-61.24956957,-57.73767538,-61.25018756,-57.73956269,-61.24956957,-57.73767538,6.58726E-07
687,504,1,-89.804209,11.272258,-78.700736,250,125,20040205, 00:00:30.0000,-61.25080276,-57.74145829,-61.25140291,-57.74331632,-61.25080276,-57.74145829,2.61529E-07
687,505,1,-92.162174,6.549596,-75.387543,250,125,20040205, 00:01:10.0000,-61.2520209,-57.74508663,-61.25261041,-57.74684927,-61.2520209,-57.74508663,1.51958E-07
687,506,1,-92.449106,6.130858,-77.78612,250,125,20040205, 00:01:50.0000,-61.25319374,-57.74866593,-61.25377718,-57.75049966,-61.25319374,-57.74866593,1.42243E-07
687,507,1,-90.321773,10.005862,-76.919503,250,125,20040205, 00:02:30.0000,-61.25436151,-57.75233663,-61.25496141,-57.75420296,-61.25436151,-57.75233663,2.32147E-07
687,508,1,-97.03029,2.135024,-81.09122,250,125,20040205, 00:03:10.0000,-61.25555291,-57.75603299,-61.25616141,-57.75781962,-61.25555291,-57.75603299,4.95349E-08
687,509,1,-92.256945,6.408219,-74.924927,250,125,20040205, 00:04:10.0000,-61.25673744,-57.7595936,-61.25786152,-57.76320335,-61.25730291,-57.7613906,1.48678E-07
687,510,1,-91.497131,7.633413,-77.088126,250,125,20040205, 00:04:50.0000,-61.25843624,-57.76503299,-61.25902718,-57.76683299,-61.25843624,-57.76503299,1.77103E-07
687,511,1,-89.130634,13.16341,-70.954631,250,125,20040205, 00:05:30.0000,-61.25960411,-57.76863629,-61.26020306,-57.77046675,-61.25960411,-57.76863629,3.05405E-07
687,512,1,-89.268543,12.751979,-75.603947,250,125,20040205, 00:06:10.0000,-61.26079396,-57.77231675,-61.26139442,-57.77417767,-61.26079396,-57.77231675,2.9586E-07
687,513,1,-95.607537,2.962635,-79.17295,250,125,20040205, 00:06:50.0000,-61.26201961,-57.77599975,-61.26264387,-57.77776642,-61.26201961,-57.77599975,6.87363E-08
687,514,1,-89.812382,11.251065,-75.754581,250,125,20040205, 00:07:30.0000,-61.26323627,-57.77958309,-61.26382721,-57.78143309,-61.26323627,-57.77958309,2.61037E-07
687,515,1,-96.425672,2.453944,-82.125853,250,125,20040205, 00:08:10.0000,-61.26440294,-57.78324975,-61.26498776,-57.78503716,-61.26440294,-57.78324975,5.69342E-08
687,516,1,-95.530488,3.015664,-80.150634,250,125,20040205, 00:08:50.0000,-61.26560294,-57.78681642,-61.26622109,-57.78860383,-61.26560294,-57.78681642,6.99667E-08
687,517,1,-93.88108,4.408835,-75.17206,250,125,20040205, 00:09:50.0000,-61.26683627,-57.79039975,-61.26806065,-57.79391683,-61.26746054,-57.79217402,1.0229E-07
687,518,1,-98.162295,1.645138,-81.704532,250,125,20040205, 00:10:30.0000,-61.26866976,-57.79570772,-61.26930309,-57.79749106,-61.26866976,-57.79570772,3.8169E-08
687,519,1,-89.30322,12.650564,-75.803472,250,125,20040205, 00:11:10.0000,-61.26991976,-57.7992835,-61.27055309,-57.80110016,-61.26991976,-57.7992835,2.93507E-07
687,520,1,-91.597405,7.459184,-77.633025,250,125,20040205, 00:11:50.0000,-61.27118642,-57.8029335,-61.27180309,-57.80476683,-61.27118642,-57.8029335,1.73061E-07
687,521,1,-95.645144,2.937091,-82.616322,250,125,20040205, 00:12:30.0000,-61.27241065,-57.80665016,-61.27299398,-57.80850016,-61.27241065,-57.80665016,6.81437E-08
687,522,1,-95.695604,2.903163,-81.607705,250,125,20040205, 00:13:10.0000,-61.27358642,-57.8103335,-61.27414398,-57.81216683,-61.27358642,-57.8103335,6.73565E-08
687,523,1,-99.338732,1.254754,-84.788755,250,125,20040205, 00:13:50.0000,-61.27470309,-57.8140335,-61.27527124,-57.81588756,-61.27470309,-57.8140335,2.91117E-08
687,524,1,-104.58087,0.375271,-90.125472,250,125,20040205, 00:14:30.0000,-61.27587843,-57.81770423,-61.27644524,-57.8195881,-61.27587843,-57.81770423,8.70669E-09
687,525,1,-102.759437,0.570806,-84.781653,250,125,20040205, 00:15:10.0000,-61.27701176,-57.82143756,-61.27756976,-57.8232835,-61.27701176,-57.82143756,1.32433E-08
687,526,1,-90.087867,10.559544,-70.336859,250,125,20040205, 00:16:10.0000,-61.27812732,-57.8251835,-61.27922732,-57.82892439,-61.27867732,-57.82710016,2.44993E-07
687,527,1,-88.948478,13.727264,-71.596802,250,125,20040205, 00:16:50.0000,-61.27980309,-57.8307835,-61.28039509,-57.83271371,-61.27980309,-57.8307835,3.18487E-07
687,528,1,-98.89249,1.390538,-81.56948,250,125,20040205, 00:17:30.0000,-61.28096976,-57.83462593,-61.28156976,-57.8365926,-61.28096976,-57.83462593,3.2262E-08
687,529,1,-95.809658,2.827913,-77.039746,250,125,20040205, 00:18:10.0000,-61.28216976,-57.83860927,-61.28276976,-57.84062593,-61.28216976,-57.83860927,6.56106E-08
687,530,1,-92.033903,6.745926,-77.027083,250,125,20040205, 00:18:50.0000,-61.28338642,-57.84262593,-61.28338642,-57.84262593,-61.28338642,-57.84262593,1.56513E-07
687,531,1,-90.083751,10.569557,-76.058246,250,125,20040205, 00:19:10.0000,-61.28402124,-57.84471371,-61.28464398,-57.84678504,-61.28402124,-57.84471371,2.45225E-07
687,532,1,-90.364723,9.907396,-75.625419,250,125,20040205, 00:19:50.0000,-61.28526976,-57.84891837,-61.28590309,-57.85102593,-61.28526976,-57.84891837,2.29862E-07
687,533,1,-90.555307,9.482027,-75.03538,250,125,20040205, 00:20:30.0000,-61.28655309,-57.85307593,-61.28718642,-57.8551426,-61.28655309,-57.85307593,2.19993E-07
687,534,1,-93.503003,4.80985,-79.557492,250,125,20040205, 00:21:10.0000,-61.2878119,-57.85719762,-61.28841976,-57.85923504,-61.2878119,-57.85719762,1.11594E-07
687,535,1,-98.603059,1.486367,-84.202098,250,125,20040205, 00:21:50.0000,-61.28903642,-57.86127593,-61.28964398,-57.8633426,-61.28903642,-57.86127593,3.44853E-08
687,536,1,-94.819549,3.552033,-79.023096,250,125,20040205, 00:22:30.0000,-61.29025309,-57.86543504,-61.29088642,-57.86755171,-61.29025309,-57.86543504,8.2411E-08
687,537,1,-98.123359,1.659954,-82.108794,250,125,20040205, 00:23:10.0000,-61.29150309,-57.86963504,-61.2921211,-57.8716633,-61.29150309,-57.86963504,3.85127E-08
687,538,1,-113.055247,0.053322,-93.477881,250,125,20040205, 00:23:50.0000,-61.29275325,-57.87373556,-61.29336065,-57.87581837,-61.29275325,-57.87373556,1.23713E-09
687,539,1,-102.039184,0.673773,-83.790188,250,125,20040205, 00:24:30.0000,-61.29396976,-57.8778926,-61.29461976,-57.87995927,-61.29396976,-57.8778926,1.56323E-08
687,540,1,-108.07998,0.167662,-90.831001,250,125,20040205, 00:25:10.0000,-61.29530309,-57.88195016,-61.29593642,-57.88386683,-61.29530309,-57.88195016,3.88993E-09
687,541,1,-93.963162,4.32629,-81.354794,250,125,20040205, 00:25:50.0000,-61.29655309,-57.8858335,-61.29717143,-57.88784762,-61.29655309,-57.8858335,1.00375E-07
687,542,1,-96.311575,2.519268,-81.383669,250,125,20040205, 00:26:30.0000,-61.29778642,-57.88986837,-61.29778642,-57.88986837,-61.29778642,-57.88986837,5.84497E-08
687,543,1,-90.328981,9.989269,-76.979955,250,125,20040205, 00:26:50.0000,-61.29841993,-57.89190229,-61.2990119,-57.89396429,-61.29841993,-57.89190229,2.31762E-07
687,544,1,-93.98091,4.308646,-77.396468,250,125,20040205, 00:27:30.0000,-61.29961993,-57.8959098,-61.3002366,-57.8979098,-61.29961993,-57.8959098,9.99652E-08
687,545,1,-95.326187,3.160918,-82.243444,250,125,20040205, 00:28:10.0000,-61.30086993,-57.89995229,-61.30146993,-57.90199314,-61.30086993,-57.89995229,7.33367E-08
687,546,1,-100.844956,0.887026,-83.394565,250,125,20040205, 00:28:50.0000,-61.3020866,-57.90403562,-61.3027034,-57.9061102,-61.3020866,-57.90403562,2.058E-08
687,547,1,-95.46701,3.060066,-78.40825,250,125,20040205, 00:29:30.0000,-61.30332843,-57.90813039,-61.3039534,-57.9101102,-61.30332843,-57.90813039,7.09968E-08
687,548,1,-90.809493,8.942986,-76.672691,250,125,20040205, 00:30:10.0000,-61.30458673,-57.91212687,-61.30521088,-57.91417687,-61.30458673,-57.91212687,2.07487E-07
687,549,1,-89.327764,12.57927,-75.757542,250,125,20040205, 00:30:50.0000,-61.3058034,-57.91625272,-61.30643692,-57.9183941,-61.3058034,-57.91625272,2.91853E-07
687,550,1,-90.372371,9.889964,-75.487117,250,125,20040205, 00:31:30.0000,-61.30705341,-57.92047691,-61.30766089,-57.92255276,-61.30705341,-57.92047691,2.29458E-07
687,551,1,-91.106929,8.351009,-72.455868,250,125,20040205, 00:32:10.0000,-61.30829436,-57.9246441,-61.30893692,-57.92668667,-61.30829436,-57.9246441,1.93752E-07
687,552,1,-88.371151,15.67894,-71.415845,250,125,20040205, 00:32:50.0000,-61.30957124,-57.92878987,-61.31020359,-57.93093667,-61.30957124,-57.92878987,3.63768E-07
687,553,1,-90.489058,9.627776,-71.641301,250,125,20040205, 00:33:30.0000,-61.31081122,-57.93305417,-61.31142008,-57.93512691,-61.31081122,-57.93305417,2.23375E-07
687,554,1,-84.960486,34.386125,-69.117611,250,125,20040205, 00:34:10.0000,-61.31203824,-57.93724095,-61.31203824,-57.93724095,-61.31203824,-57.93724095,7.97795E-07
687,555,1,-104.668238,0.367797,-90.079668,250,125,20040205, 00:34:30.0000,-61.31264423,-57.9393361,-61.31325341,-57.94137691,-61.31264423,-57.9393361,8.53328E-09
687,556,1,-93.406645,4.917761,-73.882455,250,125,20040205, 00:35:10.0000,-61.31385491,-57.94338139,-61.31447008,-57.94537691,-61.31385491,-57.94338139,1.14097E-07
687,557,1,-88.415463,15.519781,-71.987417,250,125,20040205, 00:35:50.0000,-61.31508692,-57.94747,-61.31571103,-57.94963667,-61.31508692,-57.94747,3.60076E-07
687,558,1,-87.854693,17.658853,-68.827342,250,125,20040205, 00:36:30.0000,-61.31629524,-57.95179048,-61.31689436,-57.9538941,-61.31629524,-57.95179048,4.09704E-07
687,559,1,-108.98816,0.136024,-91.357055,250,125,20040205, 00:37:10.0000,-61.31752026,-57.95597744,-61.31816103,-57.95801077,-61.31752026,-57.95597744,3.15591E-09
687,560,1,-95.72681,2.882378,-79.354144,250,125,20040205, 00:37:50.0000,-61.31878692,-57.95991821,-61.31938692,-57.9618941,-61.31878692,-57.95991821,6.68743E-08
687,561,1,-87.418751,19.52346,-70.6216,250,125,20040205, 00:38:30.0000,-61.31997143,-57.96396429,-61.32054436,-57.96608667,-61.31997143,-57.96396429,4.52965E-07
687,562,1,-96.577849,2.369446,-77.944237,250,125,20040205, 00:39:10.0000,-61.32113692,-57.96823667,-61.32177026,-57.97036077,-61.32113692,-57.96823667,5.49737E-08
687,563,1,-100.484257,0.963843,-82.366697,250,125,20040205, 00:39:50.0000,-61.32238692,-57.97240333,-61.32299436,-57.97447744,-61.32238692,-57.97240333,2.23622E-08
687,564,1,-111.024007,0.08512,-92.108774,250,125,20040205, 00:40:30.0000,-61.32362143,-57.97656429,-61.32423692,-57.97858667,-61.32362143,-57.97656429,1.97487E-09
687,565,1,-110.500929,0.096015,-95.802397,250,125,20040205, 00:41:10.0000,-61.32486103,-57.98062744,-61.32547065,-57.98267863,-61.32486103,-57.98062744,2.22765E-09
687,566,1,-108.44586,0.154115,-93.464323,250,125,20040205, 00:41:50.0000,-61.32608675,-57.98471024,-61.32672177,-57.98673197,-61.32608675,-57.98471024,3.57564E-09
687,567,1,-105.630513,0.2947,-87.576174,250,125,20040205, 00:42:30.0000,-61.32732756,-57.98876024,-61.32793692,-57.9907941,-61.32732756,-57.98876024,6.83736E-09
687,568,1,-111.140364,0.08287,-94.419385,250,125,20040205, 00:43:10.0000,-61.32855359,-57.99282744,-61.32855359,-57.99282744,-61.32855359,-57.99282744,1.92267E-09
687,569,1,-98.412687,1.55297,-80.57094,250,125,20040205, 00:43:30.0000,-61.32917026,-57.99487,-61.3297881,-57.99696429,-61.32917026,-57.99487,3.60306E-08
687,570,1,-102.042882,0.673199,-86.699013,250,125,20040205, 00:44:10.0000,-61.33041103,-57.99907,-61.33103692,-58.00120333,-61.33041103,-57.99907,1.5619E-08
687,571,1,-101.595199,0.746297,-85.694374,250,125,20040205, 00:44:50.0000,-61.33165359,-58.00327744,-61.33228692,-58.00537,-61.33165359,-58.00327744,1.73149E-08
687,572,1,-100.462123,0.968767,-82.491173,250,125,20040205, 00:45:30.0000,-61.33291201,-58.00748137,-61.33353692,-58.00957744,-61.33291201,-58.00748137,2.24765E-08
687,573,1,-95.256049,3.212381,-75.731615,250,125,20040205, 00:46:10.0000,-61.33414423,-58.01166943,-61.33477051,-58.01379487,-61.33414423,-58.01166943,7.45307E-08
687,574,1,-89.484277,12.134004,-72.121869,250,125,20040205, 00:46:50.0000,-61.33539524,-58.01594048,-61.33602026,-58.01808667,-61.33539524,-58.01594048,2.81522E-07
687,575,1,-97.786534,1.793818,-78.155871,250,125,20040205, 00:47:30.0000,-61.33662788,-58.02022083,-61.3372277,-58.02232745,-61.33662788,-58.02022083,4.16185E-08
687,576,1,-86.152417,26.133055,-69.039869,250,125,20040205, 00:48:10.0000,-61.33783824,-58.02444095,-61.33845476,-58.02654762,-61.33783824,-58.02444095,6.06315E-07
687,577,1,-79.736421,114.495859,-64.992974,250,125,20040205, 00:48:50.0000,-61.33907157,-58.02867428,-61.33907157,-58.02867428,-61.33907157,-58.02867428,2.65643E-06
687,578,1,-98.593572,1.489617,-79.699527,250,125,20040205, 00:49:10.0000,-61.33968867,-58.03079933,-61.34030359,-58.03290335,-61.33968867,-58.03079933,3.45607E-08
687,579,1,-97.805165,1.786139,-79.377433,250,125,20040205, 00:49:50.0000,-61.34092041,-58.03502789,-61.3415381,-58.03713095,-61.34092041,-58.03502789,4.14404E-08
687,580,1,-116.455595,0.024371,-100.061786,250,125,20040205, 00:50:30.0000,-61.34215491,-58.03924095,-61.34277041,-58.04140383,-61.34215491,-58.03924095,5.6543E-10
687,581,1,-100.980991,0.859672,-90.077176,250,125,20040205, 00:51:10.0000,-61.34340491,-58.04354095,-61.34405359,-58.04565335,-61.34340491,-58.04354095,1.99453E-08
687,582,1,-101.722134,0.724801,-85.84111,250,125,20040205, 00:51:50.0000,-61.34470374,-58.04777789,-61.34535393,-58.04990444,-61.34470374,-58.04777789,1.68162E-08
687,583,1,-97.507965,1.912649,-82.117684,250,125,20040205, 00:52:30.0000,-61.34597162,-58.05204109,-61.3466206,-58.05416179,-61.34597162,-58.05204109,4.43755E-08
687,584,1,-99.695805,1.155717,-87.505687,250,125,20040205, 00:53:10.0000,-61.34725393,-58.05628778,-61.34725393,-58.05628778,-61.34725393,-58.05628778,2.68139E-08
687,585,1,-97.482679,1.923818,-85.385431,250,125,20040205, 00:53:30.0000,-61.34788858,-58.05840871,-61.34853707,-58.06055382,-61.34788858,-58.05840871,4.46346E-08
687,586,1,-89.114231,13.213221,-70.100073,250,125,20040205, 00:54:10.0000,-61.34918858,-58.06270871,-61.34983828,-58.06484109,-61.34918858,-58.06270871,3.06561E-07
687,587,1,-97.37542,1.971922,-81.488963,250,125,20040205, 00:54:50.0000,-61.35049548,-58.06698194,-61.35115525,-58.06911574,-61.35049548,-58.06698194,4.57507E-08
687,588,1,-105.700883,0.289964,-89.409458,250,125,20040205, 00:55:30.0000,-61.35178842,-58.07120821,-61.3524206,-58.07328778,-61.35178842,-58.07120821,6.72747E-09
687,589,1,-120.691074,0.00919,-101.347687,250,125,20040205, 00:56:10.0000,-61.35306227,-58.07531574,-61.35368726,-58.07729513,-61.35306227,-58.07531574,2.1322E-10
687,590,1,-109.1458,0.131175,-93.302684,250,125,20040205, 00:56:50.0000,-61.35430509,-58.07931527,-61.3549206,-58.08140444,-61.35430509,-58.07931527,3.04341E-09
687,591,1,-108.701097,0.145319,-94.469834,250,125,20040205, 00:57:30.0000,-61.35554548,-58.08349154,-61.35618726,-58.08562111,-61.35554548,-58.08349154,3.37156E-09
687,592,1,-112.542991,0.059997,-98.651876,250,125,20040205, 00:58:10.0000,-61.35682191,-58.08771574,-61.3574778,-58.08971122,-61.35682191,-58.08771574,1.39201E-09
687,593,1,-106.868173,0.221623,-95.489013,250,125,20040205, 00:58:50.0000,-61.35813726,-58.09177111,-61.35813726,-58.09177111,-61.35813726,-58.09177111,5.14189E-09
687,594,1,-102.747523,0.572374,-87.92216,250,125,20040205, 00:59:10.0000,-61.35878858,-58.0938324,-61.35943858,-58.09591574,-61.35878858,-58.0938324,1.32797E-08
687,595,1,-100.313605,1.00247,-84.3723,250,125,20040205, 00:59:50.0000,-61.36009545,-58.09796515,-61.36074462,-58.10005444,-61.36009545,-58.09796515,2.32584E-08
687,596,1,-93.466787,4.850127,-74.271299,250,125,20040205, 01:00:30.0000,-61.3613875,-58.10209583,-61.36203707,-58.10407789,-61.3613875,-58.10209583,1.12528E-07
687,597,1,-120.047949,0.010657,-101.593206,250,125,20040205, 01:01:10.0000,-61.3626706,-58.10607846,-61.36330509,-58.10807233,-61.3626706,-58.10607846,2.4726E-10
687,598,1,-102.584212,0.594307,-83.226144,250,125,20040205, 01:01:50.0000,-61.36390393,-58.11005248,-61.36453726,-58.11206179,-61.36390393,-58.11005248,1.37886E-08
687,599,1,-100.576108,0.943672,-84.208592,250,125,20040205, 01:02:30.0000,-61.36517097,-58.11407959,-61.36579461,-58.11612843,-61.36517097,-58.11407959,2.18942E-08
687,600,1,-102.801226,0.565339,-83.375373,250,125,20040205, 01:03:10.0000,-61.36640509,-58.11822488,-61.36703856,-58.12029199,-61.36640509,-58.11822488,1.31165E-08
687,601,1,-106.445209,0.244293,-86.780879,250,125,20040205, 01:03:50.0000,-61.36767191,-58.12236574,-61.36830408,-58.12440493,-61.36767191,-58.12236574,5.66786E-09
687,602,1,-96.563056,2.377531,-78.064863,250,125,20040205, 01:04:30.0000,-61.36892806,-58.12646224,-61.36955525,-58.12856574,-61.36892806,-58.12646224,5.51613E-08
687,603,1,-104.95391,0.344382,-86.878748,250,125,20040205, 01:05:10.0000,-61.37017794,-58.1306451,-61.37080509,-58.13268194,-61.37017794,-58.1306451,7.99004E-09
687,604,1,-99.670881,1.162368,-86.898089,250,125,20040205, 01:05:50.0000,-61.37145374,-58.13474455,-61.37208858,-58.13684907,-61.37145374,-58.13474455,2.69682E-08
687,605,1,-99.773187,1.135307,-89.40979,250,125,20040205, 01:06:30.0000,-61.37272041,-58.13897789,-61.37272041,-58.13897789,-61.37272041,-58.13897789,2.63403E-08
687,606,1,-98.426586,1.548008,-86.009086,250,125,20040205, 01:06:50.0000,-61.37337073,-58.14112154,-61.37398741,-58.14328827,-61.37337073,-58.14112154,3.59155E-08
687,607,1,-98.183038,1.637299,-87.302028,250,125,20040205, 01:07:30.0000,-61.37461138,-58.14543821,-61.37525509,-58.14759154,-61.37461138,-58.14543821,3.79871E-08
687,608,1,-98.153567,1.648448,-84.646827,250,125,20040205, 01:08:10.0000,-61.37588858,-58.14974205,-61.37652821,-58.15187949,-61.37588858,-58.14974205,3.82458E-08
687,609,1,-101.251939,0.807677,-81.810877,250,125,20040205, 01:08:50.0000,-61.37715374,-58.15392789,-61.37777191,-58.1559824,-61.37715374,-58.15392789,1.8739E-08
687,610,1,-107.62554,0.186156,-93.838445,250,125,20040205, 01:09:30.0000,-61.37837209,-58.15799959,-61.37899472,-58.15997886,-61.37837209,-58.15799959,4.31903E-09
687,611,1,-101.708573,0.727067,-86.899985,250,125,20040205, 01:10:10.0000,-61.37962821,-58.16201282,-61.38023725,-58.16406176,-61.37962821,-58.16201282,1.68687E-08
687,612,1,-110.707944,0.091546,-95.736115,250,125,20040205, 01:10:50.0000,-61.38085392,-58.16612108,-61.38147191,-58.16820871,-61.38085392,-58.16612108,2.12396E-09
687,613,1,-120.355817,0.009928,-101.778005,250,125,20040205, 01:11:30.0000,-61.38207805,-58.17032886,-61.38269571,-58.17244251,-61.38207805,-58.17032886,2.3033E-10
687,614,1,-99.841302,1.117639,-83.754894,250,125,20040205, 01:12:10.0000,-61.38332225,-58.17453342,-61.38332225,-58.17453342,-61.38332225,-58.17453342,2.59304E-08
687,615,1,-100.911692,0.873499,-86.439151,250,125,20040205, 01:12:30.0000,-61.38395542,-58.17660928,-61.38459473,-58.1786716,-61.38395542,-58.17660928,2.02661E-08
687,616,1,-99.073943,1.333637,-82.257779,250,125,20040205, 01:13:10.0000,-61.38523858,-58.1807324,-61.38587826,-58.18272971,-61.38523858,-58.1807324,3.09418E-08
687,617,1,-99.159097,1.307742,-87.570679,250,125,20040205, 01:13:50.0000,-61.38650407,-58.18477154,-61.38713853,-58.18686558,-61.38650407,-58.18477154,3.0341E-08
687,618,1,-104.571383,0.376092,-88.288899,250,125,20040205, 01:14:30.0000,-61.38773768,-58.18897246,-61.38831154,-58.19112222,-61.38773768,-58.18897246,8.72573E-09
687,619,1,-110.690347,0.091917,-94.051693,250,125,20040205, 01:15:10.0000,-61.38887821,-58.19327222,-61.38947195,-58.19538251,-61.38887821,-58.19327222,2.13258E-09
687,620,1,-111.060082,0.084416,-94.328284,250,125,20040205, 01:15:50.0000,-61.3900624,-58.19744959,-61.39066237,-58.19947584,-61.3900624,-58.19744959,1.95854E-09
687,621,1,-108.598925,0.148778,-90.615852,250,125,20040205, 01:16:30.0000,-61.39123892,-58.20154315,-61.39181237,-58.20364251,-61.39123892,-58.20154315,3.45182E-09
687,622,1,-114.500986,0.038224,-97.213936,250,125,20040205, 01:17:10.0000,-61.39240427,-58.20569615,-61.39299573,-58.20775928,-61.39240427,-58.20569615,8.8683E-10
687,623,1,-999,0,-999,250,125,20040205, 01:17:50.0000,-61.39357205,-58.20981616,-61.39417225,-58.21187648,-61.39357205,-58.20981616,0
687,624,1,-999,0,-999,250,125,20040205, 01:18:30.0000,-61.39475449,-58.21391346,-61.39533761,-58.21589615,-61.39475449,-58.21391346,0
687,625,1,-115.051126,0.033676,-100.355409,250,125,20040205, 01:19:10.0000,-61.39592821,-58.21787949,-61.3965117,-58.21994679,-61.39592821,-58.21787949,7.8132E-10
687,626,1,-115.303114,0.031778,-97.550084,250,125,20040205, 01:19:50.0000,-61.39710558,-58.22203342,-61.39769585,-58.22411675,-61.39710558,-58.22203342,7.3727E-10
687,627,1,-124.62053,0.003719,-105.088112,250,125,20040205, 01:20:30.0000,-61.39829563,-58.22618251,-61.39887805,-58.22824553,-61.39829563,-58.22618251,8.628E-11
687,628,1,-114.591036,0.037439,-98.906386,250,125,20040205, 01:21:10.0000,-61.39947225,-58.23033342,-61.40006138,-58.23242886,-61.39947225,-58.23033342,8.6863E-10
687,629,1,-107.70751,0.182676,-94.519067,250,125,20040205, 01:21:50.0000,-61.40067205,-58.23455918,-61.40067205,-58.23455918,-61.40067205,-58.23455918,4.23827E-09
687,630,1,-110.982657,0.085934,-91.299514,250,125,20040205, 01:22:10.0000,-61.40127225,-58.23666675,-61.40187073,-58.23872886,-61.40127225,-58.23666675,1.99377E-09
687,631,1,-122.908491,0.005515,-104.380237,250,125,20040205, 01:22:50.0000,-61.40245407,-58.24083821,-61.40303892,-58.24295981,-61.40245407,-58.24083821,1.2796E-10
687,632,1,-113.364761,0.049654,-97.782024,250,125,20040205, 01:23:30.0000,-61.40364472,-58.24504553,-61.40427094,-58.24712222,-61.40364472,-58.24504553,1.15203E-09
687,633,1,-107.965093,0.172156,-94.613947,250,125,20040205, 01:24:10.0000,-61.40489585,-58.24923342,-61.4055124,-58.25133292,-61.40489585,-58.24923342,3.99421E-09
687,634,1,-107.096151,0.210289,-87.688351,250,125,20040205, 01:24:50.0000,-61.40612094,-58.25338889,-61.40672195,-58.25543251,-61.40612094,-58.25338889,4.87893E-09
687,635,1,-108.519441,0.151526,-92.963146,250,125,20040205, 01:25:30.0000,-61.4073374,-58.25748821,-61.4079374,-58.2595622,-61.4073374,-58.25748821,3.51557E-09
687,636,1,-103.463083,0.485427,-89.777121,250,125,20040205, 01:26:10.0000,-61.40855578,-58.26162713,-61.40918782,-58.26370625,-61.40855578,-58.26162713,1.12624E-08
687,637,1,-102.822396,0.56259,-89.467955,250,125,20040205, 01:26:50.0000,-61.40980427,-58.26580556,-61.41039487,-58.26790556,-61.40980427,-58.26580556,1.30527E-08
687,638,1,-118.021605,0.016993,-99.337771,250,125,20040205, 01:27:30.0000,-61.41100542,-58.26999959,-61.41159472,-58.27199553,-61.41100542,-58.26999959,3.9426E-10
687,639,1,-107.295081,0.200874,-89.055073,250,125,20040205, 01:28:10.0000,-61.41218761,-58.27402222,-61.41280542,-58.27608292,-61.41218761,-58.27402222,4.66049E-09
687,640,1,-104.978214,0.34246,-89.948522,250,125,20040205, 01:28:50.0000,-61.41342821,-58.27812222,-61.41405558,-58.28020008,-61.41342821,-58.27812222,7.94545E-09
687,641,1,-112.520047,0.060315,-96.581114,250,125,20040205, 01:29:30.0000,-61.41466165,-58.28222993,-61.41526152,-58.28427941,-61.41466165,-58.28222993,1.39938E-09
687,642,1,-999,0,-999,250,125,20040205, 01:30:10.0000,-61.41586252,-58.28632648,-61.41586252,-58.28632648,-61.41586252,-58.28632648,0
687,643,1,-107.75407,0.180728,-94.161739,250,125,20040205, 01:30:30.0000,-61.41645467,-58.28838068,-61.41702832,-58.29041327,-61.41645467,-58.28838068,4.19308E-09
687,644,1,-120.784241,0.008995,-101.238228,250,125,20040205, 01:31:30.0000,-61.41761184,-58.29241401,-61.41872819,-58.29632002,-61.41818912,-58.29438401,2.087E-10
687,645,1,-106.895735,0.220221,-91.697977,250,125,20040205, 01:32:10.0000,-61.41926165,-58.2982466,-61.41981184,-58.30023068,-61.41926165,-58.2982466,5.10936E-09
687,646,1,-106.91199,0.219398,-93.675031,250,125,20040205, 01:32:50.0000,-61.42037919,-58.30225981,-61.42095442,-58.3042727,-61.42037919,-58.30225981,5.09027E-09
687,647,1,-109.15196,0.130989,-92.733435,250,125,20040205, 01:33:30.0000,-61.42153776,-58.3062966,-61.42209585,-58.30835008,-61.42153776,-58.3062966,3.03909E-09
687,648,1,-104.618289,0.372051,-91.35979,250,125,20040205, 01:34:10.0000,-61.42264585,-58.31040981,-61.42322846,-58.31249718,-61.42264585,-58.31040981,8.63199E-09
687,649,1,-103.297951,0.504239,-95.569736,250,125,20040205, 01:34:50.0000,-61.42382829,-58.31460593,-61.42382829,-58.31460593,-61.42382829,-58.31460593,1.16989E-08
687,650,1,-127.342066,0.001987,-110.417157,250,125,20040205, 01:35:10.0000,-61.42443906,-58.3166936,-61.42502106,-58.31875593,-61.42443906,-58.3166936,4.61E-11
687,651,1,-106.99109,0.215438,-94.204068,250,125,20040205, 01:35:50.0000,-61.4255795,-58.32085133,-61.42616263,-58.32295051,-61.4255795,-58.32085133,4.9984E-09
687,652,1,-100.573014,0.944345,-89.084495,250,125,20040205, 01:36:30.0000,-61.42677106,-58.32506317,-61.42736179,-58.32719,-61.42677106,-58.32506317,2.19098E-08
687,653,1,-100.73584,0.909595,-89.36044,250,125,20040205, 01:37:10.0000,-61.42797241,-58.32932701,-61.42856264,-58.33146034,-61.42797241,-58.32932701,2.11036E-08
687,654,1,-103.367167,0.496267,-92.441313,250,125,20040205, 01:37:50.0000,-61.42916163,-58.3335965,-61.42975592,-58.33576091,-61.42916163,-58.3335965,1.15139E-08
687,655,1,-999,0,-999,250,125,20040205, 01:38:30.0000,-61.43032846,-58.33789718,-61.43092128,-58.33994718,-61.43032846,-58.33789718,0
687,656,1,-106.044115,0.267929,-86.351176,250,125,20040205, 01:39:10.0000,-61.43149513,-58.34191385,-61.43202829,-58.3438965,-61.43149513,-58.34191385,6.21625E-09
687,657,1,-104.535845,0.379182,-91.429334,250,125,20040205, 01:39:50.0000,-61.43257929,-58.34588384,-61.43317128,-58.34790667,-61.43257929,-58.34588384,8.79742E-09
687,658,1,-100.52907,0.953948,-80.869261,250,125,20040205, 01:40:30.0000,-61.43374513,-58.34996385,-61.43429513,-58.35201385,-61.43374513,-58.34996385,2.21326E-08
687,659,1,-114.083392,0.042082,-95.208062,250,125,20040205, 01:41:10.0000,-61.43486179,-58.35398769,-61.43542106,-58.35597984,-61.43486179,-58.35398769,9.7634E-10
687,660,1,-102.797933,0.565768,-89.54985,250,125,20040205, 01:41:50.0000,-61.43598772,-58.35800593,-61.43655462,-58.36004,-61.43598772,-58.35800593,1.31264E-08
687,661,1,-109.978938,0.108277,-94.210563,250,125,20040205, 01:42:30.0000,-61.4371285,-58.36212351,-61.43769496,-58.36415593,-61.4371285,-58.36212351,2.51215E-09
687,662,1,-100.207369,1.027295,-86.328504,250,125,20040205, 01:43:10.0000,-61.43828926,-58.36624425,-61.43888772,-58.3683226,-61.43828926,-58.36624425,2.38343E-08
687,663,1,-108.037926,0.169293,-95.653349,250,125,20040205, 01:43:50.0000,-61.43947846,-58.37043051,-61.44007846,-58.37251385,-61.43947846,-58.37043051,3.92778E-09
687,664,1,-116.112558,0.026374,-102.132393,250,125,20040205, 01:44:30.0000,-61.44067134,-58.37453068,-61.44124496,-58.3764965,-61.44067134,-58.37453068,6.1191E-10
687,665,1,-111.747441,0.072059,-98.482836,250,125,20040205, 01:45:10.0000,-61.44182106,-58.37850374,-61.44238772,-58.38055593,-61.44182106,-58.37850374,1.67184E-09
687,666,1,-97.487825,1.92154,-81.43932,250,125,20040205, 01:45:50.0000,-61.44296179,-58.38262333,-61.44354513,-58.38474,-61.44296179,-58.38262333,4.45818E-08
687,667,1,-119.354626,0.012502,-100.975421,250,125,20040205, 01:46:30.0000,-61.44411308,-58.38687892,-61.44472128,-58.38899,-61.44411308,-58.38687892,2.9005E-10
687,668,1,-121.958205,0.006865,-105.237227,250,125,20040205, 01:47:10.0000,-61.44533926,-58.39107758,-61.44533926,-58.39107758,-61.44533926,-58.39107758,1.5926E-10
687,669,1,-113.023065,0.053719,-98.783587,250,125,20040205, 01:47:30.0000,-61.44595462,-58.39315667,-61.44657259,-58.39524425,-61.44595462,-58.39315667,1.24633E-09
687,670,1,-118.255634,0.016102,-101.85326,250,125,20040205, 01:48:10.0000,-61.44717259,-58.39733443,-61.44777106,-58.39941317,-61.44717259,-58.39733443,3.7357E-10
687,671,1,-104.189224,0.410686,-90.137993,250,125,20040205, 01:48:50.0000,-61.44835439,-58.40148927,-61.44894636,-58.40356878,-61.44835439,-58.40148927,9.52835E-09
687,672,1,-102.235123,0.64405,-84.801764,250,125,20040205, 01:49:30.0000,-61.44953805,-58.40569033,-61.45017259,-58.40776091,-61.44953805,-58.40569033,1.49427E-08
687,673,1,-109.187795,0.129913,-94.839567,250,125,20040205, 01:50:10.0000,-61.45083926,-58.40978443,-61.45148927,-58.41178449,-61.45083926,-58.40978443,3.01412E-09
687,674,1,-113.381631,0.049462,-98.767903,250,125,20040205, 01:50:50.0000,-61.45215439,-58.41382984,-61.45280462,-58.41586385,-61.45215439,-58.41382984,1.14756E-09
687,675,1,-111.941295,0.068913,-98.693725,250,125,20040205, 01:51:30.0000,-61.45343772,-58.41793927,-61.45407259,-58.42001091,-61.45343772,-58.41793927,1.59886E-09
687,676,1,-999,0,-999,250,125,20040205, 01:52:10.0000,-61.45468926,-58.4220011,-61.45531208,-58.42400789,-61.45468926,-58.4220011,0
687,677,1,-120.910865,0.008737,-103.24383,250,125,20040205, 01:52:50.0000,-61.45593926,-58.42603443,-61.45655633,-58.428069,-61.45593926,-58.42603443,2.027E-10
687,678,1,-103.468331,0.48484,-88.066517,250,125,20040205, 01:53:30.0000,-61.45718967,-58.430069,-61.45782124,-58.43211373,-61.45718967,-58.430069,1.12488E-08
687,679,1,-103.076528,0.530614,-88.623698,250,125,20040205, 01:54:10.0000,-61.45847259,-58.43418443,-61.45912166,-58.43624831,-61.45847259,-58.43418443,1.23108E-08
687,680,1,-124.693683,0.003656,-106.008636,250,125,20040205, 01:54:50.0000,-61.45977162,-58.43829821,-61.46040606,-58.44026818,-61.45977162,-58.43829821,8.483E-11
687,681,1,-106.834984,0.223323,-92.658507,250,125,20040205, 01:55:30.0000,-61.46103833,-58.44223164,-61.46167162,-58.4442053,-61.46103833,-58.44223164,5.18133E-09
687,682,1,-99.887259,1.105875,-86.347316,250,125,20040205, 01:56:10.0000,-61.46228805,-58.44621415,-61.46228805,-58.44621415,-61.46228805,-58.44621415,2.56575E-08
687,683,1,-104.447666,0.386959,-92.230059,250,125,20040205, 01:56:30.0000,-61.46290472,-58.44825699,-61.46355513,-58.45030833,-61.46290472,-58.44825699,8.97787E-09
687,684,1,-107.824992,0.1778,-92.208212,250,125,20040205, 01:57:10.0000,-61.46420626,-58.45237868,-61.46485499,-58.45445789,-61.46420626,-58.45237868,4.12516E-09
687,685,1,-132.201419,0.000649,-112.470141,250,125,20040205, 01:57:50.0000,-61.46548941,-58.45656141,-61.46612273,-58.45858485,-61.46548941,-58.45656141,1.506E-11
687,686,1,-105.556213,0.299785,-90.707064,250,125,20040205, 01:58:30.0000,-61.46677138,-58.46058081,-61.46740594,-58.46260116,-61.46677138,-58.46058081,6.95535E-09
687,687,1,-104.591604,0.374344,-91.63917,250,125,20040205, 01:59:10.0000,-61.46803959,-58.46467868,-61.46868987,-58.46679623,-61.46803959,-58.46467868,8.6852E-09
687,688,1,-112.34457,0.062802,-94.219891,250,125,20040205, 01:59:50.0000,-61.46935496,-58.46889111,-61.47000606,-58.47098485,-61.46935496,-58.46889111,1.45708E-09
687,689,1,-101.994959,0.680669,-86.073856,250,125,20040205, 02:00:30.0000,-61.47065606,-58.4730947,-61.47132138,-58.47516415,-61.47065606,-58.4730947,1.57923E-08
687,690,1,-103.663516,0.463533,-90.066584,250,125,20040205, 02:01:10.0000,-61.47194657,-58.4772196,-61.47258846,-58.47929872,-61.47194657,-58.4772196,1.07545E-08
687,691,1,-106.359423,0.249166,-90.877572,250,125,20040205, 02:01:50.0000,-61.47323829,-58.48135778,-61.47387273,-58.48342803,-61.47323829,-58.48135778,5.78093E-09
687,692,1,-107.27949,0.201596,-93.275708,250,125,20040205, 02:02:30.0000,-61.47453941,-58.48551141,-61.47453941,-58.48551141,-61.47453941,-58.48551141,4.67725E-09
687,693,1,-95.205295,3.250142,-75.474017,250,125,20040205, 02:02:50.0000,-61.47520606,-58.48758485,-61.47585626,-58.48958545,-61.47520606,-58.48758485,7.54068E-08
687,694,1,-111.977418,0.068342,-98.022977,250,125,20040205, 02:03:30.0000,-61.47650472,-58.49158081,-61.47712162,-58.49363154,-61.47650472,-58.49158081,1.58562E-09
687,695,1,-106.607681,0.235323,-92.175776,250,125,20040205, 02:04:10.0000,-61.47773959,-58.49576201,-61.47836187,-58.49789748,-61.47773959,-58.49576201,5.45974E-09
687,696,1,-103.821455,0.446978,-89.801163,250,125,20040205, 02:04:50.0000,-61.47900496,-58.49999111,-61.47967179,-58.50206538,-61.47900496,-58.49999111,1.03704E-08
687,697,1,-110.031397,0.106977,-94.421951,250,125,20040205, 02:05:30.0000,-61.48032162,-58.50420778,-61.48097162,-58.50626487,-61.48032162,-58.50420778,2.48199E-09
687,698,1,-95.196111,3.257023,-75.482967,250,125,20040205, 02:06:10.0000,-61.48160496,-58.50831487,-61.48223941,-58.51035156,-61.48160496,-58.50831487,7.55664E-08
687,699,1,-107.611425,0.186762,-95.669394,250,125,20040205, 02:06:50.0000,-61.48286205,-58.51234111,-61.48349538,-58.51436487,-61.48286205,-58.51234111,4.33309E-09
687,700,1,-111.964758,0.068542,-99.066152,250,125,20040205, 02:07:30.0000,-61.48412138,-58.51642366,-61.48473829,-58.51852444,-61.48412138,-58.51642366,1.59025E-09
687,701,1,-120.675345,0.009224,-104.21067,250,125,20040205, 02:08:10.0000,-61.48537162,-58.52065778,-61.48600621,-58.52272851,-61.48537162,-58.52065778,2.14E-10
687,702,1,-124.11149,0.004181,-104.380211,250,125,20040205, 02:08:50.0000,-61.48664538,-58.52479821,-61.48728829,-58.52683154,-61.48664538,-58.52479821,9.7E-11
687,703,1,-112.000836,0.067975,-98.134986,250,125,20040205, 02:09:30.0000,-61.48792274,-58.52890156,-61.48792274,-58.52890156,-61.48792274,-58.52890156,1.57709E-09
687,704,1,-103.256797,0.50904,-91.316434,250,125,20040205, 02:09:50.0000,-61.48856205,-58.53100778,-61.48918829,-58.53317444,-61.48856205,-58.53100778,1.18103E-08
687,705,1,-104.48999,0.383206,-91.39314,250,125,20040205, 02:10:30.0000,-61.48983954,-58.53533529,-61.49047162,-58.53744111,-61.48983954,-58.53533529,8.8908E-09
687,706,1,-102.688695,0.580179,-89.836529,250,125,20040205, 02:11:10.0000,-61.49112872,-58.53957444,-61.49178954,-58.54176185,-61.49112872,-58.53957444,1.34608E-08
687,707,1,-105.584934,0.297809,-90.629364,250,125,20040205, 02:11:50.0000,-61.49243829,-58.54394111,-61.49308844,-58.54607491,-61.49243829,-58.54394111,6.9095E-09
687,708,1,-103.034882,0.535727,-91.58719,250,125,20040205, 02:12:30.0000,-61.49372177,-58.54822491,-61.49433844,-58.55036531,-61.49372177,-58.54822491,1.24295E-08
687,709,1,-119.486907,0.012127,-101.404493,250,125,20040205, 02:13:10.0000,-61.49497157,-58.55244804,-61.49562212,-58.55447604,-61.49497157,-58.55244804,2.8135E-10
687,710,1,-110.164759,0.103742,-96.609414,250,125,20040205, 02:13:50.0000,-61.49627157,-58.55649804,-61.49627157,-58.55649804,-61.49627157,-58.55649804,2.40693E-09
687,711,1,-110.697041,0.091776,-96.38912,250,125,20040205, 02:14:10.0000,-61.49688844,-58.55853197,-61.49751299,-58.56061863,-61.49688844,-58.55853197,2.1293E-09
687,712,1,-119.52397,0.012024,-100.691932,250,125,20040205, 02:14:50.0000,-61.49811299,-58.56266863,-61.4987049,-58.56466471,-61.49811299,-58.56266863,2.7896E-10
687,713,1,-124.243372,0.004056,-104.512094,250,125,20040205, 02:15:30.0000,-61.4993051,-58.56666531,-61.49992883,-58.56863903,-61.4993051,-58.56666531,9.41E-11
687,714,1,-108.762051,0.143294,-94.515636,250,125,20040205, 02:16:10.0000,-61.5005553,-58.57059923,-61.50117995,-58.57260313,-61.5005553,-58.57059923,3.32457E-09
687,715,1,-106.292725,0.253023,-94.105928,250,125,20040205, 02:16:50.0000,-61.50179637,-58.57460215,-61.50242306,-58.57661919,-61.50179637,-58.57460215,5.8704E-09
687,716,1,-104.288625,0.401393,-93.32019,250,125,20040205, 02:17:30.0000,-61.5030564,-58.57865255,-61.5037053,-58.58068256,-61.5030564,-58.57865255,9.31274E-09
687,717,1,-99.181032,1.301154,-79.770456,250,125,20040205, 02:18:10.0000,-61.5043553,-58.58269923,-61.50499662,-58.58470313,-61.5043553,-58.58269923,3.01882E-08
687,718,1,-101.872928,0.700066,-90.465961,250,125,20040205, 02:18:50.0000,-61.50562212,-58.58674968,-61.50627171,-58.58884138,-61.50562212,-58.58674968,1.62423E-08
687,719,1,-105.494015,0.30411,-91.474038,250,125,20040205, 02:19:30.0000,-61.5069053,-58.59094222,-61.50755504,-58.59300805,-61.5069053,-58.59094222,7.05567E-09
687,720,1,-105.80641,0.283003,-90.784373,250,125,20040205, 02:20:10.0000,-61.50822197,-58.59503256,-61.50885545,-58.59705938,-61.50822197,-58.59503256,6.56597E-09
687,721,1,-103.870667,0.441942,-92.533894,250,125,20040205, 02:20:50.0000,-61.50947171,-58.59910805,-61.51010687,-58.60119732,-61.50947171,-58.59910805,1.02535E-08
687,722,1,-103.227702,0.512462,-92.364213,250,125,20040205, 02:21:30.0000,-61.51072897,-58.6032659,-61.51138974,-58.60533588,-61.51072897,-58.6032659,1.18897E-08
687,723,1,-107.95895,0.1724,-91.496514,250,125,20040205, 02:22:10.0000,-61.51203993,-58.60739645,-61.51268837,-58.60944138,-61.51203993,-58.60739645,3.99986E-09
687,724,1,-107.107403,0.209745,-91.388,250,125,20040205, 02:22:50.0000,-61.51330504,-58.61148179,-61.51387327,-58.61354645,-61.51330504,-58.61148179,4.86631E-09
687,725,1,-105.840499,0.28079,-89.320624,250,125,20040205, 02:23:30.0000,-61.5144553,-58.6156159,-61.5150553,-58.61768256,-61.5144553,-58.6156159,6.51464E-09
687,726,1,-110.625117,0.093308,-97.006204,250,125,20040205, 02:24:10.0000,-61.51564564,-58.61968256,-61.51564564,-58.61968256,-61.51564564,-58.61968256,2.16485E-09
687,727,1,-103.088353,0.529172,-83.669664,250,125,20040205, 02:24:30.0000,-61.51622878,-58.62172472,-61.51679545,-58.62381512,-61.51622878,-58.62172472,1.22774E-08
687,728,1,-107.376837,0.197128,-92.187061,250,125,20040205, 02:25:10.0000,-61.51737286,-58.62591181,-61.51792888,-58.62799183,-61.51737286,-58.62591181,4.57358E-09
687,729,1,-100.841814,0.887668,-82.505203,250,125,20040205, 02:25:50.0000,-61.51847197,-58.63008256,-61.51904564,-58.63218256,-61.51847197,-58.63008256,2.05949E-08
687,730,1,-107.47345,0.192791,-92.433583,250,125,20040205, 02:26:30.0000,-61.51961222,-58.63429183,-61.52016231,-58.63639923,-61.51961222,-58.63429183,4.47296E-09
687,731,1,-104.938046,0.345643,-91.028271,250,125,20040205, 02:27:10.0000,-61.52073953,-58.63849514,-61.52131308,-58.64059558,-61.52073953,-58.63849514,8.01928E-09
687,732,1,-101.689446,0.730276,-89.190565,250,125,20040205, 02:27:50.0000,-61.52186231,-58.6427159,-61.52242965,-58.64482848,-61.52186231,-58.6427159,1.69432E-08
687,733,1,-103.069329,0.531495,-89.41839,250,125,20040205, 02:28:30.0000,-61.5230064,-58.64693586,-61.523573,-58.64900233,-61.5230064,-58.64693586,1.23313E-08
687,734,1,-105.753765,0.286454,-90.787473,250,125,20040205, 02:29:10.0000,-61.52412965,-58.65106859,-61.52469555,-58.65314887,-61.52412965,-58.65106859,6.64605E-09
687,735,1,-105.994154,0.271029,-92.177991,250,125,20040205, 02:29:50.0000,-61.52524555,-58.65521553,-61.52579642,-58.65729558,-61.52524555,-58.65521553,6.28818E-09
687,736,1,-110.027681,0.107069,-96.323208,250,125,20040205, 02:30:30.0000,-61.52637975,-58.65941225,-61.5269553,-58.66150889,-61.52637975,-58.65941225,2.48412E-09
687,737,1,-105.633976,0.294465,-92.55737,250,125,20040205, 02:31:10.0000,-61.5275562,-58.66361181,-61.52812888,-58.66572516,-61.5275562,-58.66361181,6.83191E-09
687,738,1,-102.433745,0.615258,-92.142164,250,125,20040205, 02:31:50.0000,-61.52871308,-58.66786225,-61.52928953,-58.66999514,-61.52871308,-58.66786225,1.42747E-08
687,739,1,-112.407368,0.061901,-96.207436,250,125,20040205, 02:32:30.0000,-61.529873,-58.67211225,-61.5304398,-58.67420274,-61.529873,-58.67211225,1.43616E-09
687,740,1,-100.15589,1.039544,-80.876369,250,125,20040205, 02:33:10.0000,-61.53099657,-58.6762696,-61.53156246,-58.6783165,-61.53099657,-58.6762696,2.41185E-08
687,741,1,-108.220278,0.162332,-94.7989,250,125,20040205, 02:33:50.0000,-61.53212985,-58.68041269,-61.53271241,-58.68254269,-61.53212985,-58.68041269,3.76628E-09
687,742,1,-115.777885,0.028487,-100.258778,250,125,20040205, 02:34:30.0000,-61.53326318,-58.68467935,-61.53382908,-58.68674269,-61.53326318,-58.68467935,6.6092E-10
687,743,1,-97.676686,1.839769,-77.950181,250,125,20040205, 02:35:10.0000,-61.5344062,-58.68880193,-61.53496318,-58.69079279,-61.5344062,-58.68880193,4.26846E-08
687,744,1,-109.026874,0.134817,-92.712321,250,125,20040205, 02:35:50.0000,-61.53547902,-58.69278276,-61.53601313,-58.69485253,-61.53547902,-58.69278276,3.1279E-09
687,745,1,-111.933055,0.069044,-97.192149,250,125,20040205, 02:36:30.0000,-61.53654667,-58.69690333,-61.53707908,-58.69889966,-61.53654667,-58.69690333,1.6019E-09
687,746,1,-122.745811,0.005726,-104.611079,250,125,20040205, 02:37:10.0000,-61.53761313,-58.70091919,-61.53816236,-58.7029161,-61.53761313,-58.70091919,1.3285E-10
687,747,1,-109.264004,0.127653,-93.556643,250,125,20040205, 02:37:50.0000,-61.53871318,-58.70496269,-61.5392732,-58.70703626,-61.53871318,-58.70496269,2.96169E-09
687,748,1,-123.838193,0.004453,-106.994659,250,125,20040205, 02:38:30.0000,-61.53982902,-58.70909244,-61.5403459,-58.71108359,-61.53982902,-58.70909244,1.033E-10
687,749,1,-114.996221,0.034104,-99.522452,250,125,20040205, 02:39:10.0000,-61.5408799,-58.7130763,-61.5413959,-58.71508359,-61.5408799,-58.7130763,7.9126E-10
687,750,1,-114.772593,0.035906,-96.343789,250,125,20040205, 02:39:50.0000,-61.54194642,-58.71705233,-61.54244657,-58.7190196,-61.54194642,-58.71705233,8.3307E-10
687,751,1,-103.320686,0.501607,-86.453513,250,125,20040205, 02:40:30.0000,-61.54295667,-58.72097,-61.54347975,-58.72293567,-61.54295667,-58.72097,1.16378E-08
687,752,1,-103.511929,0.479997,-89.527277,250,125,20040205, 02:41:10.0000,-61.54401323,-58.72495293,-61.54454579,-58.72698317,-61.54401323,-58.72495293,1.11365E-08
687,753,1,-109.9697,0.108508,-94.683138,250,125,20040205, 02:41:50.0000,-61.5450959,-58.72903359,-61.54565653,-58.73108626,-61.5450959,-58.72903359,2.5175E-09
687,754,1,-103.660348,0.463871,-87.443096,250,125,20040205, 02:42:30.0000,-61.54621236,-58.73313276,-61.54676318,-58.7351694,-61.54621236,-58.73313276,1.07623E-08
687,755,1,-111.174937,0.082213,-96.545405,250,125,20040205, 02:43:10.0000,-61.54731256,-58.73721692,-61.54784667,-58.73927,-61.54731256,-58.73721692,1.90742E-09
687,756,1,-117.468095,0.019303,-101.129448,250,125,20040205, 02:43:50.0000,-61.54840647,-58.74129602,-61.54895653,-58.7433129,-61.54840647,-58.74129602,4.4785E-10
687,757,1,-103.721268,0.457409,-85.742797,250,125,20040205, 02:44:30.0000,-61.54951256,-58.74533359,-61.55007313,-58.74735274,-61.54951256,-58.74533359,1.06124E-08
687,758,1,-112.80411,0.056496,-98.338119,250,125,20040205, 02:45:10.0000,-61.55064657,-58.74935293,-61.5512555,-58.75133317,-61.55064657,-58.74935293,1.31078E-09
687,759,1,-104.707397,0.364495,-91.562458,250,125,20040205, 02:45:50.0000,-61.55185647,-58.75328607,-61.55246323,-58.7552696,-61.55185647,-58.75328607,8.45669E-09
687,760,1,-107.129884,0.208662,-93.31228,250,125,20040205, 02:46:30.0000,-61.55307333,-58.75722667,-61.55367923,-58.75916692,-61.55307333,-58.75722667,4.84118E-09
687,761,1,-105.076637,0.334787,-86.132513,250,125,20040205, 02:47:10.0000,-61.5542799,-58.76115293,-61.55486246,-58.7631165,-61.5542799,-58.76115293,7.76741E-09
687,762,1,-113.637608,0.046631,-98.119816,250,125,20040205, 02:47:50.0000,-61.55542923,-58.76507385,-61.55598987,-58.76703626,-61.55542923,-58.76507385,1.08188E-09
687,763,1,-110.018862,0.107287,-97.435351,250,125,20040205, 02:48:30.0000,-61.55655667,-58.76898667,-61.5571459,-58.77093359,-61.55655667,-58.76898667,2.48917E-09
687,764,1,-104.013386,0.427655,-85.583709,250,125,20040205, 02:49:10.0000,-61.55773897,-58.77285026,-61.55832203,-58.77479943,-61.55773897,-58.77285026,9.92205E-09
687,765,1,-106.974332,0.216271,-93.418485,250,125,20040205, 02:49:50.0000,-61.55891333,-58.77681333,-61.55951323,-58.77880293,-61.55891333,-58.77681333,5.01772E-09
687,766,1,-104.59357,0.374175,-90.274633,250,125,20040205, 02:50:30.0000,-61.56007913,-58.78079984,-61.5606555,-58.78283317,-61.56007913,-58.78079984,8.68127E-09
687,767,1,-108.648492,0.14709,-91.559952,250,125,20040205, 02:51:10.0000,-61.56124672,-58.7848702,-61.56185564,-58.78685024,-61.56124672,-58.7848702,3.41264E-09
687,768,1,-99.397818,1.237799,-86.803838,250,125,20040205, 02:51:50.0000,-61.56247231,-58.78886692,-61.56305653,-58.7909129,-61.56247231,-58.78886692,2.87183E-08
687,769,1,-98.801086,1.420114,-81.724937,250,125,20040205, 02:52:30.0000,-61.56364579,-58.7929665,-61.56423883,-58.79499288,-61.56364579,-58.7929665,3.29482E-08
687,770,1,-104.467388,0.385206,-90.819774,250,125,20040205, 02:53:10.0000,-61.56483987,-58.79700293,-61.5654232,-58.79909623,-61.56483987,-58.79700293,8.93719E-09
687,771,1,-103.060895,0.532528,-89.413459,250,125,20040205, 02:53:50.0000,-61.56601333,-58.80119667,-61.5666299,-58.80325963,-61.56601333,-58.80119667,1.23552E-08
687,772,1,-112.933983,0.054832,-99.011213,250,125,20040205, 02:54:30.0000,-61.56725653,-58.8052629,-61.56787927,-58.80728374,-61.56725653,-58.8052629,1.27216E-09
687,773,1,-109.50693,0.120709,-96.301665,250,125,20040205, 02:55:10.0000,-61.56848912,-58.80933401,-61.56910653,-58.8113696,-61.56848912,-58.80933401,2.80057E-09
687,774,1,-106.952752,0.217348,-91.249534,250,125,20040205, 02:55:50.0000,-61.56969583,-58.81341667,-61.5702799,-58.8154629,-61.56969583,-58.81341667,5.04272E-09
687,775,1,-110.638456,0.093022,-93.737105,250,125,20040205, 02:56:30.0000,-61.57084593,-58.81748374,-61.571396,-58.81945068,-61.57084593,-58.81748374,2.15821E-09
687,776,1,-105.216412,0.324183,-93.183191,250,125,20040205, 02:57:10.0000,-61.57197934,-58.82142713,-61.57258902,-58.82343374,-61.57197934,-58.82142713,7.5214E-09
687,777,1,-999,0,-999,250,125,20040205, 02:57:50.0000,-61.573196,-58.8253909,-61.57379682,-58.82729389,-61.573196,-58.8253909,0
687,778,1,-116.68217,0.023132,-102.209222,250,125,20040205, 02:58:30.0000,-61.57439,-58.82919333,-61.57499677,-58.83108706,-61.57439,-58.82919333,5.3669E-10
687,779,1,-110.680233,0.092132,-91.202981,250,125,20040205, 02:59:10.0000,-61.57558,-58.83305333,-61.57618015,-58.83502722,-61.57558,-58.83305333,2.13755E-09
687,780,1,-104.129261,0.416395,-88.759362,250,125,20040205, 02:59:50.0000,-61.57677249,-58.83696748,-61.57737353,-58.83898065,-61.57677249,-58.83696748,9.66082E-09
687,781,1,-101.132345,0.830228,-84.408114,250,125,20040205, 03:00:30.0000,-61.57797249,-58.84096748,-61.57858916,-58.84295081,-61.57797249,-58.84096748,1.92622E-08
687,782,1,-100.915108,0.872813,-89.464053,250,125,20040205, 03:01:10.0000,-61.57922333,-58.84498,-61.57985667,-58.84702,-61.57922333,-58.84498,2.02502E-08
687,783,1,-110.693725,0.091846,-95.547375,250,125,20040205, 03:01:50.0000,-61.58050598,-58.84901795,-61.58113015,-58.85095394,-61.58050598,-58.84901795,2.13092E-09
687,784,1,-105.004224,0.340416,-92.19151,250,125,20040205, 03:02:30.0000,-61.58171343,-58.85285373,-61.58228932,-58.85479145,-61.58171343,-58.85285373,7.89801E-09
687,785,1,-105.597954,0.296918,-90.497049,250,125,20040205, 03:03:10.0000,-61.5828732,-58.8567696,-61.58348025,-58.85876092,-61.5828732,-58.8567696,6.88882E-09
687,786,1,-103.845806,0.444479,-92.360123,250,125,20040205, 03:03:50.0000,-61.58411333,-58.86072,-61.58477353,-58.86270394,-61.58411333,-58.86072,1.03124E-08
687,787,1,-103.84078,0.444994,-91.960728,250,125,20040205, 03:04:30.0000,-61.58539593,-58.86473374,-61.58598932,-58.86683462,-61.58539593,-58.86473374,1.03243E-08
687,788,1,-109.187016,0.129936,-96.075947,250,125,20040205, 03:05:10.0000,-61.58661358,-58.86890433,-61.5872402,-58.8709206,-61.58661358,-58.86890433,3.01466E-09
687,789,1,-100.013953,1.07408,-80.384898,250,125,20040205, 03:05:50.0000,-61.58787265,-58.87293462,-61.58850687,-58.87493727,-61.58787265,-58.87293462,2.49198E-08
687,790,1,-97.843252,1.770544,-79.523947,250,125,20040205, 03:06:30.0000,-61.58913916,-58.87693414,-61.58975583,-58.87895081,-61.58913916,-58.87693414,4.10785E-08
687,791,1,-104.206308,0.409073,-91.348506,250,125,20040205, 03:07:10.0000,-61.59035687,-58.88095394,-61.59097249,-58.88291748,-61.59035687,-58.88095394,9.49094E-09
687,792,1,-109.91603,0.109857,-95.748213,250,125,20040205, 03:07:50.0000,-61.59160583,-58.88490081,-61.5922402,-58.88686055,-61.59160583,-58.88490081,2.54881E-09
687,793,1,-100.565051,0.946078,-86.017404,250,125,20040205, 03:08:30.0000,-61.59287236,-58.88886707,-61.59348932,-58.89094444,-61.59287236,-58.88886707,2.195E-08
687,794,1,-100.805648,0.895091,-87.261226,250,125,20040205, 03:09:10.0000,-61.59412353,-58.8930206,-61.59412353,-58.8930206,-61.59412353,-58.8930206,2.07671E-08
687,795,1,-102.192524,0.650398,-87.716913,250,125,20040205, 03:09:30.0000,-61.59477353,-58.8950706,-61.59543932,-58.89709444,-61.59477353,-58.8950706,1.50899E-08
687,796,1,-98.235009,1.617823,-90.405887,250,125,20040205, 03:10:10.0000,-61.5960902,-58.89913727,-61.59673916,-58.90119393,-61.5960902,-58.89913727,3.75352E-08
687,797,1,-97.601005,1.87211,-85.135266,250,125,20040205, 03:10:50.0000,-61.59737265,-58.90327778,-61.5980402,-58.90535394,-61.59737265,-58.90327778,4.3435E-08
687,798,1,-97.273115,2.018926,-88.052871,250,125,20040205, 03:11:30.0000,-61.59869033,-58.90741442,-61.59932265,-58.90953462,-61.59869033,-58.90741442,4.68413E-08
687,799,1,-104.218642,0.407913,-90.485185,250,125,20040205, 03:12:10.0000,-61.59993015,-58.9116206,-61.60053902,-58.91360732,-61.59993015,-58.9116206,9.46402E-09
687,800,1,-105.714964,0.289025,-93.738446,250,125,20040205, 03:12:50.0000,-61.601157,-58.91555433,-61.60177353,-58.9175206,-61.601157,-58.91555433,6.70569E-09
687,801,1,-107.326281,0.199436,-89.691706,250,125,20040205, 03:13:30.0000,-61.60237353,-58.9195206,-61.60297249,-58.92155081,-61.60237353,-58.9195206,4.62713E-09
687,802,1,-109.092075,0.132808,-96.094729,250,125,20040205, 03:14:10.0000,-61.60358015,-58.9235706,-61.60419604,-58.92558414,-61.60358015,-58.9235706,3.08129E-09
687,803,1,-104.404994,0.39078,-91.979093,250,125,20040205, 03:14:50.0000,-61.60482265,-58.92751795,-61.60546348,-58.92945394,-61.60482265,-58.92751795,9.06652E-09
687,804,1,-99.013697,1.352266,-83.977297,250,125,20040205, 03:15:30.0000,-61.60608916,-58.93141748,-61.60671282,-58.93348462,-61.60608916,-58.93141748,3.1374E-08
687,805,1,-101.812671,0.709847,-82.986076,250,125,20040205, 03:16:10.0000,-61.60731348,-58.9355706,-61.60793015,-58.9376206,-61.60731348,-58.9355706,1.64692E-08
687,806,1,-102.937386,0.54789,-92.151723,250,125,20040205, 03:16:50.0000,-61.60855612,-58.9396449,-61.6091902,-58.9416706,-61.60855612,-58.9396449,1.27116E-08
687,807,1,-101.109056,0.834692,-89.914007,250,125,20040205, 03:17:30.0000,-61.60984033,-58.94368767,-61.61047279,-58.9457017,-61.60984033,-58.94368767,1.93658E-08
687,808,1,-99.055758,1.339233,-89.101451,250,125,20040205, 03:18:10.0000,-61.6110902,-58.94774732,-61.61170588,-58.94978431,-61.6110902,-58.94774732,3.10716E-08
687,809,1,-98.573403,1.496551,-89.097354,250,125,20040205, 03:18:50.0000,-61.61233946,-58.9518449,-61.61297367,-58.953921,-61.61233946,-58.9518449,3.47216E-08
687,810,1,-106.111464,0.263806,-92.093973,250,125,20040205, 03:19:30.0000,-61.61357951,-58.95598472,-61.61420632,-58.95804556,-61.61357951,-58.95598472,6.12059E-09
687,811,1,-114.67272,0.036742,-99.73848,250,125,20040205, 03:20:10.0000,-61.61483025,-58.960121,-61.61483025,-58.960121,-61.61483025,-58.960121,8.5245E-10
687,812,1,-97.62769,1.860642,-83.423252,250,125,20040205, 03:20:30.0000,-61.61543935,-58.96216805,-61.61605632,-58.96419556,-61.61543935,-58.96216805,4.31689E-08
687,813,1,-101.401191,0.780392,-84.156028,250,125,20040205, 03:21:10.0000,-61.61668966,-58.96621897,-61.61732268,-58.96826805,-61.61668966,-58.96621897,1.81059E-08
687,814,1,-102.451729,0.612716,-92.118855,250,125,20040205, 03:21:50.0000,-61.61795632,-58.97031897,-61.6186072,-58.97238827,-61.61795632,-58.97031897,1.42157E-08
687,815,1,-96.742614,2.281237,-87.126237,250,125,20040205, 03:22:30.0000,-61.6192305,-58.974472,-61.61985632,-58.97656897,-61.6192305,-58.974472,5.29272E-08
687,816,1,-94.687624,3.661588,-85.342354,250,125,20040205, 03:23:10.0000,-61.62047974,-58.97864556,-61.62108935,-58.98073472,-61.62047974,-58.97864556,8.49528E-08
687,817,1,-98.01856,1.700497,-89.036129,250,125,20040205, 03:23:50.0000,-61.62169641,-58.98283564,-61.622307,-58.98491442,-61.62169641,-58.98283564,3.94534E-08
687,818,1,-108.768444,0.143083,-95.747663,250,125,20040205, 03:24:30.0000,-61.62290615,-58.98698511,-61.62350713,-58.98904818,-61.62290615,-58.98698511,3.31968E-09
687,819,1,-104.321439,0.398371,-94.57522,250,125,20040205, 03:25:10.0000,-61.62412367,-58.99110433,-61.62474618,-58.99311805,-61.62412367,-58.99110433,9.24264E-09
687,820,1,-106.005337,0.270332,-92.683828,250,125,20040205, 03:25:50.0000,-61.62536308,-58.99516222,-61.6259572,-58.99723174,-61.62536308,-58.99516222,6.272E-09
687,821,1,-109.77377,0.113515,-96.670093,250,125,20040205, 03:26:30.0000,-61.62652951,-58.99928472,-61.62710615,-59.00132832,-61.62652951,-58.99928472,2.63368E-09
687,822,1,-108.731475,0.144306,-94.083609,250,125,20040205, 03:27:10.0000,-61.6277072,-59.00339841,-61.62832961,-59.00546845,-61.6277072,-59.00339841,3.34805E-09
687,823,1,-102.613429,0.590322,-89.139341,250,125,20040205, 03:27:50.0000,-61.62895602,-59.00750138,-61.62959054,-59.00953827,-61.62895602,-59.00750138,1.36961E-08
687,824,1,-103.024395,0.537022,-92.012265,250,125,20040205, 03:28:30.0000,-61.63019717,-59.01158867,-61.63078966,-59.01366222,-61.63019717,-59.01158867,1.24595E-08
687,825,1,-87.117324,20.926636,-67.684648,250,125,20040205, 03:29:10.0000,-61.63136374,-59.01575494,-61.63197282,-59.01781845,-61.63136374,-59.01575494,4.85521E-07
687,826,1,-101.110962,0.834326,-90.011046,250,125,20040205, 03:29:50.0000,-61.63257961,-59.01989498,-61.63319054,-59.02197161,-61.63257961,-59.01989498,1.93573E-08
687,827,1,-999,0,-999,250,125,20040205, 03:30:30.0000,-61.633824,-59.023972,-61.633824,-59.023972,-61.633824,-59.023972,0
687,828,1,-103.639724,0.466079,-90.05324,250,125,20040205, 03:30:50.0000,-61.63443867,-59.02594933,-61.63503966,-59.02798564,-61.63443867,-59.02594933,1.08135E-08
687,829,1,-99.905663,1.101198,-83.807142,250,125,20040205, 03:31:30.0000,-61.6356305,-59.03008217,-61.63620733,-59.03213867,-61.6356305,-59.03008217,2.5549E-08
687,830,1,-106.50983,0.240685,-93.609462,250,125,20040205, 03:32:10.0000,-61.63679054,-59.03408827,-61.63740508,-59.0360319,-61.63679054,-59.03408827,5.58415E-09
687,831,1,-98.504988,1.520313,-80.629551,250,125,20040205, 03:32:50.0000,-61.63797974,-59.03800231,-61.63855632,-59.04003564,-61.63797974,-59.03800231,3.52729E-08
687,832,1,-96.641872,2.334773,-79.038503,250,125,20040205, 03:33:30.0000,-61.63913948,-59.04205178,-61.63975632,-59.04405231,-61.63913948,-59.04205178,5.41693E-08
687,833,1,-103.94077,0.434865,-89.19881,250,125,20040205, 03:34:10.0000,-61.6403404,-59.04610455,-61.64087974,-59.04817889,-61.6403404,-59.04610455,1.00894E-08
687,834,1,-107.282858,0.20144,-90.396267,250,125,20040205, 03:34:50.0000,-61.64145693,-59.05023746,-61.64202974,-59.05225231,-61.64145693,-59.05023746,4.67363E-09
687,835,1,-103.253529,0.509423,-87.984838,250,125,20040205, 03:35:30.0000,-61.64259707,-59.05431508,-61.64318025,-59.05638767,-61.64259707,-59.05431508,1.18192E-08
687,836,1,-108.52171,0.151447,-96.065915,250,125,20040205, 03:36:10.0000,-61.64376374,-59.05848827,-61.64434054,-59.06058827,-61.64376374,-59.05848827,3.51373E-09
687,837,1,-107.324701,0.199509,-91.790877,250,125,20040205, 03:36:50.0000,-61.64490646,-59.06270272,-61.64547175,-59.0647819,-61.64490646,-59.06270272,4.62882E-09
687,838,1,-108.369827,0.156837,-94.427259,250,125,20040205, 03:37:30.0000,-61.64603841,-59.06687484,-61.64660621,-59.06899518,-61.64603841,-59.06687484,3.63879E-09
687,839,1,-101.488799,0.764807,-81.875759,250,125,20040205, 03:38:10.0000,-61.64716318,-59.07111939,-61.64772985,-59.07321267,-61.64716318,-59.07111939,1.77444E-08
687,840,1,-94.165521,4.129331,-74.676551,250,125,20040205, 03:38:50.0000,-61.64832175,-59.07527484,-61.64889588,-59.07733351,-61.64832175,-59.07527484,9.58049E-08
687,841,1,-94.064389,4.226617,-75.890761,250,125,20040205, 03:39:30.0000,-61.64944692,-59.07939775,-61.65001258,-59.081417,-61.64944692,-59.07939775,9.80621E-08
687,842,1,-115.010213,0.033995,-100.539198,250,125,20040205, 03:40:10.0000,-61.65056374,-59.08336147,-61.65110567,-59.08533367,-61.65056374,-59.08336147,7.8871E-10
687,843,1,-106.12399,0.263047,-92.423707,250,125,20040205, 03:40:50.0000,-61.65164667,-59.08732,-61.65216368,-59.08932139,-61.65164667,-59.08732,6.10297E-09
687,844,1,-103.355329,0.497621,-88.391831,250,125,20040205, 03:41:30.0000,-61.65271374,-59.09133827,-61.65326374,-59.09338827,-61.65271374,-59.09133827,1.15454E-08
687,845,1,-103.082416,0.529896,-92.225885,250,125,20040205, 03:42:10.0000,-61.65379592,-59.09540033,-61.65436258,-59.097367,-61.65379592,-59.09540033,1.22942E-08
687,846,1,-103.518104,0.479315,-90.56178,250,125,20040205, 03:42:50.0000,-61.65492263,-59.09935123,-61.65547854,-59.10137366,-61.65492263,-59.09935123,1.11206E-08
687,847,1,-104.662772,0.36826,-93.055494,250,125,20040205, 03:43:30.0000,-61.65605754,-59.10343283,-61.65664701,-59.10548151,-61.65605754,-59.10343283,8.54403E-09
687,848,1,-101.385017,0.783304,-91.584073,250,125,20040205, 03:44:10.0000,-61.6572238,-59.10757139,-61.65780713,-59.10966484,-61.6572238,-59.10757139,1.81735E-08
687,849,1,-97.877428,1.756665,-87.110266,250,125,20040205, 03:44:50.0000,-61.65840746,-59.11176592,-61.65900754,-59.1138495,-61.65840746,-59.11176592,4.07565E-08
687,850,1,-105.578097,0.298279,-93.475386,250,125,20040205, 03:45:30.0000,-61.65956309,-59.11592894,-61.66015667,-59.11804667,-61.65956309,-59.11592894,6.92039E-09
687,851,1,-97.821756,1.779329,-84.233427,250,125,20040205, 03:46:10.0000,-61.66077976,-59.12011902,-61.66136309,-59.12219561,-61.66077976,-59.12011902,4.12824E-08
687,852,1,-95.639845,2.940677,-81.492856,250,125,20040205, 03:46:50.0000,-61.66197301,-59.12425236,-61.66256399,-59.12628283,-61.66197301,-59.12425236,6.82269E-08
687,853,1,-98.978662,1.363219,-84.141893,250,125,20040205, 03:47:30.0000,-61.66312433,-59.128373,-61.66369,-59.13045333,-61.66312433,-59.128373,3.16282E-08
687,854,1,-101.166055,0.823809,-87.118762,250,125,20040205, 03:48:10.0000,-61.66426399,-59.13253283,-61.66487301,-59.13455236,-61.66426399,-59.13253283,1.91133E-08
687,855,1,-108.736538,0.144138,-93.620609,250,125,20040205, 03:48:50.0000,-61.66541333,-59.13660333,-61.66595754,-59.13860595,-61.66541333,-59.13660333,3.34415E-09
687,856,1,-114.481097,0.038399,-100.587,250,125,20040205, 03:49:30.0000,-61.66651408,-59.14052942,-61.66706319,-59.1424428,-61.66651408,-59.14052942,8.909E-10
687,857,1,-109.436017,0.122696,-97.726976,250,125,20040205, 03:50:10.0000,-61.66761399,-59.14439573,-61.66818065,-59.14637261,-61.66761399,-59.14439573,2.84668E-09
687,858,1,-102.180609,0.652185,-90.97149,250,125,20040205, 03:50:50.0000,-61.66874642,-59.14838569,-61.66934732,-59.15040595,-61.66874642,-59.14838569,1.51314E-08
687,859,1,-108.529313,0.151182,-95.026898,250,125,20040205, 03:51:30.0000,-61.66990647,-59.15245275,-61.67047333,-59.15449667,-61.66990647,-59.15245275,3.50759E-09
687,860,1,-114.068487,0.042226,-99.72934,250,125,20040205, 03:52:10.0000,-61.67104732,-59.15653928,-61.67161399,-59.15853928,-61.67104732,-59.15653928,9.797E-10
687,861,1,-115.978014,0.027204,-101.783975,250,125,20040205, 03:52:50.0000,-61.67217985,-59.1604928,-61.67273081,-59.1624963,-61.67217985,-59.1604928,6.3116E-10
687,862,1,-112.158748,0.065548,-98.891471,250,125,20040205, 03:53:30.0000,-61.67327314,-59.16448608,-61.67384717,-59.16648867,-61.67327314,-59.16448608,1.52078E-09
687,863,1,-102.096489,0.664941,-84.57084,250,125,20040205, 03:54:10.0000,-61.67442441,-59.16842323,-61.67499742,-59.17036275,-61.67442441,-59.16842323,1.54273E-08
687,864,1,-120.709453,0.009151,-103.379946,250,125,20040205, 03:54:50.0000,-61.67557985,-59.17230275,-61.67614732,-59.17427906,-61.67557985,-59.17230275,2.1232E-10
687,865,1,-108.353935,0.157412,-91.751833,250,125,20040205, 03:55:30.0000,-61.67671414,-59.1762399,-61.67729,-59.17818667,-61.67671414,-59.1762399,3.65213E-09
687,866,1,-110.024194,0.107155,-96.355989,250,125,20040205, 03:56:10.0000,-61.6778742,-59.1801995,-61.67844662,-59.18221981,-61.6778742,-59.1801995,2.48611E-09
687,867,1,-106.832339,0.223459,-89.900753,250,125,20040205, 03:56:50.0000,-61.67903,-59.18427,-61.67962961,-59.18628511,-61.67903,-59.18427,5.18449E-09
687,868,1,-104.129659,0.416357,-87.629327,250,125,20040205, 03:57:30.0000,-61.68021333,-59.18833667,-61.68082347,-59.19038044,-61.68021333,-59.18833667,9.65993E-09
687,869,1,-103.488853,0.482555,-92.823789,250,125,20040205, 03:58:10.0000,-61.68140667,-59.19244667,-61.68202446,-59.19453367,-61.68140667,-59.19244667,1.11958E-08
687,870,1,-109.638246,0.117114,-95.556359,250,125,20040205, 03:58:50.0000,-61.68260667,-59.19655333,-61.6832068,-59.19860374,-61.68260667,-59.19655333,2.71716E-09
687,871,1,-106.58651,0.236473,-94.117274,250,125,20040205, 03:59:30.0000,-61.68381324,-59.20061961,-61.6844068,-59.20265374,-61.68381324,-59.20061961,5.48642E-09
687,872,1,-117.751184,0.018085,-102.366658,250,125,20040205, 04:00:10.0000,-61.68500754,-59.20467261,-61.6855801,-59.20666375,-61.68500754,-59.20467261,4.1959E-10
687,873,1,-110.170494,0.103605,-95.482113,250,125,20040205, 04:00:50.0000,-61.6861568,-59.20871378,-61.68675767,-59.21076658,-61.6861568,-59.20871378,2.40376E-09
687,874,1,-105.287964,0.318886,-93.375163,250,125,20040205, 04:01:30.0000,-61.68734676,-59.21284709,-61.68794013,-59.21493706,-61.68734676,-59.21284709,7.3985E-09
687,875,1,-108.273018,0.160373,-94.203995,250,125,20040205, 04:02:10.0000,-61.68854121,-59.21705695,-61.6891568,-59.21910372,-61.68854121,-59.21705695,3.72082E-09
687,876,1,-110.368207,0.098995,-94.537414,250,125,20040205, 04:02:50.0000,-61.6897568,-59.22106036,-61.69037333,-59.22300333,-61.6897568,-59.22106036,2.29678E-09
687,877,1,-112.27353,0.063838,-97.878811,250,125,20040205, 04:03:30.0000,-61.6909801,-59.22498706,-61.69159667,-59.22697,-61.6909801,-59.22498706,1.48111E-09
687,878,1,-106.866328,0.221717,-93.209068,250,125,20040205, 04:04:10.0000,-61.69220667,-59.22900333,-61.69281359,-59.23103769,-61.69220667,-59.22900333,5.14407E-09
687,879,1,-103.006564,0.539232,-91.053793,250,125,20040205, 04:04:50.0000,-61.69342333,-59.23307,-61.69405787,-59.23515059,-61.69342333,-59.23307,1.25108E-08
687,880,1,-102.151125,0.656628,-88.4287,250,125,20040205, 04:05:30.0000,-61.69467346,-59.23722039,-61.69529692,-59.23927103,-61.69467346,-59.23722039,1.52345E-08
687,881,1,-97.904522,1.74574,-86.967521,250,125,20040205, 04:06:10.0000,-61.69591359,-59.24135436,-61.6965568,-59.24342039,-61.69591359,-59.24135436,4.05031E-08
687,882,1,-99.828537,1.120929,-90.903226,250,125,20040205, 04:06:50.0000,-61.69718026,-59.24548111,-61.69780667,-59.24750333,-61.69718026,-59.24548111,2.60068E-08
687,883,1,-98.471172,1.532197,-84.632614,250,125,20040205, 04:07:30.0000,-61.69840701,-59.24948769,-61.69901359,-59.25153769,-61.69840701,-59.24948769,3.55486E-08
687,884,1,-107.893812,0.175005,-94.766999,250,125,20040205, 04:08:10.0000,-61.69965787,-59.25352362,-61.70029013,-59.25547702,-61.69965787,-59.25352362,4.06031E-09
687,885,1,-99.251392,1.280244,-87.16998,250,125,20040205, 04:08:50.0000,-61.70092368,-59.25745436,-61.70154,-59.25947,-61.70092368,-59.25745436,2.9703E-08
687,886,1,-106.494517,0.241535,-92.67247,250,125,20040205, 04:09:30.0000,-61.70216333,-59.26144333,-61.70277333,-59.26339333,-61.70216333,-59.26144333,5.60387E-09
687,887,1,-105.376384,0.312459,-90.43779,250,125,20040205, 04:10:10.0000,-61.70339121,-59.26534028,-61.70401333,-59.26728667,-61.70339121,-59.26534028,7.24939E-09
687,888,1,-116.302413,0.025246,-98.463132,250,125,20040205, 04:10:50.0000,-61.70464034,-59.26925436,-61.70524121,-59.27122998,-61.70464034,-59.26925436,5.8573E-10
687,889,1,-106.250198,0.255512,-93.341415,250,125,20040205, 04:11:30.0000,-61.70584013,-59.27317039,-61.70644034,-59.27515436,-61.70584013,-59.27317039,5.92816E-09
687,890,1,-105.544136,0.30062,-91.049977,250,125,20040205, 04:12:10.0000,-61.70704757,-59.27717362,-61.70764692,-59.27921444,-61.70704757,-59.27717362,6.97471E-09
687,891,1,-98.89778,1.388845,-90.153626,250,125,20040205, 04:12:50.0000,-61.70824013,-59.28128042,-61.70884757,-59.28333392,-61.70824013,-59.28128042,3.22227E-08
687,892,1,-103.349363,0.498305,-89.849189,250,125,20040205, 04:13:30.0000,-61.7094568,-59.28535372,-61.71007368,-59.28739778,-61.7094568,-59.28535372,1.15612E-08
687,893,1,-110.163013,0.103784,-95.366885,250,125,20040205, 04:14:10.0000,-61.71066424,-59.28940695,-61.71125667,-59.29134333,-61.71066424,-59.28940695,2.4079E-09
687,894,1,-108.120908,0.166089,-95.534284,250,125,20040205, 04:14:50.0000,-61.71184034,-59.29330436,-61.71244121,-59.29529028,-61.71184034,-59.29330436,3.85345E-09
687,895,1,-108.596675,0.148855,-91.612606,250,125,20040205, 04:15:30.0000,-61.7130309,-59.29720695,-61.71363026,-59.29917761,-61.7130309,-59.29720695,3.4536E-09
687,896,1,-107.149757,0.207709,-91.715412,250,125,20040205, 04:16:10.0000,-61.7142309,-59.30117362,-61.71482359,-59.30317077,-61.7142309,-59.30117362,4.81908E-09
687,897,1,-105.313819,0.316993,-91.565482,250,125,20040205, 04:16:50.0000,-61.71542368,-59.30515436,-61.71604121,-59.30717362,-61.71542368,-59.30515436,7.35458E-09
687,898,1,-103.749096,0.454488,-91.525221,250,125,20040205, 04:17:30.0000,-61.71667359,-59.30917077,-61.71729,-59.31118667,-61.71667359,-59.30917077,1.05446E-08
687,899,1,-121.476545,0.00767,-105.593081,250,125,20040205, 04:18:10.0000,-61.71789692,-59.31320436,-61.71850821,-59.31519129,-61.71789692,-59.31320436,1.7794E-10
687,900,1,-113.327068,0.050087,-98.998085,250,125,20040205, 04:18:50.0000,-61.71911369,-59.31717143,-61.71971369,-59.31915476,-61.71911369,-59.31717143,1.16207E-09
687,901,1,-102.016818,0.677252,-89.193701,250,125,20040205, 04:19:30.0000,-61.72034045,-59.32115469,-61.72097366,-59.32313764,-61.72034045,-59.32115469,1.5713E-08
687,902,1,-98.954121,1.370944,-88.909326,250,125,20040205, 04:20:10.0000,-61.72159773,-59.32515758,-61.72159773,-59.32515758,-61.72159773,-59.32515758,3.18074E-08
687,903,1,-96.449326,2.440615,-86.336674,250,125,20040205, 04:20:30.0000,-61.7222402,-59.32713725,-61.72287381,-59.3291881,-61.7222402,-59.32713725,5.66249E-08
687,904,1,-97.242819,2.033059,-85.01772,250,125,20040205, 04:21:10.0000,-61.72350787,-59.33120695,-61.72414776,-59.33322438,-61.72350787,-59.33120695,4.71692E-08
687,905,1,-98.139269,1.653883,-86.665625,250,125,20040205, 04:21:50.0000,-61.72479045,-59.33528803,-61.72540821,-59.33735796,-61.72479045,-59.33528803,3.83719E-08
687,906,1,-96.396921,2.470243,-85.553686,250,125,20040205, 04:22:30.0000,-61.72602467,-59.33941767,-61.72665699,-59.34147098,-61.72602467,-59.33941767,5.73123E-08
687,907,1,-102.166204,0.654352,-88.440149,250,125,20040205, 04:23:10.0000,-61.72729154,-59.34350796,-61.72792366,-59.34552098,-61.72729154,-59.34350796,1.51817E-08
687,908,1,-99.568116,1.190201,-90.125099,250,125,20040205, 04:23:50.0000,-61.72854068,-59.34754889,-61.72915821,-59.34957462,-61.72854068,-59.34754889,2.76139E-08
687,909,1,-102.458309,0.611788,-88.788112,250,125,20040205, 04:24:30.0000,-61.72977379,-59.35160469,-61.73039146,-59.35359104,-61.72977379,-59.35160469,1.41941E-08
687,910,1,-95.6289,2.948097,-77.03121,250,125,20040205, 04:25:10.0000,-61.73099782,-59.35560796,-61.73161449,-59.35764129,-61.73099782,-59.35560796,6.8399E-08
687,911,1,-104.459987,0.385863,-92.177769,250,125,20040205, 04:25:50.0000,-61.73224045,-59.35967136,-61.73285821,-59.36172462,-61.73224045,-59.35967136,8.95244E-09
687,912,1,-105.670524,0.291998,-89.668568,250,125,20040205, 04:26:30.0000,-61.733475,-59.36375833,-61.73410735,-59.36575538,-61.733475,-59.36375833,6.77466E-09
687,913,1,-99.609531,1.178905,-88.042543,250,125,20040205, 04:27:10.0000,-61.734725,-59.367775,-61.73533125,-59.36980833,-61.734725,-59.367775,2.73519E-08
687,914,1,-103.235831,0.511504,-91.681766,250,125,20040205, 04:27:50.0000,-61.73594068,-59.37186556,-61.73654782,-59.37389129,-61.73594068,-59.37186556,1.18674E-08
687,915,1,-102.530761,0.601666,-85.030697,250,125,20040205, 04:28:30.0000,-61.73715833,-59.37588125,-61.73775735,-59.37785538,-61.73715833,-59.37588125,1.39593E-08
687,916,1,-103.48083,0.483447,-88.973534,250,125,20040205, 04:29:10.0000,-61.73835821,-59.37985796,-61.73894782,-59.38185796,-61.73835821,-59.37985796,1.12165E-08
687,917,1,-108.411114,0.155353,-93.786486,250,125,20040205, 04:29:50.0000,-61.73955735,-59.38379521,-61.74015821,-59.3857309,-61.73955735,-59.38379521,3.60436E-09
687,918,1,-101.397915,0.780981,-91.176611,250,125,20040205, 04:30:30.0000,-61.74074691,-59.38771439,-61.74134701,-59.38973803,-61.74074691,-59.38771439,1.81196E-08
687,919,1,-104.49144,0.383079,-92.125318,250,125,20040205, 04:31:10.0000,-61.74193116,-59.39177462,-61.74249792,-59.39381875,-61.74193116,-59.39177462,8.88784E-09
687,920,1,-111.094478,0.08375,-97.642437,250,125,20040205, 04:31:50.0000,-61.74307379,-59.39578803,-61.74364782,-59.3977309,-61.74307379,-59.39578803,1.94309E-09
687,921,1,-109.844477,0.111682,-96.214841,250,125,20040205, 04:32:30.0000,-61.74422487,-59.39967462,-61.74482379,-59.40163803,-61.74422487,-59.39967462,2.59115E-09
687,922,1,-102.238781,0.643508,-90.615328,250,125,20040205, 04:33:10.0000,-61.74542487,-59.40367462,-61.74601458,-59.40573542,-61.74542487,-59.40367462,1.49301E-08
687,923,1,-105.993267,0.271085,-94.428386,250,125,20040205, 04:33:50.0000,-61.74662402,-59.40780538,-61.74720821,-59.40985796,-61.74662402,-59.40780538,6.28946E-09
687,924,1,-101.683765,0.731232,-90.154973,250,125,20040205, 04:34:30.0000,-61.74780833,-59.41190833,-61.74842379,-59.41398147,-61.74780833,-59.41190833,1.69654E-08
687,925,1,-109.251382,0.128025,-94.668525,250,125,20040205, 04:35:10.0000,-61.74904154,-59.41601834,-61.74963125,-59.41805833,-61.74904154,-59.41601834,2.97031E-09
687,926,1,-101.220504,0.813545,-87.979884,250,125,20040205, 04:35:50.0000,-61.75023125,-59.420075,-61.75084068,-59.42210538,-61.75023125,-59.420075,1.88751E-08
687,927,1,-100.763469,0.903826,-86.009514,250,125,20040205, 04:36:30.0000,-61.75144033,-59.42416439,-61.75204068,-59.42618872,-61.75144033,-59.42416439,2.09697E-08
687,928,1,-102.47647,0.609235,-89.16517,250,125,20040205, 04:37:10.0000,-61.75265821,-59.42822462,-61.75325712,-59.43027136,-61.75265821,-59.42822462,1.41349E-08
687,929,1,-93.794888,4.497209,-83.986803,250,125,20040205, 04:37:50.0000,-61.75387402,-59.43232205,-61.75450821,-59.43440796,-61.75387402,-59.43232205,1.0434E-07
687,930,1,-97.488247,1.921353,-85.690797,250,125,20040205, 04:38:30.0000,-61.75513024,-59.43648106,-61.75572512,-59.43855871,-61.75513024,-59.43648106,4.45775E-08
687,931,1,-99.292291,1.268244,-84.331072,250,125,20040205, 04:39:10.0000,-61.75632508,-59.44064192,-61.75693134,-59.44272537,-61.75632508,-59.44064192,2.94246E-08
687,932,1,-99.159544,1.307608,-88.639173,250,125,20040205, 04:39:50.0000,-61.75754728,-59.44476599,-61.75754728,-59.44476599,-61.75754728,-59.44476599,3.03379E-08
687,933,1,-99.441342,1.225456,-90.433042,250,125,20040205, 04:40:10.0000,-61.75816449,-59.44680796,-61.75876373,-59.44882157,-61.75816449,-59.44680796,2.84319E-08
687,934,1,-103.178036,0.518356,-91.141779,250,125,20040205, 04:40:50.0000,-61.75937415,-59.45083912,-61.75997415,-59.45283912,-61.75937415,-59.45083912,1.20264E-08
687,935,1,-99.537824,1.198531,-84.946199,250,125,20040205, 04:41:30.0000,-61.76059065,-59.45488862,-61.76119082,-59.45693912,-61.76059065,-59.45488862,2.78072E-08
687,936,1,-101.682052,0.731521,-88.220703,250,125,20040205, 04:42:10.0000,-61.76181395,-59.45902245,-61.76241353,-59.46107077,-61.76181395,-59.45902245,1.69721E-08
687,937,1,-103.986106,0.430349,-93.223112,250,125,20040205, 04:42:50.0000,-61.76300748,-59.46308912,-61.76360833,-59.46510833,-61.76300748,-59.46308912,9.98457E-09
687,938,1,-107.635242,0.185741,-94.453577,250,125,20040205, 04:43:30.0000,-61.764225,-59.46714167,-61.76483049,-59.46918862,-61.764225,-59.46714167,4.30939E-09
687,939,1,-107.80187,0.17875,-94.92277,250,125,20040205, 04:44:10.0000,-61.76544167,-59.471225,-61.76603125,-59.47325208,-61.76544167,-59.471225,4.14718E-09
687,940,1,-103.932511,0.435693,-90.751391,250,125,20040205, 04:44:50.0000,-61.76661458,-59.475275,-61.76720833,-59.47728125,-61.76661458,-59.475275,1.01086E-08
687,941,1,-104.15415,0.414016,-89.532458,250,125,20040205, 04:45:30.0000,-61.76779715,-59.47923862,-61.76838134,-59.48124204,-61.76779715,-59.47923862,9.60561E-09
687,942,1,-103.548553,0.475967,-89.076573,250,125,20040205, 04:46:10.0000,-61.76899167,-59.48324167,-61.76958058,-59.48525566,-61.76899167,-59.48324167,1.10429E-08
687,943,1,-97.813236,1.782823,-88.449218,250,125,20040205, 04:46:50.0000,-61.77017411,-59.487289,-61.77075769,-59.48932308,-61.77017411,-59.487289,4.13634E-08
687,944,1,-99.05504,1.339454,-86.272116,250,125,20040205, 04:47:30.0000,-61.77135744,-59.491339,-61.77194792,-59.49340833,-61.77135744,-59.491339,3.10768E-08
687,945,1,-110.686543,0.091998,-94.20346,250,125,20040205, 04:48:10.0000,-61.77254188,-59.49547563,-61.77312398,-59.49745528,-61.77254188,-59.49547563,2.13445E-09
687,946,1,-101.371541,0.785738,-82.143924,250,125,20040205, 04:48:50.0000,-61.77370769,-59.49942308,-61.77430769,-59.50145,-61.77370769,-59.49942308,1.823E-08
687,947,1,-98.728773,1.443958,-79.605885,250,125,20040205, 04:49:30.0000,-61.77489744,-59.50343974,-61.77549078,-59.50548252,-61.77489744,-59.50343974,3.35014E-08
687,948,1,-108.027417,0.169703,-88.410063,250,125,20040205, 04:50:10.0000,-61.77607521,-59.50754229,-61.77665867,-59.50955933,-61.77607521,-59.50754229,3.9373E-09
687,949,1,-108.224038,0.162191,-90.277499,250,125,20040205, 04:50:50.0000,-61.77724725,-59.51156586,-61.77784188,-59.51357563,-61.77724725,-59.51156586,3.76302E-09
687,950,1,-105.457151,0.306702,-92.697332,250,125,20040205, 04:51:30.0000,-61.778442,-59.51559267,-61.77905769,-59.51762308,-61.778442,-59.51559267,7.11582E-09
687,951,1,-101.184078,0.820397,-84.669681,250,125,20040205, 04:52:10.0000,-61.77967521,-59.51970276,-61.78026483,-59.52175933,-61.77967521,-59.51970276,1.90341E-08
687,952,1,-100.288596,1.008259,-90.695931,250,125,20040205, 04:52:50.0000,-61.78084744,-59.52383333,-61.78144188,-59.52592563,-61.78084744,-59.52383333,2.33927E-08
687,953,1,-101.1488,0.827088,-88.681773,250,125,20040205, 04:53:30.0000,-61.78203049,-59.52801545,-61.78262436,-59.5301,-61.78203049,-59.52801545,1.91893E-08
687,954,1,-96.694436,2.306685,-87.23554,250,125,20040205, 04:54:10.0000,-61.78321458,-59.53218542,-61.78380744,-59.53429919,-61.78321458,-59.53218542,5.35176E-08
687,955,1,-99.185428,1.299837,-89.13304,250,125,20040205, 04:54:50.0000,-61.78440846,-59.53640249,-61.78500769,-59.53848333,-61.78440846,-59.53640249,3.01576E-08
687,956,1,-97.353748,1.981787,-88.064932,250,125,20040205, 04:55:30.0000,-61.7856315,-59.5405865,-61.786242,-59.54269267,-61.7856315,-59.5405865,4.59796E-08
687,957,1,-99.128223,1.317072,-85.74913,250,125,20040205, 04:56:10.0000,-61.78684065,-59.54483211,-61.78745867,-59.54695317,-61.78684065,-59.54483211,3.05575E-08
687,958,1,-99.619866,1.176103,-89.770951,250,125,20040205, 04:56:50.0000,-61.78809103,-59.54907308,-61.78870854,-59.55120276,-61.78809103,-59.54907308,2.72869E-08
687,959,1,-103.788312,0.450402,-91.511758,250,125,20040205, 04:57:30.0000,-61.78932398,-59.55332195,-61.78932398,-59.55332195,-61.78932398,-59.55332195,1.04498E-08
687,960,1,-107.91115,0.174308,-94.859061,250,125,20040205, 04:57:50.0000,-61.7899315,-59.555426,-61.79053141,-59.55752563,-61.7899315,-59.555426,4.04413E-09
687,961,1,-105.196387,0.325682,-91.959534,250,125,20040205, 04:58:30.0000,-61.79114078,-59.559589,-61.79174103,-59.56166667,-61.79114078,-59.559589,7.55616E-09
687,962,1,-96.622964,2.34496,-87.009952,250,125,20040205, 04:59:10.0000,-61.79235854,-59.5637361,-61.79295744,-59.56579919,-61.79235854,-59.5637361,5.44056E-08
687,963,1,-97.260213,2.024932,-80.40643,250,125,20040205, 04:59:50.0000,-61.79355769,-59.56785641,-61.79415854,-59.56991943,-61.79355769,-59.56785641,4.69806E-08
687,964,1,-99.859873,1.11287,-87.306685,250,125,20040205, 05:00:30.0000,-61.79477431,-59.57193959,-61.79537431,-59.57395626,-61.79477431,-59.57193959,2.58198E-08
687,965,1,-102.395608,0.620685,-90.793764,250,125,20040205, 05:01:10.0000,-61.79597521,-59.57600896,-61.79657431,-59.5780665,-61.79597521,-59.57600896,1.44006E-08
687,966,1,-95.113695,3.319421,-86.104341,250,125,20040205, 05:01:50.0000,-61.79718087,-59.58015043,-61.797792,-59.582226,-61.79718087,-59.58015043,7.70141E-08
687,967,1,-94.159219,4.135328,-84.352497,250,125,20040205, 05:02:30.0000,-61.79842431,-59.58425626,-61.79904116,-59.58633376,-61.79842431,-59.58425626,9.59441E-08
687,968,1,-94.698685,3.652274,-77.832931,250,125,20040205, 05:03:10.0000,-61.79964753,-59.58839014,-61.80026483,-59.59041983,-61.79964753,-59.58839014,8.47367E-08
687,969,1,-103.403321,0.492153,-90.508422,250,125,20040205, 05:03:50.0000,-61.80089116,-59.59244014,-61.80150875,-59.5945096,-61.80089116,-59.59244014,1.14185E-08
687,970,1,-92.910779,5.512568,-76.382721,250,125,20040205, 05:04:30.0000,-61.80210764,-59.59655626,-61.80272443,-59.59863358,-61.80210764,-59.59655626,1.27898E-07
687,971,1,-96.610695,2.351594,-85.456129,250,125,20040205, 05:05:10.0000,-61.803342,-59.60075317,-61.80395764,-59.60283959,-61.803342,-59.60075317,5.45595E-08
687,972,1,-102.270144,0.638877,-85.133307,250,125,20040205, 05:05:50.0000,-61.80458073,-59.60493317,-61.80519137,-59.60699077,-61.80458073,-59.60493317,1.48226E-08
687,973,1,-104.142267,0.41515,-90.711964,250,125,20040205, 05:06:30.0000,-61.8057911,-59.60900663,-61.8063974,-59.6110665,-61.8057911,-59.60900663,9.63193E-09
687,974,1,-100.458027,0.969682,-82.589826,250,125,20040205, 05:07:10.0000,-61.80700764,-59.61315626,-61.80761407,-59.61520626,-61.80700764,-59.61315626,2.24977E-08
687,975,1,-100.381977,0.986811,-89.367662,250,125,20040205, 05:07:50.0000,-61.8082247,-59.61730111,-61.8088247,-59.61938444,-61.8082247,-59.61730111,2.28951E-08
687,976,1,-97.654843,1.849045,-86.577081,250,125,20040205, 05:08:30.0000,-61.80943103,-59.6214741,-61.8100474,-59.62353959,-61.80943103,-59.6214741,4.28999E-08
687,977,1,-92.457311,6.119286,-84.082154,250,125,20040205, 05:09:10.0000,-61.81065888,-59.62562052,-61.81065888,-59.62562052,-61.81065888,-59.62562052,1.41974E-07
687,978,1,-97.97946,1.715876,-86.829603,250,125,20040205, 05:09:30.0000,-61.81129221,-59.62772663,-61.8119247,-59.62981778,-61.81129221,-59.62772663,3.98102E-08
687,979,1,-103.913428,0.437612,-89.611636,250,125,20040205, 05:10:10.0000,-61.81253166,-59.63185997,-61.8131411,-59.6339233,-61.81253166,-59.63185997,1.01531E-08
687,980,1,-107.075068,0.211312,-93.793958,250,125,20040205, 05:10:50.0000,-61.8137411,-59.6359733,-61.81433166,-59.63802663,-61.8137411,-59.6359733,4.90268E-09
687,981,1,-108.355886,0.157341,-94.698037,250,125,20040205, 05:11:30.0000,-61.8149247,-59.64006778,-61.81554098,-59.64208959,-61.8149247,-59.64006778,3.65049E-09
687,982,1,-106.798424,0.225211,-95.482742,250,125,20040205, 05:12:10.0000,-61.81614137,-59.64409077,-61.81674137,-59.6461241,-61.81614137,-59.64409077,5.22514E-09
687,983,1,-103.756598,0.453703,-90.502459,250,125,20040205, 05:12:50.0000,-61.81733166,-59.64812663,-61.81794137,-59.65015744,-61.81733166,-59.64812663,1.05264E-08
687,984,1,-97.784558,1.794635,-87.018185,250,125,20040205, 05:13:30.0000,-61.81853073,-59.65219984,-61.8191411,-59.65428997,-61.81853073,-59.65219984,4.16375E-08
687,985,1,-94.900381,3.486532,-85.094541,250,125,20040205, 05:14:10.0000,-61.819742,-59.6563865,-61.82034769,-59.65850111,-61.819742,-59.6563865,8.08913E-08
687,986,1,-99.095831,1.326932,-87.551569,250,125,20040205, 05:14:50.0000,-61.82095803,-59.6605741,-61.82155888,-59.66262052,-61.82095803,-59.6605741,3.07863E-08
687,987,1,-103.737099,0.455745,-89.207892,250,125,20040205, 05:15:30.0000,-61.82217443,-59.66468358,-61.8227911,-59.66673997,-61.82217443,-59.66468358,1.05738E-08
687,988,1,-100.111345,1.050261,-87.828634,250,125,20040205, 05:16:10.0000,-61.82339221,-59.6687933,-61.82400777,-59.67085024,-61.82339221,-59.6687933,2.43672E-08
687,989,1,-106.696912,0.230537,-90.26255,250,125,20040205, 05:16:50.0000,-61.82461493,-59.6729097,-61.82520888,-59.67490997,-61.82461493,-59.6729097,5.34871E-09
687,990,1,-116.382993,0.024782,-98.064933,250,125,20040205, 05:17:30.0000,-61.82580777,-59.67690663,-61.82639842,-59.67888308,-61.82580777,-59.67690663,5.7496E-10
687,991,1,-101.504225,0.762095,-87.646683,250,125,20040205, 05:18:10.0000,-61.82695803,-59.6808241,-61.82753073,-59.68280626,-61.82695803,-59.6808241,1.76814E-08
687,992,1,-107.360277,0.197881,-95.217371,250,125,20040205, 05:18:50.0000,-61.82813103,-59.68486778,-61.82874221,-59.68692052,-61.82813103,-59.68486778,4.59105E-09
687,993,1,-112.202197,0.064895,-96.644869,250,125,20040205, 05:19:30.0000,-61.829359,-59.68898758,-61.82995803,-59.69105111,-61.829359,-59.68898758,1.50564E-09
687,994,1,-106.641559,0.233494,-93.572627,250,125,20040205, 05:20:10.0000,-61.83055888,-59.69310385,-61.83117431,-59.6951665,-61.83055888,-59.69310385,5.41731E-09
687,995,1,-107.808331,0.178484,-95.152364,250,125,20040205, 05:20:50.0000,-61.83179769,-59.69721778,-61.83242576,-59.69930455,-61.83179769,-59.69721778,4.14102E-09
687,996,1,-103.09181,0.528751,-84.629113,250,125,20040205, 05:21:30.0000,-61.83304221,-59.70142052,-61.833659,-59.70352092,-61.83304221,-59.70142052,1.22676E-08
687,997,1,-94.420864,3.893547,-75.209245,250,125,20040205, 05:22:10.0000,-61.83426499,-59.70562052,-61.83488088,-59.70772353,-61.83426499,-59.70562052,9.03345E-08
687,998,1,-90.109181,10.507848,-73.500299,250,125,20040205, 05:22:50.0000,-61.83549779,-59.70988486,-61.83549779,-59.70988486,-61.83549779,-59.70988486,2.43793E-07
687,999,1,-100.943666,0.867092,-88.137324,250,125,20040205, 05:23:10.0000,-61.83612554,-59.71203719,-61.83675784,-59.71418382,-61.83612554,-59.71203719,2.01175E-08
687,1000,1,-93.632586,4.668456,-74.721677,250,125,20040205, 05:23:50.0000,-61.83737483,-59.71627449,-61.83799118,-59.71830686,-61.83737483,-59.71627449,1.08313E-07
687,1001,1,-106.530836,0.239524,-92.744501,250,125,20040205, 05:24:30.0000,-61.83861422,-59.72036716,-61.83923098,-59.72251756,-61.83861422,-59.72036716,5.5572E-09
687,1002,1,-106.297644,0.252736,-88.366262,250,125,20040205, 05:25:10.0000,-61.83984255,-59.72466097,-61.8404144,-59.72678463,-61.83984255,-59.72466097,5.86375E-09
687,1003,1,-103.865837,0.442434,-89.10698,250,125,20040205, 05:25:50.0000,-61.84101431,-59.72893423,-61.84159795,-59.73111889,-61.84101431,-59.72893423,1.02649E-08
687,1004,1,-102.993695,0.540832,-89.73247,250,125,20040205, 05:26:30.0000,-61.84220838,-59.73329598,-61.84282476,-59.73545129,-61.84220838,-59.73329598,1.25479E-08
687,1005,1,-82.713825,57.683203,-63.597087,250,125,20040205, 05:27:10.0000,-61.84344171,-59.73760222,-61.84403128,-59.73980222,-61.84344171,-59.73760222,1.33831E-06
687,1006,1,-75.317703,316.709817,-56.239508,250,125,20040205, 05:27:50.0000,-61.84462504,-59.74203556,-61.84522567,-59.74426483,-61.84462504,-59.74203556,7.34801E-06
687,1007,1,-84.28714,40.152983,-64.716411,250,125,20040205, 05:28:30.0000,-61.84579773,-59.74646796,-61.84639245,-59.74863798,-61.84579773,-59.74646796,9.31593E-07
687,1008,1,-123.680585,0.004617,-110.564913,250,125,20040205, 05:29:10.0000,-61.84696462,-59.75078556,-61.84696462,-59.75078556,-61.84696462,-59.75078556,1.0712E-10
687,1009,1,-95.791338,2.839867,-76.24006,250,125,20040205, 05:29:30.0000,-61.84754851,-59.75292131,-61.84812504,-59.75502513,-61.84754851,-59.75292131,6.5888E-08
687,1010,1,-111.597412,0.074592,-95.006579,250,125,20040205, 05:30:10.0000,-61.84868191,-59.75707764,-61.84923098,-59.75918423,-61.84868191,-59.75707764,1.73061E-09
687,1011,1,-84.6054,37.315725,-65.909292,250,125,20040205, 05:30:50.0000,-61.84979171,-59.76130222,-61.85038191,-59.76342161,-61.84979171,-59.76130222,8.65765E-07
687,1012,1,-106.616326,0.234855,-89.806294,250,125,20040205, 05:31:30.0000,-61.85095921,-59.76541097,-61.85151533,-59.76745533,-61.85095921,-59.76541097,5.44888E-09
687,1013,1,-114.082773,0.042088,-95.862329,250,125,20040205, 05:32:10.0000,-61.85207588,-59.7694943,-61.85261422,-59.77155686,-61.85207588,-59.7694943,9.7648E-10
687,1014,1,-88.361263,15.71468,-69.270996,250,125,20040205, 05:32:50.0000,-61.85316462,-59.77371889,-61.85373191,-59.77587161,-61.85316462,-59.77371889,3.64598E-07
687,1015,1,-115.420163,0.030933,-97.486852,250,125,20040205, 05:33:30.0000,-61.85428107,-59.77801796,-61.85484171,-59.78016889,-61.85428107,-59.77801796,7.1767E-10
687,1016,1,-109.670166,0.116256,-93.067887,250,125,20040205, 05:34:10.0000,-61.85542588,-59.78232161,-61.85599773,-59.78445129,-61.85542588,-59.78232161,2.69726E-09
687,1017,1,-104.912139,0.347711,-88.684886,250,125,20040205, 05:34:50.0000,-61.856582,-59.786578,-61.85715933,-59.78868867,-61.856582,-59.786578,8.06726E-09
687,1018,1,-108.449831,0.153974,-92.510915,250,125,20040205, 05:35:30.0000,-61.8577144,-59.79080761,-61.85827579,-59.79292131,-61.8577144,-59.79080761,3.57237E-09
687,1019,1,-111.268865,0.080454,-93.134614,250,125,20040205, 05:36:10.0000,-61.85884255,-59.79503827,-61.85940809,-59.79712427,-61.85884255,-59.79503827,1.86661E-09
687,1020,1,-129.205108,0.001294,-109.47383,250,125,20040205, 05:36:50.0000,-61.8599644,-59.79924094,-61.86049858,-59.80132764,-61.8599644,-59.79924094,3.002E-11
687,1021,1,-999,0,-999,250,125,20040205, 05:37:30.0000,-61.86103107,-59.80337427,-61.86157579,-59.8054107,-61.86103107,-59.80337427,0
687,1022,1,-110.637095,0.093051,-94.775652,250,125,20040205, 05:38:10.0000,-61.86211462,-59.80743556,-61.8626644,-59.80948463,-61.86211462,-59.80743556,2.15889E-09
687,1023,1,-111.775716,0.071591,-94.418031,250,125,20040205, 05:38:50.0000,-61.86324142,-59.81157427,-61.86379867,-59.81365533,-61.86324142,-59.81157427,1.661E-09
687,1024,1,-100.381548,0.986909,-80.953809,250,125,20040205, 05:39:30.0000,-61.8643644,-59.81574094,-61.86492504,-59.81788556,-61.8643644,-59.81574094,2.28974E-08
687,1025,1,-107.593563,0.187532,-92.750229,250,125,20040205, 05:40:10.0000,-61.86546462,-59.82003556,-61.86599867,-59.82216133,-61.86546462,-59.82003556,4.35095E-09
687,1026,1,-101.288193,0.800963,-83.754038,250,125,20040205, 05:40:50.0000,-61.86656462,-59.82430222,-61.86715838,-59.82643556,-61.86656462,-59.82430222,1.85832E-08
687,1027,1,-107.027422,0.213643,-91.175735,250,125,20040205, 05:41:30.0000,-61.86775809,-59.82853463,-61.86836471,-59.83059218,-61.86775809,-59.82853463,4.95676E-09
687,1028,1,-104.85279,0.352495,-92.429324,250,125,20040205, 05:42:10.0000,-61.86899184,-59.83265884,-61.869626,-59.83474467,-61.86899184,-59.83265884,8.17826E-09
687,1029,1,-106.429557,0.245175,-92.723015,250,125,20040205, 05:42:50.0000,-61.87024267,-59.836872,-61.87084867,-59.83896133,-61.87024267,-59.836872,5.68832E-09
687,1030,1,-115.523641,0.030204,-97.622592,250,125,20040205, 05:43:30.0000,-61.87146446,-59.84101822,-61.87206533,-59.84308867,-61.87146446,-59.84101822,7.0077E-10
687,1031,1,-120.53242,0.009532,-106.155233,250,125,20040205, 05:44:10.0000,-61.87264858,-59.8451443,-61.87264858,-59.8451443,-61.87264858,-59.8451443,2.2116E-10
687,1032,1,-111.637532,0.073906,-98.598947,250,125,20040205, 05:44:30.0000,-61.87324267,-59.84719467,-61.87384163,-59.84930195,-61.87324267,-59.84719467,1.71469E-09
687,1033,1,-109.494013,0.121068,-94.234305,250,125,20040205, 05:45:10.0000,-61.87444255,-59.85140494,-61.8750585,-59.85348597,-61.87444255,-59.85140494,2.80892E-09
687,1034,1,-98.568902,1.498103,-79.090176,250,125,20040205, 05:45:50.0000,-61.87568138,-59.85558597,-61.876282,-59.85768867,-61.87568138,-59.85558597,3.47576E-08
687,1035,1,-110.658456,0.092595,-95.662553,250,125,20040205, 05:46:30.0000,-61.876893,-59.85977308,-61.87752612,-59.86182239,-61.876893,-59.85977308,2.1483E-09
687,1036,1,-97.051307,2.124717,-79.127387,250,125,20040205, 05:47:10.0000,-61.87815955,-59.86382864,-61.87879163,-59.86584154,-61.87815955,-59.86382864,4.92957E-08
687,1037,1,-110.241542,0.101924,-95.995221,250,125,20040205, 05:47:50.0000,-61.87942538,-59.86787615,-61.88005955,-59.86991198,-61.87942538,-59.86787615,2.36475E-09
687,1038,1,-93.370978,4.958314,-75.867845,250,125,20040205, 05:48:30.0000,-61.88067633,-59.87195642,-61.88126487,-59.87397615,-61.88067633,-59.87195642,1.15038E-07
687,1039,1,-117.652515,0.0185,-100.349802,250,125,20040205, 05:49:10.0000,-61.88186533,-59.875978,-61.88247508,-59.87797524,-61.88186533,-59.875978,4.2923E-10
687,1040,1,-113.211143,0.051442,-96.333409,250,125,20040205, 05:49:50.0000,-61.88309175,-59.88000858,-61.88372538,-59.88205333,-61.88309175,-59.88000858,1.19351E-09
687,1041,1,-113.751282,0.045426,-97.365851,250,125,20040205, 05:50:30.0000,-61.88434883,-59.88409531,-61.88497508,-59.88614191,-61.88434883,-59.88409531,1.05393E-09
687,1042,1,-110.38002,0.098726,-97.639753,250,125,20040205, 05:51:10.0000,-61.88560955,-59.88819531,-61.88625829,-59.89028528,-61.88560955,-59.88819531,2.29054E-09
687,1043,1,-104.467882,0.385162,-88.954267,250,125,20040205, 05:51:50.0000,-61.88689205,-59.89237,-61.887526,-59.894472,-61.88689205,-59.89237,8.93618E-09
687,1044,1,-106.214764,0.257606,-90.576835,250,125,20040205, 05:52:30.0000,-61.88814163,-59.89656862,-61.88876487,-59.89862,-61.88814163,-59.89656862,5.97673E-09
687,1045,1,-105.561513,0.29942,-87.764147,250,125,20040205, 05:53:10.0000,-61.88939288,-59.90064531,-61.89005955,-59.90262864,-61.88939288,-59.90064531,6.94686E-09
687,1046,1,-81.073154,84.162082,-61.474747,250,125,20040205, 05:53:50.0000,-61.89070872,-59.90467615,-61.89137621,-59.9067227,-61.89070872,-59.90467615,1.95265E-06
687,1047,1,-87.141633,20.809829,-67.6286,250,125,20040205, 05:54:30.0000,-61.89199798,-59.90879191,-61.89264205,-59.91085949,-61.89199798,-59.90879191,4.8281E-07
687,1048,1,-80.369646,98.961727,-63.716267,250,125,20040205, 05:55:10.0000,-61.89329288,-59.9129227,-61.89329288,-59.9129227,-61.89329288,-59.9129227,2.29602E-06
687,1049,1,-109.893247,0.110435,-94.648981,250,125,20040205, 05:55:30.0000,-61.89394288,-59.91500603,-61.89459175,-59.91697524,-61.89394288,-59.91500603,2.56221E-09
687,1050,1,-103.726445,0.456864,-88.821732,250,125,20040205, 05:56:10.0000,-61.895243,-59.91894567,-61.89587508,-59.92099191,-61.895243,-59.91894567,1.05998E-08
687,1051,1,-83.799948,44.919722,-64.260128,250,125,20040205, 05:56:50.0000,-61.89649821,-59.92305333,-61.89712538,-59.92510949,-61.89649821,-59.92305333,1.04219E-06
687,1052,1,-96.939495,2.18013,-85.540706,250,125,20040205, 05:57:30.0000,-61.89775955,-59.92719531,-61.89840872,-59.92927,-61.89775955,-59.92719531,5.05814E-08
687,1053,1,-85.773205,28.517494,-66.982812,250,125,20040205, 05:58:10.0000,-61.89905976,-59.93137929,-61.899693,-59.93346233,-61.89905976,-59.93137929,6.61637E-07
687,1054,1,-75.591598,297.352837,-57.441968,250,125,20040205, 05:58:50.0000,-61.90033154,-59.93554282,-61.90097633,-59.93759567,-61.90033154,-59.93554282,6.89891E-06
687,1055,1,-87.391183,19.647784,-69.399692,250,125,20040205, 05:59:30.0000,-61.90162633,-59.93961233,-61.90224205,-59.94165333,-61.90162633,-59.93961233,4.5585E-07
687,1056,1,-77.831009,177.554179,-63.214664,250,125,20040205, 06:00:10.0000,-61.9028931,-59.94372929,-61.90354175,-59.94580235,-61.9028931,-59.94372929,4.11945E-06
687,1057,1,-95.42347,3.090899,-81.505467,250,125,20040205, 06:00:50.0000,-61.90417538,-59.94789282,-61.90482538,-59.94997615,-61.90417538,-59.94789282,7.17122E-08
687,1058,1,-84.838112,35.368826,-65.309074,250,125,20040205, 06:01:30.0000,-61.90545841,-59.95206901,-61.90609821,-59.95415949,-61.90545841,-59.95206901,8.20595E-07
687,1059,1,-92.572497,5.95912,-73.660638,250,125,20040205, 06:02:10.0000,-61.90674288,-59.95622864,-61.90735841,-59.95833568,-61.90674288,-59.95622864,1.38258E-07
687,1060,1,-102.925831,0.54935,-88.822575,250,125,20040205, 06:02:50.0000,-61.90799218,-59.96042653,-61.90860884,-59.96250374,-61.90799218,-59.96042653,1.27455E-08
687,1061,1,-108.180782,0.163815,-93.804344,250,125,20040205, 06:03:30.0000,-61.90922621,-59.96452864,-61.90984218,-59.96655986,-61.90922621,-59.96452864,3.80068E-09
687,1062,1,-91.63699,7.391505,-78.890289,250,125,20040205, 06:04:10.0000,-61.91047621,-59.96856198,-61.91047621,-59.96856198,-61.91047621,-59.96856198,1.71491E-07
687,1063,1,-97.781748,1.795796,-84.208582,250,125,20040205, 06:04:30.0000,-61.91109804,-59.97060261,-61.91172551,-59.9726932,-61.91109804,-59.97060261,4.16644E-08
687,1064,1,-99.574147,1.188549,-84.612683,250,125,20040205, 06:05:10.0000,-61.91236471,-59.97477549,-61.91299195,-59.97685919,-61.91236471,-59.97477549,2.75756E-08
687,1065,1,-96.083976,2.654815,-81.825087,250,125,20040205, 06:05:50.0000,-61.91361471,-59.97893595,-61.91424883,-59.9810227,-61.91361471,-59.97893595,6.15946E-08
687,1066,1,-96.056343,2.671761,-82.453653,250,125,20040205, 06:06:30.0000,-61.91487551,-59.98310986,-61.91550841,-59.98519191,-61.91487551,-59.98310986,6.19877E-08
687,1067,1,-98.248409,1.612839,-82.383977,250,125,20040205, 06:07:10.0000,-61.91614883,-59.9872727,-61.91679195,-59.98934252,-61.91614883,-59.9872727,3.74196E-08
687,1068,1,-98.851144,1.403839,-83.707212,250,125,20040205, 06:07:50.0000,-61.91742573,-59.99137111,-61.91807633,-59.99339567,-61.91742573,-59.99137111,3.25706E-08
687,1069,1,-109.441865,0.122531,-95.208188,250,125,20040205, 06:08:30.0000,-61.91869917,-59.99539667,-61.91933179,-59.99744385,-61.91869917,-59.99539667,2.84285E-09
687,1070,1,-101.665995,0.73423,-83.424632,250,125,20040205, 06:09:10.0000,-61.91995967,-59.999479,-61.92060988,-60.00152965,-61.91995967,-59.999479,1.70349E-08
687,1071,1,-96.420611,2.456805,-79.514532,250,125,20040205, 06:09:50.0000,-61.92123155,-60.00358673,-61.92185967,-60.00559567,-61.92123155,-60.00358673,5.70005E-08
687,1072,1,-109.394807,0.123866,-95.046948,250,125,20040205, 06:10:30.0000,-61.92249322,-60.00761298,-61.92314239,-60.00961051,-61.92249322,-60.00761298,2.87382E-09
687,1073,1,-108.097724,0.166978,-93.969559,250,125,20040205, 06:11:10.0000,-61.92378146,-60.01160919,-61.92439813,-60.01366967,-61.92378146,-60.01160919,3.87407E-09
687,1074,1,-102.408875,0.618792,-91.64131,250,125,20040205, 06:11:50.0000,-61.92500906,-60.01574385,-61.92560906,-60.01783778,-61.92500906,-60.01574385,1.43566E-08
687,1075,1,-103.687272,0.461004,-92.049992,250,125,20040205, 06:12:30.0000,-61.9262254,-60.01993673,-61.92685906,-60.02204385,-61.9262254,-60.01993673,1.06958E-08
687,1076,1,-103.114878,0.525949,-92.84234,250,125,20040205, 06:13:10.0000,-61.92752655,-60.02407965,-61.92816,-60.02609667,-61.92752655,-60.02407965,1.22026E-08
687,1077,1,-104.237331,0.406161,-92.177628,250,125,20040205, 06:13:50.0000,-61.92878179,-60.02817111,-61.92936575,-60.03025712,-61.92878179,-60.02817111,9.42338E-09
687,1078,1,-110.12887,0.104603,-95.938177,250,125,20040205, 06:14:30.0000,-61.92995874,-60.03235955,-61.92995874,-60.03235955,-61.92995874,-60.03235955,2.42691E-09
687,1079,1,-98.728529,1.444039,-80.397069,250,125,20040205, 06:14:50.0000,-61.93056513,-60.03447718,-61.93117655,-60.03657965,-61.93056513,-60.03447718,3.35033E-08
687,1080,1,-103.554607,0.475304,-87.254435,250,125,20040205, 06:15:30.0000,-61.93179207,-60.03863673,-61.93240906,-60.04069385,-61.93179207,-60.03863673,1.10276E-08
687,1081,1,-107.073804,0.211374,-94.193383,250,125,20040205, 06:16:10.0000,-61.93302573,-60.04279385,-61.93363146,-60.04486967,-61.93302573,-60.04279385,4.9041E-09
687,1082,1,-105.59504,0.297117,-91.804298,250,125,20040205, 06:16:50.0000,-61.93422573,-60.04696051,-61.93481513,-60.04904385,-61.93422573,-60.04696051,6.89344E-09
687,1083,1,-99.504566,1.207745,-85.516927,250,125,20040205, 06:17:30.0000,-61.93541489,-60.05114288,-61.93600906,-60.05322111,-61.93541489,-60.05114288,2.8021E-08
687,1084,1,-93.712793,4.583028,-81.296062,250,125,20040205, 06:18:10.0000,-61.93660862,-60.05530919,-61.93721489,-60.0574034,-61.93660862,-60.05530919,1.06331E-07
687,1085,1,-94.945207,3.450731,-76.150717,250,125,20040205, 06:18:50.0000,-61.93781513,-60.05947718,-61.93841575,-60.06151298,-61.93781513,-60.05947718,8.00607E-08
687,1086,1,-104.685666,0.366324,-88.192275,250,125,20040205, 06:19:30.0000,-61.93902573,-60.06354385,-61.93964207,-60.06555955,-61.93902573,-60.06354385,8.49911E-09
687,1087,1,-101.57538,0.749711,-88.47714,250,125,20040205, 06:20:10.0000,-61.94024195,-60.06762585,-61.94086513,-60.06969385,-61.94024195,-60.06762585,1.73941E-08
687,1088,1,-83.884894,44.049653,-67.127401,250,125,20040205, 06:20:50.0000,-61.9414648,-60.07175919,-61.94204908,-60.07385712,-61.9414648,-60.07175919,1.022E-06
687,1089,1,-100.804836,0.895258,-85.3042,250,125,20040205, 06:21:30.0000,-61.94265874,-60.07594288,-61.94326575,-60.07802965,-61.94265874,-60.07594288,2.0771E-08
687,1090,1,-105.450404,0.307179,-92.692194,250,125,20040205, 06:22:10.0000,-61.94387677,-60.0800803,-61.94446575,-60.08209631,-61.94387677,-60.0800803,7.12688E-09
687,1091,1,-110.828825,0.089033,-93.666553,250,125,20040205, 06:22:50.0000,-61.94509239,-60.08411051,-61.9457101,-60.08616364,-61.94509239,-60.08411051,2.06565E-09
687,1092,1,-106.293413,0.252983,-91.127081,250,125,20040205, 06:23:30.0000,-61.94633155,-60.08820955,-61.94696,-60.09024667,-61.94633155,-60.08820955,5.86947E-09
687,1093,1,-113.692911,0.046041,-98.072543,250,125,20040205, 06:24:10.0000,-61.94756591,-60.09232449,-61.94818189,-60.09437151,-61.94756591,-60.09232449,1.06819E-09
687,1094,1,-109.568476,0.11901,-91.394485,250,125,20040205, 06:24:50.0000,-61.94879924,-60.09640783,-61.94942585,-60.09845485,-61.94879924,-60.09640783,2.76117E-09
687,1095,1,-100.508895,0.95839,-89.61819,250,125,20040205, 06:25:30.0000,-61.95003189,-60.10052151,-61.95064252,-60.10258818,-61.95003189,-60.10052151,2.22357E-08
687,1096,1,-101.80775,0.710652,-88.547065,250,125,20040205, 06:26:10.0000,-61.95127549,-60.10468701,-61.95192549,-60.1067598,-61.95127549,-60.10468701,1.64879E-08
687,1097,1,-99.566096,1.190754,-89.18678,250,125,20040205, 06:26:50.0000,-61.95254837,-60.10881016,-61.95254837,-60.10881016,-61.95254837,-60.10881016,2.76268E-08
687,1098,1,-98.449343,1.539918,-85.246874,250,125,20040205, 06:27:10.0000,-61.95317549,-60.11090368,-61.95379216,-60.11300368,-61.95317549,-60.11090368,3.57278E-08
687,1099,1,-98.886412,1.392485,-87.354526,250,125,20040205, 06:27:50.0000,-61.95440882,-60.11510368,-61.95503205,-60.11720556,-61.95440882,-60.11510368,3.23072E-08
687,1100,1,-100.403362,0.981964,-86.375181,250,125,20040205, 06:28:30.0000,-61.95564228,-60.11930407,-61.9562594,-60.12142222,-61.95564228,-60.11930407,2.27826E-08
687,1101,1,-105.052457,0.336656,-91.675279,250,125,20040205, 06:29:10.0000,-61.95684837,-60.12350407,-61.95744274,-60.12561154,-61.95684837,-60.12350407,7.81078E-09
687,1102,1,-100.201911,1.028586,-85.572663,250,125,20040205, 06:29:50.0000,-61.95806022,-60.12772487,-61.95864239,-60.12987112,-61.95806022,-60.12772487,2.38643E-08
687,1103,1,-101.397703,0.781019,-82.861778,250,125,20040205, 06:30:30.0000,-61.95921504,-60.1319874,-61.95978171,-60.13415407,-61.95921504,-60.1319874,1.81205E-08
687,1104,1,-98.906032,1.386209,-85.794139,250,125,20040205, 06:31:10.0000,-61.96037688,-60.13629154,-61.96097607,-60.13843889,-61.96037688,-60.13629154,3.21615E-08
687,1105,1,-102.95832,0.545255,-88.679952,250,125,20040205, 06:31:50.0000,-61.96155928,-60.14056117,-61.9621594,-60.14264487,-61.96155928,-60.14056117,1.26505E-08
687,1106,1,-94.087509,4.204176,-78.854932,250,125,20040205, 06:32:30.0000,-61.96275906,-60.14472718,-61.96337561,-60.1467935,-61.96275906,-60.14472718,9.75414E-08
687,1107,1,-92.499865,6.059619,-75.194621,250,125,20040205, 06:33:10.0000,-61.96397561,-60.1488874,-61.96458171,-60.15102073,-61.96397561,-60.1488874,1.4059E-07
687,1108,1,-93.008244,5.390232,-81.946895,250,125,20040205, 06:33:50.0000,-61.96518171,-60.15317073,-61.96578171,-60.15531016,-61.96518171,-60.15317073,1.25059E-07
687,1109,1,-92.913853,5.508667,-79.647884,250,125,20040205, 06:34:30.0000,-61.96639228,-60.15745407,-61.96702607,-60.15962222,-61.96639228,-60.15745407,1.27807E-07
687,1110,1,-94.118864,4.173932,-83.17586,250,125,20040205, 06:35:10.0000,-61.96766033,-60.16177525,-61.96766033,-60.16177525,-61.96766033,-60.16177525,9.68397E-08
687,1111,1,-96.019726,2.694382,-84.316535,250,125,20040205, 06:35:30.0000,-61.96829274,-60.16392222,-61.96892549,-60.16608701,-61.96829274,-60.16392222,6.25126E-08
687,1112,1,-73.058232,532.854549,-54.881853,250,125,20040205, 06:36:10.0000,-61.96957688,-60.16822487,-61.97019872,-60.17037222,-61.96957688,-60.16822487,1.23628E-05
687,1113,1,-88.974363,13.645691,-77.58413,250,125,20040205, 06:36:50.0000,-61.9708094,-60.17248889,-61.97141538,-60.17463889,-61.9708094,-60.17248889,3.16595E-07
687,1114,1,-87.357364,19.801378,-76.726027,250,125,20040205, 06:37:30.0000,-61.97204239,-60.17680445,-61.9726594,-60.17897222,-61.97204239,-60.17680445,4.59413E-07
687,1115,1,-86.725126,22.904415,-74.975431,250,125,20040205, 06:38:10.0000,-61.97329228,-60.1811374,-61.97392585,-60.18328816,-61.97329228,-60.1811374,5.31407E-07
687,1116,1,-86.779564,22.619106,-74.050276,250,125,20040205, 06:38:50.0000,-61.97454837,-60.1854374,-61.97518283,-60.18757559,-61.97454837,-60.1854374,5.24788E-07
687,1117,1,-95.791717,2.839619,-80.215781,250,125,20040205, 06:39:30.0000,-61.97579274,-60.18973889,-61.97639837,-60.19190407,-61.97579274,-60.18973889,6.58822E-08
687,1118,1,-93.290646,5.050883,-82.130716,250,125,20040205, 06:40:10.0000,-61.97702688,-60.19408576,-61.97702688,-60.19408576,-61.97702688,-60.19408576,1.17186E-07
687,1119,1,-98.855036,1.402582,-82.535077,250,125,20040205, 06:40:30.0000,-61.97762561,-60.1962374,-61.97824274,-60.19833889,-61.97762561,-60.1962374,3.25414E-08
687,1120,1,-88.111614,16.644488,-70.524153,250,125,20040205, 06:41:10.0000,-61.97884949,-60.20040892,-61.97944846,-60.20241052,-61.97884949,-60.20040892,3.8617E-07
687,1121,1,-83.559628,47.475442,-68.817244,250,125,20040205, 06:41:50.0000,-61.98004274,-60.20437821,-61.980616,-60.20640821,-61.98004274,-60.20437821,1.10148E-06
687,1122,1,-93.394008,4.93209,-75.318105,250,125,20040205, 06:42:30.0000,-61.98117573,-60.20847112,-61.98173205,-60.21059487,-61.98117573,-60.20847112,1.1443E-07
687,1123,1,-97.896972,1.748778,-84.508228,250,125,20040205, 06:43:10.0000,-61.98228205,-60.21267222,-61.982844,-60.214732,-61.98228205,-60.21267222,4.05735E-08
687,1124,1,-88.46704,15.336555,-77.124722,250,125,20040205, 06:43:50.0000,-61.98340894,-60.21677683,-61.98399274,-60.21885556,-61.98340894,-60.21677683,3.55825E-07
687,1125,1,-81.302159,79.83915,-64.647453,250,125,20040205, 06:44:30.0000,-61.9845926,-60.22096114,-61.98519248,-60.22304412,-61.9845926,-60.22096114,1.85235E-06
687,1126,1,-89.160139,13.074286,-76.144564,250,125,20040205, 06:45:10.0000,-61.98579853,-60.22509412,-61.98639272,-60.22717217,-61.98579853,-60.22509412,3.03338E-07
687,1127,1,-101.387548,0.782847,-87.437893,250,125,20040205, 06:45:50.0000,-61.98699286,-60.2292119,-61.98759286,-60.23122857,-61.98699286,-60.2292119,1.81629E-08
687,1128,1,-96.560239,2.379074,-85.616116,250,125,20040205, 06:46:30.0000,-61.98818204,-60.23329482,-61.98875952,-60.23529524,-61.98818204,-60.23329482,5.51971E-08
687,1129,1,-101.13114,0.830458,-89.525167,250,125,20040205, 06:47:10.0000,-61.98933186,-60.23733807,-61.98990915,-60.23941078,-61.98933186,-60.23733807,1.92675E-08
687,1130,1,-89.66648,11.635468,-80.996259,250,125,20040205, 06:47:50.0000,-61.99048186,-60.24147141,-61.99106044,-60.24358131,-61.99048186,-60.24147141,2.69955E-07
687,1131,1,-85.027405,33.860345,-77.660198,250,125,20040205, 06:48:30.0000,-61.99164853,-60.24569412,-61.99221564,-60.24780667,-61.99164853,-60.24569412,7.85597E-07
687,1132,1,-80.254123,101.629435,-63.854731,250,125,20040205, 06:49:10.0000,-61.99282722,-60.24994263,-61.99341537,-60.25202217,-61.99282722,-60.24994263,2.35791E-06
687,1133,1,-75.353554,314.106135,-60.367042,250,125,20040205, 06:49:50.0000,-61.99398231,-60.2540959,-61.99456055,-60.25621499,-61.99398231,-60.2540959,7.2876E-06
687,1134,1,-80.996632,85.658135,-66.357876,250,125,20040205, 06:50:30.0000,-61.99514942,-60.25836433,-61.99572641,-60.26049,-61.99514942,-60.25836433,1.98736E-06
687,1135,1,-69.331628,1256.808381,-55.733365,250,125,20040205, 06:51:10.0000,-61.99632722,-60.26262596,-61.99691528,-60.26473846,-61.99632722,-60.26262596,2.91593E-05
687,1136,1,-81.877209,69.937636,-68.062499,250,125,20040205, 06:51:50.0000,-61.99749897,-60.26685667,-61.99809308,-60.26900667,-61.99749897,-60.26685667,1.62263E-06
687,1137,1,-96.774771,2.264408,-80.774802,250,125,20040205, 06:52:30.0000,-61.99868275,-60.27114192,-61.99927711,-60.27324801,-61.99868275,-60.27114192,5.25367E-08
687,1138,1,-79.125158,131.800205,-64.06112,250,125,20040205, 06:53:10.0000,-61.99984897,-60.27534,-62.00041633,-60.277443,-61.99984897,-60.27534,3.05791E-06
687,1139,1,-96.39493,2.471376,-84.236581,250,125,20040205, 06:53:50.0000,-62.00099308,-60.27955667,-62.00158291,-60.28163166,-62.00099308,-60.27955667,5.73386E-08
687,1140,1,-95.353279,3.141261,-79.884831,250,125,20040205, 06:54:30.0000,-62.00214308,-60.28367923,-62.00271608,-60.28574192,-62.00214308,-60.28367923,7.28806E-08
687,1141,1,-74.909377,347.931836,-58.931335,250,125,20040205, 06:55:10.0000,-62.00331055,-60.28784263,-62.00389958,-60.28993166,-62.00331055,-60.28784263,8.07239E-06
687,1142,1,-85.052151,33.667959,-66.346078,250,125,20040205, 06:55:50.0000,-62.00448231,-60.29199,-62.00507722,-60.29409832,-62.00448231,-60.29199,7.81133E-07
687,1143,1,-82.842067,56.004787,-66.67604,250,125,20040205, 06:56:30.0000,-62.00567605,-60.2961555,-62.00627711,-60.29816468,-62.00567605,-60.2961555,1.29937E-06
687,1144,1,-106.666193,0.232173,-93.619563,250,125,20040205, 06:57:10.0000,-62.00686564,-60.30016256,-62.00744949,-60.30221465,-62.00686564,-60.30016256,5.38667E-09
687,1145,1,-89.886144,11.061588,-75.861832,250,125,20040205, 06:57:50.0000,-62.00802733,-60.304282,-62.00862722,-60.3063593,-62.00802733,-60.304282,2.56641E-07
687,1146,1,-101.498197,0.763154,-87.51546,250,125,20040205, 06:58:30.0000,-62.009233,-60.30842633,-62.00984272,-60.31047816,-62.009233,-60.30842633,1.7706E-08
687,1147,1,-111.285139,0.080153,-97.325537,250,125,20040205, 06:59:10.0000,-62.01044389,-60.31251499,-62.01044389,-60.31251499,-62.01044389,-60.31251499,1.85963E-09
687,1148,1,-81.731146,72.329793,-63.375919,250,125,20040205, 06:59:50.0000,-62.01103291,-60.31453166,-62.01219958,-60.31858166,-62.01160974,-60.31654,1.67813E-06
687,1149,1,-106.072679,0.266173,-93.758384,250,125,20040205, 07:00:30.0000,-62.01277593,-60.32067179,-62.01277593,-60.32067179,-62.01277593,-60.32067179,6.1755E-09
687,1150,1,-97.009104,2.145465,-78.596271,250,125,20040205, 07:00:50.0000,-62.01336564,-60.32277923,-62.01396055,-60.32479832,-62.01336564,-60.32277923,4.97771E-08
687,1151,1,-109.498355,0.120947,-95.314989,250,125,20040205, 07:01:30.0000,-62.01456067,-60.326832,-62.01515974,-60.3288959,-62.01456067,-60.326832,2.80611E-09
687,1152,1,-95.153262,3.289316,-79.105765,250,125,20040205, 07:02:10.0000,-62.01576625,-60.33098166,-62.01637605,-60.3331055,-62.01576625,-60.33098166,7.63157E-08
687,1153,1,-94.369951,3.93946,-81.861249,250,125,20040205, 07:02:50.0000,-62.01696045,-60.33525896,-62.01756055,-60.33744263,-62.01696045,-60.33525896,9.13997E-08
687,1154,1,-98.030618,1.695782,-84.651445,250,125,20040205, 07:03:30.0000,-62.01814967,-60.33960967,-62.01871564,-60.34172923,-62.01814967,-60.33960967,3.9344E-08
687,1155,1,-100.300127,1.005586,-86.619658,250,125,20040205, 07:04:10.0000,-62.01929958,-60.3438593,-62.01988204,-60.34597217,-62.01929958,-60.3438593,2.33307E-08
687,1156,1,-110.726089,0.091164,-91.639986,250,125,20040205, 07:04:50.0000,-62.02047641,-60.3480459,-62.02106564,-60.35006256,-62.02047641,-60.3480459,2.1151E-09
687,1157,1,-97.283368,2.014165,-85.582579,250,125,20040205, 07:05:30.0000,-62.02164967,-60.352082,-62.02221573,-60.35411293,-62.02164967,-60.352082,4.67308E-08
687,1158,1,-99.98347,1.081645,-89.300132,250,125,20040205, 07:06:10.0000,-62.02279411,-60.35619899,-62.02336544,-60.35827247,-62.02279411,-60.35619899,2.50953E-08
687,1159,1,-97.747178,1.810148,-85.608998,250,125,20040205, 07:06:50.0000,-62.0239432,-60.36037959,-62.02450986,-60.36249039,-62.0239432,-60.36037959,4.19974E-08
687,1160,1,-97.053286,2.123749,-84.116093,250,125,20040205, 07:07:30.0000,-62.02509967,-60.364582,-62.02569906,-60.36667372,-62.02509967,-60.364582,4.92733E-08
687,1161,1,-111.436207,0.077413,-97.266557,250,125,20040205, 07:08:10.0000,-62.02629958,-60.36873166,-62.02691055,-60.37076499,-62.02629958,-60.36873166,1.79605E-09
687,1162,1,-101.297916,0.799172,-89.875396,250,125,20040205, 07:08:50.0000,-62.02749886,-60.37281211,-62.02808291,-60.37491499,-62.02749886,-60.37281211,1.85417E-08
687,1163,1,-103.615366,0.4687,-89.60332,250,125,20040205, 07:09:30.0000,-62.02865948,-60.37698913,-62.0292432,-60.37904039,-62.02865948,-60.37698913,1.08744E-08
687,1164,1,-102.115788,0.661992,-92.911521,250,125,20040205, 07:10:10.0000,-62.02982733,-60.38110967,-62.03041055,-60.38321499,-62.02982733,-60.38110967,1.53589E-08
687,1165,1,-101.329415,0.793397,-92.61481,250,125,20040205, 07:10:50.0000,-62.03099293,-60.38530618,-62.03159367,-60.38740858,-62.03099293,-60.38530618,1.84077E-08
687,1166,1,-99.330701,1.257077,-89.736625,250,125,20040205, 07:11:30.0000,-62.03219304,-60.38949579,-62.03279886,-60.39157878,-62.03219304,-60.38949579,2.91655E-08
687,1167,1,-102.892391,0.553596,-90.292918,250,125,20040205, 07:12:10.0000,-62.03341089,-60.393666,-62.03399992,-60.39571633,-62.03341089,-60.393666,1.2844E-08
687,1168,1,-96.308716,2.520927,-76.876557,250,125,20040205, 07:12:50.0000,-62.0346159,-60.39773026,-62.03523317,-60.39973266,-62.0346159,-60.39773026,5.84882E-08
687,1169,1,-109.058173,0.133849,-96.31252,250,125,20040205, 07:13:30.0000,-62.03582733,-60.40177633,-62.0364159,-60.40386359,-62.03582733,-60.40177633,3.10544E-09
687,1170,1,-98.831711,1.410135,-82.377775,250,125,20040205, 07:14:10.0000,-62.03699983,-60.40591039,-62.03757638,-60.40795655,-62.03699983,-60.40591039,3.27167E-08
687,1171,1,-98.17158,1.641625,-79.343579,250,125,20040205, 07:14:50.0000,-62.03814886,-60.40997878,-62.03879389,-60.41198166,-62.03814886,-60.40997878,3.80875E-08
687,1172,1,-97.299951,2.006489,-83.712912,250,125,20040205, 07:15:30.0000,-62.03941089,-60.41397161,-62.04004342,-60.41593026,-62.03941089,-60.41397161,4.65527E-08
687,1173,1,-94.110054,4.182408,-82.550537,250,125,20040205, 07:16:10.0000,-62.04067755,-60.417916,-62.04132767,-60.419933,-62.04067755,-60.417916,9.70364E-08
687,1174,1,-60.733928,9099.951359,-46.265437,250,125,20040205, 07:16:50.0000,-62.04194342,-60.42194692,-62.0425665,-60.42398266,-62.04194342,-60.42194692,0.000211129
687,1175,1,-95.097085,3.33214,-82.245837,250,125,20040205, 07:17:30.0000,-62.04317626,-60.42602285,-62.04382767,-60.42806633,-62.04317626,-60.42602285,7.73093E-08
687,1176,1,-102.13208,0.659514,-88.094909,250,125,20040205, 07:18:10.0000,-62.04443317,-60.43004933,-62.04506089,-60.43202705,-62.04443317,-60.43004933,1.53014E-08
687,1177,1,-101.913515,0.693554,-85.09324,250,125,20040205, 07:18:50.0000,-62.04567638,-60.4340017,-62.04627755,-60.435966,-62.04567638,-60.4340017,1.60912E-08
687,1178,1,-100.24376,1.018722,-86.140311,250,125,20040205, 07:19:30.0000,-62.04689433,-60.43794967,-62.04749342,-60.43994692,-62.04689433,-60.43794967,2.36355E-08
687,1179,1,-94.198012,4.098554,-82.70521,250,125,20040205, 07:20:10.0000,-62.04811089,-60.44194933,-62.04871553,-60.44396211,-62.04811089,-60.44194933,9.50909E-08
687,1180,1,-93.332993,5.001872,-80.920144,250,125,20040205, 07:20:50.0000,-62.04932675,-60.44600778,-62.04994422,-60.44806039,-62.04932675,-60.44600778,1.16049E-07
687,1181,1,-92.971394,5.436163,-82.661359,250,125,20040205, 07:21:30.0000,-62.05057767,-60.45011633,-62.05121009,-60.45214692,-62.05057767,-60.45011633,1.26125E-07
687,1182,1,-91.314343,7.961549,-79.779448,250,125,20040205, 07:22:10.0000,-62.05182755,-60.45418266,-62.05182755,-60.45418266,-62.05182755,-60.45418266,1.84717E-07
687,1183,1,-95.601257,2.966922,-86.948385,250,125,20040205, 07:22:30.0000,-62.05243325,-60.45622742,-62.05303256,-60.45829692,-62.05243325,-60.45622742,6.88358E-08
687,1184,1,-94.695578,3.654887,-86.365172,250,125,20040205, 07:23:10.0000,-62.05364433,-60.46034967,-62.05424983,-60.46244372,-62.05364433,-60.46034967,8.47973E-08
687,1185,1,-65.433384,3083.851091,-49.994784,250,125,20040205, 07:23:50.0000,-62.05486009,-60.46452444,-62.05546089,-60.466616,-62.05486009,-60.46452444,7.15487E-05
687,1186,1,-99.803567,1.127393,-91.701263,250,125,20040205, 07:24:30.0000,-62.05604992,-60.46869967,-62.05664923,-60.47078026,-62.05604992,-60.46869967,2.61567E-08
687,1187,1,-103.276348,0.506754,-85.493952,250,125,20040205, 07:25:10.0000,-62.05723317,-60.47284933,-62.05780971,-60.47486246,-62.05723317,-60.47284933,1.17572E-08
687,1188,1,-102.953489,0.545862,-91.317017,250,125,20040205, 07:25:50.0000,-62.05839975,-60.476899,-62.05898317,-60.47893266,-62.05839975,-60.476899,1.26646E-08
687,1189,1,-104.731667,0.362464,-92.276803,250,125,20040205, 07:26:30.0000,-62.05956577,-60.4809739,-62.06014911,-60.48302976,-62.05956577,-60.4809739,8.40956E-09
687,1190,1,-100.644512,0.928925,-90.636879,250,125,20040205, 07:27:10.0000,-62.06076089,-60.48507705,-62.061361,-60.48716075,-62.06076089,-60.48507705,2.15521E-08
687,1191,1,-65.815511,2824.104188,-50.31361,250,125,20040205, 07:27:50.0000,-62.061961,-60.48926075,-62.062561,-60.491333,-62.061961,-60.48926075,6.55223E-05
687,1192,1,-60.539262,9517.121871,-46.566264,250,125,20040205, 07:28:30.0000,-62.063161,-60.49342742,-62.0637602,-60.49552483,-62.063161,-60.49342742,0.000220807
687,1193,1,-66.081854,2656.112127,-49.533285,250,125,20040205, 07:29:10.0000,-62.0643602,-60.49762483,-62.06494983,-60.499716,-62.0643602,-60.49762483,6.16247E-05
687,1194,1,-75.12974,330.717973,-58.441698,250,125,20040205, 07:29:50.0000,-62.06553265,-60.50178061,-62.06612755,-60.50384372,-62.06553265,-60.50178061,7.67301E-06
687,1195,1,-80.896388,87.658291,-63.108279,250,125,20040205, 07:30:30.0000,-62.06674433,-60.50594408,-62.06734992,-60.50802742,-62.06674433,-60.50594408,2.03377E-06
687,1196,1,-101.13815,0.829119,-89.040043,250,125,20040205, 07:31:10.0000,-62.06793325,-60.51004967,-62.06852767,-60.51206633,-62.06793325,-60.51004967,1.92365E-08
687,1197,1,-83.14521,52.2289,-66.226885,250,125,20040205, 07:31:50.0000,-62.06911658,-60.51411633,-62.06971658,-60.516133,-62.06911658,-60.51411633,1.21177E-06
687,1198,1,-111.818587,0.070888,-98.029036,250,125,20040205, 07:32:30.0000,-62.07030992,-60.51817976,-62.07091658,-60.520233,-62.07030992,-60.51817976,1.64468E-09
687,1199,1,-74.159673,413.48951,-58.290116,250,125,20040205, 07:33:10.0000,-62.07151658,-60.52232742,-62.07211675,-60.52441147,-62.07151658,-60.52232742,9.5934E-06
687,1200,1,-95.777816,2.848723,-85.453203,250,125,20040205, 07:33:50.0000,-62.07271586,-60.52650761,-62.07333342,-60.528617,-62.07271586,-60.52650761,6.60935E-08
687,1201,1,-97.39518,1.962971,-84.737555,250,125,20040205, 07:34:30.0000,-62.07396122,-60.530717,-62.0745767,-60.5327801,-62.07396122,-60.530717,4.5543E-08
687,1202,1,-98.739598,1.440363,-85.689156,250,125,20040205, 07:35:10.0000,-62.07519456,-60.53487814,-62.07581122,-60.536917,-62.07519456,-60.53487814,3.3418E-08
687,1203,1,-93.106711,5.269394,-76.353562,250,125,20040205, 07:35:50.0000,-62.07641577,-60.5389739,-62.07701615,-60.54102556,-62.07641577,-60.5389739,1.22256E-07
687,1204,1,-96.609231,2.352387,-86.857608,250,125,20040205, 07:36:30.0000,-62.07762659,-60.54309057,-62.07824919,-60.54516343,-62.07762659,-60.54309057,5.45779E-08
687,1205,1,-103.506517,0.480596,-92.430252,250,125,20040205, 07:37:10.0000,-62.07887709,-60.54726462,-62.07949919,-60.54932427,-62.07887709,-60.54726462,1.11503E-08
687,1206,1,-115.120636,0.033141,-101.741718,250,125,20040205, 07:37:50.0000,-62.08011133,-60.55141183,-62.08072789,-60.55347814,-62.08011133,-60.55141183,7.6891E-10
687,1207,1,-106.715522,0.229551,-94.736585,250,125,20040205, 07:38:30.0000,-62.08131586,-60.55555761,-62.08131586,-60.55555761,-62.08131586,-60.55555761,5.32584E-09
687,1208,1,-69.980434,1082.401725,-53.87865,250,125,20040205, 07:38:50.0000,-62.0819267,-60.55764094,-62.08256122,-60.55973367,-62.0819267,-60.55764094,2.51129E-05
687,1209,1,-107.027772,0.213626,-92.252313,250,125,20040205, 07:39:30.0000,-62.08316133,-60.56181183,-62.08376003,-60.56381343,-62.08316133,-60.56181183,4.95636E-09
687,1210,1,-109.257922,0.127832,-94.765249,250,125,20040205, 07:40:10.0000,-62.08436122,-60.56585034,-62.08496133,-60.56790067,-62.08436122,-60.56585034,2.96584E-09
687,1211,1,-96.240273,2.56097,-77.204444,250,125,20040205, 07:40:50.0000,-62.08556111,-60.56993333,-62.08619456,-60.571967,-62.08556111,-60.56993333,5.94173E-08
687,1212,1,-98.275626,1.602763,-78.887838,250,125,20040205, 07:41:30.0000,-62.08680992,-60.57397976,-62.08744376,-60.57604222,-62.08680992,-60.57397976,3.71858E-08
687,1213,1,-100.3034,1.004828,-86.108904,250,125,20040205, 07:42:10.0000,-62.08806675,-60.578067,-62.08869325,-60.58014057,-62.08806675,-60.578067,2.33131E-08
687,1214,1,-94.345056,3.962108,-81.258346,250,125,20040205, 07:42:50.0000,-62.08931003,-60.58224676,-62.08991122,-60.58433367,-62.08931003,-60.58224676,9.19252E-08
687,1215,1,-91.816417,7.09235,-78.476545,250,125,20040205, 07:43:30.0000,-62.09051658,-60.58641075,-62.09114376,-60.58850889,-62.09051658,-60.58641075,1.6455E-07
687,1216,1,-95.123982,3.311568,-80.656554,250,125,20040205, 07:44:10.0000,-62.09179456,-60.59061147,-62.0924267,-60.5926801,-62.09179456,-60.59061147,7.68319E-08
687,1217,1,-92.952522,5.459836,-76.868824,250,125,20040205, 07:44:50.0000,-62.09301683,-60.59476733,-62.09362789,-60.59686147,-62.09301683,-60.59476733,1.26674E-07
687,1218,1,-96.284769,2.534866,-84.447449,250,125,20040205, 07:45:30.0000,-62.0942267,-60.5989301,-62.09486133,-60.60099517,-62.0942267,-60.5989301,5.88116E-08
687,1219,1,-103.341694,0.499186,-86.001837,250,125,20040205, 07:46:10.0000,-62.09549376,-60.60303128,-62.09610017,-60.60509517,-62.09549376,-60.60303128,1.15817E-08
687,1220,1,-94.757246,3.603357,-81.706256,250,125,20040205, 07:46:50.0000,-62.09671043,-60.60718128,-62.09732789,-60.60929481,-62.09671043,-60.60718128,8.36018E-08
687,1221,1,-77.568543,188.61559,-58.875964,250,125,20040205, 07:47:30.0000,-62.09794456,-60.61138367,-62.09854358,-60.6134474,-62.09794456,-60.61138367,4.37609E-06
687,1222,1,-101.44071,0.773323,-85.512328,250,125,20040205, 07:48:10.0000,-62.09916133,-60.61550067,-62.099778,-60.617534,-62.09916133,-60.61550067,1.79419E-08
687,1223,1,-92.835197,5.609345,-76.897067,250,125,20040205, 07:48:50.0000,-62.10039358,-60.61963073,-62.10101675,-60.62174481,-62.10039358,-60.61963073,1.30143E-07
687,1224,1,-108.079054,0.167697,-89.396135,250,125,20040205, 07:49:30.0000,-62.10161122,-60.62387814,-62.10221683,-60.6259785,-62.10161122,-60.62387814,3.89076E-09
687,1225,1,-113.60652,0.046966,-95.067891,250,125,20040205, 07:50:10.0000,-62.10286054,-60.6280426,-62.10347691,-60.6300974,-62.10286054,-60.6280426,1.08965E-09
687,1226,1,-106.631694,0.234025,-91.83077,250,125,20040205, 07:50:50.0000,-62.10409467,-60.632084,-62.10471122,-60.63407814,-62.10409467,-60.632084,5.42963E-09
687,1227,1,-103.181654,0.517925,-90.858864,250,125,20040205, 07:51:30.0000,-62.10532691,-60.63615829,-62.10532691,-60.63615829,-62.10532691,-60.63615829,1.20164E-08
687,1228,1,-76.961486,216.911826,-61.391902,250,125,20040205, 07:51:50.0000,-62.10596133,-60.63826183,-62.10662822,-60.64037923,-62.10596133,-60.63826183,5.03259E-06
687,1229,1,-112.282334,0.063709,-96.755127,250,125,20040205, 07:52:30.0000,-62.10724935,-60.64252496,-62.10794467,-60.64455617,-62.10724935,-60.64252496,1.47811E-09
687,1230,1,-121.392671,0.007819,-104.671693,250,125,20040205, 07:53:10.0000,-62.108817,-60.64617267,-62.108817,-60.64617267,-62.108817,-60.64617267,1.8141E-10
