Process_ID,Interval,Layer,Sv_mean,NASC,Sv_max,Height_mean,Depth_mean,Date_M,Time_M,Lat_S,Lon_S,Lat_E,Lon_E,Lat_M,Lon_M,ABC
690,1,1,-91.31411,7.961975,-77.863731,250,125,20040307, 23:04:10.0000,-62.9998,-61.7123466,-62.9998,-61.70990197,-62.9998,-61.7123466,1.84726E-07
690,2,1,-90.903639,8.751206,-79.857701,250,125,20040307, 23:04:50.0000,-62.9998,-61.70743974,-62.9998,-61.70501264,-62.9998,-61.70743974,2.03037E-07
690,3,1,-91.881131,6.98745,-80.761705,250,125,20040307, 23:05:30.0000,-62.99978333,-61.70256863,-62.99975,-61.70011098,-62.99978333,-61.70256863,1.62116E-07
690,4,1,-93.060861,5.325321,-78.574834,250,125,20040307, 23:06:10.0000,-62.99973333,-61.69766691,-62.99971667,-61.69522764,-62.99973333,-61.69766691,1.23553E-07
690,5,1,-95.433379,3.083855,-85.84875,250,125,20040307, 23:06:50.0000,-62.99971667,-61.69281176,-62.99971667,-61.69037721,-62.99971667,-61.69281176,7.15488E-08
690,6,1,-95.593909,2.971946,-85.452796,250,125,20040307, 23:07:30.0000,-62.9997,-61.6879302,-62.99968333,-61.68552721,-62.9997,-61.6879302,6.89524E-08
690,7,1,-94.539204,3.788885,-83.262018,250,125,20040307, 23:08:10.0000,-62.99966667,-61.68307721,-62.99965,-61.68064022,-62.99966667,-61.68307721,8.79062E-08
690,8,1,-97.33669,1.989587,-85.104781,250,125,20040307, 23:08:50.0000,-62.99963333,-61.67819984,-62.99963333,-61.67577721,-62.99963333,-61.67819984,4.61606E-08
690,9,1,-96.105648,2.6416,-86.94641,250,125,20040307, 23:09:30.0000,-62.9996,-61.67333317,-62.99956667,-61.67088317,-62.9996,-61.67333317,6.1288E-08
690,10,1,-94.686396,3.662624,-86.978176,250,125,20040307, 23:10:10.0000,-62.99955,-61.66844984,-62.99954404,-61.66601054,-62.99955,-61.66844984,8.49768E-08
690,11,1,-96.703282,2.301991,-86.196621,250,125,20040307, 23:10:50.0000,-62.99953333,-61.66354466,-62.99951667,-61.6611165,-62.99953333,-61.66354466,5.34087E-08
690,12,1,-96.194126,2.588328,-84.331424,250,125,20040307, 23:11:30.0000,-62.9995,-61.65869984,-62.99948333,-61.65628317,-62.9995,-61.65869984,6.0052E-08
690,13,1,-92.787062,5.671862,-79.113261,250,125,20040307, 23:12:10.0000,-62.99946667,-61.6538665,-62.99946667,-61.65144387,-62.99946667,-61.6538665,1.31593E-07
690,14,1,-91.690711,7.300637,-80.482718,250,125,20040307, 23:12:50.0000,-62.99946667,-61.64902721,-62.99945,-61.64657721,-62.99946667,-61.64902721,1.69383E-07
690,15,1,-88.526336,15.128583,-80.027824,250,125,20040307, 23:13:30.0000,-62.99943333,-61.64415689,-62.99941667,-61.6417165,-62.99943333,-61.64415689,3.50999E-07
690,16,1,-91.674877,7.327303,-82.299908,250,125,20040307, 23:14:10.0000,-62.9994107,-61.63924984,-62.99938333,-61.63679984,-62.9994107,-61.63924984,1.70001E-07
690,17,1,-92.594105,5.929545,-83.67636,250,125,20040307, 23:14:50.0000,-62.99936667,-61.63432721,-62.99935,-61.6319165,-62.99936667,-61.63432721,1.37572E-07
690,18,1,-94.680683,3.667444,-84.395309,250,125,20040307, 23:15:30.0000,-62.99931667,-61.62947642,-62.99928333,-61.62699309,-62.99931667,-61.62947642,8.50887E-08
690,19,1,-92.850855,5.589157,-83.462805,250,125,20040307, 23:16:10.0000,-62.99925,-61.62453244,-62.99923333,-61.62208325,-62.99925,-61.62453244,1.29674E-07
690,20,1,-92.580882,5.947625,-82.817198,250,125,20040307, 23:16:50.0000,-62.9992,-61.61964309,-62.99918333,-61.61720976,-62.9992,-61.61964309,1.37991E-07
690,21,1,-93.904941,4.384678,-83.596911,250,125,20040307, 23:17:30.0000,-62.99915,-61.61476235,-62.99911065,-61.61234911,-62.99915,-61.61476235,1.01729E-07
690,22,1,-94.265486,4.035369,-83.583375,250,125,20040307, 23:18:10.0000,-62.99906667,-61.60995976,-62.99903333,-61.60756154,-62.99906667,-61.60995976,9.36249E-08
690,23,1,-93.724388,4.570809,-83.505954,250,125,20040307, 23:18:50.0000,-62.99898333,-61.6051341,-62.99894368,-61.60270517,-62.99898333,-61.6051341,1.06048E-07
690,24,1,-92.818138,5.631421,-83.407425,250,125,20040307, 23:19:30.0000,-62.99891667,-61.60026744,-62.9989,-61.59785077,-62.99891667,-61.60026744,1.30655E-07
690,25,1,-93.226983,5.125468,-83.683169,250,125,20040307, 23:20:30.0000,-62.99886667,-61.5954341,-62.99878333,-61.59056744,-62.99882744,-61.59301154,1.18916E-07
690,26,1,-94.057973,4.232866,-84.987238,250,125,20040307, 23:21:10.0000,-62.99875,-61.58814487,-62.99871667,-61.58571154,-62.99875,-61.58814487,9.82071E-08
690,27,1,-95.010366,3.399345,-82.438604,250,125,20040307, 23:21:50.0000,-62.99867701,-61.58325517,-62.99863333,-61.58084577,-62.99867701,-61.58325517,7.88685E-08
690,28,1,-94.32305,3.982235,-83.138942,250,125,20040307, 23:22:30.0000,-62.9986,-61.57841154,-62.99856667,-61.57597184,-62.9986,-61.57841154,9.23921E-08
690,29,1,-92.529321,6.018659,-80.752796,250,125,20040307, 23:23:10.0000,-62.99853333,-61.57356154,-62.9985,-61.57115077,-62.99853333,-61.57356154,1.39639E-07
690,30,1,-90.943395,8.671462,-79.359632,250,125,20040307, 23:23:50.0000,-62.99846667,-61.56871744,-62.9984441,-61.56629487,-62.99846667,-61.56871744,2.01187E-07
690,31,1,-89.862646,11.121599,-78.448112,250,125,20040307, 23:24:30.0000,-62.99841667,-61.56386744,-62.99838333,-61.56145517,-62.99841667,-61.56386744,2.58033E-07
690,32,1,-90.784959,8.993649,-79.312559,250,125,20040307, 23:25:10.0000,-62.99836077,-61.5590341,-62.99835,-61.55661154,-62.99836077,-61.5590341,2.08662E-07
690,33,1,-91.246544,8.086813,-80.316558,250,125,20040307, 23:25:50.0000,-62.99831667,-61.55417821,-62.99832256,-61.55175077,-62.99831667,-61.55417821,1.87623E-07
690,34,1,-91.699695,7.285551,-81.220191,250,125,20040307, 23:26:30.0000,-62.99833333,-61.54932821,-62.99833333,-61.54689483,-62.99833333,-61.54932821,1.69033E-07
690,35,1,-91.685773,7.308943,-81.116117,250,125,20040307, 23:27:10.0000,-62.99835,-61.54444487,-62.99835,-61.54200077,-62.99835,-61.54444487,1.69575E-07
690,36,1,-90.505275,9.591894,-80.435105,250,125,20040307, 23:27:50.0000,-62.99836667,-61.53956071,-62.99836667,-61.53712738,-62.99836667,-61.53956071,2.22542E-07
690,37,1,-91.319186,7.952675,-81.684191,250,125,20040307, 23:28:30.0000,-62.99838333,-61.53466071,-62.9984,-61.53217738,-62.99838333,-61.53466071,1.84511E-07
690,38,1,-91.745638,7.208884,-82.166282,250,125,20040307, 23:29:10.0000,-62.9984,-61.52971071,-62.99841667,-61.52725,-62.9984,-61.52971071,1.67254E-07
690,39,1,-88.61086,14.836992,-72.785886,250,125,20040307, 23:29:50.0000,-62.99843333,-61.52479405,-62.99846667,-61.52236071,-62.99843333,-61.52479405,3.44234E-07
690,40,1,-91.241688,8.095861,-81.562525,250,125,20040307, 23:30:30.0000,-62.99848333,-61.51992738,-62.9985,-61.51751667,-62.99848333,-61.51992738,1.87833E-07
690,41,1,-90.767399,9.030088,-81.013692,250,125,20040307, 23:31:10.0000,-62.99853333,-61.51511667,-62.99855,-61.51276667,-62.99853333,-61.51511667,2.09508E-07
690,42,1,-90.054888,10.640035,-81.249111,250,125,20040307, 23:31:50.0000,-62.99856667,-61.51039412,-62.9986,-61.50803333,-62.99856667,-61.51039412,2.4686E-07
690,43,1,-85.105781,33.254758,-74.895094,250,125,20040307, 23:32:30.0000,-62.99861667,-61.50569957,-62.99863333,-61.50337692,-62.99861667,-61.50569957,7.71546E-07
690,44,1,-85.988452,27.138551,-77.62136,250,125,20040307, 23:33:10.0000,-62.99866667,-61.50101026,-62.99866667,-61.49866624,-62.99866667,-61.50101026,6.29644E-07
690,45,1,-85.918159,27.581374,-78.418036,250,125,20040307, 23:33:50.0000,-62.99866667,-61.49629957,-62.9987,-61.49389359,-62.99866667,-61.49629957,6.39918E-07
690,46,1,-89.051505,13.405449,-80.024659,250,125,20040307, 23:34:30.0000,-62.99871667,-61.49149957,-62.99871667,-61.48911624,-62.99871667,-61.49149957,3.11021E-07
690,47,1,-88.569915,14.977536,-80.300524,250,125,20040307, 23:35:10.0000,-62.99871667,-61.48674359,-62.99871667,-61.48436026,-62.99871667,-61.48674359,3.47495E-07
690,48,1,-89.259525,12.778485,-80.311268,250,125,20040307, 23:35:50.0000,-62.99871667,-61.48196624,-62.99873333,-61.47957692,-62.99871667,-61.48196624,2.96475E-07
690,49,1,-89.281031,12.715362,-80.985875,250,125,20040307, 23:36:50.0000,-62.99875,-61.47718291,-62.99875,-61.47244957,-62.99875,-61.47481034,2.9501E-07
690,50,1,-89.484268,12.134029,-79.475415,250,125,20040307, 23:37:30.0000,-62.99875,-61.47006624,-62.99873333,-61.46771624,-62.99875,-61.47006624,2.81523E-07
690,51,1,-85.138687,33.003741,-74.343498,250,125,20040307, 23:38:10.0000,-62.99873333,-61.46533291,-62.99871667,-61.46298291,-62.99873333,-61.46533291,7.65722E-07
690,52,1,-78.871541,139.726153,-68.219195,250,125,20040307, 23:38:50.0000,-62.9987,-61.46061624,-62.99868333,-61.45826624,-62.9987,-61.46061624,3.2418E-06
690,53,1,-85.071735,33.516472,-76.065574,250,125,20040307, 23:39:30.0000,-62.99868333,-61.45589957,-62.99866667,-61.45356034,-62.99868333,-61.45589957,7.77618E-07
690,54,1,-89.198771,12.9585,-78.227771,250,125,20040307, 23:40:10.0000,-62.99865,-61.45119359,-62.99863333,-61.44881624,-62.99865,-61.45119359,3.00651E-07
690,55,1,-89.155886,13.087095,-76.934491,250,125,20040307, 23:40:50.0000,-62.99863333,-61.44646675,-62.99862735,-61.44414957,-62.99863333,-61.44646675,3.03635E-07
690,56,1,-88.382791,15.636976,-75.847448,250,125,20040307, 23:41:30.0000,-62.9986,-61.44178291,-62.99858333,-61.43944957,-62.9986,-61.44178291,3.62795E-07
690,57,1,-90.107458,10.512017,-78.115696,250,125,20040307, 23:42:10.0000,-62.99856667,-61.43708291,-62.99855,-61.43471026,-62.99856667,-61.43708291,2.4389E-07
690,58,1,-90.605707,9.372622,-78.575715,250,125,20040307, 23:42:50.0000,-62.99852735,-61.43232692,-62.99851068,-61.42996026,-62.99852735,-61.43232692,2.17455E-07
690,59,1,-88.604165,14.859882,-78.056126,250,125,20040307, 23:43:30.0000,-62.9985,-61.42759957,-62.99851667,-61.42522701,-62.9985,-61.42759957,3.44765E-07
690,60,1,-91.107562,8.349792,-81.683294,250,125,20040307, 23:44:30.0000,-62.99841068,-61.42294957,-62.99771443,-61.41860144,-62.99813803,-61.42070556,1.93724E-07
690,61,1,-90.939272,8.679699,-80.124285,250,125,20040307, 23:45:10.0000,-62.99721412,-61.41655649,-62.99669872,-61.41451154,-62.99721412,-61.41655649,2.01378E-07
690,62,1,-91.327232,7.937956,-81.613128,250,125,20040307, 23:45:50.0000,-62.99618087,-61.4124568,-62.99563079,-61.41042315,-62.99618087,-61.4124568,1.84169E-07
690,63,1,-91.758695,7.187244,-81.609789,250,125,20040307, 23:46:30.0000,-62.99508116,-61.40839129,-62.99451443,-61.40635771,-62.99508116,-61.40839129,1.66752E-07
690,64,1,-90.941212,8.675822,-80.06267,250,125,20040307, 23:47:10.0000,-62.99394837,-61.40432683,-62.99337487,-61.40228501,-62.99394837,-61.40432683,2.01288E-07
690,65,1,-89.377686,12.435498,-78.309448,250,125,20040307, 23:47:50.0000,-62.99281504,-61.4002435,-62.99224837,-61.3981935,-62.99281504,-61.4002435,2.88517E-07
690,66,1,-88.794274,14.223434,-77.2912,250,125,20040307, 23:48:30.0000,-62.99168205,-61.39612222,-62.99113171,-61.3940435,-62.99168205,-61.39612222,3.29999E-07
690,67,1,-89.454189,12.218362,-77.718741,250,125,20040307, 23:49:10.0000,-62.99056495,-61.39199314,-62.98999782,-61.38992462,-62.99056495,-61.39199314,2.83479E-07
690,68,1,-90.691086,9.190165,-79.302151,250,125,20040307, 23:49:50.0000,-62.98944813,-61.38785301,-62.98889828,-61.38579314,-62.98944813,-61.38785301,2.13222E-07
690,69,1,-90.336299,9.972452,-79.506895,250,125,20040307, 23:50:30.0000,-62.98833106,-61.38371793,-62.98777459,-61.38165074,-62.98833106,-61.38371793,2.31372E-07
690,70,1,-89.586222,11.852491,-78.337105,250,125,20040307, 23:51:10.0000,-62.98722585,-61.37958818,-62.98666439,-61.37751793,-62.98722585,-61.37958818,2.74991E-07
690,71,1,-88.550718,15.043885,-72.234522,250,125,20040307, 23:51:50.0000,-62.98610882,-61.37545368,-62.98554828,-61.37339314,-62.98610882,-61.37545368,3.49034E-07
690,72,1,-92.932322,5.48529,-82.617972,250,125,20040307, 23:52:30.0000,-62.98499855,-61.37134422,-62.98445792,-61.36926741,-62.98499855,-61.37134422,1.27265E-07
690,73,1,-93.636819,4.663908,-82.18432,250,125,20040307, 23:53:10.0000,-62.98391522,-61.36717755,-62.98336424,-61.36512362,-62.98391522,-61.36717755,1.08208E-07
690,74,1,-93.438329,4.882013,-83.480027,250,125,20040307, 23:53:50.0000,-62.98282573,-61.36306051,-62.9822648,-61.36100919,-62.98282573,-61.36306051,1.13268E-07
690,75,1,-92.644219,5.861515,-81.98281,250,125,20040307, 23:54:50.0000,-62.98171424,-61.35896725,-62.98063146,-61.35486967,-62.98117528,-61.35691967,1.35993E-07
690,76,1,-93.886992,4.402838,-83.573262,250,125,20040307, 23:55:30.0000,-62.98009121,-61.35280695,-62.97954757,-61.35077362,-62.98009121,-61.35280695,1.02151E-07
690,77,1,-92.693258,5.795702,-82.676881,250,125,20040307, 23:56:10.0000,-62.9790148,-61.34872585,-62.97846424,-61.34670695,-62.9790148,-61.34872585,1.34467E-07
690,78,1,-91.462276,7.694923,-81.687704,250,125,20040307, 23:56:50.0000,-62.97793085,-61.34468367,-62.97739751,-61.34264005,-62.97793085,-61.34468367,1.78531E-07
690,79,1,-91.160931,8.247812,-80.698234,250,125,20040307, 23:57:30.0000,-62.97685787,-61.34060695,-62.97631418,-61.33858367,-62.97685787,-61.34060695,1.91358E-07
690,80,1,-91.822647,7.082182,-81.645132,250,125,20040307, 23:58:10.0000,-62.97578179,-61.33656051,-62.97524239,-61.33453325,-62.97578179,-61.33656051,1.64314E-07
690,81,1,-91.621251,7.418341,-80.69893,250,125,20040307, 23:58:50.0000,-62.97469751,-61.33252338,-62.97417573,-61.33051051,-62.97469751,-61.33252338,1.72114E-07
690,82,1,-93.242286,5.10744,-82.064379,250,125,20040307, 23:59:30.0000,-62.97363075,-61.32845633,-62.97309813,-61.32642585,-62.97363075,-61.32845633,1.18498E-07
690,83,1,-94.102536,4.189655,-84.311945,250,125,20040308, 00:00:10.0000,-62.97256424,-61.32437362,-62.97203075,-61.32233325,-62.97256424,-61.32437362,9.72045E-08
690,84,1,-93.036079,5.355794,-83.03404,250,125,20040308, 00:00:50.0000,-62.97149757,-61.32029028,-62.97094751,-61.31829005,-62.97149757,-61.32029028,1.2426E-07
690,85,1,-92.996895,5.404336,-82.258131,250,125,20040308, 00:01:30.0000,-62.97039751,-61.31629005,-62.96985779,-61.31429005,-62.97039751,-61.31629005,1.25386E-07
690,86,1,-92.461963,6.112734,-81.368699,250,125,20040308, 00:02:30.0000,-62.96930821,-61.31227464,-62.96823146,-61.30822585,-62.96875774,-61.31025657,1.41822E-07
690,87,1,-91.031523,8.497272,-81.28274,250,125,20040308, 00:03:10.0000,-62.96769828,-61.3062098,-62.96714846,-61.30422718,-62.96769828,-61.3062098,1.97146E-07
690,88,1,-90.946331,8.665602,-79.956156,250,125,20040308, 00:03:50.0000,-62.96660862,-61.30222585,-62.9660648,-61.30023203,-62.96660862,-61.30222585,2.01051E-07
690,89,1,-91.601916,7.45144,-81.533743,250,125,20040308, 00:04:30.0000,-62.96551513,-61.29826051,-62.96498146,-61.29625301,-62.96551513,-61.29826051,1.72881E-07
690,90,1,-92.010346,6.782617,-82.085187,250,125,20040308, 00:05:10.0000,-62.96443179,-61.29422718,-62.96388179,-61.29219385,-62.96443179,-61.29422718,1.57364E-07
690,91,1,-92.672892,5.822944,-82.432446,250,125,20040308, 00:05:50.0000,-62.96334783,-61.2901913,-62.96279813,-61.28817585,-62.96334783,-61.2901913,1.35099E-07
690,92,1,-92.90427,5.520836,-82.479963,250,125,20040308, 00:06:30.0000,-62.96226414,-61.2861399,-62.96171414,-61.28410657,-62.96226414,-61.2861399,1.28089E-07
690,93,1,-94.010613,4.279278,-84.193314,250,125,20040308, 00:07:10.0000,-62.96115759,-61.28207277,-62.96061513,-61.28004385,-62.96115759,-61.28207277,9.92839E-08
690,94,1,-93.82463,4.466516,-83.792079,250,125,20040308, 00:07:50.0000,-62.96008179,-61.27797111,-62.95953179,-61.27589385,-62.96008179,-61.27797111,1.03628E-07
690,95,1,-92.148383,6.570426,-80.376634,250,125,20040308, 00:08:30.0000,-62.95899846,-61.27381051,-62.95844092,-61.27173944,-62.95899846,-61.27381051,1.52441E-07
690,96,1,-92.857193,5.581007,-81.109091,250,125,20040308, 00:09:10.0000,-62.95788189,-61.26967755,-62.95730906,-61.26764385,-62.95788189,-61.26967755,1.29485E-07
690,97,1,-94.401061,3.911342,-83.676117,250,125,20040308, 00:09:50.0000,-62.95673069,-61.26559967,-62.95614846,-61.26354385,-62.95673069,-61.26559967,9.07474E-08
690,98,1,-94.50263,3.820928,-84.101652,250,125,20040308, 00:10:30.0000,-62.95558179,-61.26147718,-62.95501403,-61.25939967,-62.95558179,-61.26147718,8.86497E-08
690,99,1,-94.471115,3.848756,-82.959706,250,125,20040308, 00:11:30.0000,-62.9544483,-61.2573432,-62.95328069,-61.25323944,-62.95385884,-61.25528707,8.92953E-08
690,100,1,-93.554408,4.753254,-82.591455,250,125,20040308, 00:12:10.0000,-62.9526983,-61.2511932,-62.95211471,-61.24914216,-62.9526983,-61.2511932,1.10281E-07
690,101,1,-93.719594,4.575857,-82.545033,250,125,20040308, 00:12:50.0000,-62.9515585,-61.24709216,-62.95098137,-61.24501928,-62.9515585,-61.24709216,1.06165E-07
690,102,1,-94.952849,3.444665,-82.256068,250,125,20040308, 00:13:30.0000,-62.9503983,-61.24293707,-62.94982516,-61.24085882,-62.9503983,-61.24293707,7.99199E-08
690,103,1,-95.736693,2.875826,-85.293852,250,125,20040308, 00:14:10.0000,-62.94924183,-61.23878595,-62.94867428,-61.23669975,-62.94924183,-61.23878595,6.67223E-08
690,104,1,-95.213422,3.244066,-83.61232,250,125,20040308, 00:14:50.0000,-62.94809711,-61.23463845,-62.94753122,-61.23257488,-62.94809711,-61.23463845,7.52658E-08
690,105,1,-96.783832,2.259689,-84.234844,250,125,20040308, 00:15:30.0000,-62.94695741,-61.23048241,-62.94637496,-61.22840821,-62.94695741,-61.23048241,5.24272E-08
690,106,1,-96.911821,2.194066,-85.934476,250,125,20040308, 00:16:10.0000,-62.94581389,-61.22632222,-62.94524711,-61.22423845,-62.94581389,-61.22632222,5.09047E-08
690,107,1,-97.952739,1.726466,-86.527748,250,125,20040308, 00:16:50.0000,-62.94469122,-61.22215064,-62.94411455,-61.22009154,-62.94469122,-61.22215064,4.00559E-08
690,108,1,-96.983057,2.158371,-84.896069,250,125,20040308, 00:17:30.0000,-62.94351389,-61.21802222,-62.94292496,-61.21599154,-62.94351389,-61.21802222,5.00765E-08
690,109,1,-96.767706,2.268095,-85.019794,250,125,20040308, 00:18:10.0000,-62.94231378,-61.21395512,-62.94171389,-61.21193241,-62.94231378,-61.21395512,5.26222E-08
690,110,1,-96.773968,2.264827,-83.966636,250,125,20040308, 00:18:50.0000,-62.94110829,-61.20990195,-62.94050872,-61.20787,-62.94110829,-61.20990195,5.25464E-08
690,111,1,-97.517819,1.908315,-85.56503,250,125,20040308, 00:19:30.0000,-62.93989821,-61.20582615,-62.93929163,-61.20379154,-62.93989821,-61.20582615,4.4275E-08
690,112,1,-96.394776,2.471464,-83.60651,250,125,20040308, 00:20:10.0000,-62.93869122,-61.201757,-62.93809722,-61.19971574,-62.93869122,-61.201757,5.73406E-08
690,113,1,-95.488523,3.044946,-84.610288,250,125,20040308, 00:20:50.0000,-62.93750726,-61.19767178,-62.93690872,-61.19565333,-62.93750726,-61.19767178,7.0646E-08
690,114,1,-95.639141,2.941154,-83.854984,250,125,20040308, 00:21:30.0000,-62.93631389,-61.19358889,-62.93570726,-61.19155512,-62.93631389,-61.19358889,6.8238E-08
690,115,1,-96.625273,2.343713,-84.549548,250,125,20040308, 00:22:10.0000,-62.93509722,-61.18953889,-62.93449821,-61.18752,-62.93509722,-61.18953889,5.43767E-08
690,116,1,-94.621643,3.717642,-81.974009,250,125,20040308, 00:22:50.0000,-62.93390872,-61.18549282,-62.93329205,-61.18347615,-62.93390872,-61.18549282,8.62533E-08
690,117,1,-94.178092,4.117397,-82.72424,250,125,20040308, 00:23:30.0000,-62.93269821,-61.18145949,-62.93209163,-61.17944154,-62.93269821,-61.18145949,9.5528E-08
690,118,1,-94.578531,3.75473,-83.655837,250,125,20040308, 00:24:10.0000,-62.93147496,-61.17739154,-62.93085741,-61.17537222,-62.93147496,-61.17739154,8.71138E-08
690,119,1,-94.68498,3.663817,-83.353436,250,125,20040308, 00:24:50.0000,-62.93026363,-61.17335452,-62.92965741,-61.17130556,-62.93026363,-61.17335452,8.50045E-08
690,120,1,-94.098469,4.19358,-82.486999,250,125,20040308, 00:25:30.0000,-62.92904061,-61.16926531,-62.92842436,-61.16722308,-62.92904061,-61.16926531,9.72956E-08
690,121,1,-94.415738,3.898146,-83.059589,250,125,20040308, 00:26:10.0000,-62.92780872,-61.16520949,-62.92720728,-61.16318849,-62.92780872,-61.16520949,9.04412E-08
690,122,1,-96.037439,2.683416,-86.026504,250,125,20040308, 00:26:50.0000,-62.92658122,-61.16115195,-62.92599227,-61.15911014,-62.92658122,-61.16115195,6.22581E-08
690,123,1,-95.821854,2.819982,-85.137097,250,125,20040308, 00:27:30.0000,-62.92538046,-61.15707183,-62.92478077,-61.15503974,-62.92538046,-61.15707183,6.54266E-08
690,124,1,-96.848353,2.226366,-85.522213,250,125,20040308, 00:28:10.0000,-62.92418122,-61.15300821,-62.9235803,-61.15096461,-62.92418122,-61.15300821,5.16541E-08
690,125,1,-95.754154,2.864286,-86.264417,250,125,20040308, 00:28:50.0000,-62.92299205,-61.14894282,-62.92239205,-61.14692615,-62.92299205,-61.14894282,6.64545E-08
690,126,1,-93.429852,4.891552,-84.160336,250,125,20040308, 00:29:30.0000,-62.92179205,-61.14490949,-62.92119039,-61.14288785,-62.92179205,-61.14490949,1.13489E-07
690,127,1,-91.515396,7.601377,-82.493029,250,125,20040308, 00:30:10.0000,-62.92058154,-61.14087615,-62.91997538,-61.13885949,-62.92058154,-61.14087615,1.7636E-07
690,128,1,-92.015356,6.774796,-81.744405,250,125,20040308, 00:30:50.0000,-62.91937373,-61.13685452,-62.91875872,-61.13483667,-62.91937373,-61.13685452,1.57183E-07
690,129,1,-92.017031,6.772183,-82.891707,250,125,20040308, 00:31:30.0000,-62.91815872,-61.13277615,-62.91754184,-61.13074218,-62.91815872,-61.13277615,1.57122E-07
690,130,1,-91.163253,8.243404,-81.212222,250,125,20040308, 00:32:10.0000,-62.91692424,-61.12872271,-62.91632394,-61.12671531,-62.91692424,-61.12872271,1.91256E-07
690,131,1,-91.394994,7.815063,-82.181517,250,125,20040308, 00:32:50.0000,-62.91571446,-61.12466822,-62.91514779,-61.12253489,-62.91571446,-61.12466822,1.81318E-07
690,132,1,-90.877519,8.803998,-80.580137,250,125,20040308, 00:33:30.0000,-62.91464779,-61.12036822,-62.91416446,-61.11820155,-62.91464779,-61.12036822,2.04262E-07
690,133,1,-90.526123,9.545959,-79.709254,250,125,20040308, 00:34:10.0000,-62.91368113,-61.11601193,-62.91318046,-61.11383198,-62.91368113,-61.11601193,2.21477E-07
690,134,1,-89.097212,13.265104,-77.863985,250,125,20040308, 00:34:50.0000,-62.91268113,-61.11170155,-62.91219779,-61.10954526,-62.91268113,-61.11170155,3.07765E-07
690,135,1,-88.623061,14.795366,-75.248757,250,125,20040308, 00:35:30.0000,-62.91169779,-61.10736822,-62.91119764,-61.10521756,-62.91169779,-61.10736822,3.43268E-07
690,136,1,-86.314346,25.176611,-73.416952,250,125,20040308, 00:36:30.0000,-62.91071431,-61.10308423,-62.90968098,-61.09883423,-62.91023128,-61.10094179,5.84125E-07
690,137,1,-83.708764,45.872816,-70.030984,250,125,20040308, 00:37:10.0000,-62.90910797,-61.09679057,-62.9085302,-61.09480415,-62.90910797,-61.09679057,1.0643E-06
690,138,1,-82.251328,64.165127,-69.532107,250,125,20040308, 00:37:50.0000,-62.90793098,-61.09283024,-62.90733098,-61.09085724,-62.90793098,-61.09283024,1.4887E-06
690,139,1,-79.941758,109.208404,-68.055477,250,125,20040308, 00:38:30.0000,-62.90674764,-61.08889057,-62.90615797,-61.08690724,-62.90674764,-61.08889057,2.53375E-06
690,140,1,-78.84498,140.583321,-67.802359,250,125,20040308, 00:39:10.0000,-62.90555838,-61.08490846,-62.90496462,-61.08288137,-62.90555838,-61.08490846,3.26168E-06
690,141,1,-77.215269,204.599668,-66.092454,250,125,20040308, 00:39:50.0000,-62.90437504,-61.08089179,-62.90379171,-61.07887513,-62.90437504,-61.08089179,4.74693E-06
690,142,1,-75.890404,277.582078,-64.336974,250,125,20040308, 00:40:30.0000,-62.90321462,-61.07685846,-62.90265673,-61.0748202,-62.90321462,-61.07685846,6.4402E-06
690,143,1,-74.006326,428.350486,-61.197546,250,125,20040308, 00:41:10.0000,-62.90208128,-61.07280846,-62.90151462,-61.07077513,-62.90208128,-61.07280846,9.93819E-06
690,144,1,-74.112836,417.973032,-61.393311,250,125,20040308, 00:41:50.0000,-62.90094795,-61.06874179,-62.90038128,-61.06669179,-62.90094795,-61.06874179,9.69742E-06
690,145,1,-79.334272,125.604326,-67.765137,250,125,20040308, 00:42:30.0000,-62.89981462,-61.06465222,-62.89924672,-61.0626202,-62.89981462,-61.06465222,2.91416E-06
690,146,1,-80.969003,86.204821,-67.109177,250,125,20040308, 00:43:10.0000,-62.89868128,-61.06057513,-62.89811446,-61.05854118,-62.89868128,-61.06057513,2.00004E-06
690,147,1,-82.12832,66.008502,-70.667753,250,125,20040308, 00:43:50.0000,-62.89753098,-61.05649057,-62.89694764,-61.05445724,-62.89753098,-61.05649057,1.53147E-06
690,148,1,-81.583412,74.832567,-68.385826,250,125,20040308, 00:44:30.0000,-62.89639687,-61.05243088,-62.89582463,-61.05036756,-62.89639687,-61.05243088,1.7362E-06
690,149,1,-77.918254,174.022918,-60.910217,250,125,20040308, 00:45:10.0000,-62.89525797,-61.04834057,-62.89468098,-61.0463239,-62.89525797,-61.04834057,4.03752E-06
690,150,1,-83.285695,50.566433,-68.662126,250,125,20040308, 00:45:50.0000,-62.89411431,-61.04426756,-62.89354764,-61.04224057,-62.89411431,-61.04426756,1.1732E-06
690,151,1,-82.045759,67.275344,-68.46635,250,125,20040308, 00:46:30.0000,-62.89297463,-61.04020089,-62.89241431,-61.03815089,-62.89297463,-61.04020089,1.56086E-06
690,152,1,-85.404509,31.044234,-72.536424,250,125,20040308, 00:47:10.0000,-62.89183098,-61.03610724,-62.89126354,-61.03408748,-62.89183098,-61.03610724,7.2026E-07
690,153,1,-82.938566,54.774096,-66.779815,250,125,20040308, 00:48:10.0000,-62.89069764,-61.0320739,-62.88955784,-61.0280402,-62.89012451,-61.03007353,1.27082E-06
690,154,1,-86.230872,25.665198,-72.508477,250,125,20040308, 00:48:50.0000,-62.88897451,-61.02600049,-62.88839118,-61.02395686,-62.88897451,-61.02600049,5.9546E-07
690,155,1,-77.276297,201.744693,-62.663623,250,125,20040308, 00:49:30.0000,-62.88780707,-61.02193788,-62.88723088,-61.01990686,-62.88780707,-61.02193788,4.68069E-06
690,156,1,-86.129203,26.273114,-74.91665,250,125,20040308, 00:50:10.0000,-62.88664755,-61.01784657,-62.88607347,-61.01581037,-62.88664755,-61.01784657,6.09565E-07
690,157,1,-86.105939,26.414227,-74.165629,250,125,20040308, 00:50:50.0000,-62.88549118,-61.0137902,-62.88490764,-61.01175626,-62.88549118,-61.0137902,6.12839E-07
690,158,1,-86.057303,26.711703,-72.585771,250,125,20040308, 00:51:30.0000,-62.88433073,-61.0097165,-62.8837474,-61.00768959,-62.88433073,-61.0097165,6.1974E-07
690,159,1,-80.570832,94.481907,-66.084685,250,125,20040308, 00:52:10.0000,-62.88315764,-61.00563959,-62.88256407,-61.00358959,-62.88315764,-61.00563959,2.19208E-06
690,160,1,-73.07658,530.608004,-59.045461,250,125,20040308, 00:52:50.0000,-62.8819974,-61.00155626,-62.88143088,-60.99952353,-62.8819974,-61.00155626,1.23107E-05
690,161,1,-83.582394,47.227225,-70.934827,250,125,20040308, 00:53:30.0000,-62.88084662,-60.99750313,-62.88026407,-60.99548959,-62.88084662,-60.99750313,1.09572E-06
690,162,1,-85.49859,30.378955,-73.181231,250,125,20040308, 00:54:10.0000,-62.87967431,-60.99345626,-62.87909014,-60.99141378,-62.87967431,-60.99345626,7.04825E-07
690,163,1,-86.247116,25.569386,-73.340434,250,125,20040308, 00:54:50.0000,-62.87851422,-60.98938382,-62.87793112,-60.98735782,-62.87851422,-60.98938382,5.93237E-07
690,164,1,-88.818524,14.144235,-76.747541,250,125,20040308, 00:55:30.0000,-62.87735803,-60.98534077,-62.8767747,-60.98330744,-62.87735803,-60.98534077,3.28162E-07
690,165,1,-88.077979,16.773897,-76.94261,250,125,20040308, 00:56:10.0000,-62.87620784,-60.98125049,-62.87561344,-60.97921037,-62.87620784,-60.98125049,3.89172E-07
690,166,1,-87.455233,19.360144,-77.321477,250,125,20040308, 00:56:50.0000,-62.87503073,-60.97719984,-62.8744474,-60.97517293,-62.87503073,-60.97719984,4.49176E-07
690,167,1,-87.819824,17.801207,-76.233665,250,125,20040308, 00:57:30.0000,-62.8738566,-60.97315313,-62.87326407,-60.97113959,-62.8738566,-60.97315313,4.13007E-07
690,168,1,-88.010926,17.034888,-74.203673,250,125,20040308, 00:58:10.0000,-62.87268073,-60.96913959,-62.87209672,-60.9671202,-62.87268073,-60.96913959,3.95228E-07
690,169,1,-91.462265,7.694941,-80.546411,250,125,20040308, 00:58:50.0000,-62.87152431,-60.96508317,-62.87095764,-60.96302293,-62.87152431,-60.96508317,1.78531E-07
690,170,1,-89.763922,11.377312,-78.298982,250,125,20040308, 00:59:30.0000,-62.87037327,-60.96098646,-62.86977431,-60.95898959,-62.87037327,-60.96098646,2.63966E-07
690,171,1,-89.521708,12.029873,-78.703382,250,125,20040308, 01:00:10.0000,-62.86917431,-60.95698959,-62.86859027,-60.95494755,-62.86917431,-60.95698959,2.79106E-07
690,172,1,-87.598357,18.732515,-75.499606,250,125,20040308, 01:00:50.0000,-62.86802451,-60.95286716,-62.86746407,-60.95080626,-62.86802451,-60.95286716,4.34615E-07
690,173,1,-89.970888,10.847835,-77.808115,250,125,20040308, 01:01:30.0000,-62.8669066,-60.9487698,-62.86631407,-60.94675626,-62.8669066,-60.9487698,2.51681E-07
690,174,1,-91.97231,6.84228,-80.613954,250,125,20040308, 01:02:10.0000,-62.86574769,-60.9447241,-62.86516436,-60.94269077,-62.86574769,-60.9447241,1.58748E-07
690,175,1,-91.555365,7.531741,-78.240868,250,125,20040308, 01:02:50.0000,-62.86457995,-60.94063646,-62.86399672,-60.93860354,-62.86457995,-60.94063646,1.74745E-07
690,176,1,-91.449755,7.717139,-79.03148,250,125,20040308, 01:03:50.0000,-62.86341436,-60.93655744,-62.86224098,-60.93250626,-62.86282288,-60.93451863,1.79046E-07
690,177,1,-93.641955,4.658395,-81.06624,250,125,20040308, 01:04:30.0000,-62.86162431,-60.93051268,-62.86100764,-60.92852293,-62.86162431,-60.93051268,1.0808E-07
690,178,1,-92.36913,6.244804,-79.227755,250,125,20040308, 01:05:10.0000,-62.86037431,-60.92653959,-62.8597474,-60.92458959,-62.86037431,-60.92653959,1.44886E-07
690,179,1,-92.079977,6.674737,-79.164381,250,125,20040308, 01:05:50.0000,-62.85910764,-60.92263959,-62.85847431,-60.92068959,-62.85910764,-60.92263959,1.54861E-07
690,180,1,-93.693901,4.603008,-81.855314,250,125,20040308, 01:06:30.0000,-62.85784098,-60.91873959,-62.8572066,-60.9167698,-62.85784098,-60.91873959,1.06795E-07
690,181,1,-94.282444,4.019643,-82.359107,250,125,20040308, 01:07:10.0000,-62.85657431,-60.91478959,-62.85592327,-60.91284315,-62.85657431,-60.91478959,9.326E-08
690,182,1,-91.388443,7.82686,-75.689829,250,125,20040308, 01:07:50.0000,-62.85528974,-60.91089261,-62.85465782,-60.90892347,-62.85528974,-60.91089261,1.81592E-07
690,183,1,-93.047234,5.342056,-81.692245,250,125,20040308, 01:08:30.0000,-62.85400782,-60.90697347,-62.85337418,-60.90501234,-62.85400782,-60.90697347,1.23941E-07
690,184,1,-92.176008,6.528765,-81.916494,250,125,20040308, 01:09:10.0000,-62.85272418,-60.90303922,-62.8520973,-60.90107255,-62.85272418,-60.90303922,1.51474E-07
690,185,1,-91.47484,7.672693,-79.089281,250,125,20040308, 01:09:50.0000,-62.85147418,-60.89908922,-62.85084085,-60.89715588,-62.85147418,-60.89908922,1.78015E-07
690,186,1,-85.676683,29.158392,-71.424044,250,125,20040308, 01:10:30.0000,-62.85021318,-60.89516939,-62.84959085,-60.89318922,-62.85021318,-60.89516939,6.76506E-07
690,187,1,-82.756668,57.116957,-66.316418,250,125,20040308, 01:11:10.0000,-62.84897418,-60.89117255,-62.8483566,-60.88917978,-62.84897418,-60.89117255,1.32517E-06
690,188,1,-90.668616,9.237836,-80.729761,250,125,20040308, 01:11:50.0000,-62.8477473,-60.88717255,-62.84712418,-60.88518922,-62.8477473,-60.88717255,2.14328E-07
690,189,1,-88.140421,16.534449,-78.629739,250,125,20040308, 01:12:30.0000,-62.84652293,-60.88318545,-62.84591382,-60.88117195,-62.84652293,-60.88318545,3.83617E-07
690,190,1,-89.9095,11.002259,-81.039872,250,125,20040308, 01:13:10.0000,-62.84530732,-60.87917195,-62.84468959,-60.87715212,-62.84530732,-60.87917195,2.55264E-07
690,191,1,-87.726001,18.189958,-78.494039,250,125,20040308, 01:13:50.0000,-62.8440734,-60.87515353,-62.84344744,-60.87317308,-62.8440734,-60.87515353,4.22027E-07
690,192,1,-86.314863,25.173611,-75.733024,250,125,20040308, 01:14:30.0000,-62.84283077,-60.87118974,-62.8422141,-60.86918974,-62.84283077,-60.87118974,5.84055E-07
690,193,1,-85.110282,33.220304,-75.073807,250,125,20040308, 01:15:10.0000,-62.84160769,-60.86718974,-62.84100769,-60.86520641,-62.84160769,-60.86718974,7.70747E-07
690,194,1,-85.891046,27.754104,-73.825577,250,125,20040308, 01:15:50.0000,-62.84039647,-60.86321921,-62.83979085,-60.86123922,-62.84039647,-60.86321921,6.43925E-07
690,195,1,-85.818652,28.220626,-74.792738,250,125,20040308, 01:16:30.0000,-62.83917418,-60.85922255,-62.83853954,-60.85721863,-62.83917418,-60.85922255,6.54749E-07
690,196,1,-87.420857,19.513994,-76.644512,250,125,20040308, 01:17:10.0000,-62.83792449,-60.85524014,-62.83734103,-60.85322308,-62.83792449,-60.85524014,4.52746E-07
690,197,1,-85.647004,29.358336,-76.280809,250,125,20040308, 01:17:50.0000,-62.83677966,-60.85116185,-62.8362142,-60.84913376,-62.83677966,-60.85116185,6.81145E-07
690,198,1,-87.601599,18.718539,-77.958161,250,125,20040308, 01:18:30.0000,-62.83563087,-60.8471068,-62.83504637,-60.84509538,-62.83563087,-60.8471068,4.3429E-07
690,199,1,-90.131187,10.454738,-78.005503,250,125,20040308, 01:19:10.0000,-62.83447436,-60.84303974,-62.83388077,-60.84103333,-62.83447436,-60.84303974,2.42561E-07
690,200,1,-89.842015,11.174559,-76.763272,250,125,20040308, 01:19:50.0000,-62.83336382,-60.83889878,-62.83293699,-60.83667561,-62.83336382,-60.83889878,2.59262E-07
690,201,1,-87.76165,18.04126,-74.487386,250,125,20040308, 01:20:30.0000,-62.83262033,-60.83439228,-62.83245985,-60.83202126,-62.83262033,-60.83439228,4.18577E-07
690,202,1,-92.472578,6.097813,-79.370319,250,125,20040308, 01:21:30.0000,-62.83245,-60.82966026,-62.83243333,-60.82490244,-62.83241667,-60.82728232,1.41476E-07
690,203,1,-87.636192,18.570032,-76.975786,250,125,20040308, 01:22:10.0000,-62.83241667,-60.82250894,-62.83241667,-60.82011514,-62.83241667,-60.82250894,4.30845E-07
690,204,1,-78.006521,170.521718,-64.565746,250,125,20040308, 01:22:50.0000,-62.8324,-60.81771911,-62.83241667,-60.81532561,-62.8324,-60.81771911,3.95629E-06
690,205,1,-79.64524,116.925124,-67.156251,250,125,20040308, 01:23:30.0000,-62.83243333,-60.81292191,-62.8324565,-60.81052561,-62.83243333,-60.81292191,2.71279E-06
690,206,1,-84.336765,39.696783,-71.38716,250,125,20040308, 01:24:10.0000,-62.8324435,-60.80814228,-62.83245,-60.80574848,-62.8324435,-60.80814228,9.21008E-07
690,207,1,-83.341463,49.92126,-71.281623,250,125,20040308, 01:24:50.0000,-62.83246667,-60.80331911,-62.83245,-60.80094228,-62.83246667,-60.80331911,1.15823E-06
690,208,1,-82.096084,66.500277,-70.860943,250,125,20040308, 01:25:30.0000,-62.83245,-60.79855525,-62.83245,-60.79616911,-62.83245,-60.79855525,1.54288E-06
690,209,1,-78.896537,138.924278,-69.406493,250,125,20040308, 01:26:10.0000,-62.83246667,-60.79377561,-62.83246667,-60.79138181,-62.83246667,-60.79377561,3.22319E-06
690,210,1,-78.606956,148.503334,-66.615678,250,125,20040308, 01:26:50.0000,-62.83246667,-60.78899228,-62.83248333,-60.78660244,-62.83246667,-60.78899228,3.44544E-06
690,211,1,-76.543601,238.820588,-64.371522,250,125,20040308, 01:27:30.0000,-62.83248333,-60.78419848,-62.8325,-60.78177561,-62.83248333,-60.78419848,5.5409E-06
690,212,1,-77.053547,212.362186,-65.101349,250,125,20040308, 01:28:10.0000,-62.8325,-60.77934228,-62.83249323,-60.77694848,-62.8325,-60.77934228,4.92703E-06
690,213,1,-78.71621,144.814092,-65.952544,250,125,20040308, 01:28:50.0000,-62.8325,-60.77452561,-62.8324935,-60.77214228,-62.8325,-60.77452561,3.35984E-06
690,214,1,-75.146024,329.480286,-63.459449,250,125,20040308, 01:29:30.0000,-62.83248333,-60.76974848,-62.83248333,-60.76735894,-62.83248333,-60.76974848,7.6443E-06
690,215,1,-73.305997,503.306005,-60.796323,250,125,20040308, 01:30:10.0000,-62.83248333,-60.76497692,-62.8325,-60.76257692,-62.83248333,-60.76497692,1.16772E-05
690,216,1,-77.974638,171.778185,-65.850926,250,125,20040308, 01:30:50.0000,-62.8325,-60.76017126,-62.8325,-60.75779359,-62.8325,-60.76017126,3.98544E-06
690,217,1,-79.091437,132.827541,-64.584644,250,125,20040308, 01:31:30.0000,-62.83251667,-60.75538858,-62.8325,-60.75299228,-62.83251667,-60.75538858,3.08174E-06
690,218,1,-88.077397,16.776142,-74.20434,250,125,20040308, 01:32:10.0000,-62.8325,-60.75059359,-62.8325,-60.74821026,-62.8325,-60.75059359,3.89225E-07
690,219,1,-89.75208,11.408377,-78.29819,250,125,20040308, 01:32:50.0000,-62.83251667,-60.74578793,-62.83253333,-60.74337051,-62.83251667,-60.74578793,2.64687E-07
690,220,1,-86.526143,23.978254,-75.813281,250,125,20040308, 01:33:30.0000,-62.83255,-60.74093718,-62.83254359,-60.73852051,-62.83255,-60.74093718,5.56321E-07
690,221,1,-81.445609,77.245092,-67.036397,250,125,20040308, 01:34:10.0000,-62.83253333,-60.73610894,-62.83252657,-60.73368858,-62.83253333,-60.73610894,1.79217E-06
690,222,1,-75.510122,302.983932,-60.111742,250,125,20040308, 01:34:50.0000,-62.83251667,-60.73127126,-62.83251667,-60.72887051,-62.83251667,-60.73127126,7.02955E-06
690,223,1,-82.826196,56.209826,-68.881883,250,125,20040308, 01:35:30.0000,-62.83253333,-60.7264585,-62.83253333,-60.72403529,-62.83253333,-60.7264585,1.30413E-06
690,224,1,-84.565859,37.657024,-70.712057,250,125,20040308, 01:36:10.0000,-62.83255,-60.72161973,-62.83255,-60.71920952,-62.83255,-60.72161973,8.73684E-07
690,225,1,-78.396473,155.877886,-62.83552,250,125,20040308, 01:36:50.0000,-62.83256667,-60.71676445,-62.83258333,-60.71433639,-62.83256667,-60.71676445,3.61654E-06
690,226,1,-75.630159,294.724283,-59.616937,250,125,20040308, 01:37:30.0000,-62.8326,-60.71190952,-62.83261667,-60.70948112,-62.8326,-60.71190952,6.83792E-06
690,227,1,-86.540843,23.897227,-73.081383,250,125,20040308, 01:38:10.0000,-62.83261667,-60.70704286,-62.83261667,-60.70463858,-62.83261667,-60.70704286,5.54441E-07
690,228,1,-87.71355,18.242184,-73.859652,250,125,20040308, 01:39:10.0000,-62.83261667,-60.70221445,-62.83263333,-60.69736514,-62.83261667,-60.69980306,4.23238E-07
690,229,1,-89.887605,11.057866,-76.96319,250,125,20040308, 01:39:50.0000,-62.83265,-60.69495413,-62.83266667,-60.69255122,-62.83265,-60.69495413,2.56554E-07
690,230,1,-81.69847,72.876051,-65.019594,250,125,20040308, 01:40:30.0000,-62.8327,-60.69009773,-62.83272351,-60.68766394,-62.8327,-60.69009773,1.6908E-06
690,231,1,-73.006395,539.252718,-56.484327,250,125,20040308, 01:41:10.0000,-62.83273333,-60.68522573,-62.83275,-60.6827859,-62.83273333,-60.68522573,1.25112E-05
690,232,1,-77.495521,191.81375,-61.797693,250,125,20040308, 01:41:50.0000,-62.83276667,-60.68033746,-62.83276667,-60.67791923,-62.83276667,-60.68033746,4.45029E-06
690,233,1,-84.887827,34.966256,-71.663891,250,125,20040308, 01:42:30.0000,-62.83276667,-60.67549239,-62.83276667,-60.67306394,-62.83276667,-60.67549239,8.11255E-07
690,234,1,-85.906997,27.652353,-72.0161,250,125,20040308, 01:43:10.0000,-62.83278333,-60.67064239,-62.83278333,-60.66822573,-62.83278333,-60.67064239,6.41564E-07
690,235,1,-88.049146,16.88563,-73.564308,250,125,20040308, 01:43:50.0000,-62.83278333,-60.66580345,-62.8328,-60.66337573,-62.83278333,-60.66580345,3.91765E-07
690,236,1,-94.31519,3.989449,-81.114145,250,125,20040308, 01:44:30.0000,-62.83281667,-60.66097573,-62.83283333,-60.65860345,-62.83281667,-60.66097573,9.25595E-08
690,237,1,-84.131072,41.622164,-67.172309,250,125,20040308, 01:45:10.0000,-62.83283333,-60.65622573,-62.83281667,-60.65384239,-62.83283333,-60.65622573,9.65679E-07
690,238,1,-96.598031,2.358461,-84.344336,250,125,20040308, 01:45:50.0000,-62.83281667,-60.65147079,-62.8328,-60.64909889,-62.83281667,-60.65147079,5.47188E-08
690,239,1,-94.479436,3.841389,-79.915815,250,125,20040308, 01:46:30.0000,-62.83281667,-60.64673739,-62.83281667,-60.64437447,-62.83281667,-60.64673739,8.91244E-08
690,240,1,-93.146369,5.221496,-79.107421,250,125,20040308, 01:47:10.0000,-62.83285,-60.64200345,-62.83286667,-60.63965906,-62.83285,-60.64200345,1.21144E-07
690,241,1,-93.270347,5.074545,-79.613796,250,125,20040308, 01:47:50.0000,-62.83286667,-60.63732079,-62.83285,-60.63497011,-62.83286667,-60.63732079,1.17735E-07
690,242,1,-96.764691,2.26967,-81.754794,250,125,20040308, 01:48:30.0000,-62.8328435,-60.63264889,-62.83283333,-60.63030345,-62.8328435,-60.63264889,5.26588E-08
690,243,1,-96.342025,2.501666,-83.79196,250,125,20040308, 01:49:10.0000,-62.83283333,-60.62797573,-62.83285,-60.62564239,-62.83283333,-60.62797573,5.80414E-08
690,244,1,-97.312837,2.000544,-85.905409,250,125,20040308, 01:49:50.0000,-62.83286667,-60.62331034,-62.83286667,-60.62099286,-62.83286667,-60.62331034,4.64148E-08
690,245,1,-93.931619,4.357827,-79.650153,250,125,20040308, 01:50:30.0000,-62.83286667,-60.61865906,-62.83285,-60.61630345,-62.83286667,-60.61865906,1.01106E-07
690,246,1,-98.26553,1.606493,-85.13711,250,125,20040308, 01:51:30.0000,-62.83285,-60.61396556,-62.83285,-60.60932011,-62.83285,-60.61164889,3.72724E-08
690,247,1,-98.889953,1.39135,-88.683087,250,125,20040308, 01:52:10.0000,-62.83286667,-60.60696789,-62.8329,-60.60460406,-62.83286667,-60.60696789,3.22808E-08
690,248,1,-96.972093,2.163827,-86.144763,250,125,20040308, 01:52:50.0000,-62.83293333,-60.6022578,-62.83295,-60.59991789,-62.83293333,-60.6022578,5.02031E-08
690,249,1,-94.713309,3.639996,-81.327146,250,125,20040308, 01:53:30.0000,-62.83298333,-60.59755406,-62.83298333,-60.59522011,-62.83298333,-60.59755406,8.44518E-08
690,250,1,-94.684517,3.664208,-78.529473,250,125,20040308, 01:54:10.0000,-62.833,-60.59285906,-62.83303333,-60.59049721,-62.833,-60.59285906,8.50136E-08
690,251,1,-96.089988,2.651142,-81.266422,250,125,20040308, 01:54:50.0000,-62.83317325,-60.58817447,-62.8333732,-60.58587516,-62.83317325,-60.58817447,6.15094E-08
690,252,1,-99.246972,1.281547,-88.229064,250,125,20040308, 01:55:30.0000,-62.8335901,-60.58353858,-62.83379015,-60.58122808,-62.8335901,-60.58353858,2.97333E-08
690,253,1,-95.280354,3.194453,-82.130531,250,125,20040308, 01:56:10.0000,-62.83400654,-60.57889183,-62.8341901,-60.57652191,-62.83400654,-60.57889183,7.41148E-08
690,254,1,-94.427472,3.887627,-80.003689,250,125,20040308, 01:56:50.0000,-62.8343732,-60.5741585,-62.83455677,-60.57177191,-62.8343732,-60.5741585,9.01971E-08
690,255,1,-92.986927,5.416754,-78.587098,250,125,20040308, 01:57:30.0000,-62.83474726,-60.56936219,-62.8349401,-60.56695531,-62.83474726,-60.56936219,1.25675E-07
690,256,1,-89.94483,10.913117,-74.702737,250,125,20040308, 01:58:10.0000,-62.83512321,-60.56456845,-62.83528988,-60.56218512,-62.83512321,-60.56456845,2.53196E-07
690,257,1,-90.974303,8.609968,-77.445178,250,125,20040308, 01:58:50.0000,-62.83545673,-60.55982244,-62.83563983,-60.55747573,-62.83545673,-60.55982244,1.99761E-07
690,258,1,-90.94656,8.665145,-80.546461,250,125,20040308, 01:59:30.0000,-62.8358303,-60.55513788,-62.83602335,-60.55277311,-62.8358303,-60.55513788,2.01041E-07
690,259,1,-91.026477,8.507152,-78.449668,250,125,20040308, 02:00:10.0000,-62.83623992,-60.5504578,-62.83644015,-60.54807121,-62.83623992,-60.5504578,1.97375E-07
690,260,1,-75.595852,297.06171,-56.670197,250,125,20040308, 02:00:50.0000,-62.83663036,-60.54572764,-62.83682316,-60.54340906,-62.83663036,-60.54572764,6.89215E-06
690,261,1,-94.518891,3.806648,-83.63354,250,125,20040308, 02:01:30.0000,-62.83702316,-60.54105906,-62.83723037,-60.53868739,-62.83702316,-60.54105906,8.83183E-08
690,262,1,-91.255202,8.070708,-79.335507,250,125,20040308, 02:02:10.0000,-62.83742351,-60.53633746,-62.83760685,-60.53395406,-62.83742351,-60.53633746,1.87249E-07
690,263,1,-86.519111,24.017111,-70.584433,250,125,20040308, 02:03:10.0000,-62.83777333,-60.53157333,-62.83812325,-60.52685786,-62.83793991,-60.52920786,5.57223E-07
690,264,1,-68.232514,1618.752359,-55.205005,250,125,20040308, 02:03:50.0000,-62.8383069,-60.52450345,-62.8385065,-60.52215906,-62.8383069,-60.52450345,3.75568E-05
690,265,1,-74.119664,417.316423,-60.779646,250,125,20040308, 02:04:30.0000,-62.83870682,-60.51978788,-62.83892356,-60.51742011,-62.83870682,-60.51978788,9.68219E-06
690,266,1,-72.849963,559.03055,-58.888016,250,125,20040308, 02:05:10.0000,-62.83912348,-60.51502121,-62.83930685,-60.51263746,-62.83912348,-60.51502121,1.29701E-05
690,267,1,-92.284566,6.367593,-79.161039,250,125,20040308, 02:05:50.0000,-62.83949006,-60.51029904,-62.83967295,-60.50799543,-62.83949006,-60.51029904,1.47735E-07
690,268,1,-92.082045,6.671559,-79.306283,250,125,20040308, 02:06:30.0000,-62.83985685,-60.50561387,-62.84003,-60.50327333,-62.83985685,-60.50561387,1.54787E-07
690,269,1,-89.571288,11.893318,-78.170519,250,125,20040308, 02:07:10.0000,-62.84020658,-60.50095786,-62.84039,-60.49862333,-62.84020658,-60.50095786,2.75938E-07
690,270,1,-91.902619,6.952964,-81.221601,250,125,20040308, 02:07:50.0000,-62.84055685,-60.49630406,-62.84073997,-60.49402379,-62.84055685,-60.49630406,1.61316E-07
690,271,1,-92.152151,6.564728,-79.571893,250,125,20040308, 02:08:30.0000,-62.84092348,-60.49173788,-62.84110659,-60.4894078,-62.84092348,-60.49173788,1.52309E-07
690,272,1,-87.886458,17.530167,-75.231641,250,125,20040308, 02:09:10.0000,-62.84129018,-60.48712079,-62.84149019,-60.48482073,-62.84129018,-60.48712079,4.06719E-07
690,273,1,-88.031244,16.955378,-75.709916,250,125,20040308, 02:09:50.0000,-62.84167325,-60.48254114,-62.84185659,-60.4802578,-62.84167325,-60.48254114,3.93383E-07
690,274,1,-95.571315,2.987448,-84.742019,250,125,20040308, 02:10:30.0000,-62.84205685,-60.47793739,-62.84226317,-60.47564114,-62.84205685,-60.47793739,6.9312E-08
690,275,1,-94.574473,3.75824,-83.205544,250,125,20040308, 02:11:10.0000,-62.84247325,-60.47333106,-62.84267352,-60.47102073,-62.84247325,-60.47333106,8.71952E-08
690,276,1,-92.139951,6.583196,-80.193707,250,125,20040308, 02:11:50.0000,-62.84287325,-60.46869114,-62.84307325,-60.4663578,-62.84287325,-60.46869114,1.52737E-07
690,277,1,-93.283446,5.059263,-78.878083,250,125,20040308, 02:12:50.0000,-62.84326378,-60.46402024,-62.84367325,-60.45934114,-62.84346317,-60.46167447,1.1738E-07
690,278,1,-93.470057,4.846477,-80.798944,250,125,20040308, 02:13:30.0000,-62.84387355,-60.45700357,-62.84407361,-60.45469583,-62.84387355,-60.45700357,1.12443E-07
690,279,1,-94.051874,4.238814,-81.583453,250,125,20040308, 02:14:10.0000,-62.84425659,-60.45236789,-62.84445685,-60.44997073,-62.84425659,-60.45236789,9.83451E-08
690,280,1,-80.172034,103.56868,-64.435607,250,125,20040308, 02:14:50.0000,-62.84465694,-60.44760278,-62.84485659,-60.44527447,-62.84465694,-60.44760278,2.40291E-06
690,281,1,-87.716397,18.230228,-76.229465,250,125,20040308, 02:15:30.0000,-62.84506371,-60.44288054,-62.84527328,-60.44050735,-62.84506371,-60.44288054,4.22961E-07
690,282,1,-88.191782,16.34006,-75.422453,250,125,20040308, 02:16:10.0000,-62.84547328,-60.43815735,-62.84567321,-60.43579167,-62.84547328,-60.43815735,3.79107E-07
690,283,1,-75.883271,278.038379,-60.107237,250,125,20040308, 02:16:50.0000,-62.84587361,-60.43338611,-62.84605676,-60.43098188,-62.84587361,-60.43338611,6.45079E-06
690,284,1,-82.262175,64.005061,-66.181342,250,125,20040308, 02:17:30.0000,-62.84625655,-60.42855833,-62.84645676,-60.42617198,-62.84625655,-60.42855833,1.48499E-06
690,285,1,-82.2147,64.708573,-65.651588,250,125,20040308, 02:18:10.0000,-62.84667321,-60.423775,-62.84687352,-60.42138739,-62.84667321,-60.423775,1.50131E-06
690,286,1,-76.697899,230.484636,-63.49818,250,125,20040308, 02:18:50.0000,-62.84707328,-60.4190174,-62.84725655,-60.41664167,-62.84707328,-60.4190174,5.34749E-06
690,287,1,-85.537193,30.110127,-70.984817,250,125,20040308, 02:19:30.0000,-62.84743988,-60.41430179,-62.84762343,-60.41192198,-62.84743988,-60.41430179,6.98587E-07
690,288,1,-88.144536,16.518789,-70.595585,250,125,20040308, 02:20:10.0000,-62.84781316,-60.40951795,-62.8480138,-60.40710337,-62.84781316,-60.40951795,3.83254E-07
690,289,1,-92.75429,5.714824,-79.027537,250,125,20040308, 02:20:50.0000,-62.8482236,-60.40475297,-62.84842325,-60.40233462,-62.8482236,-60.40475297,1.3259E-07
690,290,1,-95.473612,3.055418,-82.55968,250,125,20040308, 02:21:30.0000,-62.84862325,-60.39993462,-62.8488236,-60.3975363,-62.84862325,-60.39993462,7.0889E-08
690,291,1,-95.933651,2.748317,-82.858311,250,125,20040308, 02:22:10.0000,-62.84902357,-60.39515337,-62.84922325,-60.39275786,-62.84902357,-60.39515337,6.37639E-08
690,292,1,-92.867285,5.568053,-78.35158,250,125,20040308, 02:22:50.0000,-62.84939024,-60.39037003,-62.84958,-60.38794,-62.84939024,-60.39037003,1.29185E-07
690,293,1,-93.040558,5.350274,-78.863609,250,125,20040308, 02:23:30.0000,-62.84975684,-60.38552085,-62.84992373,-60.38309409,-62.84975684,-60.38552085,1.24132E-07
690,294,1,-92.165263,6.544938,-75.606733,250,125,20040308, 02:24:10.0000,-62.85010658,-60.3806912,-62.85030694,-60.37826261,-62.85010658,-60.3806912,1.5185E-07
690,295,1,-92.394715,6.208124,-74.986431,250,125,20040308, 02:24:50.0000,-62.85050704,-60.37585151,-62.8506965,-60.37345128,-62.85050704,-60.37585151,1.44035E-07
690,296,1,-84.33849,39.681022,-67.465397,250,125,20040308, 02:25:30.0000,-62.85088,-60.37105667,-62.85105667,-60.36869,-62.85088,-60.37105667,9.20643E-07
690,297,1,-85.432783,30.842781,-69.41274,250,125,20040308, 02:26:10.0000,-62.85122333,-60.36632333,-62.85139,-60.36394,-62.85122333,-60.36632333,7.15586E-07
690,298,1,-89.292837,12.680844,-72.19541,250,125,20040308, 02:26:50.0000,-62.85155675,-60.36155553,-62.85174,-60.35919,-62.85155675,-60.36155553,2.94209E-07
690,299,1,-92.430861,6.156667,-76.495878,250,125,20040308, 02:27:30.0000,-62.85190663,-60.35681718,-62.85210658,-60.35445128,-62.85190663,-60.35681718,1.42841E-07
690,300,1,-91.032261,8.495829,-74.685546,250,125,20040308, 02:28:10.0000,-62.85228991,-60.3520412,-62.85247325,-60.3496912,-62.85228991,-60.3520412,1.97112E-07
690,301,1,-93.853969,4.436444,-78.275394,250,125,20040308, 02:28:50.0000,-62.85265698,-60.3473523,-62.85285667,-60.34499,-62.85265698,-60.3473523,1.0293E-07
690,302,1,-95.426225,3.088939,-79.482854,250,125,20040308, 02:29:30.0000,-62.85304,-60.34259,-62.85322333,-60.34018333,-62.85304,-60.34259,7.16667E-08
690,303,1,-87.590986,18.764337,-70.595248,250,125,20040308, 02:30:10.0000,-62.8534069,-60.33779646,-62.85359,-60.3354,-62.8534069,-60.33779646,4.35353E-07
690,304,1,-87.654663,18.491218,-70.640017,250,125,20040308, 02:30:50.0000,-62.85378,-60.33302333,-62.85397333,-60.33065667,-62.85378,-60.33302333,4.29016E-07
690,305,1,-96.264093,2.546962,-82.296324,250,125,20040308, 02:31:30.0000,-62.85415672,-60.32822265,-62.85434,-60.3258,-62.85415672,-60.32822265,5.90923E-08
690,306,1,-95.705046,2.896858,-79.98619,250,125,20040308, 02:32:10.0000,-62.85452333,-60.32337333,-62.85470667,-60.32095,-62.85452333,-60.32337333,6.72102E-08
690,307,1,-95.257367,3.211405,-79.089378,250,125,20040308, 02:32:50.0000,-62.85489,-60.31851667,-62.85507298,-60.31607825,-62.85489,-60.31851667,7.45081E-08
690,308,1,-96.474589,2.426459,-79.788925,250,125,20040308, 02:33:30.0000,-62.85527285,-60.31368011,-62.85545698,-60.31127865,-62.85527285,-60.31368011,5.62965E-08
690,309,1,-95.649947,2.933845,-79.02988,250,125,20040308, 02:34:10.0000,-62.85564729,-60.3089023,-62.85583948,-60.30653057,-62.85564729,-60.3089023,6.80684E-08
690,310,1,-95.876657,2.784621,-77.902135,250,125,20040308, 02:34:50.0000,-62.85602365,-60.30412865,-62.85618952,-60.30172392,-62.85602365,-60.30412865,6.46062E-08
690,311,1,-93.527853,4.782408,-75.523065,250,125,20040308, 02:35:30.0000,-62.85632341,-60.29926545,-62.85649683,-60.29685553,-62.85632341,-60.29926545,1.10957E-07
690,312,1,-96.444076,2.443567,-81.804186,250,125,20040308, 02:36:10.0000,-62.85669008,-60.29449878,-62.85686404,-60.29211836,-62.85669008,-60.29449878,5.66934E-08
690,313,1,-94.583965,3.750035,-76.92285,250,125,20040308, 02:36:50.0000,-62.85708016,-60.28975553,-62.85729721,-60.28741954,-62.85708016,-60.28975553,8.70049E-08
690,314,1,-95.34041,3.150582,-80.04701,250,125,20040308, 02:37:30.0000,-62.85749008,-60.28505553,-62.85765675,-60.28269878,-62.85749008,-60.28505553,7.30969E-08
690,315,1,-98.065567,1.68219,-86.079394,250,125,20040308, 02:38:10.0000,-62.85781667,-60.28030553,-62.85799039,-60.27796786,-62.85781667,-60.28030553,3.90286E-08
690,316,1,-96.473983,2.426798,-81.359599,250,125,20040308, 02:38:50.0000,-62.85815675,-60.27560553,-62.85835678,-60.2732384,-62.85815675,-60.27560553,5.63043E-08
690,317,1,-96.620249,2.346426,-82.634444,250,125,20040308, 02:39:30.0000,-62.85852345,-60.27085507,-62.85869026,-60.26843639,-62.85852345,-60.27085507,5.44396E-08
690,318,1,-97.556647,1.891329,-85.380093,250,125,20040308, 02:40:30.0000,-62.85887345,-60.2660384,-62.85913333,-60.26121495,-62.85902372,-60.26362747,4.38809E-08
690,319,1,-98.576451,1.495501,-89.050556,250,125,20040308, 02:41:10.0000,-62.85912631,-60.25883503,-62.85897662,-60.25652262,-62.85912631,-60.25883503,3.46972E-08
690,320,1,-98.500468,1.521896,-89.408324,250,125,20040308, 02:41:50.0000,-62.85879289,-60.25417672,-62.85859322,-60.2518384,-62.85879289,-60.25417672,3.53096E-08
690,321,1,-97.488048,1.921441,-89.201157,250,125,20040308, 02:42:30.0000,-62.85837628,-60.24945119,-62.85812628,-60.2470608,-62.85837628,-60.24945119,4.45795E-08
690,322,1,-96.724968,2.290525,-86.260711,250,125,20040308, 02:43:10.0000,-62.85787627,-60.24468448,-62.85765245,-60.2422934,-62.85787627,-60.24468448,5.31427E-08
690,323,1,-97.533025,1.901645,-87.486344,250,125,20040308, 02:43:50.0000,-62.85744317,-60.23993089,-62.85720984,-60.23753089,-62.85744317,-60.23993089,4.41202E-08
690,324,1,-98.308877,1.590538,-87.960309,250,125,20040308, 02:44:30.0000,-62.8569765,-60.23511423,-62.85674317,-60.23268089,-62.8569765,-60.23511423,3.69022E-08
690,325,1,-96.50433,2.409899,-82.802047,250,125,20040308, 02:45:10.0000,-62.85654317,-60.23028772,-62.8563265,-60.22787106,-62.85654317,-60.23028772,5.59123E-08
690,326,1,-96.314545,2.517545,-85.528543,250,125,20040308, 02:45:50.0000,-62.85610984,-60.22546423,-62.85588654,-60.22303908,-62.85610984,-60.22546423,5.84098E-08
690,327,1,-96.516853,2.40296,-84.200267,250,125,20040308, 02:46:30.0000,-62.85567623,-60.22061007,-62.85545984,-60.21818089,-62.85567623,-60.22061007,5.57513E-08
690,328,1,-97.355256,1.981099,-87.377501,250,125,20040308, 02:47:10.0000,-62.85524317,-60.21574756,-62.8550265,-60.21333772,-62.85524317,-60.21574756,4.59636E-08
690,329,1,-95.822622,2.819484,-82.906442,250,125,20040308, 02:47:50.0000,-62.85480301,-60.21090439,-62.85455301,-60.20850439,-62.85480301,-60.21090439,6.54151E-08
690,330,1,-97.166223,2.069234,-86.376142,250,125,20040308, 02:48:30.0000,-62.85429286,-60.20611667,-62.85401967,-60.20371423,-62.85429286,-60.20611667,4.80085E-08
690,331,1,-95.213038,3.244353,-85.111284,250,125,20040308, 02:49:10.0000,-62.85375301,-60.20132106,-62.85348579,-60.19893384,-62.85375301,-60.20132106,7.52725E-08
690,332,1,-91.079369,8.404172,-76.677807,250,125,20040308, 02:49:50.0000,-62.85321967,-60.19650439,-62.85295984,-60.19410439,-62.85321967,-60.19650439,1.94986E-07
690,333,1,-90.780589,9.002703,-77.24963,250,125,20040308, 02:50:30.0000,-62.85270991,-60.19170547,-62.85245316,-60.18930547,-62.85270991,-60.19170547,2.08872E-07
690,334,1,-97.233967,2.037207,-84.741721,250,125,20040308, 02:51:10.0000,-62.85217623,-60.18691007,-62.85191912,-60.18451717,-62.85217623,-60.18691007,4.72654E-08
690,335,1,-100.976287,0.860604,-91.350845,250,125,20040308, 02:51:50.0000,-62.85165301,-60.18213089,-62.85165301,-60.18213089,-62.85165301,-60.18213089,1.99669E-08
690,336,1,-99.918282,1.098003,-88.801602,250,125,20040308, 02:52:10.0000,-62.85139317,-60.17970439,-62.85113579,-60.17730051,-62.85139317,-60.17970439,2.54749E-08
690,337,1,-97.634422,1.85776,-83.424492,250,125,20040308, 02:52:50.0000,-62.85088634,-60.17492106,-62.85063634,-60.17253772,-62.85088634,-60.17492106,4.3102E-08
690,338,1,-99.235633,1.284898,-87.821159,250,125,20040308, 02:53:30.0000,-62.85036912,-60.17013384,-62.85010984,-60.16773089,-62.85036912,-60.17013384,2.9811E-08
690,339,1,-97.46742,1.930589,-84.365602,250,125,20040308, 02:54:10.0000,-62.84985984,-60.16532106,-62.84960956,-60.16291717,-62.84985984,-60.16532106,4.47918E-08
690,340,1,-97.017248,2.141446,-84.591102,250,125,20040308, 02:54:50.0000,-62.84937676,-60.16051808,-62.84912025,-60.15809174,-62.84937676,-60.16051808,4.96838E-08
690,341,1,-98.349623,1.575686,-86.845379,250,125,20040308, 02:55:30.0000,-62.84885952,-60.15567619,-62.84860245,-60.1532434,-62.84885952,-60.15567619,3.65576E-08
690,342,1,-97.186733,2.059484,-86.329173,250,125,20040308, 02:56:10.0000,-62.84834289,-60.15081007,-62.84806912,-60.14836007,-62.84834289,-60.15081007,4.77823E-08
690,343,1,-96.417364,2.458643,-86.092659,250,125,20040308, 02:56:50.0000,-62.84779343,-60.14594131,-62.84752068,-60.14352807,-62.84779343,-60.14594131,5.70432E-08
690,344,1,-96.635662,2.338114,-86.517975,250,125,20040308, 02:57:30.0000,-62.84726919,-60.14110101,-62.84701905,-60.13868333,-62.84726919,-60.14110101,5.42468E-08
690,345,1,-98.776402,1.428209,-88.434191,250,125,20040308, 02:58:10.0000,-62.84677695,-60.1362773,-62.84654362,-60.13384397,-62.84677695,-60.1362773,3.3136E-08
690,346,1,-98.384806,1.562972,-87.33417,250,125,20040308, 02:58:50.0000,-62.84630238,-60.13140952,-62.8460596,-60.12896768,-62.84630238,-60.13140952,3.62626E-08
690,347,1,-97.357568,1.980045,-87.09471,250,125,20040308, 02:59:30.0000,-62.84582613,-60.12654196,-62.84559286,-60.12411667,-62.84582613,-60.12654196,4.59392E-08
690,348,1,-97.517537,1.908438,-87.473837,250,125,20040308, 03:00:10.0000,-62.84534293,-60.12169394,-62.84510346,-60.11929088,-62.84534293,-60.12169394,4.42778E-08
690,349,1,-94.426667,3.888348,-81.177195,250,125,20040308, 03:00:50.0000,-62.84485238,-60.11688333,-62.8445934,-60.11449088,-62.84485238,-60.11688333,9.02139E-08
690,350,1,-89.701395,11.542298,-76.625166,250,125,20040308, 03:01:30.0000,-62.84433571,-60.11205952,-62.84408571,-60.10966667,-62.84433571,-60.11205952,2.67794E-07
690,351,1,-92.012507,6.779241,-80.458222,250,125,20040308, 03:02:10.0000,-62.84382695,-60.1072773,-62.84356912,-60.10488384,-62.84382695,-60.1072773,1.57286E-07
690,352,1,-92.0515,6.718648,-81.080156,250,125,20040308, 03:02:50.0000,-62.84331905,-60.1025,-62.84305253,-60.10013434,-62.84331905,-60.1025,1.5588E-07
690,353,1,-93.340698,4.993005,-81.668472,250,125,20040308, 03:03:30.0000,-62.84279289,-60.09780051,-62.84253685,-60.09545798,-62.84279289,-60.09780051,1.15843E-07
690,354,1,-96.543039,2.388515,-87.2483,250,125,20040308, 03:04:10.0000,-62.84227673,-60.09310755,-62.84200951,-60.09074983,-62.84227673,-60.09310755,5.54161E-08
690,355,1,-96.393632,2.472115,-86.328806,250,125,20040308, 03:04:50.0000,-62.84174282,-60.0883995,-62.84149335,-60.08604022,-62.84174282,-60.0883995,5.73557E-08
690,356,1,-95.793998,2.838129,-85.017204,250,125,20040308, 03:05:30.0000,-62.84123569,-60.08369983,-62.84097616,-60.0813495,-62.84123569,-60.08369983,6.58476E-08
690,357,1,-93.748326,4.545684,-83.642865,250,125,20040308, 03:06:10.0000,-62.8407367,-60.07902355,-62.84048562,-60.07666599,-62.8407367,-60.07902355,1.05465E-07
690,358,1,-78.925812,137.99096,-60.855781,250,125,20040308, 03:06:50.0000,-62.8402367,-60.07432355,-62.83997611,-60.07196552,-62.8402367,-60.07432355,3.20154E-06
690,359,1,-95.163381,3.281661,-83.202583,250,125,20040308, 03:07:30.0000,-62.83971902,-60.0696165,-62.83945944,-60.06726552,-62.83971902,-60.0696165,7.61381E-08
690,360,1,-96.221914,2.571819,-82.019512,250,125,20040308, 03:08:10.0000,-62.83920383,-60.06492041,-62.83896025,-60.06256016,-62.83920383,-60.06492041,5.9669E-08
690,361,1,-100.765712,0.903359,-90.741843,250,125,20040308, 03:08:50.0000,-62.83870944,-60.06019885,-62.83847618,-60.05779983,-62.83870944,-60.06019885,2.09589E-08
690,362,1,-98.50127,1.521615,-85.164475,250,125,20040308, 03:09:30.0000,-62.83824275,-60.05541517,-62.83799278,-60.05302496,-62.83824275,-60.05541517,3.53031E-08
690,363,1,-97.758897,1.80527,-82.277889,250,125,20040308, 03:10:10.0000,-62.8377533,-60.05061643,-62.83751025,-60.04821016,-62.8377533,-60.05061643,4.18842E-08
690,364,1,-98.063117,1.68314,-85.14397,250,125,20040308, 03:10:50.0000,-62.83726895,-60.04576599,-62.83701025,-60.04336016,-62.83726895,-60.04576599,3.90507E-08
690,365,1,-95.766458,2.856183,-81.23671,250,125,20040308, 03:11:30.0000,-62.83676895,-60.04092547,-62.83651969,-60.03851434,-62.83676895,-60.04092547,6.62665E-08
690,366,1,-98.604376,1.485916,-84.958035,250,125,20040308, 03:12:10.0000,-62.8362602,-60.03606959,-62.83601895,-60.03359932,-62.8362602,-60.03606959,3.44749E-08
690,367,1,-98.360682,1.571678,-83.796076,250,125,20040308, 03:12:50.0000,-62.83576895,-60.03114213,-62.83550998,-60.02870645,-62.83576895,-60.03114213,3.64646E-08
690,368,1,-100.579146,0.943012,-88.491077,250,125,20040308, 03:13:30.0000,-62.83525372,-60.0262594,-62.83500228,-60.02381599,-62.83525372,-60.0262594,2.18789E-08
690,369,1,-99.530343,1.200598,-84.037933,250,125,20040308, 03:14:10.0000,-62.83474278,-60.02139163,-62.83448562,-60.01898266,-62.83474278,-60.02139163,2.78552E-08
690,370,1,-97.894719,1.749685,-85.157584,250,125,20040308, 03:14:50.0000,-62.83421895,-60.0165588,-62.8339602,-60.01414273,-62.83421895,-60.0165588,4.05946E-08
690,371,1,-100.791335,0.898045,-89.671578,250,125,20040308, 03:15:30.0000,-62.83370944,-60.01171552,-62.83347611,-60.00929163,-62.83370944,-60.01171552,2.08356E-08
690,372,1,-99.338993,1.254679,-87.312776,250,125,20040308, 03:16:10.0000,-62.83321997,-60.00688978,-62.83286176,-60.00456599,-62.83321997,-60.00688978,2.91099E-08
690,373,1,-99.189757,1.298542,-88.156504,250,125,20040308, 03:16:50.0000,-62.83237995,-60.00239646,-62.83179725,-60.00033901,-62.83237995,-60.00239646,3.01276E-08
690,374,1,-99.502298,1.208376,-89.457044,250,125,20040308, 03:17:30.0000,-62.83115745,-59.99838901,-62.8304711,-59.99644663,-62.83115745,-59.99838901,2.80356E-08
690,375,1,-99.730857,1.146426,-88.616818,250,125,20040308, 03:18:10.0000,-62.82977327,-59.99452649,-62.8290469,-59.99263652,-62.82977327,-59.99452649,2.65983E-08
690,376,1,-97.620226,1.863843,-84.30623,250,125,20040308, 03:18:50.0000,-62.82828054,-59.99079663,-62.82750745,-59.98896862,-62.82828054,-59.99079663,4.32432E-08
690,377,1,-99.274212,1.273534,-87.380741,250,125,20040308, 03:19:30.0000,-62.82674667,-59.98710267,-62.8260066,-59.98520314,-62.82674667,-59.98710267,2.95474E-08
690,378,1,-99.741629,1.143586,-86.840379,250,125,20040308, 03:20:10.0000,-62.82527455,-59.98324032,-62.82457411,-59.98123901,-62.82527455,-59.98324032,2.65324E-08
690,379,1,-100.721427,0.912618,-87.326662,250,125,20040308, 03:20:50.0000,-62.82384721,-59.9792633,-62.8231066,-59.97732649,-62.82384721,-59.9792633,2.11737E-08
690,380,1,-99.234551,1.285218,-85.413669,250,125,20040308, 03:21:30.0000,-62.82234721,-59.97539663,-62.82157271,-59.97348481,-62.82234721,-59.97539663,2.98184E-08
690,381,1,-100.913081,0.87322,-86.773588,250,125,20040308, 03:22:10.0000,-62.82082124,-59.97153037,-62.82006643,-59.96956943,-62.82082124,-59.97153037,2.02597E-08
690,382,1,-103.183748,0.517675,-93.828607,250,125,20040308, 03:22:50.0000,-62.81930443,-59.96758719,-62.81855766,-59.96565633,-62.81930443,-59.96758719,1.20106E-08
690,383,1,-105.410147,0.31004,-95.42752,250,125,20040308, 03:23:30.0000,-62.8177879,-59.96369704,-62.8177879,-59.96369704,-62.8177879,-59.96369704,7.19325E-09
690,384,1,-103.869321,0.442079,-93.96209,250,125,20040308, 03:23:50.0000,-62.81702124,-59.96174704,-62.81626643,-59.95976943,-62.81702124,-59.96174704,1.02567E-08
690,385,1,-104.704087,0.364773,-95.335525,250,125,20040308, 03:24:30.0000,-62.81548733,-59.957812,-62.81471388,-59.95585386,-62.81548733,-59.957812,8.46314E-09
690,386,1,-102.421446,0.617003,-91.935224,250,125,20040308, 03:25:10.0000,-62.81395071,-59.95389489,-62.81317376,-59.95192128,-62.81395071,-59.95389489,1.43151E-08
690,387,1,-103.224915,0.512791,-92.399061,250,125,20040308, 03:25:50.0000,-62.81238302,-59.94995931,-62.81159953,-59.94798553,-62.81238302,-59.94995931,1.18973E-08
690,388,1,-101.864835,0.701372,-90.559331,250,125,20040308, 03:26:30.0000,-62.81082104,-59.94601313,-62.8100324,-59.94405109,-62.81082104,-59.94601313,1.62726E-08
690,389,1,-102.259395,0.640461,-91.944179,250,125,20040308, 03:27:10.0000,-62.80926619,-59.94211887,-62.80845438,-59.94017037,-62.80926619,-59.94211887,1.48594E-08
690,390,1,-102.536506,0.600871,-91.732095,250,125,20040308, 03:27:50.0000,-62.80766573,-59.93823442,-62.80686619,-59.93626887,-62.80766573,-59.93823442,1.39409E-08
690,391,1,-101.296545,0.799424,-90.543533,250,125,20040308, 03:28:30.0000,-62.80608387,-59.93428794,-62.80528286,-59.9323022,-62.80608387,-59.93428794,1.85475E-08
690,392,1,-101.060249,0.844125,-91.291087,250,125,20040308, 03:29:10.0000,-62.8044638,-59.93033704,-62.8044638,-59.93033704,-62.8044638,-59.93033704,1.95846E-08
690,393,1,-98.335419,1.580847,-87.178353,250,125,20040308, 03:29:30.0000,-62.80364714,-59.9283798,-62.80283013,-59.92641962,-62.80364714,-59.9283798,3.66774E-08
690,394,1,-97.59353,1.875335,-85.535609,250,125,20040308, 03:30:10.0000,-62.80203387,-59.92446117,-62.80121619,-59.92251887,-62.80203387,-59.92446117,4.35098E-08
690,395,1,-98.170704,1.641956,-87.585661,250,125,20040308, 03:30:50.0000,-62.80039953,-59.92058553,-62.79958387,-59.91865461,-62.80039953,-59.92058553,3.80951E-08
690,396,1,-99.101965,1.32506,-87.852023,250,125,20040308, 03:31:30.0000,-62.79875053,-59.91673794,-62.7979468,-59.91481962,-62.79875053,-59.91673794,3.07428E-08
690,397,1,-101.604354,0.744726,-91.475776,250,125,20040308, 03:32:10.0000,-62.79714714,-59.91291313,-62.79635026,-59.91099392,-62.79714714,-59.91291313,1.72784E-08
690,398,1,-84.081969,42.095431,-64.453652,250,125,20040308, 03:32:50.0000,-62.79555053,-59.90908794,-62.79474953,-59.90715896,-62.79555053,-59.90908794,9.76659E-07
690,399,1,-99.539095,1.198181,-87.793639,250,125,20040308, 03:33:30.0000,-62.79393029,-59.90524602,-62.79393029,-59.90524602,-62.79393029,-59.90524602,2.77991E-08
690,400,1,-98.859629,1.4011,-85.73531,250,125,20040308, 03:33:50.0000,-62.79314695,-59.9033533,-62.79236693,-59.90144392,-62.79314695,-59.9033533,3.2507E-08
690,401,1,-99.974892,1.083784,-88.136016,250,125,20040308, 03:34:30.0000,-62.79157982,-59.89951156,-62.79080026,-59.89761058,-62.79157982,-59.89951156,2.5145E-08
690,402,1,-98.311481,1.589585,-84.671285,250,125,20040308, 03:35:10.0000,-62.79000026,-59.89572725,-62.78919695,-59.89382936,-62.79000026,-59.89572725,3.68801E-08
690,403,1,-94.305186,3.998649,-80.190674,250,125,20040308, 03:35:50.0000,-62.78841603,-59.89192528,-62.78763949,-59.89004194,-62.78841603,-59.89192528,9.2773E-08
690,404,1,-91.903196,6.95204,-79.111601,250,125,20040308, 03:36:30.0000,-62.78687354,-59.88815397,-62.78608949,-59.88623515,-62.78687354,-59.88815397,1.61295E-07
690,405,1,-93.719238,4.576232,-80.612227,250,125,20040308, 03:37:10.0000,-62.7853138,-59.88432037,-62.78453756,-59.8824533,-62.7853138,-59.88432037,1.06174E-07
690,406,1,-95.010278,3.399414,-79.361418,250,125,20040308, 03:37:50.0000,-62.78375616,-59.88057528,-62.78298047,-59.87868704,-62.78375616,-59.88057528,7.88701E-08
690,407,1,-99.564111,1.191299,-87.661992,250,125,20040308, 03:38:30.0000,-62.78219021,-59.87682063,-62.78141346,-59.87495296,-62.78219021,-59.87682063,2.76394E-08
690,408,1,-96.343598,2.50076,-79.420131,250,125,20040308, 03:39:10.0000,-62.78061534,-59.87312375,-62.77981362,-59.8712533,-62.78061534,-59.87312375,5.80203E-08
690,409,1,-96.884645,2.207839,-85.201619,250,125,20040308, 03:39:50.0000,-62.77900561,-59.86940709,-62.77821693,-59.86757725,-62.77900561,-59.86940709,5.12242E-08
690,410,1,-97.333512,1.991043,-83.776996,250,125,20040308, 03:40:30.0000,-62.77741346,-59.86573629,-62.7766224,-59.86389078,-62.77741346,-59.86573629,4.61943E-08
690,411,1,-99.348209,1.252019,-88.894411,250,125,20040308, 03:41:10.0000,-62.7758336,-59.86206058,-62.77503029,-59.86023663,-62.7758336,-59.86206058,2.90482E-08
690,412,1,-99.899354,1.102799,-87.588005,250,125,20040308, 03:41:50.0000,-62.7742468,-59.85835296,-62.7734827,-59.85650861,-62.7742468,-59.85835296,2.55861E-08
690,413,1,-97.036508,2.13197,-83.452647,250,125,20040308, 03:42:30.0000,-62.77269695,-59.85461997,-62.77269695,-59.85461997,-62.77269695,-59.85461997,4.9464E-08
690,414,1,-99.244007,1.282423,-85.810141,250,125,20040308, 03:42:50.0000,-62.77192283,-59.85275182,-62.77114937,-59.85085182,-62.77192283,-59.85275182,2.97536E-08
690,415,1,-97.83305,1.774708,-86.352447,250,125,20040308, 03:43:30.0000,-62.7703836,-59.84897725,-62.76962077,-59.84708629,-62.7703836,-59.84897725,4.11751E-08
690,416,1,-97.485448,1.922592,-88.022201,250,125,20040308, 03:44:10.0000,-62.76884937,-59.84522528,-62.7680709,-59.84338663,-62.76884937,-59.84522528,4.46062E-08
690,417,1,-94.894487,3.491267,-83.611575,250,125,20040308, 03:44:50.0000,-62.76729851,-59.8415234,-62.7665227,-59.83963476,-62.76729851,-59.8415234,8.10012E-08
690,418,1,-95.882253,2.781036,-85.379921,250,125,20040308, 03:45:30.0000,-62.76573254,-59.83775825,-62.76494921,-59.83585143,-62.76573254,-59.83775825,6.4523E-08
690,419,1,-94.339857,3.966853,-83.116874,250,125,20040308, 03:46:10.0000,-62.7641727,-59.83395825,-62.7633801,-59.83208622,-62.7641727,-59.83395825,9.20353E-08
690,420,1,-93.292012,5.049293,-82.157327,250,125,20040308, 03:46:50.0000,-62.76258962,-59.83024906,-62.76181596,-59.82839178,-62.76258962,-59.83024906,1.17149E-07
690,421,1,-92.552909,5.986059,-82.065005,250,125,20040308, 03:47:30.0000,-62.76104653,-59.82651904,-62.76026564,-59.82465087,-62.76104653,-59.82651904,1.38883E-07
690,422,1,-82.928259,54.904241,-63.547376,250,125,20040308, 03:48:10.0000,-62.75948918,-59.82279107,-62.75873231,-59.82090774,-62.75948918,-59.82279107,1.27384E-06
690,423,1,-75.214525,324.3242,-57.921157,250,125,20040308, 03:48:50.0000,-62.75794897,-59.81904107,-62.75717251,-59.81717441,-62.75794897,-59.81904107,7.52467E-06
690,424,1,-90.959821,8.638726,-83.43086,250,125,20040308, 03:49:30.0000,-62.75639982,-59.81530961,-62.75561564,-59.81340774,-62.75639982,-59.81530961,2.00428E-07
690,425,1,-91.203803,8.166792,-83.308254,250,125,20040308, 03:50:10.0000,-62.75483316,-59.81153624,-62.75407071,-59.80962879,-62.75483316,-59.81153624,1.89478E-07
690,426,1,-87.100548,21.007628,-69.475849,250,125,20040308, 03:50:50.0000,-62.75329662,-59.80771922,-62.75253231,-59.80584107,-62.75329662,-59.80771922,4.874E-07
690,427,1,-90.190707,10.312434,-81.229303,250,125,20040308, 03:51:30.0000,-62.75175404,-59.80395278,-62.75098918,-59.80207441,-62.75175404,-59.80395278,2.3926E-07
690,428,1,-91.005295,8.548744,-81.604001,250,125,20040308, 03:52:10.0000,-62.75023231,-59.80021754,-62.75023231,-59.80021754,-62.75023231,-59.80021754,1.9834E-07
690,429,1,-91.937579,6.897217,-80.749114,250,125,20040308, 03:52:30.0000,-62.74946649,-59.79835291,-62.74870378,-59.79646872,-62.74946649,-59.79835291,1.60023E-07
690,430,1,-92.511612,6.043251,-81.074282,250,125,20040308, 03:53:10.0000,-62.74793986,-59.79457628,-62.74718316,-59.79267628,-62.74793986,-59.79457628,1.4021E-07
690,431,1,-92.243329,6.428342,-79.310893,250,125,20040308, 03:53:50.0000,-62.7464132,-59.79080237,-62.74563918,-59.78896754,-62.7464132,-59.79080237,1.49144E-07
690,432,1,-93.184674,5.175644,-81.590179,250,125,20040308, 03:54:30.0000,-62.74486649,-59.78710961,-62.74408711,-59.78521872,-62.74486649,-59.78710961,1.20081E-07
690,433,1,-92.366756,6.248219,-80.543357,250,125,20040308, 03:55:10.0000,-62.74333231,-59.78335774,-62.7425632,-59.7814857,-62.74333231,-59.78335774,1.44965E-07
690,434,1,-93.332342,5.002621,-83.492096,250,125,20040308, 03:55:50.0000,-62.74179639,-59.779628,-62.74103986,-59.77775961,-62.74179639,-59.779628,1.16066E-07
690,435,1,-92.131997,6.595264,-81.096554,250,125,20040308, 03:56:30.0000,-62.74027056,-59.77591904,-62.73950378,-59.77406872,-62.74027056,-59.77591904,1.53017E-07
690,436,1,-92.870149,5.564382,-82.619105,250,125,20040308, 03:57:10.0000,-62.73873965,-59.77221895,-62.73797298,-59.77035904,-62.73873965,-59.77221895,1.291E-07
690,437,1,-93.278667,5.064834,-84.09512,250,125,20040308, 03:57:50.0000,-62.73722044,-59.76851872,-62.73646479,-59.76664883,-62.73722044,-59.76851872,1.1751E-07
690,438,1,-87.21657,20.453838,-68.774633,250,125,20040308, 03:58:30.0000,-62.73569653,-59.76476168,-62.73492238,-59.76287405,-62.73569653,-59.76476168,4.74551E-07
690,439,1,-91.577049,7.494229,-77.465645,250,125,20040308, 03:59:10.0000,-62.73415378,-59.76100205,-62.73338723,-59.7591357,-62.73415378,-59.76100205,1.73874E-07
690,440,1,-92.53965,6.004362,-82.114324,250,125,20040308, 03:59:50.0000,-62.73264881,-59.75727405,-62.73188325,-59.75539314,-62.73264881,-59.75727405,1.39308E-07
690,441,1,-91.446016,7.723786,-77.845484,250,125,20040308, 04:00:30.0000,-62.73109881,-59.75351714,-62.73033214,-59.75164071,-62.73109881,-59.75351714,1.792E-07
690,442,1,-93.666107,4.632561,-82.397163,250,125,20040308, 04:01:10.0000,-62.72958289,-59.74978561,-62.72882986,-59.74790237,-62.72958289,-59.74978561,1.0748E-07
690,443,1,-79.324399,125.8902,-60.617122,250,125,20040308, 04:01:50.0000,-62.72807044,-59.74605205,-62.72730632,-59.74420904,-62.72807044,-59.74605205,2.92079E-06
690,444,1,-84.657171,36.873535,-65.868059,250,125,20040308, 04:02:30.0000,-62.72652056,-59.74236904,-62.72574639,-59.74055205,-62.72652056,-59.74236904,8.55506E-07
690,445,1,-94.830105,3.543409,-84.839374,250,125,20040308, 04:03:10.0000,-62.72498905,-59.73870738,-62.72422986,-59.73685237,-62.72498905,-59.73870738,8.22109E-08
690,446,1,-94.230073,4.068409,-83.383481,250,125,20040308, 04:03:50.0000,-62.72345378,-59.73500205,-62.72268289,-59.73315904,-62.72345378,-59.73500205,9.43915E-08
690,447,1,-93.289534,5.052175,-85.870675,250,125,20040308, 04:04:30.0000,-62.72189881,-59.73132405,-62.72114881,-59.72947405,-62.72189881,-59.73132405,1.17216E-07
690,448,1,-80.654077,92.688142,-61.220829,250,125,20040308, 04:05:10.0000,-62.72038289,-59.7276257,-62.71962056,-59.72576168,-62.72038289,-59.7276257,2.15046E-06
690,449,1,-89.2334,12.855585,-74.477281,250,125,20040308, 04:05:50.0000,-62.71884616,-59.72390155,-62.71884616,-59.72390155,-62.71884616,-59.72390155,2.98263E-07
690,450,1,-87.398415,19.615093,-68.924045,250,125,20040308, 04:06:10.0000,-62.71808316,-59.72204295,-62.7173132,-59.72012834,-62.71808316,-59.72204295,4.55091E-07
690,451,1,-70.568349,945.359284,-54.332077,250,125,20040308, 04:06:50.0000,-62.71656305,-59.71821872,-62.71580632,-59.71639237,-62.71656305,-59.71821872,2.19334E-05
690,452,1,-92.519226,6.032666,-83.141146,250,125,20040308, 04:07:30.0000,-62.71506649,-59.71456631,-62.71429634,-59.71275196,-62.71506649,-59.71456631,1.39964E-07
690,453,1,-91.446076,7.72368,-82.533832,250,125,20040308, 04:08:10.0000,-62.71353246,-59.71092474,-62.71277037,-59.70908519,-62.71353246,-59.71092474,1.79198E-07
690,454,1,-81.56262,75.191689,-62.359016,250,125,20040308, 04:08:50.0000,-62.71203146,-59.70727254,-62.7112703,-59.70545165,-62.71203146,-59.70727254,1.74453E-06
690,455,1,-79.266812,127.570613,-60.518592,250,125,20040308, 04:09:30.0000,-62.71052263,-59.7036414,-62.70974796,-59.70183884,-62.71052263,-59.7036414,2.95978E-06
690,456,1,-76.8488,222.613692,-58.681754,250,125,20040308, 04:10:10.0000,-62.70899912,-59.70002474,-62.7082537,-59.69820185,-62.70899912,-59.70002474,5.16488E-06
690,457,1,-72.786977,567.197243,-54.310596,250,125,20040308, 04:10:50.0000,-62.70751264,-59.69638448,-62.70676554,-59.69455753,-62.70751264,-59.69638448,1.31596E-05
690,458,1,-93.825708,4.465407,-82.551044,250,125,20040308, 04:11:30.0000,-62.7060037,-59.69274259,-62.70526264,-59.69093448,-62.7060037,-59.69274259,1.03602E-07
690,459,1,-92.032012,6.748864,-82.283496,250,125,20040308, 04:12:10.0000,-62.70451508,-59.68912317,-62.70374564,-59.68726709,-62.70451508,-59.68912317,1.56581E-07
690,460,1,-93.152031,5.214693,-82.194323,250,125,20040308, 04:12:50.0000,-62.70298873,-59.68542317,-62.70223175,-59.68357317,-62.70298873,-59.68542317,1.20986E-07
690,461,1,-91.764346,7.177898,-81.897908,250,125,20040308, 04:13:30.0000,-62.70146508,-59.68172317,-62.70069796,-59.67987217,-62.70146508,-59.68172317,1.66535E-07
690,462,1,-84.658056,36.866023,-65.495386,250,125,20040308, 04:14:10.0000,-62.6999554,-59.67805651,-62.69919611,-59.6762181,-62.6999554,-59.67805651,8.55331E-07
690,463,1,-92.456282,6.120737,-82.246751,250,125,20040308, 04:14:50.0000,-62.69843175,-59.67437317,-62.69766508,-59.67250651,-62.69843175,-59.67437317,1.42008E-07
690,464,1,-92.545334,5.996509,-80.773398,250,125,20040308, 04:15:30.0000,-62.69691277,-59.67063477,-62.69613175,-59.66877317,-62.69691277,-59.67063477,1.39125E-07
690,465,1,-91.010976,8.53757,-81.068674,250,125,20040308, 04:16:10.0000,-62.69536508,-59.66692317,-62.69458689,-59.6651181,-62.69536508,-59.66692317,1.98081E-07
690,466,1,-91.45266,7.711978,-82.311591,250,125,20040308, 04:16:50.0000,-62.69383175,-59.66328984,-62.69308246,-59.6614414,-62.69383175,-59.66328984,1.78926E-07
690,467,1,-92.059635,6.706074,-81.956519,250,125,20040308, 04:17:30.0000,-62.69234912,-59.65951789,-62.69165596,-59.65748456,-62.69234912,-59.65951789,1.55588E-07
690,468,1,-94.237909,4.061075,-84.501178,250,125,20040308, 04:18:10.0000,-62.69102263,-59.65536105,-62.6904393,-59.65317772,-62.69102263,-59.65536105,9.42213E-08
690,469,1,-93.678279,4.619596,-79.12421,250,125,20040308, 04:18:50.0000,-62.68983873,-59.65097587,-62.6892554,-59.64879254,-62.68983873,-59.65097587,1.0718E-07
690,470,1,-93.743854,4.550367,-85.083703,250,125,20040308, 04:19:30.0000,-62.68867766,-59.64656988,-62.68809571,-59.64435921,-62.68867766,-59.64656988,1.05573E-07
690,471,1,-93.087297,5.293002,-80.538735,250,125,20040308, 04:20:10.0000,-62.68751238,-59.64215921,-62.68692022,-59.63995321,-62.68751238,-59.64215921,1.22803E-07
690,472,1,-70.619204,934.353991,-53.156577,250,125,20040308, 04:20:50.0000,-62.68634561,-59.63775175,-62.6857886,-59.63553509,-62.68634561,-59.63775175,2.1678E-05
690,473,1,-89.374209,12.445459,-72.094988,250,125,20040308, 04:21:30.0000,-62.68522022,-59.6333291,-62.68464561,-59.63114211,-62.68522022,-59.6333291,2.88748E-07
690,474,1,-95.130175,3.306849,-84.237644,250,125,20040308, 04:22:10.0000,-62.68406228,-59.62897544,-62.68406228,-59.62897544,-62.68406228,-59.62897544,7.67225E-08
690,475,1,-95.824713,2.818127,-85.851379,250,125,20040308, 04:22:30.0000,-62.68347007,-59.62680272,-62.68290526,-59.62462544,-62.68347007,-59.62680272,6.53836E-08
690,476,1,-94.256241,4.043968,-82.65858,250,125,20040308, 04:23:10.0000,-62.68232755,-59.62243605,-62.68175526,-59.62020877,-62.68232755,-59.62243605,9.38244E-08
690,477,1,-95.795338,2.837253,-83.364618,250,125,20040308, 04:23:50.0000,-62.6811886,-59.61799211,-62.68061228,-59.61579211,-62.6811886,-59.61799211,6.58273E-08
690,478,1,-96.437439,2.447304,-87.414729,250,125,20040308, 04:24:30.0000,-62.68004422,-59.61358605,-62.67947895,-59.61137544,-62.68004422,-59.61358605,5.67801E-08
690,479,1,-95.40595,3.103394,-84.100579,250,125,20040308, 04:25:10.0000,-62.678911,-59.60915321,-62.67833673,-59.60693605,-62.678911,-59.60915321,7.20021E-08
690,480,1,-96.193679,2.588594,-84.511383,250,125,20040308, 04:25:50.0000,-62.67775526,-59.60472544,-62.67718678,-59.60251954,-62.67775526,-59.60472544,6.00582E-08
690,481,1,-97.162378,2.071067,-84.623103,250,125,20040308, 04:26:30.0000,-62.67662007,-59.60031939,-62.67606092,-59.5980954,-62.67662007,-59.60031939,4.8051E-08
690,482,1,-98.553655,1.503372,-88.759625,250,125,20040308, 04:27:10.0000,-62.67551265,-59.59586038,-62.67494599,-59.59362705,-62.67551265,-59.59586038,3.48798E-08
690,483,1,-99.160723,1.307253,-88.179295,250,125,20040308, 04:27:50.0000,-62.67432243,-59.59146038,-62.67370576,-59.58934372,-62.67432243,-59.59146038,3.03297E-08
690,484,1,-100.608434,0.936674,-88.688924,250,125,20040308, 04:28:30.0000,-62.67305576,-59.58726728,-62.67238645,-59.58525936,-62.67305576,-59.58726728,2.17319E-08
690,485,1,-99.139393,1.313689,-87.64236,250,125,20040308, 04:29:10.0000,-62.67170561,-59.58326684,-62.67098895,-59.58128351,-62.67170561,-59.58326684,3.0479E-08
690,486,1,-99.023646,1.349172,-86.715974,250,125,20040308, 04:29:50.0000,-62.67025508,-59.57931524,-62.66953841,-59.57734857,-62.67025508,-59.57931524,3.13022E-08
690,487,1,-97.633851,1.858004,-87.394009,250,125,20040308, 04:30:30.0000,-62.66881988,-59.57535964,-62.66881988,-59.57535964,-62.66881988,-59.57535964,4.31077E-08
690,488,1,-97.625061,1.861769,-86.23652,250,125,20040308, 04:30:50.0000,-62.66811979,-59.57330936,-62.66742249,-59.57131746,-62.66811979,-59.57330936,4.3195E-08
690,489,1,-99.53274,1.199935,-89.017789,250,125,20040308, 04:31:30.0000,-62.66672249,-59.56931058,-62.66601401,-59.56726362,-62.66672249,-59.56931058,2.78398E-08
690,490,1,-96.3084,2.52111,-87.120403,250,125,20040308, 04:32:10.0000,-62.66532003,-59.5652601,-62.66460541,-59.56324956,-62.66532003,-59.5652601,5.84925E-08
690,491,1,-94.860208,3.518934,-82.24775,250,125,20040308, 04:32:50.0000,-62.66390312,-59.56122603,-62.66319868,-59.55921684,-62.66390312,-59.56122603,8.16431E-08
690,492,1,-96.145943,2.617204,-86.633919,250,125,20040308, 04:33:30.0000,-62.66249868,-59.55718351,-62.66178774,-59.55514654,-62.66249868,-59.55718351,6.0722E-08
690,493,1,-96.211508,2.577989,-86.917826,250,125,20040308, 04:34:10.0000,-62.66110494,-59.55314817,-62.66041988,-59.55110212,-62.66110494,-59.55314817,5.98121E-08
690,494,1,-93.828975,4.462049,-80.538374,250,125,20040308, 04:34:50.0000,-62.65970494,-59.54906483,-62.65901451,-59.54704817,-62.65970494,-59.54906483,1.03524E-07
690,495,1,-94.24751,4.052107,-82.807822,250,125,20040308, 04:35:30.0000,-62.65830321,-59.54501878,-62.65760494,-59.5429744,-62.65830321,-59.54501878,9.40133E-08
690,496,1,-94.439141,3.877196,-84.796492,250,125,20040308, 04:36:10.0000,-62.65690494,-59.54089817,-62.65621451,-59.53884817,-62.65690494,-59.54089817,8.99551E-08
690,497,1,-93.848843,4.441682,-81.630693,250,125,20040308, 04:36:50.0000,-62.65551988,-59.53679298,-62.65483176,-59.53474258,-62.65551988,-59.53679298,1.03052E-07
690,498,1,-94.958052,3.44054,-84.44335,250,125,20040308, 04:37:30.0000,-62.65413655,-59.53271878,-62.65343645,-59.53067603,-62.65413655,-59.53271878,7.98242E-08
690,499,1,-94.712977,3.640275,-84.497883,250,125,20040308, 04:38:10.0000,-62.65275541,-59.52864956,-62.65207208,-59.52659258,-62.65275541,-59.52864956,8.44583E-08
690,500,1,-95.430153,3.086147,-84.210065,250,125,20040308, 04:38:50.0000,-62.65140494,-59.52449107,-62.65140494,-59.52449107,-62.65140494,-59.52449107,7.16019E-08
690,501,1,-94.909137,3.47951,-83.196774,250,125,20040308, 04:39:10.0000,-62.6507151,-59.52244956,-62.65000321,-59.52037631,-62.6507151,-59.52244956,8.07284E-08
690,502,1,-95.175306,3.272663,-85.911117,250,125,20040308, 04:39:50.0000,-62.64932163,-59.51832447,-62.64862161,-59.51624107,-62.64932163,-59.51832447,7.59293E-08
690,503,1,-95.382352,3.120302,-86.289641,250,125,20040308, 04:40:30.0000,-62.64793118,-59.51415774,-62.64723333,-59.51208,-62.64793118,-59.51415774,7.23944E-08
690,504,1,-95.592502,2.972909,-85.417652,250,125,20040308, 04:41:10.0000,-62.64653118,-59.50999817,-62.64581988,-59.50790964,-62.64653118,-59.50999817,6.89747E-08
690,505,1,-95.428364,3.087418,-86.606944,250,125,20040308, 04:41:50.0000,-62.64511223,-59.50581847,-62.64440312,-59.50371847,-62.64511223,-59.50581847,7.16314E-08
690,506,1,-94.61312,3.724945,-85.640656,250,125,20040308, 04:42:30.0000,-62.64370541,-59.5016329,-62.64300541,-59.49955925,-62.64370541,-59.5016329,8.64227E-08
690,507,1,-94.52628,3.800177,-84.34018,250,125,20040308, 04:43:10.0000,-62.64229843,-59.49747592,-62.64158645,-59.49538514,-62.64229843,-59.49747592,8.81682E-08
690,508,1,-91.887554,6.977124,-77.073349,250,125,20040308, 04:43:50.0000,-62.64091979,-59.49325181,-62.64032093,-59.4910316,-62.64091979,-59.49325181,1.61877E-07
690,509,1,-93.944381,4.34504,-85.722595,250,125,20040308, 04:44:30.0000,-62.63974557,-59.4887349,-62.63974557,-59.4887349,-62.63974557,-59.4887349,1.0081E-07
690,510,1,-94.353276,3.954616,-86.286724,250,125,20040308, 04:44:50.0000,-62.63924387,-59.48636029,-62.63872891,-59.48399453,-62.63924387,-59.48636029,9.17514E-08
690,511,1,-94.815842,3.555066,-86.712575,250,125,20040308, 04:45:30.0000,-62.63821074,-59.48166125,-62.63766074,-59.47936125,-62.63821074,-59.48166125,8.24814E-08
690,512,1,-94.752835,3.607018,-86.628712,250,125,20040308, 04:46:10.0000,-62.63711067,-59.47706092,-62.63657891,-59.47475156,-62.63711067,-59.47706092,8.36867E-08
690,513,1,-93.988245,4.301376,-83.696526,250,125,20040308, 04:46:50.0000,-62.63604401,-59.47239425,-62.63552861,-59.47004303,-62.63604401,-59.47239425,9.97966E-08
690,514,1,-93.345568,4.98741,-84.081339,250,125,20040308, 04:47:30.0000,-62.63499396,-59.46772738,-62.63447861,-59.46545016,-62.63499396,-59.46772738,1.15713E-07
690,515,1,-93.421238,4.901264,-84.592498,250,125,20040308, 04:48:10.0000,-62.63393814,-59.46315016,-62.63339557,-59.4608349,-62.63393814,-59.46315016,1.13715E-07
690,516,1,-93.51803,4.793236,-85.33527,250,125,20040308, 04:48:50.0000,-62.63285294,-59.45851029,-62.63231194,-59.45615729,-62.63285294,-59.45851029,1.11208E-07
690,517,1,-93.634714,4.666168,-85.25782,250,125,20040308, 04:49:30.0000,-62.6317773,-59.45384405,-62.6317773,-59.45384405,-62.6317773,-59.45384405,1.0826E-07
690,518,1,-93.932513,4.356929,-85.713629,250,125,20040308, 04:49:50.0000,-62.63124527,-59.45159062,-62.63071224,-59.44931823,-62.63124527,-59.45159062,1.01085E-07
690,519,1,-92.446195,6.134968,-82.474038,250,125,20040308, 04:50:30.0000,-62.63016213,-59.44703438,-62.62962723,-59.44472706,-62.63016213,-59.44703438,1.42338E-07
690,520,1,-93.488348,4.826108,-83.830582,250,125,20040308, 04:51:10.0000,-62.62909627,-59.44243814,-62.62856298,-59.44010503,-62.62909627,-59.44243814,1.11971E-07
690,521,1,-93.843184,4.447474,-85.592728,250,125,20040308, 04:51:50.0000,-62.62804637,-59.43778861,-62.62751298,-59.43547169,-62.62804637,-59.43778861,1.03186E-07
690,522,1,-93.808421,4.483217,-85.459598,250,125,20040308, 04:52:30.0000,-62.62699355,-59.43319213,-62.6264781,-59.43092175,-62.62699355,-59.43319213,1.04015E-07
690,523,1,-93.724492,4.570699,-81.392572,250,125,20040308, 04:53:10.0000,-62.62594642,-59.42866225,-62.62541298,-59.42633836,-62.62594642,-59.42866225,1.06045E-07
690,524,1,-95.59016,2.974513,-86.621226,250,125,20040308, 04:53:50.0000,-62.62487796,-59.42399716,-62.6243799,-59.42167286,-62.62487796,-59.42399716,6.90119E-08
690,525,1,-94.862471,3.5171,-86.258972,250,125,20040308, 04:54:30.0000,-62.62385441,-59.41938933,-62.62323051,-59.41732989,-62.62385441,-59.41938933,8.16005E-08
690,526,1,-95.037875,3.377881,-85.495631,250,125,20040308, 04:55:10.0000,-62.62250395,-59.41540253,-62.62176608,-59.41350871,-62.62250395,-59.41540253,7.83705E-08
690,527,1,-95.274966,3.198418,-86.0996,250,125,20040308, 04:55:50.0000,-62.62102062,-59.41163586,-62.62025456,-59.40978035,-62.62102062,-59.41163586,7.42068E-08
690,528,1,-96.112916,2.637183,-87.758995,250,125,20040308, 04:56:30.0000,-62.61950441,-59.40788713,-62.61950441,-59.40788713,-62.61950441,-59.40788713,6.11855E-08
690,529,1,-96.140346,2.620579,-86.182002,250,125,20040308, 04:56:50.0000,-62.6187466,-59.40594518,-62.61799917,-59.40400133,-62.6187466,-59.40594518,6.08003E-08
690,530,1,-96.57746,2.369659,-88.284843,250,125,20040308, 04:57:30.0000,-62.61725441,-59.40204656,-62.61649917,-59.4001415,-62.61725441,-59.40204656,5.49786E-08
690,531,1,-96.349962,2.497098,-86.088324,250,125,20040308, 04:58:10.0000,-62.61573933,-59.39822483,-62.61498051,-59.39631323,-62.61573933,-59.39822483,5.79354E-08
690,532,1,-95.339776,3.151042,-85.81697,250,125,20040308, 04:58:50.0000,-62.61421327,-59.39439518,-62.613456,-59.39245133,-62.61421327,-59.39439518,7.31076E-08
690,533,1,-95.501705,3.035717,-85.953304,250,125,20040308, 04:59:30.0000,-62.61270441,-59.39049656,-62.61193933,-59.38858467,-62.61270441,-59.39049656,7.04319E-08
690,534,1,-95.508894,3.030696,-85.374286,250,125,20040308, 05:00:10.0000,-62.61116583,-59.38667483,-62.61040395,-59.38478586,-62.61116583,-59.38667483,7.03154E-08
690,535,1,-94.694308,3.655956,-86.23772,250,125,20040308, 05:00:50.0000,-62.60964917,-59.38288467,-62.6088825,-59.38098467,-62.60964917,-59.38288467,8.48221E-08
690,536,1,-95.900344,2.769475,-85.530723,250,125,20040308, 05:01:30.0000,-62.60812108,-59.37907046,-62.607356,-59.37720133,-62.60812108,-59.37907046,6.42548E-08
690,537,1,-94.588864,3.745807,-84.116645,250,125,20040308, 05:02:10.0000,-62.6065825,-59.3752915,-62.60581583,-59.373368,-62.6065825,-59.3752915,8.69068E-08
690,538,1,-96.613056,2.350316,-86.396575,250,125,20040308, 05:02:50.0000,-62.60504643,-59.37146881,-62.60427994,-59.36956919,-62.60504643,-59.37146881,5.45299E-08
690,539,1,-98.880458,1.394396,-88.663569,250,125,20040308, 05:03:30.0000,-62.60352267,-59.36767483,-62.60277048,-59.36576881,-62.60352267,-59.36767483,3.23515E-08
690,540,1,-96.776271,2.263626,-87.290177,250,125,20040308, 05:04:10.0000,-62.60202247,-59.36386741,-62.60126566,-59.36196759,-62.60202247,-59.36386741,5.25186E-08
690,541,1,-95.274591,3.198694,-83.508467,250,125,20040308, 05:04:50.0000,-62.60050381,-59.36010214,-62.59974643,-59.35821881,-62.60050381,-59.36010214,7.42132E-08
690,542,1,-97.693314,1.832738,-88.16771,250,125,20040308, 05:05:30.0000,-62.59898914,-59.35635763,-62.59898914,-59.35635763,-62.59898914,-59.35635763,4.25215E-08
690,543,1,-96.350184,2.496971,-86.537712,250,125,20040308, 05:05:50.0000,-62.59823226,-59.35445763,-62.59747261,-59.35254134,-62.59823226,-59.35445763,5.79324E-08
690,544,1,-96.252457,2.553796,-85.269712,250,125,20040308, 05:06:30.0000,-62.59669693,-59.35065325,-62.59593226,-59.34880763,-62.59669693,-59.35065325,5.92508E-08
690,545,1,-95.965917,2.727973,-85.924081,250,125,20040308, 05:07:10.0000,-62.59514892,-59.34690075,-62.5943636,-59.34500325,-62.59514892,-59.34690075,6.32919E-08
690,546,1,-96.532159,2.394506,-86.717879,250,125,20040308, 05:07:50.0000,-62.59359875,-59.34310725,-62.59284892,-59.34120763,-62.59359875,-59.34310725,5.55551E-08
690,547,1,-94.764492,3.59735,-83.385064,250,125,20040308, 05:08:30.0000,-62.5920892,-59.33930779,-62.59133714,-59.33740214,-62.5920892,-59.33930779,8.34624E-08
690,548,1,-96.056514,2.671655,-88.200042,250,125,20040308, 05:09:10.0000,-62.59057088,-59.33550325,-62.58979693,-59.33359596,-62.59057088,-59.33550325,6.19853E-08
690,549,1,-96.467457,2.430447,-86.974383,250,125,20040308, 05:09:50.0000,-62.58903714,-59.33168548,-62.58829899,-59.32979112,-62.58903714,-59.33168548,5.6389E-08
690,550,1,-97.20686,2.049962,-86.605469,250,125,20040308, 05:10:30.0000,-62.58758567,-59.327757,-62.58692088,-59.32568868,-62.58758567,-59.327757,4.75613E-08
690,551,1,-94.935553,3.45841,-85.946073,250,125,20040308, 05:11:10.0000,-62.58631273,-59.32352739,-62.58572088,-59.32133868,-62.58631273,-59.32352739,8.02389E-08
690,552,1,-94.055761,4.235022,-82.886015,250,125,20040308, 05:11:50.0000,-62.5851445,-59.31909654,-62.58458933,-59.31685433,-62.5851445,-59.31909654,9.82571E-08
690,553,1,-93.989399,4.300233,-85.616968,250,125,20040308, 05:12:30.0000,-62.58404463,-59.31458049,-62.58349602,-59.31233698,-62.58404463,-59.31458049,9.977E-08
690,554,1,-94.401732,3.910737,-84.701997,250,125,20040308, 05:13:10.0000,-62.58296119,-59.31006333,-62.58244497,-59.3077821,-62.58296119,-59.31006333,9.07333E-08
690,555,1,-95.099944,3.329948,-84.98762,250,125,20040308, 05:13:50.0000,-62.58191273,-59.30552739,-62.58191273,-59.30552739,-62.58191273,-59.30552739,7.72584E-08
690,556,1,-94.980788,3.422575,-83.770041,250,125,20040308, 05:14:10.0000,-62.58137816,-59.30329807,-62.58080233,-59.30103258,-62.58137816,-59.30329807,7.94074E-08
690,557,1,-92.866298,5.569319,-80.642691,250,125,20040308, 05:14:50.0000,-62.58022935,-59.29881053,-62.57964596,-59.2965867,-62.58022935,-59.29881053,1.29214E-07
690,558,1,-92.683647,5.808542,-78.309493,250,125,20040308, 05:15:30.0000,-62.57909456,-59.29433754,-62.57854442,-59.29209617,-62.57909456,-59.29433754,1.34764E-07
690,559,1,-92.351122,6.270752,-79.765768,250,125,20040308, 05:16:10.0000,-62.57799596,-59.2898436,-62.57746263,-59.28761027,-62.57799596,-59.2898436,1.45488E-07
690,560,1,-96.260166,2.549266,-85.857826,250,125,20040308, 05:16:50.0000,-62.57692016,-59.28536968,-62.57637259,-59.28315406,-62.57692016,-59.28536968,5.91457E-08
690,561,1,-97.031266,2.134544,-88.783269,250,125,20040308, 05:17:30.0000,-62.57580997,-59.28091541,-62.57525586,-59.27871072,-62.57580997,-59.28091541,4.95237E-08
690,562,1,-95.234375,3.228452,-85.513463,250,125,20040308, 05:18:10.0000,-62.57471134,-59.27648805,-62.57416248,-59.2742763,-62.57471134,-59.27648805,7.49036E-08
690,563,1,-97.510494,1.911536,-89.467811,250,125,20040308, 05:18:50.0000,-62.57359606,-59.27208719,-62.57302253,-59.26987739,-62.57359606,-59.27208719,4.43497E-08
690,564,1,-96.694979,2.306396,-82.655887,250,125,20040308, 05:19:30.0000,-62.57246138,-59.26768086,-62.57189429,-59.26546968,-62.57246138,-59.26768086,5.35109E-08
690,565,1,-91.765992,7.175178,-75.694696,250,125,20040308, 05:20:10.0000,-62.57132915,-59.2632763,-62.57077033,-59.26107026,-62.57132915,-59.2632763,1.66472E-07
690,566,1,-92.791102,5.666588,-78.749019,250,125,20040308, 05:20:50.0000,-62.57019439,-59.25888681,-62.56963886,-59.25670963,-62.57019439,-59.25888681,1.31471E-07
690,567,1,-98.384146,1.56321,-84.995748,250,125,20040308, 05:21:30.0000,-62.56907789,-59.25453018,-62.56854429,-59.25232889,-62.56907789,-59.25453018,3.62682E-08
690,568,1,-93.475195,4.840747,-79.315629,250,125,20040308, 05:22:10.0000,-62.56800553,-59.2501263,-62.56800553,-59.2501263,-62.56800553,-59.2501263,1.12311E-07
690,569,1,-95.353985,3.14075,-78.481892,250,125,20040308, 05:22:30.0000,-62.56746248,-59.24794296,-62.56691244,-59.24577612,-62.56746248,-59.24794296,7.28688E-08
690,570,1,-102.615547,0.590034,-90.866965,250,125,20040308, 05:23:10.0000,-62.56637068,-59.24358805,-62.56582053,-59.24139684,-62.56637068,-59.24358805,1.36894E-08
690,571,1,-100.571935,0.944579,-87.468814,250,125,20040308, 05:23:50.0000,-62.56525547,-59.23924279,-62.56468683,-59.23705302,-62.56525547,-59.23924279,2.19153E-08
690,572,1,-98.363151,1.570785,-84.937083,250,125,20040308, 05:24:30.0000,-62.56412789,-59.23487088,-62.56357002,-59.23267839,-62.56412789,-59.23487088,3.64439E-08
690,573,1,-99.613218,1.177904,-86.513424,250,125,20040308, 05:25:10.0000,-62.56301244,-59.23047612,-62.56245997,-59.22826541,-62.56301244,-59.23047612,2.73287E-08
690,574,1,-98.257422,1.609495,-86.685324,250,125,20040308, 05:25:50.0000,-62.5619291,-59.22609279,-62.56137915,-59.22389296,-62.5619291,-59.22609279,3.7342E-08
690,575,1,-101.367221,0.78652,-90.219772,250,125,20040308, 05:26:30.0000,-62.56081884,-59.22169874,-62.56026095,-59.21948635,-62.56081884,-59.22169874,1.82481E-08
690,576,1,-99.235647,1.284894,-87.933099,250,125,20040308, 05:27:10.0000,-62.55968872,-59.21727584,-62.55912915,-59.21504296,-62.55968872,-59.21727584,2.98109E-08
690,577,1,-98.388888,1.561504,-85.365823,250,125,20040308, 05:27:50.0000,-62.55857002,-59.21280255,-62.55802186,-59.21057521,-62.55857002,-59.21280255,3.62286E-08
690,578,1,-99.402091,1.236582,-87.228545,250,125,20040308, 05:28:30.0000,-62.55746233,-59.20834233,-62.55691085,-59.20609506,-62.55746233,-59.20834233,2.869E-08
690,579,1,-98.663718,1.465751,-84.510117,250,125,20040308, 05:29:10.0000,-62.55635519,-59.20387521,-62.55579442,-59.20165358,-62.55635519,-59.20387521,3.4007E-08
690,580,1,-73.106246,526.995922,-55.334093,250,125,20040308, 05:29:50.0000,-62.55523668,-59.19941922,-62.55467751,-59.19720255,-62.55523668,-59.19941922,1.22269E-05
690,581,1,-97.715754,1.823293,-84.373858,250,125,20040308, 05:30:30.0000,-62.55411219,-59.19496799,-62.55353847,-59.19274171,-62.55411219,-59.19496799,4.23024E-08
690,582,1,-98.908689,1.385361,-88.083206,250,125,20040308, 05:31:10.0000,-62.55297002,-59.19051922,-62.55297002,-59.19051922,-62.55297002,-59.19051922,3.21419E-08
690,583,1,-97.286338,2.012788,-86.616599,250,125,20040308, 05:31:30.0000,-62.55237889,-59.18828484,-62.55179418,-59.18606172,-62.55237889,-59.18828484,4.66989E-08
690,584,1,-99.594007,1.183126,-87.304484,250,125,20040308, 05:32:10.0000,-62.55121223,-59.18384188,-62.55064556,-59.18160854,-62.55121223,-59.18384188,2.74498E-08
690,585,1,-98.7348,1.441955,-88.505239,250,125,20040308, 05:32:50.0000,-62.55007751,-59.17937839,-62.54951223,-59.17715151,-62.55007751,-59.17937839,3.34549E-08
690,586,1,-99.678536,1.160321,-87.048112,250,125,20040308, 05:33:30.0000,-62.54892002,-59.17490255,-62.54834405,-59.17268532,-62.54892002,-59.17490255,2.69207E-08
690,587,1,-98.598512,1.487924,-88.194655,250,125,20040308, 05:34:10.0000,-62.54779552,-59.17047504,-62.54724556,-59.16823484,-62.54779552,-59.17047504,3.45214E-08
690,588,1,-97.243059,2.032946,-84.6665,250,125,20040308, 05:34:50.0000,-62.54667738,-59.16598532,-62.54609556,-59.16373484,-62.54667738,-59.16598532,4.71666E-08
690,589,1,-97.584706,1.879149,-85.703261,250,125,20040308, 05:35:30.0000,-62.54552775,-59.16148691,-62.54496085,-59.15925255,-62.54552775,-59.16148691,4.35983E-08
690,590,1,-98.575167,1.495943,-86.784721,250,125,20040308, 05:36:10.0000,-62.54437889,-59.15701817,-62.54382889,-59.15478484,-62.54437889,-59.15701817,3.47075E-08
690,591,1,-98.952668,1.371403,-87.314141,250,125,20040308, 05:36:50.0000,-62.54326074,-59.15255208,-62.54268683,-59.15030302,-62.54326074,-59.15255208,3.1818E-08
690,592,1,-99.38238,1.242207,-88.779151,250,125,20040308, 05:37:30.0000,-62.5421443,-59.14806228,-62.5421443,-59.14806228,-62.5421443,-59.14806228,2.88205E-08
690,593,1,-98.157931,1.646792,-88.929128,250,125,20040308, 05:37:50.0000,-62.541579,-59.14583533,-62.54099545,-59.14356768,-62.541579,-59.14583533,3.82074E-08
690,594,1,-98.858296,1.401529,-86.273335,250,125,20040308, 05:38:30.0000,-62.54042018,-59.14132895,-62.53984538,-59.13910776,-62.54042018,-59.14132895,3.2517E-08
690,595,1,-98.840131,1.407404,-87.123715,250,125,20040308, 05:39:10.0000,-62.53927861,-59.13689063,-62.53871111,-59.1346463,-62.53927861,-59.13689063,3.26533E-08
690,596,1,-95.922198,2.755574,-79.57364,250,125,20040308, 05:39:50.0000,-62.53813814,-59.13237396,-62.53757861,-59.13015017,-62.53813814,-59.13237396,6.39323E-08
690,597,1,-98.705677,1.451657,-84.608445,250,125,20040308, 05:40:30.0000,-62.53702749,-59.12791161,-62.53645481,-59.12565017,-62.53702749,-59.12791161,3.368E-08
690,598,1,-99.789504,1.131049,-87.405926,250,125,20040308, 05:41:10.0000,-62.53587191,-59.12336836,-62.53528819,-59.12110745,-62.53587191,-59.12336836,2.62416E-08
690,599,1,-76.511596,240.587047,-58.027041,250,125,20040308, 05:41:50.0000,-62.53471194,-59.11885017,-62.53415317,-59.11658532,-62.53471194,-59.11885017,5.58188E-06
690,600,1,-92.806833,5.646099,-74.618326,250,125,20040308, 05:42:30.0000,-62.53359305,-59.11433099,-62.53304556,-59.11210151,-62.53359305,-59.11433099,1.30996E-07
690,601,1,-97.438548,1.943467,-83.334409,250,125,20040308, 05:43:10.0000,-62.53250486,-59.10982412,-62.53250486,-59.10982412,-62.53250486,-59.10982412,4.50905E-08
690,602,1,-98.568578,1.498215,-88.02713,250,125,20040308, 05:43:30.0000,-62.53194305,-59.10753099,-62.53137861,-59.10526683,-62.53194305,-59.10753099,3.47602E-08
690,603,1,-97.636877,1.85671,-83.580622,250,125,20040308, 05:44:10.0000,-62.53081094,-59.10296215,-62.53024415,-59.10069494,-62.53081094,-59.10296215,4.30777E-08
690,604,1,-95.600839,2.967208,-79.441755,250,125,20040308, 05:44:50.0000,-62.52967727,-59.09840152,-62.52912861,-59.09611683,-62.52967727,-59.09840152,6.88424E-08
690,605,1,-97.717148,1.822708,-84.134178,250,125,20040308, 05:45:30.0000,-62.52856198,-59.09383367,-62.52799415,-59.09156161,-62.52856198,-59.09383367,4.22888E-08
690,606,1,-98.499166,1.522353,-84.927766,250,125,20040308, 05:46:10.0000,-62.52742727,-59.08930152,-62.52686198,-59.08705034,-62.52742727,-59.08930152,3.53202E-08
690,607,1,-97.467071,1.930744,-84.908349,250,125,20040308, 05:46:50.0000,-62.52629394,-59.08477727,-62.52572861,-59.0825073,-62.52629394,-59.08477727,4.47954E-08
690,608,1,-93.787636,4.504724,-79.030786,250,125,20040308, 05:47:30.0000,-62.52519415,-59.08026161,-62.52464394,-59.07797727,-62.52519415,-59.08026161,1.04514E-07
690,609,1,-93.951792,4.337632,-81.33811,250,125,20040308, 05:48:10.0000,-62.52411048,-59.07571,-62.52359531,-59.07349079,-62.52411048,-59.07571,1.00638E-07
690,610,1,-95.946608,2.740129,-83.45842,250,125,20040308, 05:48:50.0000,-62.52304517,-59.07121633,-62.52304517,-59.07121633,-62.52304517,-59.07121633,6.3574E-08
690,611,1,-95.148359,3.293032,-81.532244,250,125,20040308, 05:49:10.0000,-62.52247864,-59.068967,-62.52192749,-59.06670244,-62.52247864,-59.068967,7.64019E-08
690,612,1,-96.234014,2.564664,-82.724697,250,125,20040308, 05:49:50.0000,-62.52137716,-59.06444343,-62.52082864,-59.06220034,-62.52137716,-59.06444343,5.9503E-08
690,613,1,-93.789819,4.502461,-80.729087,250,125,20040308, 05:50:30.0000,-62.52029415,-59.05994494,-62.51974517,-59.05769017,-62.52029415,-59.05994494,1.04462E-07
690,614,1,-93.464556,4.852619,-79.711186,250,125,20040308, 05:51:10.0000,-62.51919527,-59.05545017,-62.51864401,-59.05321094,-62.51919527,-59.05545017,1.12586E-07
690,615,1,-97.482535,1.923882,-86.373166,250,125,20040308, 05:51:50.0000,-62.51808636,-59.05095152,-62.51752839,-59.0486897,-62.51808636,-59.05095152,4.46361E-08
690,616,1,-97.712155,1.824804,-85.874842,250,125,20040308, 05:52:30.0000,-62.51697119,-59.04644916,-62.5164105,-59.04420104,-62.51697119,-59.04644916,4.23374E-08
690,617,1,-100.534091,0.952846,-88.766923,250,125,20040308, 05:53:10.0000,-62.51585448,-59.04195622,-62.51529401,-59.03970182,-62.51585448,-59.04195622,2.21071E-08
690,618,1,-97.944594,1.729707,-85.653384,250,125,20040308, 05:53:50.0000,-62.51476169,-59.03747289,-62.51422157,-59.03523384,-62.51476169,-59.03747289,4.01311E-08
690,619,1,-96.424224,2.454762,-84.086848,250,125,20040308, 05:54:30.0000,-62.51367734,-59.0329776,-62.51311955,-59.03072676,-62.51367734,-59.0329776,5.69531E-08
690,620,1,-93.725104,4.570055,-78.923871,250,125,20040308, 05:55:10.0000,-62.51256173,-59.0284897,-62.51256173,-59.0284897,-62.51256173,-59.0284897,1.0603E-07
690,621,1,-95.261525,3.208332,-81.433964,250,125,20040308, 05:55:30.0000,-62.51202734,-59.02623516,-62.51147839,-59.0239825,-62.51202734,-59.02623516,7.44368E-08
690,622,1,-97.159489,2.072445,-84.807797,250,125,20040308, 05:56:10.0000,-62.51094506,-59.02174916,-62.51039389,-59.01951038,-62.51094506,-59.02174916,4.8083E-08
690,623,1,-97.168224,2.068281,-84.276615,250,125,20040308, 05:56:50.0000,-62.50986068,-59.01725182,-62.50932114,-59.014999,-62.50986068,-59.01725182,4.79863E-08
690,624,1,-95.639976,2.940589,-81.552319,250,125,20040308, 05:57:30.0000,-62.50877723,-59.01273464,-62.50822836,-59.01048955,-62.50877723,-59.01273464,6.82248E-08
690,625,1,-97.947128,1.728698,-84.729989,250,125,20040308, 05:58:10.0000,-62.50769506,-59.00826583,-62.50714506,-59.00602303,-62.50769506,-59.00826583,4.01077E-08
690,626,1,-96.045027,2.678731,-79.995099,250,125,20040308, 05:58:50.0000,-62.50659502,-59.00377289,-62.50604502,-59.00155622,-62.50659502,-59.00377289,6.21495E-08
690,627,1,-97.657494,1.847917,-86.321149,250,125,20040308, 05:59:30.0000,-62.50551056,-58.99928464,-62.50496037,-58.99702616,-62.50551056,-58.99928464,4.28737E-08
690,628,1,-96.391824,2.473144,-82.42166,250,125,20040308, 06:00:10.0000,-62.50442839,-58.9947825,-62.50389517,-58.99255683,-62.50442839,-58.9947825,5.73796E-08
690,629,1,-97.623637,1.862379,-84.318847,250,125,20040308, 06:00:50.0000,-62.50335297,-58.99031798,-62.50279506,-58.9880897,-62.50335297,-58.99031798,4.32092E-08
690,630,1,-99.092072,1.328081,-86.255307,250,125,20040308, 06:01:30.0000,-62.50222723,-58.98586038,-62.50166037,-58.98361715,-62.50222723,-58.98586038,3.08129E-08
690,631,1,-98.665007,1.465315,-88.714471,250,125,20040308, 06:02:10.0000,-62.50110415,-58.98139784,-62.50110415,-58.98139784,-62.50110415,-58.98139784,3.39969E-08
690,632,1,-98.897765,1.38885,-87.215719,250,125,20040308, 06:02:30.0000,-62.50055278,-58.97915069,-62.500004,-58.97692133,-62.50055278,-58.97915069,3.22228E-08
690,633,1,-97.662634,1.845731,-85.236755,250,125,20040308, 06:03:10.0000,-62.49944492,-58.97467242,-62.49889492,-58.97243908,-62.49944492,-58.97467242,4.2823E-08
690,634,1,-97.614594,1.866261,-84.539501,250,125,20040308, 06:03:50.0000,-62.49832833,-58.97022274,-62.49778752,-58.96798132,-62.49832833,-58.97022274,4.32993E-08
690,635,1,-98.303437,1.592532,-84.386994,250,125,20040308, 06:04:30.0000,-62.497228,-58.96574733,-62.49667811,-58.96351451,-62.497228,-58.96574733,3.69485E-08
690,636,1,-97.548724,1.894783,-84.994852,250,125,20040308, 06:05:10.0000,-62.49612814,-58.96128132,-62.49557828,-58.95903923,-62.49612814,-58.96128132,4.3961E-08
690,637,1,-98.419964,1.55037,-84.373111,250,125,20040308, 06:05:50.0000,-62.495028,-58.95679733,-62.49448748,-58.95455514,-62.495028,-58.95679733,3.59703E-08
690,638,1,-98.32803,1.583539,-85.624303,250,125,20040308, 06:06:30.0000,-62.49394467,-58.95233067,-62.49339478,-58.95011451,-62.49394467,-58.95233067,3.67398E-08
690,639,1,-97.431384,1.946675,-82.586568,250,125,20040308, 06:07:10.0000,-62.49284481,-58.94790528,-62.49229467,-58.94569733,-62.49284481,-58.94790528,4.5165E-08
690,640,1,-99.200344,1.295381,-88.781999,250,125,20040308, 06:07:50.0000,-62.49175415,-58.94345514,-62.49121147,-58.94123861,-62.49175415,-58.94345514,3.00542E-08
690,641,1,-97.433777,1.945603,-84.96799,250,125,20040308, 06:08:30.0000,-62.49066133,-58.939038,-62.49011158,-58.93681517,-62.49066133,-58.939038,4.51401E-08
690,642,1,-97.360233,1.97883,-86.854112,250,125,20040308, 06:09:10.0000,-62.48957825,-58.93458908,-62.48902814,-58.93235528,-62.48957825,-58.93458908,4.5911E-08
690,643,1,-97.233318,2.037512,-85.739561,250,125,20040308, 06:09:50.0000,-62.48847104,-58.93013923,-62.48847104,-58.93013923,-62.48847104,-58.93013923,4.72725E-08
690,644,1,-97.588305,1.877592,-84.755621,250,125,20040308, 06:10:10.0000,-62.48792814,-58.92792194,-62.48737814,-58.92570528,-62.48792814,-58.92792194,4.35622E-08
690,645,1,-98.537274,1.509053,-87.905418,250,125,20040308, 06:10:50.0000,-62.48684481,-58.92347194,-62.48629478,-58.92122181,-62.48684481,-58.92347194,3.50117E-08
690,646,1,-97.452488,1.937238,-86.923483,250,125,20040308, 06:11:30.0000,-62.48574495,-58.91896532,-62.48521133,-58.91672133,-62.48574495,-58.91896532,4.4946E-08
690,647,1,-97.056123,2.122363,-85.93568,250,125,20040308, 06:12:10.0000,-62.48467797,-58.91448053,-62.48412797,-58.9122212,-62.48467797,-58.91448053,4.92411E-08
690,648,1,-97.086196,2.107717,-85.611707,250,125,20040308, 06:12:50.0000,-62.48359453,-58.90998002,-62.48307811,-58.90775514,-62.48359453,-58.90998002,4.89013E-08
690,649,1,-96.512051,2.405619,-84.635534,250,125,20040308, 06:13:30.0000,-62.48252789,-58.90553752,-62.48197789,-58.90327085,-62.48252789,-58.90553752,5.58129E-08
690,650,1,-96.053889,2.673271,-83.562027,250,125,20040308, 06:14:10.0000,-62.48143737,-58.90103813,-62.48088729,-58.89878787,-62.48143737,-58.90103813,6.20228E-08
690,651,1,-98.425778,1.548296,-88.285686,250,125,20040308, 06:14:50.0000,-62.48034442,-58.89656283,-62.4797947,-58.89433813,-62.48034442,-58.89656283,3.59221E-08
690,652,1,-97.466616,1.930946,-85.500334,250,125,20040308, 06:15:30.0000,-62.479237,-58.89208692,-62.47869453,-58.88987073,-62.479237,-58.89208692,4.48E-08
690,653,1,-97.398062,1.961668,-86.241907,250,125,20040308, 06:16:10.0000,-62.4781447,-58.88764747,-62.477587,-58.88540358,-62.4781447,-58.88764747,4.55128E-08
690,654,1,-96.365633,2.488104,-83.026424,250,125,20040308, 06:16:50.0000,-62.4770447,-58.8831548,-62.47651122,-58.88091348,-62.4770447,-58.8831548,5.77267E-08
690,655,1,-96.854359,2.223289,-83.656488,250,125,20040308, 06:17:30.0000,-62.47597775,-58.87867025,-62.47597775,-58.87867025,-62.47597775,-58.87867025,5.15827E-08
690,656,1,-97.762516,1.803766,-87.563519,250,125,20040308, 06:17:50.0000,-62.47544442,-58.87640358,-62.47491119,-58.87415406,-62.47544442,-58.87640358,4.18493E-08
690,657,1,-97.181806,2.061823,-85.749167,250,125,20040308, 06:18:30.0000,-62.47436108,-58.87192025,-62.47387775,-58.86964617,-62.47436108,-58.87192025,4.78365E-08
690,658,1,-97.466106,1.931173,-84.782246,250,125,20040308, 06:19:10.0000,-62.47334456,-58.86738752,-62.47281122,-58.86518752,-62.47334456,-58.86738752,4.48053E-08
690,659,1,-95.758319,2.861541,-84.054151,250,125,20040308, 06:19:50.0000,-62.47226108,-58.86295358,-62.47171122,-58.86072085,-62.47226108,-58.86295358,6.63908E-08
690,660,1,-98.67833,1.460827,-85.95489,250,125,20040308, 06:20:30.0000,-62.47116108,-58.85848692,-62.47060381,-58.85625406,-62.47116108,-58.85848692,3.38928E-08
690,661,1,-96.315556,2.516959,-84.502429,250,125,20040308, 06:21:10.0000,-62.47004456,-58.85407085,-62.46949442,-58.85185358,-62.47004456,-58.85407085,5.83962E-08
690,662,1,-95.38147,3.120936,-83.10051,250,125,20040308, 06:21:50.0000,-62.46896108,-58.84961283,-62.46843719,-58.84737085,-62.46896108,-58.84961283,7.24091E-08
690,663,1,-95.67605,2.916264,-83.293861,250,125,20040308, 06:22:30.0000,-62.46791108,-58.84512025,-62.46736108,-58.84289617,-62.46791108,-58.84512025,6.76605E-08
690,664,1,-97.832564,1.774906,-87.550958,250,125,20040308, 06:23:10.0000,-62.46682789,-58.84068752,-62.46627789,-58.83847085,-62.46682789,-58.84068752,4.11797E-08
690,665,1,-96.714133,2.296247,-85.420393,250,125,20040308, 06:23:50.0000,-62.46572775,-58.83626283,-62.46518719,-58.83404682,-62.46572775,-58.83626283,5.32754E-08
690,666,1,-96.202523,2.583328,-83.224259,250,125,20040308, 06:24:30.0000,-62.46463719,-58.83181348,-62.46408682,-58.82956965,-62.46463719,-58.83181348,5.9936E-08
690,667,1,-98.500764,1.521792,-87.764764,250,125,20040308, 06:25:10.0000,-62.46353733,-58.82735467,-62.4629943,-58.8251031,-62.46353733,-58.82735467,3.53072E-08
690,668,1,-98.3725,1.567407,-89.692466,250,125,20040308, 06:25:50.0000,-62.46243682,-58.82284552,-62.46243682,-58.82284552,-62.46243682,-58.82284552,3.63655E-08
690,669,1,-97.572476,1.884449,-83.38863,250,125,20040308, 06:26:10.0000,-62.46188715,-58.82061335,-62.46132778,-58.81838704,-62.46188715,-58.82061335,4.37212E-08
690,670,1,-97.818373,1.780715,-87.715188,250,125,20040308, 06:26:50.0000,-62.4607775,-58.816195,-62.46022764,-58.81398643,-62.4607775,-58.816195,4.13145E-08
690,671,1,-97.828461,1.776584,-86.320656,250,125,20040308, 06:27:30.0000,-62.45966095,-58.81173632,-62.45909439,-58.80951271,-62.45966095,-58.81173632,4.12187E-08
690,672,1,-96.990824,2.154514,-88.317281,250,125,20040308, 06:28:10.0000,-62.45852018,-58.8072531,-62.45796083,-58.80502833,-62.45852018,-58.8072531,4.99871E-08
690,673,1,-96.247352,2.556799,-82.862513,250,125,20040308, 06:28:50.0000,-62.45739444,-58.80278704,-62.45684428,-58.80053632,-62.45739444,-58.80278704,5.93205E-08
690,674,1,-96.675371,2.316833,-85.811583,250,125,20040308, 06:29:30.0000,-62.456287,-58.79828692,-62.45572,-58.79603583,-62.456287,-58.79828692,5.3753E-08
690,675,1,-96.769762,2.267022,-84.60715,250,125,20040308, 06:30:10.0000,-62.45515363,-58.7938368,-62.45460352,-58.79159564,-62.45515363,-58.7938368,5.25973E-08
690,676,1,-96.930356,2.184722,-84.599281,250,125,20040308, 06:30:50.0000,-62.45403682,-58.78936965,-62.45347778,-58.7871463,-62.45403682,-58.78936965,5.06879E-08
690,677,1,-95.97739,2.720776,-83.691754,250,125,20040308, 06:31:30.0000,-62.45291083,-58.784895,-62.45234417,-58.782645,-62.45291083,-58.784895,6.3125E-08
690,678,1,-98.237428,1.616922,-89.410692,250,125,20040308, 06:32:10.0000,-62.45178682,-58.78037886,-62.45178682,-58.78037886,-62.45178682,-58.78037886,3.75143E-08
690,679,1,-97.763815,1.803227,-87.419474,250,125,20040308, 06:32:30.0000,-62.45122764,-58.77812898,-62.4506775,-58.77586917,-62.45122764,-58.77812898,4.18368E-08
690,680,1,-95.854838,2.798646,-85.761546,250,125,20040308, 06:33:10.0000,-62.45011095,-58.77361219,-62.44956097,-58.7713531,-62.45011095,-58.77361219,6.49316E-08
690,681,1,-98.40332,1.556323,-87.809035,250,125,20040308, 06:33:50.0000,-62.44901095,-58.76911965,-62.44843685,-58.76687898,-62.44901095,-58.76911965,3.61084E-08
690,682,1,-97.731117,1.816855,-86.620882,250,125,20040308, 06:34:30.0000,-62.4478943,-58.7646031,-62.44732,-58.762345,-62.4478943,-58.7646031,4.2153E-08
690,683,1,-97.020148,2.140016,-86.272947,250,125,20040308, 06:35:10.0000,-62.44676097,-58.76008643,-62.44619405,-58.75781868,-62.44676097,-58.76008643,4.96507E-08
690,684,1,-97.574769,1.883454,-86.234362,250,125,20040308, 06:35:50.0000,-62.44562764,-58.75556977,-62.44506083,-58.75331917,-62.44562764,-58.75556977,4.36982E-08
690,685,1,-96.954952,2.172384,-86.289088,250,125,20040308, 06:36:30.0000,-62.44449417,-58.751045,-62.44394403,-58.74873524,-62.44449417,-58.751045,5.04017E-08
690,686,1,-97.540916,1.898192,-85.903668,250,125,20040308, 06:37:10.0000,-62.44336982,-58.74650191,-62.44279405,-58.74423534,-62.44336982,-58.74650191,4.40401E-08
690,687,1,-97.332001,1.991736,-87.045243,250,125,20040308, 06:37:50.0000,-62.44221081,-58.74196155,-62.44221081,-58.74196155,-62.44221081,-58.74196155,4.62104E-08
690,688,1,-99.165852,1.30571,-88.644047,250,125,20040308, 06:38:10.0000,-62.44164403,-58.73967769,-62.44107739,-58.73738534,-62.44164403,-58.73967769,3.02939E-08
690,689,1,-98.760098,1.433581,-88.095586,250,125,20040308, 06:38:50.0000,-62.44051097,-58.73511977,-62.43995315,-58.73284436,-62.44051097,-58.73511977,3.32606E-08
690,690,1,-98.519701,1.515171,-85.393873,250,125,20040308, 06:39:30.0000,-62.43937725,-58.73056808,-62.43881967,-58.72829383,-62.43937725,-58.73056808,3.51536E-08
690,691,1,-99.030764,1.346962,-86.791301,250,125,20040308, 06:40:10.0000,-62.43825318,-58.72601114,-62.4376867,-58.72374512,-62.43825318,-58.72601114,3.1251E-08
690,692,1,-98.709283,1.450453,-86.637902,250,125,20040308, 06:40:50.0000,-62.43712725,-58.7214605,-62.43653663,-58.71919488,-62.43712725,-58.7214605,3.36521E-08
690,693,1,-98.261753,1.607891,-86.410413,250,125,20040308, 06:41:30.0000,-62.43596072,-58.71692781,-62.43539392,-58.71467717,-62.43596072,-58.71692781,3.73048E-08
690,694,1,-98.922289,1.381029,-87.428711,250,125,20040308, 06:42:10.0000,-62.43481985,-58.71241114,-62.43481985,-58.71241114,-62.43481985,-58.71241114,3.20414E-08
690,695,1,-99.786653,1.131792,-89.071092,250,125,20040308, 06:42:30.0000,-62.43424392,-58.7101605,-62.43367736,-58.70789436,-62.43424392,-58.7101605,2.62588E-08
690,696,1,-99.399596,1.237292,-85.604166,250,125,20040308, 06:43:10.0000,-62.43310318,-58.70561868,-62.43252725,-58.7033605,-62.43310318,-58.70561868,2.87065E-08
690,697,1,-98.982317,1.362072,-85.275573,250,125,20040308, 06:43:50.0000,-62.43194403,-58.70111857,-62.43134425,-58.69886207,-62.43194403,-58.70111857,3.16015E-08
690,698,1,-98.649507,1.470555,-86.429346,250,125,20040308, 06:44:30.0000,-62.43076967,-58.69659383,-62.430203,-58.69433475,-62.43076967,-58.69659383,3.41185E-08
690,699,1,-97.555808,1.891695,-85.017719,250,125,20040308, 06:45:10.0000,-62.42962739,-58.69206114,-62.42906058,-58.6897605,-62.42962739,-58.69206114,4.38894E-08
690,700,1,-98.526305,1.512869,-87.529756,250,125,20040308, 06:45:50.0000,-62.42849392,-58.68749383,-62.42791982,-58.68521857,-62.42849392,-58.68749383,3.51002E-08
690,701,1,-97.805418,1.786035,-85.673734,250,125,20040308, 06:46:30.0000,-62.42733633,-58.6829605,-62.42676083,-58.680695,-62.42733633,-58.6829605,4.14379E-08
690,702,1,-96.654952,2.327752,-85.072298,250,125,20040308, 06:47:10.0000,-62.42620318,-58.67841868,-62.42620318,-58.67841868,-62.42620318,-58.67841868,5.40064E-08
690,703,1,-97.300892,2.006054,-85.063065,250,125,20040308, 06:47:30.0000,-62.42565318,-58.67612781,-62.42509433,-58.6738291,-62.42565318,-58.67612781,4.65426E-08
690,704,1,-97.214364,2.046423,-84.907123,250,125,20040308, 06:48:10.0000,-62.42452739,-58.67156114,-62.42394403,-58.66929436,-62.42452739,-58.67156114,4.74792E-08
690,705,1,-98.015852,1.701558,-86.660108,250,125,20040308, 06:48:50.0000,-62.423377,-58.667026,-62.42278652,-58.66476114,-62.423377,-58.667026,3.9478E-08
690,706,1,-97.725918,1.819031,-84.299956,250,125,20040308, 06:49:30.0000,-62.42221047,-58.66248425,-62.42164378,-58.6602175,-62.42221047,-58.66248425,4.22035E-08
690,707,1,-98.062665,1.683315,-84.450611,250,125,20040308, 06:50:10.0000,-62.4210607,-58.65795191,-62.42049392,-58.65567717,-62.4210607,-58.65795191,3.90547E-08
690,708,1,-96.661701,2.324137,-83.682615,250,125,20040308, 06:50:50.0000,-62.41991982,-58.65341103,-62.41937727,-58.65112727,-62.41991982,-58.65341103,5.39225E-08
690,709,1,-97.205987,2.050374,-84.745795,250,125,20040308, 06:51:30.0000,-62.41881047,-58.64886759,-62.41823615,-58.6466175,-62.41881047,-58.64886759,4.75709E-08
690,710,1,-98.730599,1.443351,-87.738427,250,125,20040308, 06:52:10.0000,-62.41767725,-58.6443605,-62.41767725,-58.6443605,-62.41767725,-58.6443605,3.34873E-08
690,711,1,-99.215263,1.290939,-87.723797,250,125,20040308, 06:52:30.0000,-62.41711933,-58.64209267,-62.416577,-58.63980033,-62.41711933,-58.64209267,2.99512E-08
690,712,1,-76.709555,229.866867,-58.992567,250,125,20040308, 06:53:10.0000,-62.41602727,-58.63752727,-62.41546033,-58.63524267,-62.41602727,-58.63752727,5.33316E-06
690,713,1,-98.34138,1.578679,-85.8855,250,125,20040308, 06:53:50.0000,-62.41490282,-58.63295987,-62.41434367,-58.63068367,-62.41490282,-58.63295987,3.66271E-08
690,714,1,-100.184941,1.032613,-89.25833,250,125,20040308, 06:54:30.0000,-62.413786,-58.62839267,-62.413227,-58.62610033,-62.413786,-58.62839267,2.39577E-08
690,715,1,-100.007361,1.075711,-88.180013,250,125,20040308, 06:55:10.0000,-62.41266047,-58.6238433,-62.41209367,-58.62159267,-62.41266047,-58.6238433,2.49577E-08
690,716,1,-99.30602,1.264241,-88.254159,250,125,20040308, 06:55:50.0000,-62.41153615,-58.61932653,-62.41096951,-58.6170433,-62.41153615,-58.61932653,2.93318E-08
690,717,1,-99.835889,1.119033,-89.030216,250,125,20040308, 06:56:30.0000,-62.41041033,-58.61475933,-62.40986045,-58.61247653,-62.41041033,-58.61475933,2.59628E-08
690,718,1,-98.739954,1.440245,-89.325782,250,125,20040308, 06:57:10.0000,-62.40930285,-58.61021759,-62.40930285,-58.61021759,-62.40930285,-58.61021759,3.34152E-08
690,719,1,-98.821556,1.413436,-88.39822,250,125,20040308, 06:57:30.0000,-62.40875267,-58.60798367,-62.40819367,-58.605726,-62.40875267,-58.60798367,3.27933E-08
690,720,1,-98.823196,1.412903,-85.704112,250,125,20040308, 06:58:10.0000,-62.40764367,-58.60345933,-62.40711033,-58.60119267,-62.40764367,-58.60345933,3.27809E-08
690,721,1,-99.52104,1.203172,-88.331708,250,125,20040308, 06:58:50.0000,-62.40656033,-58.598926,-62.40601951,-58.59666759,-62.40656033,-58.598926,2.79149E-08
690,722,1,-98.306385,1.591451,-87.08488,250,125,20040308, 06:59:30.0000,-62.40546915,-58.59440871,-62.40491045,-58.59217653,-62.40546915,-58.59440871,3.69234E-08
690,723,1,-97.912996,1.742337,-87.779895,250,125,20040308, 07:00:10.0000,-62.40434378,-58.58993416,-62.40379367,-58.58768367,-62.40434378,-58.58993416,4.04241E-08
690,724,1,-99.281623,1.271363,-85.765434,250,125,20040308, 07:00:50.0000,-62.40325294,-58.58541789,-62.40271047,-58.58317663,-62.40325294,-58.58541789,2.9497E-08
690,725,1,-99.089828,1.328768,-86.780288,250,125,20040308, 07:01:30.0000,-62.40219355,-58.58090879,-62.40166031,-58.57861691,-62.40219355,-58.58090879,3.08288E-08
690,726,1,-100.032317,1.069548,-90.630998,250,125,20040308, 07:02:10.0000,-62.40112698,-58.57635924,-62.40058567,-58.57410817,-62.40112698,-58.57635924,2.48147E-08
690,727,1,-99.73044,1.146536,-91.789569,250,125,20040308, 07:02:50.0000,-62.40002711,-58.57187653,-62.40002711,-58.57187653,-62.40002711,-58.57187653,2.66009E-08
690,728,1,-98.625715,1.478633,-85.04418,250,125,20040308, 07:03:10.0000,-62.39947688,-58.56963317,-62.39893567,-58.56740817,-62.39947688,-58.56963317,3.43059E-08
690,729,1,-97.869271,1.759968,-85.688879,250,125,20040308, 07:03:50.0000,-62.39837675,-58.56515817,-62.39784369,-58.56290042,-62.39837675,-58.56515817,4.08332E-08
690,730,1,-99.265613,1.276058,-88.664041,250,125,20040308, 07:04:30.0000,-62.39729342,-58.56064925,-62.39676031,-58.55840025,-62.39729342,-58.56064925,2.96059E-08
690,731,1,-101.006214,0.854694,-90.681584,250,125,20040308, 07:05:10.0000,-62.39621008,-58.55614925,-62.39565269,-58.55391709,-62.39621008,-58.55614925,1.98298E-08
690,732,1,-100.0059,1.076073,-89.834518,250,125,20040308, 07:05:50.0000,-62.39510233,-58.55168258,-62.39454365,-58.54945025,-62.39510233,-58.55168258,2.49661E-08
690,733,1,-99.979249,1.082697,-89.774816,250,125,20040308, 07:06:30.0000,-62.39399369,-58.54721709,-62.39342698,-58.54497591,-62.39399369,-58.54721709,2.51197E-08
690,734,1,-98.922195,1.381059,-88.54118,250,125,20040308, 07:07:10.0000,-62.39287702,-58.54273375,-62.39232714,-58.5404933,-62.39287702,-58.54273375,3.20421E-08
690,735,1,-99.381103,1.242572,-86.403299,250,125,20040308, 07:07:50.0000,-62.39179342,-58.53821592,-62.39126035,-58.53592609,-62.39179342,-58.53821592,2.8829E-08
690,736,1,-99.324318,1.258926,-87.446662,250,125,20040308, 07:08:30.0000,-62.39074342,-58.53360817,-62.39022698,-58.53129257,-62.39074342,-58.53360817,2.92084E-08
690,737,1,-100.832326,0.889609,-92.396263,250,125,20040308, 07:09:10.0000,-62.38971058,-58.5290105,-62.38971058,-58.5290105,-62.38971058,-58.5290105,2.06399E-08
690,738,1,-99.046999,1.341936,-85.516687,250,125,20040308, 07:09:30.0000,-62.38920233,-58.52674925,-62.38867675,-58.52446592,-62.38920233,-58.52674925,3.11344E-08
690,739,1,-99.343804,1.25329,-87.537348,250,125,20040308, 07:10:10.0000,-62.38817688,-58.52219983,-62.38766008,-58.51992483,-62.38817688,-58.52219983,2.90777E-08
690,740,1,-97.263353,2.023469,-85.145787,250,125,20040308, 07:10:50.0000,-62.38714365,-58.51762591,-62.38666031,-58.51530924,-62.38714365,-58.51762591,4.69467E-08
690,741,1,-100.617706,0.934676,-88.810033,250,125,20040308, 07:11:30.0000,-62.38619353,-58.51293433,-62.38574365,-58.51056823,-62.38619353,-58.51293433,2.16855E-08
690,742,1,-100.813039,0.893569,-88.526831,250,125,20040308, 07:12:10.0000,-62.38532711,-58.50818557,-62.38492675,-58.50580817,-62.38532711,-58.50818557,2.07318E-08
690,743,1,-102.78726,0.56716,-88.822571,250,125,20040308, 07:12:50.0000,-62.38451031,-58.5034349,-62.38409369,-58.50105943,-62.38451031,-58.5034349,1.31587E-08
690,744,1,-101.346823,0.790223,-88.249133,250,125,20040308, 07:13:30.0000,-62.38367663,-58.49865762,-62.38326045,-58.49628557,-62.38367663,-58.49865762,1.8334E-08
690,745,1,-102.00494,0.679106,-87.443766,250,125,20040308, 07:14:10.0000,-62.38284365,-58.49390924,-62.38241767,-58.491507,-62.38284365,-58.49390924,1.5756E-08
690,746,1,-102.305272,0.633731,-89.510869,250,125,20040308, 07:14:50.0000,-62.38200109,-58.48908317,-62.38161785,-58.48665051,-62.38200109,-58.48908317,1.47032E-08
690,747,1,-105.047052,0.337075,-94.13683,250,125,20040308, 07:15:30.0000,-62.38125109,-58.48419983,-62.38125109,-58.48419983,-62.38125109,-58.48419983,7.8205E-09
690,748,1,-101.224268,0.81284,-88.553434,250,125,20040308, 07:15:50.0000,-62.38090116,-58.48175809,-62.38058467,-58.479335,-62.38090116,-58.48175809,1.88588E-08
690,749,1,-102.23057,0.644726,-89.655767,250,125,20040308, 07:16:30.0000,-62.38028458,-58.47691766,-62.37998458,-58.47452537,-62.38028458,-58.47691766,1.49583E-08
690,750,1,-101.745119,0.720975,-89.875345,250,125,20040308, 07:17:10.0000,-62.37970108,-58.47217421,-62.37940126,-58.46982546,-62.37970108,-58.47217421,1.67274E-08
690,751,1,-102.306572,0.633541,-91.483325,250,125,20040308, 07:17:50.0000,-62.37910133,-58.46753367,-62.37880126,-58.46524983,-62.37910133,-58.46753367,1.46988E-08
690,752,1,-103.129227,0.524215,-90.360421,250,125,20040308, 07:18:30.0000,-62.37850896,-58.4630165,-62.37824221,-58.46079867,-62.37850896,-58.4630165,1.21624E-08
690,753,1,-101.701192,0.728304,-89.040998,250,125,20040308, 07:19:30.0000,-62.37796792,-58.45858317,-62.37747558,-58.45424925,-62.37770887,-58.45641534,1.68974E-08
690,754,1,-102.904729,0.552025,-89.886574,250,125,20040308, 07:20:10.0000,-62.37727563,-58.45209983,-62.37710896,-58.4499665,-62.37727563,-58.45209983,1.28076E-08
690,755,1,-79.765906,113.721141,-60.747055,250,125,20040308, 07:20:50.0000,-62.37695887,-58.44783201,-62.37677558,-58.44570693,-62.37695887,-58.44783201,2.63845E-06
690,756,1,-104.560687,0.377019,-93.220585,250,125,20040308, 07:21:30.0000,-62.37659217,-58.44358933,-62.37642554,-58.44148987,-62.37659217,-58.44358933,8.74725E-09
690,757,1,-103.161718,0.520307,-91.750095,250,125,20040308, 07:22:30.0000,-62.37624224,-58.43939026,-62.37587554,-58.43523201,-62.37604229,-58.43729087,1.20717E-08
690,758,1,-102.870397,0.556406,-90.437097,250,125,20040308, 07:23:10.0000,-62.37569229,-58.4331742,-62.37554226,-58.43110707,-62.37569229,-58.4331742,1.29092E-08
690,759,1,-101.14824,0.827195,-90.14919,250,125,20040308, 07:23:50.0000,-62.37535883,-58.42904817,-62.375159,-58.42699133,-62.37535883,-58.42904817,1.91918E-08
690,760,1,-101.864423,0.701438,-89.588801,250,125,20040308, 07:24:30.0000,-62.37495118,-58.42494933,-62.37477558,-58.42289026,-62.37495118,-58.42494933,1.62741E-08
690,761,1,-101.455468,0.770699,-90.555271,250,125,20040308, 07:25:30.0000,-62.37463333,-58.42084026,-62.37451667,-58.41680547,-62.37454226,-58.41882374,1.78811E-08
690,762,1,-100.774378,0.901559,-89.133816,250,125,20040308, 07:26:10.0000,-62.374591,-58.41479133,-62.37472441,-58.41280707,-62.374591,-58.41479133,2.09171E-08
690,763,1,-101.266534,0.804968,-88.165035,250,125,20040308, 07:27:10.0000,-62.37484121,-58.41083881,-62.37511667,-58.40689815,-62.37499108,-58.40885707,1.86761E-08
690,764,1,-99.960126,1.087475,-90.463037,250,125,20040308, 07:27:50.0000,-62.37522442,-58.40494026,-62.37534112,-58.4029732,-62.37522442,-58.40494026,2.52306E-08
690,765,1,-99.654822,1.166674,-89.275897,250,125,20040308, 07:28:50.0000,-62.37550779,-58.4010232,-62.37588218,-58.39719026,-62.37567447,-58.3991142,2.70681E-08
690,766,1,-100.937934,0.868237,-91.03791,250,125,20040308, 07:29:30.0000,-62.37607454,-58.3952634,-62.37628242,-58.39335547,-62.37607454,-58.3952634,2.0144E-08
690,767,1,-99.879256,1.107915,-88.004599,250,125,20040308, 07:30:30.0000,-62.37647441,-58.39145707,-62.37684884,-58.38765693,-62.37665771,-58.38955746,2.57048E-08
690,768,1,-100.750334,0.906564,-90.898725,250,125,20040308, 07:31:10.0000,-62.37705774,-58.38576481,-62.37724908,-58.38387219,-62.37705774,-58.38576481,2.10333E-08
690,769,1,-101.072428,0.841762,-91.078252,250,125,20040308, 07:32:10.0000,-62.37745774,-58.38199815,-62.37784908,-58.3782134,-62.37765774,-58.38009815,1.95298E-08
690,770,1,-100.317288,1.00162,-89.229765,250,125,20040308, 07:32:50.0000,-62.37810788,-58.37636335,-62.37835774,-58.37451481,-62.37810788,-58.37636335,2.32387E-08
690,771,1,-99.848278,1.115845,-89.593807,250,125,20040308, 07:33:30.0000,-62.37861575,-58.3726634,-62.37887454,-58.37078881,-62.37861575,-58.3726634,2.58888E-08
690,772,1,-101.448116,0.772005,-91.01965,250,125,20040308, 07:34:30.0000,-62.37913223,-58.36893105,-62.37965776,-58.36519802,-62.37939917,-58.36707958,1.79114E-08
690,773,1,-102.222943,0.645859,-92.050137,250,125,20040308, 07:35:10.0000,-62.3799156,-58.36334754,-62.38016549,-58.36149815,-62.3799156,-58.36334754,1.49846E-08
690,774,1,-100.307561,1.003866,-87.06942,250,125,20040308, 07:36:10.0000,-62.38043242,-58.35968002,-62.38094882,-58.35601481,-62.38069125,-58.3578462,2.32908E-08
690,775,1,-102.490897,0.607214,-92.94037,250,125,20040308, 07:36:50.0000,-62.38121592,-58.35416244,-62.38148223,-58.35233105,-62.38121592,-58.35416244,1.4088E-08
690,776,1,-100.113681,1.049696,-85.886714,250,125,20040308, 07:37:50.0000,-62.38175796,-58.35054581,-62.38195884,-58.34702172,-62.38195796,-58.34876244,2.43541E-08
690,777,1,-100.277914,1.010742,-89.068777,250,125,20040308, 07:38:50.0000,-62.38171733,-58.34546933,-62.38079302,-58.34329392,-62.381326,-58.34422733,2.34503E-08
690,778,1,-70.139927,1043.371871,-48.686972,250,125,20040308, 07:39:50.0000,-62.38020985,-58.34243636,-62.37830182,-58.34023516,-62.37960982,-58.34157748,2.42074E-05
690,779,1,-99.751798,1.140912,-88.492439,250,125,20040308, 07:41:10.0000,-62.37761882,-58.33955216,-62.37623484,-58.3383928,-62.37692769,-58.33898549,2.64704E-08
690,780,1,-100.063534,1.061887,-91.470823,250,125,20040308, 07:41:50.0000,-62.37550198,-58.33781865,-62.37476081,-58.33722649,-62.37550198,-58.33781865,2.46369E-08
690,781,1,-99.19255,1.297708,-86.757698,250,125,20040308, 07:42:50.0000,-62.37399414,-58.33664315,-62.37246865,-58.33541865,-62.37323531,-58.33604315,3.01082E-08
690,782,1,-99.455236,1.221542,-90.164892,250,125,20040308, 07:43:50.0000,-62.37172688,-58.33485151,-62.37017748,-58.33365198,-62.37096865,-58.33423531,2.83411E-08
690,783,1,-99.289614,1.269026,-89.924826,250,125,20040308, 07:44:50.0000,-62.36939355,-58.33303484,-62.36784395,-58.33183516,-62.36861849,-58.33242637,2.94428E-08
690,784,1,-98.800393,1.420341,-91.264164,250,125,20040308, 07:45:30.0000,-62.36707688,-58.33121817,-62.36630165,-58.33060165,-62.36707688,-58.33121817,3.29534E-08
690,785,1,-98.994389,1.358291,-90.41099,250,125,20040308, 07:46:30.0000,-62.36554395,-58.32996849,-62.36401061,-58.32870182,-62.36478484,-58.32931817,3.15138E-08
690,786,1,-100.46383,0.968387,-90.720178,250,125,20040308, 07:47:30.0000,-62.36323498,-58.32808498,-62.36170182,-58.32680182,-62.362468,-58.32743467,2.24676E-08
690,787,1,-101.176542,0.821822,-90.832333,250,125,20040308, 07:48:10.0000,-62.36093498,-58.32616832,-62.36017706,-58.32555165,-62.36093498,-58.32616832,1.90672E-08
690,788,1,-100.560175,0.94714,-88.374239,250,125,20040308, 07:49:10.0000,-62.35940182,-58.32494303,-62.35784335,-58.32378468,-62.35862688,-58.32437613,2.19747E-08
